--liquibase formatted sql
--changeset dbiz:template_db2

SET statement_timeout = 0;
SET lock_timeout = 0;
SET idle_in_transaction_session_timeout = 0;
SET client_encoding = 'UTF8';
SET standard_conforming_strings = on;
SELECT pg_catalog.set_config('search_path', '', false);
SET check_function_bodies = false;
SET xmloption = content;
SET client_min_messages = warning;
SET row_security = off;

--
-- TOC entry 7 (class 2615 OID 385480)
-- Name: pos; Type: SCHEMA; Schema: -; Owner: -
--

CREATE SCHEMA pos;
CREATE EXTENSION IF NOT EXISTS "uuid-ossp" SCHEMA pos;



--
-- TOC entry 395 (class 1259 OID 394872)
-- Name: d_api_trace_log_sq; Type: SEQUENCE; Schema: pos; Owner: -
--

CREATE SEQUENCE pos.d_api_trace_log_sq
    START WITH 1000000
    INCREMENT BY 1
    MINVALUE 1000000
    NO MAXVALUE
    CACHE 1;


SET default_tablespace = '';

SET default_table_access_method = heap;

--
-- TOC entry 396 (class 1259 OID 394886)
-- Name: d_api_trace_log; Type: TABLE; Schema: pos; Owner: -
--

CREATE TABLE pos.d_api_trace_log (
    d_api_trace_log numeric(10,0) DEFAULT nextval('pos.d_api_trace_log_sq'::regclass) NOT NULL,
    d_tenant_id numeric(10,0) NOT NULL,
    d_org_id numeric(10,0) NOT NULL,
    description character varying(255) DEFAULT NULL::character varying,
    created timestamp without time zone DEFAULT CURRENT_TIMESTAMP NOT NULL,
    created_by numeric(10,0) NOT NULL,
    updated timestamp without time zone DEFAULT CURRENT_TIMESTAMP NOT NULL,
    updated_by numeric(10,0) NOT NULL,
    d_api_trace_log_uu character varying(36) DEFAULT pos.uuid_generate_v4() NOT NULL,
    is_active character varying(1) DEFAULT 'Y'::character varying NOT NULL,
    payload text,
    data_type character varying(32),
    in_out character varying(3),
    exception text
);


--
-- TOC entry 330 (class 1259 OID 392795)
-- Name: d_assign_org_sq; Type: SEQUENCE; Schema: pos; Owner: -
--

CREATE SEQUENCE pos.d_assign_org_sq
    START WITH 1000000
    INCREMENT BY 1
    MINVALUE 1000000
    NO MAXVALUE
    CACHE 1;


--
-- TOC entry 331 (class 1259 OID 392797)
-- Name: d_assign_org_product; Type: TABLE; Schema: pos; Owner: -
--

CREATE TABLE pos.d_assign_org_product (
    d_assign_org_id numeric(10,0) DEFAULT nextval('pos.d_assign_org_sq'::regclass) NOT NULL,
    d_tenant_id numeric(10,0),
    d_product_id numeric(10,0),
    d_org_id numeric(10,0),
    d_assign_org_uu character varying(36) DEFAULT pos.uuid_generate_v4() NOT NULL,
    created date DEFAULT CURRENT_TIMESTAMP,
    created_by numeric(10,0),
    updated date DEFAULT CURRENT_TIMESTAMP,
    updated_by numeric(10,0),
    is_active character varying(1) DEFAULT 'Y'::character varying
);


--
-- TOC entry 333 (class 1259 OID 392842)
-- Name: d_attribute; Type: TABLE; Schema: pos; Owner: -
--

CREATE TABLE pos.d_attribute (
    d_attribute_id numeric(10,0) NOT NULL,
    d_tenant_id numeric(10,0) NOT NULL,
    created date DEFAULT CURRENT_TIMESTAMP NOT NULL,
    created_by numeric(10,0) NOT NULL,
    updated date DEFAULT CURRENT_TIMESTAMP NOT NULL,
    updated_by numeric(10,0) NOT NULL,
    is_active character varying(1) DEFAULT 'Y'::character varying,
    code character varying(32),
    d_attribute_uu character varying(36) DEFAULT pos.uuid_generate_v4() NOT NULL,
    d_org_id numeric(10,0)
);


--
-- TOC entry 332 (class 1259 OID 392832)
-- Name: d_attribute_sq; Type: SEQUENCE; Schema: pos; Owner: -
--

CREATE SEQUENCE pos.d_attribute_sq
    START WITH 1000000
    INCREMENT BY 1
    MINVALUE 1000000
    NO MAXVALUE
    CACHE 1;


--
-- TOC entry 351 (class 1259 OID 393182)
-- Name: d_attribute_value; Type: TABLE; Schema: pos; Owner: -
--

CREATE TABLE pos.d_attribute_value (
    d_attribute_value_id numeric(10,0) NOT NULL,
    d_tenant_id numeric(10,0) NOT NULL,
    created date DEFAULT CURRENT_TIMESTAMP NOT NULL,
    created_by numeric(10,0) NOT NULL,
    updated date DEFAULT CURRENT_TIMESTAMP NOT NULL,
    updated_by numeric(10,0) NOT NULL,
    is_active character varying(1) DEFAULT 'Y'::character varying,
    value character varying(32),
    name character varying(32),
    d_attribute_uu character varying(36) DEFAULT pos.uuid_generate_v4() NOT NULL,
    d_org_id numeric(10,0),
    d_attribute_id numeric(10,0)
);


--
-- TOC entry 350 (class 1259 OID 393180)
-- Name: d_attribute_value_sq; Type: SEQUENCE; Schema: pos; Owner: -
--

CREATE SEQUENCE pos.d_attribute_value_sq
    START WITH 1000000
    INCREMENT BY 1
    MINVALUE 1000000
    NO MAXVALUE
    CACHE 1;


--
-- TOC entry 352 (class 1259 OID 393233)
-- Name: d_bank_sq; Type: SEQUENCE; Schema: pos; Owner: -
--

CREATE SEQUENCE pos.d_bank_sq
    START WITH 1000000
    INCREMENT BY 1
    MINVALUE 1000000
    NO MAXVALUE
    CACHE 1;


--
-- TOC entry 353 (class 1259 OID 393235)
-- Name: d_bank; Type: TABLE; Schema: pos; Owner: -
--

CREATE TABLE pos.d_bank (
    d_bank_id numeric(10,0) DEFAULT nextval('pos.d_bank_sq'::regclass) NOT NULL,
    d_tenant_id numeric(10,0) NOT NULL,
    d_org_id numeric(10,0) NOT NULL,
    name character varying(255) NOT NULL,
    description character varying(255),
    bin_code character varying(15),
    swift_code character varying(15),
    d_image_id numeric(10,0),
    created timestamp without time zone DEFAULT CURRENT_TIMESTAMP NOT NULL,
    created_by numeric(10,0) NOT NULL,
    updated timestamp without time zone DEFAULT CURRENT_TIMESTAMP NOT NULL,
    updated_by numeric(10,0) NOT NULL,
    d_bank_uu character varying(36) DEFAULT pos.uuid_generate_v4() NOT NULL,
    is_active character varying(1) DEFAULT 'Y'::character varying NOT NULL
);


--
-- TOC entry 355 (class 1259 OID 393261)
-- Name: d_bankaccount; Type: TABLE; Schema: pos; Owner: -
--

CREATE TABLE pos.d_bankaccount (
    d_bankaccount_id numeric(10,0) NOT NULL,
    d_bank_id numeric(10,0) NOT NULL,
    d_tenant_id numeric(10,0) NOT NULL,
    d_org_id numeric(10,0) NOT NULL,
    account_no character varying(32) NOT NULL,
    description character varying(255),
    name character varying(255) NOT NULL,
    is_default character varying(1) DEFAULT 'N'::character varying NOT NULL,
    bankaccount_type character varying(3) NOT NULL,
    created timestamp without time zone DEFAULT CURRENT_TIMESTAMP NOT NULL,
    created_by numeric(10,0) NOT NULL,
    updated timestamp without time zone DEFAULT CURRENT_TIMESTAMP NOT NULL,
    updated_by numeric(10,0) NOT NULL,
    d_bankaccount_uu character varying(36) DEFAULT pos.uuid_generate_v4() NOT NULL,
    is_active character varying(1) DEFAULT 'Y'::character varying NOT NULL
);


--
-- TOC entry 354 (class 1259 OID 393259)
-- Name: d_bankaccount_sq; Type: SEQUENCE; Schema: pos; Owner: -
--

CREATE SEQUENCE pos.d_bankaccount_sq
    START WITH 1000000
    INCREMENT BY 1
    MINVALUE 1000000
    NO MAXVALUE
    CACHE 1;


--
-- TOC entry 327 (class 1259 OID 390960)
-- Name: d_cancel_reason; Type: TABLE; Schema: pos; Owner: -
--

CREATE TABLE pos.d_cancel_reason (
    d_cancel_reason_id numeric(10,0) NOT NULL,
    d_tenant_id numeric(10,0) NOT NULL,
    d_org_id numeric(10,0) NOT NULL,
    is_active character varying(1) DEFAULT 'Y'::character varying,
    name character varying(64) NOT NULL,
    description character varying(255),
    created timestamp without time zone DEFAULT CURRENT_TIMESTAMP NOT NULL,
    created_by numeric(10,0) NOT NULL,
    updated timestamp without time zone DEFAULT CURRENT_TIMESTAMP NOT NULL,
    updated_by numeric(10,0) NOT NULL,
    d_cancel_reason_uu character varying(36) DEFAULT pos.uuid_generate_v4() NOT NULL
);


--
-- TOC entry 326 (class 1259 OID 390958)
-- Name: d_cancel_reason_sq; Type: SEQUENCE; Schema: pos; Owner: -
--

CREATE SEQUENCE pos.d_cancel_reason_sq
    START WITH 1000000
    INCREMENT BY 1
    MINVALUE 1000000
    NO MAXVALUE
    CACHE 1;


--
-- TOC entry 224 (class 1259 OID 385481)
-- Name: d_changelog; Type: TABLE; Schema: pos; Owner: -
--

CREATE TABLE pos.d_changelog (
    d_changelog_id numeric(10,0) NOT NULL,
    d_tenant_id numeric(10,0) NOT NULL,
    table_name character varying NOT NULL,
    old_value character varying(512) NOT NULL,
    new_value character varying(512) NOT NULL,
    created timestamp without time zone DEFAULT CURRENT_TIMESTAMP NOT NULL,
    created_by numeric(10,0) NOT NULL,
    updated timestamp without time zone DEFAULT CURRENT_TIMESTAMP NOT NULL,
    updated_by numeric(10,0) NOT NULL,
    d_changelog_uu character varying(36) DEFAULT pos.uuid_generate_v4() NOT NULL,
    entity_id integer NOT NULL
);


--
-- TOC entry 265 (class 1259 OID 386825)
-- Name: d_changelog_sq; Type: SEQUENCE; Schema: pos; Owner: -
--

CREATE SEQUENCE pos.d_changelog_sq
    START WITH 1000000
    INCREMENT BY 1
    MINVALUE 1000000
    NO MAXVALUE
    CACHE 1;


--
-- TOC entry 266 (class 1259 OID 386827)
-- Name: d_config_sq; Type: SEQUENCE; Schema: pos; Owner: -
--

CREATE SEQUENCE pos.d_config_sq
    START WITH 1000000
    INCREMENT BY 1
    MINVALUE 1000000
    NO MAXVALUE
    CACHE 1;


--
-- TOC entry 225 (class 1259 OID 385491)
-- Name: d_config; Type: TABLE; Schema: pos; Owner: -
--

CREATE TABLE pos.d_config (
    d_config_id numeric(10,0) DEFAULT nextval('pos.d_config_sq'::regclass) NOT NULL,
    d_tenant_id numeric(10,0) NOT NULL,
    d_org_id numeric(10,0) NOT NULL,
    name character varying(32) NOT NULL,
    value character varying(512) NOT NULL,
    description character varying(255),
    created timestamp without time zone DEFAULT CURRENT_TIMESTAMP NOT NULL,
    created_by numeric(10,0) NOT NULL,
    updated_by numeric(10,0) NOT NULL,
    updated timestamp without time zone DEFAULT CURRENT_TIMESTAMP NOT NULL,
    d_config_uu character varying(36) DEFAULT pos.uuid_generate_v4() NOT NULL,
    is_active character varying(1) DEFAULT 'Y'::character varying
);


--
-- TOC entry 337 (class 1259 OID 392910)
-- Name: d_coupon; Type: TABLE; Schema: pos; Owner: -
--

CREATE TABLE pos.d_coupon (
    d_coupon_id numeric(10,0) NOT NULL,
    d_tenant_id numeric(10,0) NOT NULL,
    d_org_id numeric(10,0) NOT NULL,
    code character varying(32) NOT NULL,
    balance_amount numeric NOT NULL,
    description character varying(255),
    d_pos_terminal_id numeric(10,0),
    is_available character varying(1) DEFAULT 'N'::character varying,
    d_vendor_id numeric(10,0),
    d_customer_id numeric(10,0),
    erp_coupon_id numeric(10,0),
    created timestamp without time zone DEFAULT CURRENT_TIMESTAMP NOT NULL,
    created_by numeric(10,0) NOT NULL,
    updated timestamp without time zone DEFAULT CURRENT_TIMESTAMP NOT NULL,
    updated_by numeric(10,0) NOT NULL,
    d_coupon_uu character varying(36) DEFAULT pos.uuid_generate_v4() NOT NULL,
    is_active character varying(1) DEFAULT 'Y'::character varying NOT NULL
);


--
-- TOC entry 336 (class 1259 OID 392908)
-- Name: d_coupon_sq; Type: SEQUENCE; Schema: pos; Owner: -
--

CREATE SEQUENCE pos.d_coupon_sq
    START WITH 1000000
    INCREMENT BY 1
    MINVALUE 1000000
    NO MAXVALUE
    CACHE 1;


--
-- TOC entry 226 (class 1259 OID 385501)
-- Name: d_currency; Type: TABLE; Schema: pos; Owner: -
--

CREATE TABLE pos.d_currency (
    d_currency_id numeric(10,0) NOT NULL,
    d_tenant_id numeric(10,0) NOT NULL,
    d_org_id numeric(10,0) NOT NULL,
    currency_code character varying(3) NOT NULL,
    description character varying(255),
    standard_precision numeric(2,0) DEFAULT 0 NOT NULL,
    created timestamp without time zone DEFAULT CURRENT_TIMESTAMP NOT NULL,
    created_by numeric(10,0) NOT NULL,
    updated timestamp without time zone DEFAULT CURRENT_TIMESTAMP NOT NULL,
    updated_by numeric(10,0) NOT NULL,
    d_currency_uu character varying(36) DEFAULT pos.uuid_generate_v4() NOT NULL
);


--
-- TOC entry 267 (class 1259 OID 386829)
-- Name: d_currency_sq; Type: SEQUENCE; Schema: pos; Owner: -
--

CREATE SEQUENCE pos.d_currency_sq
    START WITH 1000000
    INCREMENT BY 1
    MINVALUE 1000000
    NO MAXVALUE
    CACHE 1;


--
-- TOC entry 227 (class 1259 OID 385512)
-- Name: d_customer; Type: TABLE; Schema: pos; Owner: -
--

CREATE TABLE pos.d_customer (
    d_customer_id numeric(10,0) NOT NULL,
    d_tenant_id numeric(10,0),
    code character varying(32),
    name character varying(255),
    phone1 character varying(15),
    phone2 character varying(15),
    address1 character varying(255),
    address2 character varying(255),
    customer_point bigint,
    tax_code character varying(15),
    email character varying(64),
    debit_amount numeric,
    company character varying(255),
    birthday date,
    d_image_id numeric(10,0),
    created date DEFAULT CURRENT_TIMESTAMP,
    created_by numeric(10,0),
    updated date DEFAULT CURRENT_TIMESTAMP,
    updated_by numeric(10,0),
    is_active character varying(1) DEFAULT 'Y'::character varying,
    d_customer_uu character varying(36) DEFAULT pos.uuid_generate_v4() NOT NULL,
    is_customer_type character varying(1) DEFAULT 'P'::character varying,
    area character varying(100),
    wards character varying(100),
    d_partner_group_id numeric(10,0),
    gender character varying(1),
    description character varying(255),
    discount numeric,
    erp_customer_id numeric(10,0),
    is_pos_vip character varying(1) DEFAULT 'N'::character varying,
    partnername character varying(500),
    credit_limit numeric
);


--
-- TOC entry 268 (class 1259 OID 386831)
-- Name: d_customer_sq; Type: SEQUENCE; Schema: pos; Owner: -
--

CREATE SEQUENCE pos.d_customer_sq
    START WITH 1000000
    INCREMENT BY 1
    MINVALUE 1000000
    NO MAXVALUE
    CACHE 1;


--
-- TOC entry 269 (class 1259 OID 386833)
-- Name: d_doctype_sq; Type: SEQUENCE; Schema: pos; Owner: -
--

CREATE SEQUENCE pos.d_doctype_sq
    START WITH 1000000
    INCREMENT BY 1
    MINVALUE 1000000
    NO MAXVALUE
    CACHE 1;


--
-- TOC entry 228 (class 1259 OID 385528)
-- Name: d_doctype; Type: TABLE; Schema: pos; Owner: -
--

CREATE TABLE pos.d_doctype (
    d_doctype_id numeric(10,0) DEFAULT nextval('pos.d_doctype_sq'::regclass) NOT NULL,
    d_tenant_id numeric(10,0) NOT NULL,
    code character varying(32) NOT NULL,
    name character varying(255) NOT NULL,
    created timestamp without time zone DEFAULT CURRENT_TIMESTAMP NOT NULL,
    created_by numeric(10,0) NOT NULL,
    updated timestamp without time zone DEFAULT CURRENT_TIMESTAMP NOT NULL,
    updated_by numeric(10,0) NOT NULL,
    d_doctype_uu character varying(36) DEFAULT pos.uuid_generate_v4() NOT NULL,
    d_org_id numeric,
    is_active character varying(1) DEFAULT 'Y'::character varying
);


--
-- TOC entry 357 (class 1259 OID 393356)
-- Name: d_erp_integration; Type: TABLE; Schema: pos; Owner: -
--

CREATE TABLE pos.d_erp_integration (
    d_erp_integration_id numeric(10,0) NOT NULL,
    d_tenant_id numeric(10,0) NOT NULL,
    d_org_id numeric(10,0) NOT NULL,
    erp_platform character varying(32),
    erp_url character varying(128) NOT NULL,
    ad_client_id numeric(10,0),
    ad_org_id numeric(10,0),
    ad_role_id numeric(10,0),
    m_warehouse_id numeric(10,0),
    username character varying(32),
    password character varying(32),
    description character varying(255),
    is_default character varying(1) DEFAULT 'N'::character varying NOT NULL,
    bankaccount_type character varying(3) NOT NULL,
    created timestamp without time zone DEFAULT CURRENT_TIMESTAMP NOT NULL,
    created_by numeric(10,0) NOT NULL,
    updated timestamp without time zone DEFAULT CURRENT_TIMESTAMP NOT NULL,
    updated_by numeric(10,0) NOT NULL,
    d_erp_integration_uu character varying(36) DEFAULT pos.uuid_generate_v4() NOT NULL,
    is_active character varying(1) DEFAULT 'Y'::character varying NOT NULL
);


--
-- TOC entry 356 (class 1259 OID 393354)
-- Name: d_erp_integration_sq; Type: SEQUENCE; Schema: pos; Owner: -
--

CREATE SEQUENCE pos.d_erp_integration_sq
    START WITH 1000000
    INCREMENT BY 1
    MINVALUE 1000000
    NO MAXVALUE
    CACHE 1;


--
-- TOC entry 229 (class 1259 OID 385535)
-- Name: d_expense; Type: TABLE; Schema: pos; Owner: -
--

CREATE TABLE pos.d_expense (
    d_expense_id numeric(10,0) NOT NULL,
    d_expense_category_id numeric(10,0) NOT NULL,
    d_tenant_id numeric(10,0) NOT NULL,
    expense_date date NOT NULL,
    name character varying(255) NOT NULL,
    payment_method character varying(5),
    amount numeric,
    document_no character varying(32),
    description character varying(255),
    created timestamp without time zone DEFAULT CURRENT_TIMESTAMP NOT NULL,
    created_by numeric(10,0) NOT NULL,
    updated timestamp without time zone DEFAULT CURRENT_TIMESTAMP NOT NULL,
    updated_by numeric(10,0) NOT NULL,
    d_expense_uu character varying(36) DEFAULT pos.uuid_generate_v4() NOT NULL
);


--
-- TOC entry 230 (class 1259 OID 385546)
-- Name: d_expense_category; Type: TABLE; Schema: pos; Owner: -
--

CREATE TABLE pos.d_expense_category (
    d_expense_category_id numeric(10,0) NOT NULL,
    name character varying(32) NOT NULL,
    description character varying(255),
    d_tenant_id numeric(10,0) NOT NULL,
    created timestamp without time zone DEFAULT CURRENT_TIMESTAMP NOT NULL,
    created_by numeric(10,0) NOT NULL,
    updated timestamp without time zone DEFAULT CURRENT_TIMESTAMP NOT NULL,
    updated_by numeric(10,0) NOT NULL,
    d_expense_category_uu character varying(36) DEFAULT pos.uuid_generate_v4() NOT NULL
);


--
-- TOC entry 271 (class 1259 OID 386837)
-- Name: d_expense_category_sq; Type: SEQUENCE; Schema: pos; Owner: -
--

CREATE SEQUENCE pos.d_expense_category_sq
    START WITH 1000000
    INCREMENT BY 1
    MINVALUE 1000000
    NO MAXVALUE
    CACHE 1;


--
-- TOC entry 270 (class 1259 OID 386835)
-- Name: d_expense_sq; Type: SEQUENCE; Schema: pos; Owner: -
--

CREATE SEQUENCE pos.d_expense_sq
    START WITH 1000000
    INCREMENT BY 1
    MINVALUE 1000000
    NO MAXVALUE
    CACHE 1;


--
-- TOC entry 272 (class 1259 OID 386839)
-- Name: d_floor_sq; Type: SEQUENCE; Schema: pos; Owner: -
--

CREATE SEQUENCE pos.d_floor_sq
    START WITH 1000000
    INCREMENT BY 1
    MINVALUE 1000000
    NO MAXVALUE
    CACHE 1;


--
-- TOC entry 231 (class 1259 OID 385554)
-- Name: d_floor; Type: TABLE; Schema: pos; Owner: -
--

CREATE TABLE pos.d_floor (
    d_floor_id numeric(10,0) DEFAULT nextval('pos.d_floor_sq'::regclass) NOT NULL,
    d_org_id numeric(10,0) NOT NULL,
    d_tenant_id numeric(10,0) NOT NULL,
    created timestamp without time zone DEFAULT CURRENT_TIMESTAMP NOT NULL,
    created_by numeric(10,0) NOT NULL,
    updated timestamp without time zone DEFAULT CURRENT_TIMESTAMP NOT NULL,
    updated_by numeric(10,0) NOT NULL,
    is_active character varying(1) DEFAULT 'Y'::character varying NOT NULL,
    floor_no character varying(20) NOT NULL,
    name character varying(255),
    description character varying(255),
    d_floor_uu character varying(36) DEFAULT pos.uuid_generate_v4() NOT NULL,
    display_index numeric,
    d_pos_terminal_id numeric(10,0),
    erp_floor_id numeric
);


--
-- TOC entry 282 (class 1259 OID 386859)
-- Name: d_org_sq; Type: SEQUENCE; Schema: pos; Owner: -
--

CREATE SEQUENCE pos.d_org_sq
    START WITH 1000000
    INCREMENT BY 1
    MINVALUE 1000000
    NO MAXVALUE
    CACHE 1;


--
-- TOC entry 241 (class 1259 OID 385716)
-- Name: d_org; Type: TABLE; Schema: pos; Owner: -
--

CREATE TABLE pos.d_org (
    d_org_id numeric(10,0) DEFAULT nextval('pos.d_org_sq'::regclass) NOT NULL,
    code character varying(32) NOT NULL,
    name character varying(255) NOT NULL,
    d_tenant_id numeric(10,0),
    address character varying(512),
    tax_code character varying(15),
    created timestamp without time zone DEFAULT CURRENT_TIMESTAMP NOT NULL,
    created_by numeric(10,0) NOT NULL,
    updated timestamp without time zone DEFAULT CURRENT_TIMESTAMP NOT NULL,
    is_active character varying(1) DEFAULT 'Y'::character varying,
    d_org_uu character varying(36) DEFAULT pos.uuid_generate_v4() NOT NULL,
    updated_by numeric NOT NULL,
    email character varying(64),
    phone character varying(15),
    area character varying(100),
    wards character varying(100),
    erp_org_id numeric(10,0),
    description character varying(255),
    is_summary character varying(1) DEFAULT 'N'::character varying NOT NULL
);


--
-- TOC entry 260 (class 1259 OID 385920)
-- Name: d_userorg_access; Type: TABLE; Schema: pos; Owner: -
--

CREATE TABLE pos.d_userorg_access (
    d_user_id numeric(10,0) NOT NULL,
    d_org_id numeric(10,0) NOT NULL,
    d_tenant_id numeric(10,0) NOT NULL,
    created timestamp without time zone DEFAULT CURRENT_TIMESTAMP NOT NULL,
    created_by numeric(10,0) NOT NULL,
    updated timestamp without time zone DEFAULT CURRENT_TIMESTAMP NOT NULL,
    updated_by numeric(10,0) NOT NULL,
    is_active character varying(1) DEFAULT 'Y'::character varying,
    d_userorg_access_uu character varying(36) DEFAULT pos.uuid_generate_v4() NOT NULL
);


--
-- TOC entry 393 (class 1259 OID 394842)
-- Name: d_get_user_org_access_v; Type: VIEW; Schema: pos; Owner: -
--

CREATE VIEW pos.d_get_user_org_access_v AS
 SELECT duo.d_tenant_id,
    duo.d_user_id,
    duo.d_org_id,
    duo.created,
    duo.created_by,
    duo.updated,
    duo.updated_by,
    duo.is_active,
    dog.name
   FROM (pos.d_org dog
     LEFT JOIN pos.d_userorg_access duo ON ((dog.d_org_id = duo.d_org_id)));


--
-- TOC entry 293 (class 1259 OID 386881)
-- Name: d_role_sq; Type: SEQUENCE; Schema: pos; Owner: -
--

CREATE SEQUENCE pos.d_role_sq
    START WITH 1000000
    INCREMENT BY 1
    MINVALUE 1000000
    NO MAXVALUE
    CACHE 1;


--
-- TOC entry 252 (class 1259 OID 385843)
-- Name: d_role; Type: TABLE; Schema: pos; Owner: -
--

CREATE TABLE pos.d_role (
    d_role_id numeric(10,0) DEFAULT nextval('pos.d_role_sq'::regclass) NOT NULL,
    d_tenant_id numeric(10,0),
    code character varying(32),
    name character varying(255),
    created timestamp without time zone DEFAULT CURRENT_TIMESTAMP NOT NULL,
    created_by numeric(10,0) NOT NULL,
    updated timestamp without time zone DEFAULT CURRENT_TIMESTAMP NOT NULL,
    updated_by numeric(10,0) NOT NULL,
    is_active character varying(1) DEFAULT 'Y'::character varying NOT NULL,
    d_role_uu character varying(36) DEFAULT pos.uuid_generate_v4() NOT NULL,
    erp_role_id numeric
);


--
-- TOC entry 261 (class 1259 OID 385924)
-- Name: d_user_role_access; Type: TABLE; Schema: pos; Owner: -
--

CREATE TABLE pos.d_user_role_access (
    d_user_id numeric(10,0) NOT NULL,
    d_role_id numeric(10,0) NOT NULL,
    d_tenant_id numeric(10,0) NOT NULL,
    created timestamp without time zone DEFAULT CURRENT_TIMESTAMP NOT NULL,
    created_by numeric(10,0) NOT NULL,
    updated timestamp without time zone DEFAULT CURRENT_TIMESTAMP NOT NULL,
    updated_by numeric(10,0) NOT NULL,
    is_active character varying(1) DEFAULT 'Y'::character varying,
    d_userrole_access_uu character varying(36) DEFAULT pos.uuid_generate_v4() NOT NULL
);


--
-- TOC entry 394 (class 1259 OID 394865)
-- Name: d_get_user_role_access_v; Type: VIEW; Schema: pos; Owner: -
--

CREATE VIEW pos.d_get_user_role_access_v AS
 SELECT dr.d_tenant_id,
    dur.d_user_id,
    dur.d_role_id,
    dr.created,
    dr.created_by,
    dr.updated,
    dr.updated_by,
    dr.is_active,
    dr.name
   FROM (pos.d_user_role_access dur
     LEFT JOIN pos.d_role dr ON ((dr.d_role_id = dur.d_role_id)));


--
-- TOC entry 232 (class 1259 OID 385568)
-- Name: d_image; Type: TABLE; Schema: pos; Owner: -
--

CREATE TABLE pos.d_image (
    d_image_id numeric(10,0) NOT NULL,
    image_url character varying(255),
    is_active character varying(1) DEFAULT 'Y'::character varying NOT NULL,
    created timestamp without time zone DEFAULT CURRENT_TIMESTAMP NOT NULL,
    created_by numeric(10,0) NOT NULL,
    updated timestamp without time zone DEFAULT CURRENT_TIMESTAMP NOT NULL,
    updated_by numeric(10,0) NOT NULL,
    d_tenant_id numeric(10,0) NOT NULL,
    d_image_uu character varying(36) DEFAULT pos.uuid_generate_v4() NOT NULL,
    image_code character varying(15)
);


--
-- TOC entry 273 (class 1259 OID 386841)
-- Name: d_image_sq; Type: SEQUENCE; Schema: pos; Owner: -
--

CREATE SEQUENCE pos.d_image_sq
    START WITH 1000000
    INCREMENT BY 1
    MINVALUE 1000000
    NO MAXVALUE
    CACHE 1;


--
-- TOC entry 233 (class 1259 OID 385579)
-- Name: d_industry; Type: TABLE; Schema: pos; Owner: -
--

CREATE TABLE pos.d_industry (
    d_industry_id numeric(10,0) NOT NULL,
    code character varying(32) NOT NULL,
    name character varying(255),
    is_active character varying(1) DEFAULT 'Y'::character varying,
    created timestamp without time zone DEFAULT CURRENT_TIMESTAMP,
    created_by numeric(10,0),
    updated timestamp without time zone DEFAULT CURRENT_TIMESTAMP,
    updated_by numeric(10,0),
    d_industry_uu character varying(36) DEFAULT pos.uuid_generate_v4() NOT NULL,
    d_tenant_id numeric(10,0)
);


--
-- TOC entry 274 (class 1259 OID 386843)
-- Name: d_industry_sq; Type: SEQUENCE; Schema: pos; Owner: -
--

CREATE SEQUENCE pos.d_industry_sq
    START WITH 1000000
    INCREMENT BY 1
    MINVALUE 1000000
    NO MAXVALUE
    CACHE 1;


--
-- TOC entry 373 (class 1259 OID 393795)
-- Name: d_integration_history; Type: TABLE; Schema: pos; Owner: -
--

CREATE TABLE pos.d_integration_history (
    d_integration_history_id numeric(10,0) NOT NULL,
    d_tenant_id numeric(10,0) NOT NULL,
    d_org_id numeric(10,0) NOT NULL,
    d_user_id numeric(10,0),
    int_date timestamp without time zone DEFAULT CURRENT_TIMESTAMP NOT NULL,
    int_type character varying(3) NOT NULL,
    int_flow character varying(3) NOT NULL,
    int_status character varying(3) NOT NULL,
    created timestamp without time zone DEFAULT CURRENT_TIMESTAMP NOT NULL,
    created_by numeric(10,0) NOT NULL,
    updated timestamp without time zone DEFAULT CURRENT_TIMESTAMP NOT NULL,
    updated_by numeric(10,0) NOT NULL,
    d_integration_history_uu character varying(36) DEFAULT pos.uuid_generate_v4() NOT NULL,
    is_active character varying(1) DEFAULT 'Y'::character varying NOT NULL
);


--
-- TOC entry 289 (class 1259 OID 386873)
-- Name: d_reference_sq; Type: SEQUENCE; Schema: pos; Owner: -
--

CREATE SEQUENCE pos.d_reference_sq
    START WITH 1000000
    INCREMENT BY 1
    MINVALUE 1000000
    NO MAXVALUE
    CACHE 1;


--
-- TOC entry 248 (class 1259 OID 385794)
-- Name: d_reference; Type: TABLE; Schema: pos; Owner: -
--

CREATE TABLE pos.d_reference (
    d_reference_id numeric(10,0) DEFAULT nextval('pos.d_reference_sq'::regclass) NOT NULL,
    d_tenant_id numeric(10,0) NOT NULL,
    name character varying(32) NOT NULL,
    description character varying(255),
    created timestamp without time zone DEFAULT CURRENT_TIMESTAMP NOT NULL,
    created_by numeric(10,0) NOT NULL,
    updated timestamp without time zone DEFAULT CURRENT_TIMESTAMP NOT NULL,
    updated_by numeric(10,0) NOT NULL,
    d_reference_uu character varying(36) DEFAULT pos.uuid_generate_v4() NOT NULL,
    is_active character varying(1) DEFAULT 'Y'::character varying
);


--
-- TOC entry 290 (class 1259 OID 386875)
-- Name: d_reference_list_sq; Type: SEQUENCE; Schema: pos; Owner: -
--

CREATE SEQUENCE pos.d_reference_list_sq
    START WITH 1000000
    INCREMENT BY 1
    MINVALUE 1000000
    NO MAXVALUE
    CACHE 1;


--
-- TOC entry 249 (class 1259 OID 385816)
-- Name: d_reference_list; Type: TABLE; Schema: pos; Owner: -
--

CREATE TABLE pos.d_reference_list (
    d_reference_list_id numeric(10,0) DEFAULT nextval('pos.d_reference_list_sq'::regclass) NOT NULL,
    d_reference_id numeric(10,0) NOT NULL,
    value character varying(15) NOT NULL,
    name character varying(64) NOT NULL,
    d_tenant_id numeric(10,0) NOT NULL,
    d_reference_list_uu character varying(36) DEFAULT pos.uuid_generate_v4() NOT NULL,
    is_active character varying(1) DEFAULT 'Y'::character varying NOT NULL,
    created timestamp without time zone DEFAULT CURRENT_TIMESTAMP NOT NULL,
    created_by numeric(10,0) NOT NULL,
    updated timestamp without time zone DEFAULT CURRENT_TIMESTAMP NOT NULL,
    updated_by numeric(10,0) NOT NULL
);


--
-- TOC entry 300 (class 1259 OID 386895)
-- Name: d_user_sq; Type: SEQUENCE; Schema: pos; Owner: -
--

CREATE SEQUENCE pos.d_user_sq
    START WITH 1000000
    INCREMENT BY 1
    MINVALUE 1000000
    NO MAXVALUE
    CACHE 1;


--
-- TOC entry 259 (class 1259 OID 385911)
-- Name: d_user; Type: TABLE; Schema: pos; Owner: -
--

CREATE TABLE pos.d_user (
    d_user_id numeric(19,0) DEFAULT nextval('pos.d_user_sq'::regclass) NOT NULL,
    user_name character varying(64) NOT NULL,
    full_name character varying(128) DEFAULT 'Thanh'::character varying,
    phone character varying(15),
    password character varying(100),
    d_image_id numeric(10,0),
    email character varying(64),
    birth_day date,
    is_active character varying(1) DEFAULT 'Y'::character varying NOT NULL,
    d_tenant_id numeric(10,0),
    user_pin character varying(15),
    is_locked character varying(10) DEFAULT 'N'::character varying,
    date_locked date,
    date_last_login date,
    created timestamp without time zone DEFAULT CURRENT_TIMESTAMP,
    created_by numeric(10,0),
    updated timestamp without time zone DEFAULT CURRENT_TIMESTAMP,
    updated_by numeric(10,0),
    d_user_uu character varying(36) DEFAULT pos.uuid_generate_v4() NOT NULL,
    erp_user_id numeric
);


--
-- TOC entry 390 (class 1259 OID 394705)
-- Name: d_integration_history_get_v; Type: VIEW; Schema: pos; Owner: -
--

CREATE VIEW pos.d_integration_history_get_v AS
 SELECT dih.d_integration_history_id,
    dih.is_active,
    dih.d_tenant_id,
    dih.d_org_id,
    dih.created,
    dih.created_by,
    dih.updated,
    dih.updated_by,
    dih.int_date,
    du.full_name,
    du.d_user_id,
    drl2.value AS type_value,
    drl2.name AS int_type,
    drl.value AS flow_value,
    drl.name AS int_flow,
    drl1.value AS status_value,
    drl1.name AS int_status
   FROM (((((((pos.d_integration_history dih
     LEFT JOIN pos.d_user du ON ((dih.d_user_id = du.d_user_id)))
     LEFT JOIN pos.d_reference_list drl ON (((dih.int_flow)::text = (drl.value)::text)))
     LEFT JOIN pos.d_reference dr ON (((drl.d_reference_id = dr.d_reference_id) AND ((dr.name)::text = 'Flow Integration'::text))))
     LEFT JOIN pos.d_reference_list drl1 ON (((dih.int_status)::text = (drl1.value)::text)))
     LEFT JOIN pos.d_reference dr1 ON (((drl1.d_reference_id = dr1.d_reference_id) AND ((dr1.name)::text = 'Status Integration'::text))))
     LEFT JOIN pos.d_reference_list drl2 ON (((dih.int_type)::text = (drl2.value)::text)))
     LEFT JOIN pos.d_reference dr2 ON (((drl2.d_reference_id = dr2.d_reference_id) AND ((dr2.name)::text = 'Data Type Integration'::text))))
  WHERE (((dr.name)::text = 'Flow Integration'::text) AND ((dr1.name)::text = 'Status Integration'::text) AND ((dr2.name)::text = 'Data Type Integration'::text));


--
-- TOC entry 372 (class 1259 OID 393793)
-- Name: d_integration_history_sq; Type: SEQUENCE; Schema: pos; Owner: -
--

CREATE SEQUENCE pos.d_integration_history_sq
    START WITH 1000000
    INCREMENT BY 1
    MINVALUE 1000000
    NO MAXVALUE
    CACHE 1;


--
-- TOC entry 234 (class 1259 OID 385587)
-- Name: d_invoice; Type: TABLE; Schema: pos; Owner: -
--

CREATE TABLE pos.d_invoice (
    d_invoice_id numeric(10,0) NOT NULL,
    d_tenant_id numeric(10,0) NOT NULL,
    d_org_id numeric(10,0) NOT NULL,
    d_customer_id numeric(10,0),
    d_vendor_id numeric(10,0),
    d_order_id numeric(10,0),
    document_no character varying(32) NOT NULL,
    date_invoiced date NOT NULL,
    d_doctype_id numeric(10,0) NOT NULL,
    d_currency_id numeric(10,0) NOT NULL,
    accounting_date date,
    buyer_name character varying(255),
    buyer_tax_code character varying(15),
    buyer_email character varying(32),
    buyer_address character varying(255),
    buyer_phone character varying(15),
    total_amount numeric,
    invoice_status character varying(5) NOT NULL,
    created timestamp without time zone DEFAULT CURRENT_TIMESTAMP NOT NULL,
    created_by numeric(10,0) NOT NULL,
    updated timestamp without time zone DEFAULT CURRENT_TIMESTAMP NOT NULL,
    updated_by numeric(10,0) NOT NULL,
    d_invoice_uu character varying(36) DEFAULT pos.uuid_generate_v4() NOT NULL,
    d_pricelist_id numeric(10,0),
    d_user_id numeric(10,0),
    reference_invoice_id numeric(10,0),
    invoice_form character varying(32),
    invoice_sign character varying(32),
    invoice_no character varying(15),
    search_code character varying(32),
    search_link character varying(255),
    invoice_error character varying(255),
    is_active character varying(1) DEFAULT 'Y'::character varying NOT NULL,
    d_pos_order_id numeric(10,0)
);


--
-- TOC entry 275 (class 1259 OID 386845)
-- Name: d_invoice_sq; Type: SEQUENCE; Schema: pos; Owner: -
--

CREATE SEQUENCE pos.d_invoice_sq
    START WITH 1000000
    INCREMENT BY 1
    MINVALUE 1000000
    NO MAXVALUE
    CACHE 1;


--
-- TOC entry 242 (class 1259 OID 385728)
-- Name: d_payment; Type: TABLE; Schema: pos; Owner: -
--

CREATE TABLE pos.d_payment (
    d_payment_id numeric(10,0) NOT NULL,
    d_tenant_id numeric(10,0) NOT NULL,
    d_org_id numeric(10,0) NOT NULL,
    d_doctype_id numeric(10,0) NOT NULL,
    d_customer_id numeric(10,0),
    d_vendor_id numeric(10,0),
    d_invoice_id numeric(10,0),
    d_bankaccount_id numeric(10,0),
    payment_date date NOT NULL,
    d_currency_id numeric(10,0) NOT NULL,
    payment_status character varying(5) NOT NULL,
    payment_amount numeric NOT NULL,
    d_order_id numeric(10,0),
    document_no character varying(32) NOT NULL,
    is_active character varying(1) DEFAULT 'Y'::character varying NOT NULL,
    created timestamp without time zone DEFAULT CURRENT_TIMESTAMP NOT NULL,
    created_by numeric(10,0) NOT NULL,
    updated timestamp without time zone DEFAULT CURRENT_TIMESTAMP NOT NULL,
    updated_by numeric(10,0) NOT NULL,
    d_payment_uu character varying(36) DEFAULT pos.uuid_generate_v4() NOT NULL,
    d_pos_order_id numeric(10,0)
);


--
-- TOC entry 284 (class 1259 OID 386863)
-- Name: d_pos_order_sq; Type: SEQUENCE; Schema: pos; Owner: -
--

CREATE SEQUENCE pos.d_pos_order_sq
    START WITH 1000000
    INCREMENT BY 1
    MINVALUE 1000000
    NO MAXVALUE
    CACHE 1;


--
-- TOC entry 243 (class 1259 OID 385742)
-- Name: d_pos_order; Type: TABLE; Schema: pos; Owner: -
--

CREATE TABLE pos.d_pos_order (
    d_pos_order_id numeric(10,0) DEFAULT nextval('pos.d_pos_order_sq'::regclass) NOT NULL,
    d_tenant_id numeric(10,0) NOT NULL,
    d_org_id numeric(10,0) NOT NULL,
    d_customer_id numeric(10,0),
    phone character varying(15),
    order_status character varying(5) NOT NULL,
    source character varying(10) NOT NULL,
    is_locked character varying(1) DEFAULT 'Y'::character varying,
    d_table_id numeric(10,0) NOT NULL,
    d_floor_id numeric(10,0) NOT NULL,
    d_user_id numeric(10,0) NOT NULL,
    order_guests smallint,
    is_active character varying(1) DEFAULT 'Y'::character varying NOT NULL,
    order_date date NOT NULL,
    created timestamp without time zone DEFAULT CURRENT_TIMESTAMP NOT NULL,
    created_by numeric(10,0) NOT NULL,
    updated timestamp without time zone DEFAULT CURRENT_TIMESTAMP NOT NULL,
    updated_by numeric NOT NULL,
    customer_name character varying(255),
    document_no character varying(32) NOT NULL,
    d_currency_id numeric(10,0) NOT NULL,
    d_pricelist_id numeric(10,0),
    d_pos_id numeric(10,0),
    d_pos_order_uu character varying(36) DEFAULT pos.uuid_generate_v4() NOT NULL,
    total_amount numeric,
    erp_pos_order_id numeric(10,0),
    is_applied_sercharge character varying(1) DEFAULT 'N'::character varying,
    flat_discount numeric,
    d_pos_terminal_id numeric(10,0),
    erp_pos_order_no character varying(32),
    bill_no character varying(64),
    d_shift_control_id numeric(10,0),
    is_processed character varying(1) DEFAULT 'N'::character varying,
    qrcode_payment character varying(255),
    ftcode character varying(255),
    d_reconciledetail_id numeric(10,0),
    is_sync_erp character varying(1) DEFAULT 'N'::character varying,
    d_bankaccount_id numeric(10,0),
    d_bank_id numeric(10,0),
    total_line numeric,
    d_doctype_id numeric(10,0)
);


--
-- TOC entry 308 (class 1259 OID 388750)
-- Name: d_pricelist_sq; Type: SEQUENCE; Schema: pos; Owner: -
--

CREATE SEQUENCE pos.d_pricelist_sq
    START WITH 1000000
    INCREMENT BY 1
    MINVALUE 1000000
    NO MAXVALUE
    CACHE 1;


--
-- TOC entry 309 (class 1259 OID 388752)
-- Name: d_pricelist; Type: TABLE; Schema: pos; Owner: -
--

CREATE TABLE pos.d_pricelist (
    d_pricelist_id numeric(10,0) DEFAULT nextval('pos.d_pricelist_sq'::regclass) NOT NULL,
    d_tenant_id numeric(10,0) NOT NULL,
    d_org_id numeric(10,0) NOT NULL,
    name character varying(64) NOT NULL,
    is_active character varying(1) DEFAULT 'Y'::character varying,
    from_date timestamp without time zone NOT NULL,
    to_date timestamp without time zone,
    is_saleprice character varying(1) DEFAULT 'Y'::character varying,
    created timestamp without time zone DEFAULT CURRENT_TIMESTAMP NOT NULL,
    created_by numeric(10,0) NOT NULL,
    updated timestamp without time zone DEFAULT CURRENT_TIMESTAMP NOT NULL,
    updated_by numeric(10,0) NOT NULL,
    d_pricelist_uu character varying(36) DEFAULT pos.uuid_generate_v4() NOT NULL,
    general_pricelist character varying(1) DEFAULT 'N'::character varying,
    d_currency_id numeric(10,0),
    price_precision integer,
    is_default character varying(1) DEFAULT 'N'::character varying
);


--
-- TOC entry 262 (class 1259 OID 385928)
-- Name: d_vendor; Type: TABLE; Schema: pos; Owner: -
--

CREATE TABLE pos.d_vendor (
    d_vendor_id numeric(10,0) NOT NULL,
    d_tenant_id numeric(10,0),
    code character varying(32),
    name character varying(255),
    phone1 character varying(15),
    phone2 character varying(15),
    address1 character varying(255),
    address2 character varying(255),
    tax_code character varying(15),
    email character varying(64),
    birthday date,
    d_image_id numeric(10,0),
    created timestamp without time zone DEFAULT CURRENT_TIMESTAMP NOT NULL,
    created_by numeric(10,0),
    updated timestamp without time zone DEFAULT CURRENT_TIMESTAMP NOT NULL,
    updated_by numeric(10,0),
    is_active character varying(1) DEFAULT 'Y'::character varying,
    d_vendor_uu character varying(36) DEFAULT pos.uuid_generate_v4() NOT NULL,
    debit_amount numeric,
    d_partner_group_id numeric(10,0),
    description character varying(255),
    area character varying(100),
    wards character varying(100),
    erp_vendor_id numeric,
    is_pos_vip character varying(1) DEFAULT 'N'::character varying,
    partnername character varying(500),
    discount numeric,
    credit_limit numeric
);


--
-- TOC entry 402 (class 1259 OID 394991)
-- Name: d_invoice_v; Type: VIEW; Schema: pos; Owner: -
--

CREATE VIEW pos.d_invoice_v AS
 SELECT do2.document_no AS pos_order_no,
    do2.d_pos_order_id,
    di.d_tenant_id,
    di.d_org_id,
    di.created_by,
    di.updated_by,
    di.created,
    di.updated,
    di.is_active,
    di.d_invoice_id,
    di.accounting_date,
    di.date_invoiced,
    di.document_no,
    di.d_doctype_id,
    di.total_amount,
    di.invoice_status,
    di.d_customer_id,
    dc.name AS customer_name,
    di.d_vendor_id,
    dv.name AS vendor_name,
    di.buyer_name,
    di.buyer_tax_code,
    di.buyer_email,
    di.buyer_address,
    di.buyer_phone,
    di.d_pricelist_id,
    dpl.name AS pricelist_name,
    di.d_user_id,
    du.user_name,
    di.reference_invoice_id,
    di.invoice_form,
    di.invoice_sign,
    di.invoice_no,
    di.search_code,
    di.search_link,
    di.invoice_error,
    drl.value AS value_status,
    drl.name AS order_status,
    sum(dp.payment_amount) AS paid
   FROM ((((((((pos.d_invoice di
     LEFT JOIN pos.d_customer dc ON ((dc.d_customer_id = di.d_customer_id)))
     LEFT JOIN pos.d_vendor dv ON ((dv.d_vendor_id = di.d_vendor_id)))
     LEFT JOIN pos.d_pos_order do2 ON ((di.d_pos_order_id = do2.d_pos_order_id)))
     LEFT JOIN pos.d_payment dp ON ((dp.d_invoice_id = di.d_invoice_id)))
     LEFT JOIN pos.d_pricelist dpl ON ((di.d_pricelist_id = dpl.d_pricelist_id)))
     LEFT JOIN pos.d_user du ON ((du.d_user_id = di.d_user_id)))
     LEFT JOIN pos.d_reference_list drl ON (((do2.order_status)::text = (drl.value)::text)))
     LEFT JOIN pos.d_reference dr ON (((drl.d_reference_id = dr.d_reference_id) AND ((dr.name)::text = 'Document Status'::text))))
  GROUP BY di.d_tenant_id, di.d_org_id, di.created_by, di.updated_by, di.created, di.updated, di.is_active, di.d_invoice_id, di.accounting_date, di.date_invoiced, di.total_amount, di.invoice_status, di.document_no, di.d_doctype_id, di.d_customer_id, dc.name, di.d_vendor_id, dv.name, di.buyer_name, di.buyer_tax_code, di.buyer_email, di.buyer_address, di.buyer_phone, di.d_pricelist_id, dpl.name, di.d_user_id, du.user_name, di.reference_invoice_id, di.invoice_form, di.invoice_sign, di.invoice_no, di.search_code, di.search_link, di.invoice_error, do2.document_no, do2.d_pos_order_id, drl.name, drl.value;


--
-- TOC entry 235 (class 1259 OID 385611)
-- Name: d_invoiceline; Type: TABLE; Schema: pos; Owner: -
--

CREATE TABLE pos.d_invoiceline (
    d_invoiceline_id numeric(10,0) NOT NULL,
    d_invoice_id numeric(10,0) NOT NULL,
    d_tenant_id numeric(10,0) NOT NULL,
    d_org_id numeric(10,0) NOT NULL,
    d_product_id numeric(10,0),
    d_tax_id numeric(10,0),
    lineno numeric(2,0),
    qty numeric(5,0) DEFAULT 0 NOT NULL,
    price_entered numeric DEFAULT 0 NOT NULL,
    linenet_amt numeric DEFAULT 0 NOT NULL,
    grand_total numeric DEFAULT 0 NOT NULL,
    d_invoiceline_uu character varying(36) DEFAULT pos.uuid_generate_v4() NOT NULL,
    created timestamp without time zone DEFAULT CURRENT_TIMESTAMP NOT NULL,
    created_by numeric(10,0) NOT NULL,
    updated timestamp without time zone DEFAULT CURRENT_TIMESTAMP NOT NULL,
    updated_by numeric(10,0) NOT NULL,
    is_active character varying(1) DEFAULT 'Y'::character varying NOT NULL,
    d_orderline_id numeric(10,0),
    d_pos_orderline_id numeric(10,0)
);


--
-- TOC entry 276 (class 1259 OID 386847)
-- Name: d_invoiceline_sq; Type: SEQUENCE; Schema: pos; Owner: -
--

CREATE SEQUENCE pos.d_invoiceline_sq
    START WITH 1000000
    INCREMENT BY 1
    MINVALUE 1000000
    NO MAXVALUE
    CACHE 1;


--
-- TOC entry 319 (class 1259 OID 390871)
-- Name: d_kitchen_order; Type: TABLE; Schema: pos; Owner: -
--

CREATE TABLE pos.d_kitchen_order (
    d_kitchen_order_id numeric(10,0) NOT NULL,
    d_tenant_id numeric(10,0) NOT NULL,
    d_org_id numeric(10,0) NOT NULL,
    documentno character varying(32) NOT NULL,
    d_pos_order_id numeric(10,0) NOT NULL,
    d_doctype_id numeric(10,0),
    d_warehouse_id numeric(10,0),
    dateordered timestamp without time zone NOT NULL,
    d_user_id numeric(10,0),
    d_floor_id numeric(10,0),
    d_table_id numeric(10,0),
    order_status character varying(5),
    description character varying(255),
    created timestamp without time zone DEFAULT CURRENT_TIMESTAMP NOT NULL,
    created_by numeric(10,0) NOT NULL,
    updated timestamp without time zone DEFAULT CURRENT_TIMESTAMP NOT NULL,
    updated_by numeric(10,0) NOT NULL,
    d_kitchen_order_uu character varying(36) DEFAULT pos.uuid_generate_v4() NOT NULL,
    is_active character varying(1) DEFAULT 'Y'::character varying,
    d_pos_terminal_id numeric(10,0),
    erp_kitchen_order_id numeric(10,0),
    is_sync_erp character varying(1) DEFAULT 'N'::character varying NOT NULL
);


--
-- TOC entry 254 (class 1259 OID 385866)
-- Name: d_table; Type: TABLE; Schema: pos; Owner: -
--

CREATE TABLE pos.d_table (
    d_table_id numeric(10,0) NOT NULL,
    d_org_id numeric(10,0) NOT NULL,
    d_tenant_id numeric(10,0) NOT NULL,
    created timestamp without time zone DEFAULT CURRENT_TIMESTAMP NOT NULL,
    created_by numeric(10,0) NOT NULL,
    updated timestamp without time zone DEFAULT CURRENT_TIMESTAMP NOT NULL,
    updated_by numeric(10,0) NOT NULL,
    is_active character varying(1) DEFAULT 'Y'::character varying NOT NULL,
    table_no character varying(5) NOT NULL,
    name character varying(32) NOT NULL,
    description character varying(255),
    d_floor_id numeric(10,0),
    table_status character varying(3) NOT NULL,
    d_table_uu character varying(36) DEFAULT pos.uuid_generate_v4() NOT NULL,
    number_seats numeric,
    display_index numeric,
    number_guests numeric(10,0),
    is_room character varying(1) DEFAULT 'N'::character varying,
    d_customer_id numeric(10,0),
    is_locked character varying(1) DEFAULT 'N'::character varying,
    erp_table_id numeric(10,0),
    is_buffet character varying(1) DEFAULT 'N'::character varying
);


--
-- TOC entry 415 (class 1259 OID 550090)
-- Name: d_kitchen_order_get_all_v; Type: VIEW; Schema: pos; Owner: -
--

CREATE VIEW pos.d_kitchen_order_get_all_v AS
 SELECT dko.d_kitchen_order_id,
    dko.d_tenant_id,
    dko.d_org_id,
    dko.documentno,
    dko.d_pos_order_id,
    dko.d_doctype_id,
    dko.d_warehouse_id,
    dko.dateordered,
    dko.order_status,
    drl.name AS order_status_name,
    dko.description,
    dko.created,
    dko.created_by,
    dko.updated,
    dko.updated_by,
    dko.d_kitchen_order_uu,
    dko.is_active,
    dko.d_pos_terminal_id,
    dko.erp_kitchen_order_id,
    dko.is_sync_erp,
    du.d_user_id,
    du.full_name,
    du.user_name,
    dt.d_table_id,
    dt.table_no,
    dt.name AS name_table,
    df.d_floor_id,
    df.floor_no,
    df.name AS name_floor
   FROM (((((pos.d_kitchen_order dko
     JOIN pos.d_table dt ON ((dko.d_table_id = dt.d_table_id)))
     JOIN pos.d_floor df ON ((dko.d_floor_id = df.d_floor_id)))
     JOIN pos.d_user du ON ((dko.d_user_id = du.d_user_id)))
     JOIN pos.d_reference_list drl ON (((dko.order_status)::text = (drl.value)::text)))
     JOIN pos.d_reference dr ON (((drl.d_reference_id = dr.d_reference_id) AND ((dr.name)::text = 'Order Status'::text))));


--
-- TOC entry 318 (class 1259 OID 390869)
-- Name: d_kitchen_order_sq; Type: SEQUENCE; Schema: pos; Owner: -
--

CREATE SEQUENCE pos.d_kitchen_order_sq
    START WITH 1000000
    INCREMENT BY 1
    MINVALUE 1000000
    NO MAXVALUE
    CACHE 1;


--
-- TOC entry 321 (class 1259 OID 390892)
-- Name: d_kitchen_orderline; Type: TABLE; Schema: pos; Owner: -
--

CREATE TABLE pos.d_kitchen_orderline (
    d_kitchen_orderline_id numeric(10,0) NOT NULL,
    d_kitchen_order_id numeric(10,0) NOT NULL,
    d_tenant_id numeric(10,0) NOT NULL,
    d_org_id numeric(10,0) NOT NULL,
    orderline_status character varying(5),
    d_product_id numeric(10,0) NOT NULL,
    note character varying(255),
    qty numeric DEFAULT 0 NOT NULL,
    transfer_qty numeric,
    cancel_qty numeric,
    priority character varying(5),
    is_active character varying(1) DEFAULT 'Y'::character varying,
    description character varying(255),
    created timestamp without time zone DEFAULT CURRENT_TIMESTAMP NOT NULL,
    created_by numeric(10,0) NOT NULL,
    updated timestamp without time zone DEFAULT CURRENT_TIMESTAMP NOT NULL,
    updated_by numeric(10,0) NOT NULL,
    d_kitchen_orderline_uu character varying(36) DEFAULT pos.uuid_generate_v4() NOT NULL,
    d_cancel_reason_id numeric(10,0),
    d_pos_orderline_id numeric(10,0),
    d_production_id numeric(10,0)
);


--
-- TOC entry 320 (class 1259 OID 390890)
-- Name: d_kitchen_orderline_sq; Type: SEQUENCE; Schema: pos; Owner: -
--

CREATE SEQUENCE pos.d_kitchen_orderline_sq
    START WITH 1000000
    INCREMENT BY 1
    MINVALUE 1000000
    NO MAXVALUE
    CACHE 1;


--
-- TOC entry 286 (class 1259 OID 386867)
-- Name: d_product_sq; Type: SEQUENCE; Schema: pos; Owner: -
--

CREATE SEQUENCE pos.d_product_sq
    START WITH 1000000
    INCREMENT BY 1
    MINVALUE 1000000
    NO MAXVALUE
    CACHE 1;


--
-- TOC entry 245 (class 1259 OID 385767)
-- Name: d_product; Type: TABLE; Schema: pos; Owner: -
--

CREATE TABLE pos.d_product (
    d_product_id numeric(10,0) DEFAULT nextval('pos.d_product_sq'::regclass) NOT NULL,
    d_org_id numeric(10,0) NOT NULL,
    d_tenant_id numeric(10,0) NOT NULL,
    created timestamp without time zone DEFAULT CURRENT_TIMESTAMP NOT NULL,
    created_by numeric(10,0) NOT NULL,
    updated timestamp without time zone DEFAULT CURRENT_TIMESTAMP NOT NULL,
    updated_by numeric(10,0) NOT NULL,
    is_active character varying(1) DEFAULT 'Y'::character varying NOT NULL,
    d_product_category_id numeric(10,0) NOT NULL,
    code character varying(32),
    name character varying(255),
    qrcode character varying(36),
    saleprice numeric(10,2),
    costprice numeric(10,2),
    d_uom_id numeric(10,0),
    on_hand numeric(10,2),
    is_purchased character varying(1) DEFAULT 'Y'::character varying,
    d_image_id numeric(10,0),
    product_type character varying(32),
    attribute1 character varying(255),
    attribute2 character varying(255),
    attribute3 character varying(255),
    attribute4 character varying(255),
    attribute5 character varying(255),
    attribute6 character varying(255),
    attribute7 character varying(255),
    attribute8 character varying(255),
    attribute9 character varying(255),
    attribute10 character varying(255),
    description character varying(255),
    d_product_uu character varying(36) DEFAULT pos.uuid_generate_v4() NOT NULL,
    is_topping character varying(1) DEFAULT 'N'::character varying,
    min_on_hand numeric,
    max_on_hand numeric,
    d_tax_id numeric(10,0),
    group_type character varying(45),
    d_product_parent_id numeric(10,0),
    d_locator_id character varying,
    qty_conversion numeric,
    weight numeric,
    erp_product_id numeric(10,0),
    brand character varying(200),
    qty numeric DEFAULT 0
);


--
-- TOC entry 409 (class 1259 OID 426995)
-- Name: d_kitchen_orderline_v; Type: VIEW; Schema: pos; Owner: -
--

CREATE VIEW pos.d_kitchen_orderline_v AS
 SELECT dkol.d_kitchen_orderline_id,
    dkol.d_kitchen_order_id,
    dkol.d_tenant_id,
    dkol.d_org_id,
    dkol.orderline_status AS order_status_value,
    dkol.note,
    dkol.qty,
    dkol.transfer_qty,
    dkol.cancel_qty,
    dkol.priority,
    dkol.is_active,
    dkol.description,
    dkol.created,
    dkol.created_by,
    dkol.updated,
    dkol.updated_by,
    dkol.d_kitchen_orderline_uu,
    dkol.d_cancel_reason_id,
    dcr.name AS cancel_reason,
    drl.name AS order_status,
    dkol.d_pos_orderline_id,
    dkol.d_production_id,
    dp.name AS product_name,
    dp.d_product_id,
    dp.product_type
   FROM ((((pos.d_kitchen_orderline dkol
     LEFT JOIN pos.d_cancel_reason dcr ON ((dkol.d_cancel_reason_id = dcr.d_cancel_reason_id)))
     LEFT JOIN pos.d_reference_list drl ON (((dkol.orderline_status)::text = (drl.value)::text)))
     LEFT JOIN pos.d_reference dr ON (((drl.d_reference_id = dr.d_reference_id) AND ((dr.name)::text = 'Order Status'::text))))
     LEFT JOIN pos.d_product dp ON ((dkol.d_product_id = dp.d_product_id)));


--
-- TOC entry 236 (class 1259 OID 385625)
-- Name: d_language; Type: TABLE; Schema: pos; Owner: -
--

CREATE TABLE pos.d_language (
    d_language_id numeric(10,0) NOT NULL,
    d_tenant_id numeric(10,0) NOT NULL,
    d_org_id numeric(10,0) NOT NULL,
    language_code character varying(3) NOT NULL,
    name character varying(32) NOT NULL,
    country_code character varying(3),
    created timestamp without time zone DEFAULT CURRENT_TIMESTAMP NOT NULL,
    created_by numeric(10,0) NOT NULL,
    updated timestamp without time zone DEFAULT CURRENT_TIMESTAMP NOT NULL,
    updated_by numeric(10,0) NOT NULL,
    d_language_uu character varying(36) DEFAULT pos.uuid_generate_v4() NOT NULL
);


--
-- TOC entry 277 (class 1259 OID 386849)
-- Name: d_language_sq; Type: SEQUENCE; Schema: pos; Owner: -
--

CREATE SEQUENCE pos.d_language_sq
    START WITH 1000000
    INCREMENT BY 1
    MINVALUE 1000000
    NO MAXVALUE
    CACHE 1;


--
-- TOC entry 237 (class 1259 OID 385635)
-- Name: d_locator; Type: TABLE; Schema: pos; Owner: -
--

CREATE TABLE pos.d_locator (
    d_locator_id numeric(10,0) NOT NULL,
    d_org_id numeric(10,0),
    d_tenant_id numeric(10,0) NOT NULL,
    created timestamp without time zone DEFAULT CURRENT_TIMESTAMP NOT NULL,
    created_by numeric(10,0) NOT NULL,
    updated timestamp without time zone DEFAULT CURRENT_TIMESTAMP NOT NULL,
    updated_by numeric(10,0) NOT NULL,
    is_active character varying(1) DEFAULT 'Y'::character varying NOT NULL,
    code character varying(32),
    description character varying(255),
    x character varying(32),
    y character varying(32),
    z character varying(32),
    d_warehouse_id numeric(10,0) NOT NULL,
    d_locator_uu character varying(36) DEFAULT pos.uuid_generate_v4() NOT NULL,
    name character varying(100)
);


--
-- TOC entry 278 (class 1259 OID 386851)
-- Name: d_locator_sq; Type: SEQUENCE; Schema: pos; Owner: -
--

CREATE SEQUENCE pos.d_locator_sq
    START WITH 1000000
    INCREMENT BY 1
    MINVALUE 1000000
    NO MAXVALUE
    CACHE 1;


--
-- TOC entry 325 (class 1259 OID 390937)
-- Name: d_note; Type: TABLE; Schema: pos; Owner: -
--

CREATE TABLE pos.d_note (
    d_note_id numeric(10,0) NOT NULL,
    d_note_group_id numeric(10,0) NOT NULL,
    d_tenant_id numeric(10,0) NOT NULL,
    d_org_id numeric(10,0) NOT NULL,
    is_active character varying(1) DEFAULT 'Y'::character varying,
    name character varying(32) NOT NULL,
    description character varying(255),
    created timestamp without time zone DEFAULT CURRENT_TIMESTAMP NOT NULL,
    created_by numeric(10,0) NOT NULL,
    updated timestamp without time zone DEFAULT CURRENT_TIMESTAMP NOT NULL,
    updated_by numeric(10,0) NOT NULL,
    d_note_uu character varying(36) DEFAULT pos.uuid_generate_v4() NOT NULL,
    product_category_ids character varying(255)
);


--
-- TOC entry 323 (class 1259 OID 390919)
-- Name: d_note_group; Type: TABLE; Schema: pos; Owner: -
--

CREATE TABLE pos.d_note_group (
    d_note_group_id numeric(10,0) NOT NULL,
    d_tenant_id numeric(10,0) NOT NULL,
    d_org_id numeric(10,0) NOT NULL,
    is_active character varying(1) DEFAULT 'Y'::character varying,
    group_name character varying(32) NOT NULL,
    description character varying(255),
    created timestamp without time zone DEFAULT CURRENT_TIMESTAMP NOT NULL,
    created_by numeric(10,0) NOT NULL,
    updated timestamp without time zone DEFAULT CURRENT_TIMESTAMP NOT NULL,
    updated_by numeric(10,0) NOT NULL,
    d_note_group_uu character varying(36) DEFAULT pos.uuid_generate_v4() NOT NULL
);


--
-- TOC entry 322 (class 1259 OID 390917)
-- Name: d_note_group_sq; Type: SEQUENCE; Schema: pos; Owner: -
--

CREATE SEQUENCE pos.d_note_group_sq
    START WITH 1000000
    INCREMENT BY 1
    MINVALUE 1000000
    NO MAXVALUE
    CACHE 1;


--
-- TOC entry 324 (class 1259 OID 390935)
-- Name: d_note_sq; Type: SEQUENCE; Schema: pos; Owner: -
--

CREATE SEQUENCE pos.d_note_sq
    START WITH 1000000
    INCREMENT BY 1
    MINVALUE 1000000
    NO MAXVALUE
    CACHE 1;


--
-- TOC entry 238 (class 1259 OID 385645)
-- Name: d_notification; Type: TABLE; Schema: pos; Owner: -
--

CREATE TABLE pos.d_notification (
    d_notification_id numeric(10,0) NOT NULL,
    d_tenant_id numeric(10,0) NOT NULL,
    title character varying(64) NOT NULL,
    content character varying(255) NOT NULL,
    notification_type character varying(5) NOT NULL,
    created timestamp without time zone DEFAULT CURRENT_TIMESTAMP NOT NULL,
    created_by numeric(10,0) NOT NULL,
    updated timestamp without time zone DEFAULT CURRENT_TIMESTAMP NOT NULL,
    updated_by numeric(10,0) NOT NULL,
    status character varying(5) NOT NULL,
    d_notification_uu character varying(36) DEFAULT pos.uuid_generate_v4() NOT NULL
);


--
-- TOC entry 279 (class 1259 OID 386853)
-- Name: d_notification_sq; Type: SEQUENCE; Schema: pos; Owner: -
--

CREATE SEQUENCE pos.d_notification_sq
    START WITH 1000000
    INCREMENT BY 1
    MINVALUE 1000000
    NO MAXVALUE
    CACHE 1;


--
-- TOC entry 239 (class 1259 OID 385682)
-- Name: d_order; Type: TABLE; Schema: pos; Owner: -
--

CREATE TABLE pos.d_order (
    d_order_id numeric(10,0) NOT NULL,
    d_tenant_id numeric(10,0) NOT NULL,
    d_org_id numeric(10,0) NOT NULL,
    document_no character varying(32),
    d_customer_id numeric(10,0) NOT NULL,
    phone character varying(15),
    order_status character varying(5) NOT NULL,
    source character varying(10) NOT NULL,
    is_locked character varying(1) DEFAULT 'N'::character varying NOT NULL,
    d_table_id numeric(10,0),
    d_floor_id numeric(10,0),
    d_user_id numeric(10,0) NOT NULL,
    order_guests smallint,
    is_active character varying(1) DEFAULT 'Y'::character varying NOT NULL,
    order_date date NOT NULL,
    created timestamp without time zone DEFAULT CURRENT_TIMESTAMP NOT NULL,
    created_by numeric(10,0) NOT NULL,
    updated timestamp without time zone DEFAULT CURRENT_TIMESTAMP NOT NULL,
    updated_by numeric NOT NULL,
    customer_name character varying(255),
    d_currency_id numeric(10,0) NOT NULL,
    d_pricelist_id numeric(10,0),
    payment_method character varying(5),
    d_doctype_id numeric(10,0) NOT NULL,
    d_order_uu character varying(36) DEFAULT pos.uuid_generate_v4() NOT NULL,
    total_amount numeric,
    d_pos_terminal_id numeric(10,0)
);


--
-- TOC entry 280 (class 1259 OID 386855)
-- Name: d_order_sq; Type: SEQUENCE; Schema: pos; Owner: -
--

CREATE SEQUENCE pos.d_order_sq
    START WITH 1000000
    INCREMENT BY 1
    MINVALUE 1000000
    NO MAXVALUE
    CACHE 1;


--
-- TOC entry 240 (class 1259 OID 385703)
-- Name: d_orderline; Type: TABLE; Schema: pos; Owner: -
--

CREATE TABLE pos.d_orderline (
    d_orderline_id numeric(10,0) NOT NULL,
    d_order_id numeric(10,0),
    qty numeric NOT NULL,
    price_entered numeric NOT NULL,
    total_amount numeric NOT NULL,
    d_tax_id numeric(10,0),
    tax_amount numeric,
    d_tenant_id numeric(10,0) NOT NULL,
    d_org_id numeric(10,0) NOT NULL,
    discount_percent numeric(10,0),
    discount_amount numeric,
    d_orderline_uu character varying(36) DEFAULT pos.uuid_generate_v4() NOT NULL,
    created timestamp without time zone DEFAULT CURRENT_TIMESTAMP NOT NULL,
    created_by numeric NOT NULL,
    updated timestamp without time zone DEFAULT CURRENT_TIMESTAMP NOT NULL,
    updated_by numeric NOT NULL,
    d_product_id numeric(10,0),
    is_active character varying(1) DEFAULT 'Y'::character varying NOT NULL
);


--
-- TOC entry 281 (class 1259 OID 386857)
-- Name: d_orderline_sq; Type: SEQUENCE; Schema: pos; Owner: -
--

CREATE SEQUENCE pos.d_orderline_sq
    START WITH 1000000
    INCREMENT BY 1
    MINVALUE 1000000
    NO MAXVALUE
    CACHE 1;


--
-- TOC entry 422 (class 1259 OID 550265)
-- Name: d_org_banner_sq; Type: SEQUENCE; Schema: pos; Owner: -
--

CREATE SEQUENCE pos.d_org_banner_sq
    START WITH 1000000
    INCREMENT BY 1
    MINVALUE 1000000
    NO MAXVALUE
    CACHE 1;


--
-- TOC entry 424 (class 1259 OID 550289)
-- Name: d_org_banner; Type: TABLE; Schema: pos; Owner: -
--

CREATE TABLE pos.d_org_banner (
    d_tenant_banner_id numeric(10,0) DEFAULT nextval('pos.d_org_banner_sq'::regclass) NOT NULL,
    d_org_id numeric(10,0),
    name character varying(255),
    code character varying(255),
    d_image_id numeric(10,0),
    is_active character varying(1) DEFAULT 'Y'::character varying NOT NULL,
    created timestamp without time zone DEFAULT CURRENT_TIMESTAMP NOT NULL,
    created_by numeric(10,0) NOT NULL,
    updated timestamp without time zone DEFAULT CURRENT_TIMESTAMP NOT NULL,
    updated_by numeric NOT NULL,
    d_org_banner_uu character varying(36) DEFAULT pos.uuid_generate_v4() NOT NULL
);


--
-- TOC entry 315 (class 1259 OID 389549)
-- Name: d_partner_group; Type: TABLE; Schema: pos; Owner: -
--

CREATE TABLE pos.d_partner_group (
    d_partner_group_id numeric(10,0) NOT NULL,
    d_tenant_id numeric(10,0) NOT NULL,
    d_org_id numeric(10,0) NOT NULL,
    is_customer character varying(1) DEFAULT 'N'::character varying,
    is_default character varying(1) DEFAULT 'N'::character varying,
    group_code character varying(32),
    group_name character varying(128),
    description character varying(255),
    is_active character varying(1) DEFAULT 'Y'::character varying,
    created timestamp without time zone DEFAULT CURRENT_TIMESTAMP NOT NULL,
    created_by numeric(10,0) NOT NULL,
    updated timestamp without time zone DEFAULT CURRENT_TIMESTAMP NOT NULL,
    updated_by numeric(10,0) NOT NULL,
    d_partner_group_uu character varying(36) DEFAULT pos.uuid_generate_v4() NOT NULL,
    discount numeric(10,2),
    is_summary character varying(1) DEFAULT 'N'::character varying,
    d_partner_group_parent_id numeric(10,0),
    erp_bp_group_id numeric(10,0)
);


--
-- TOC entry 314 (class 1259 OID 389417)
-- Name: d_partner_group_sq; Type: SEQUENCE; Schema: pos; Owner: -
--

CREATE SEQUENCE pos.d_partner_group_sq
    START WITH 1000000
    INCREMENT BY 1
    MINVALUE 1000000
    NO MAXVALUE
    CACHE 1;


--
-- TOC entry 369 (class 1259 OID 393709)
-- Name: d_pay_method; Type: TABLE; Schema: pos; Owner: -
--

CREATE TABLE pos.d_pay_method (
    d_pay_method_id numeric(10,0) NOT NULL,
    d_bank_id numeric(10,0) NOT NULL,
    d_tenant_id numeric(10,0) NOT NULL,
    d_org_id numeric(10,0) NOT NULL,
    description character varying(255),
    name character varying(255) NOT NULL,
    d_image_id numeric(10,0),
    is_default character varying(1) DEFAULT 'N'::character varying NOT NULL,
    created timestamp without time zone DEFAULT CURRENT_TIMESTAMP NOT NULL,
    created_by numeric(10,0) NOT NULL,
    updated timestamp without time zone DEFAULT CURRENT_TIMESTAMP NOT NULL,
    updated_by numeric(10,0) NOT NULL,
    d_pay_method_uu character varying(36) DEFAULT pos.uuid_generate_v4() NOT NULL,
    is_active character varying(1) DEFAULT 'Y'::character varying NOT NULL
);


--
-- TOC entry 368 (class 1259 OID 393707)
-- Name: d_pay_method_sq; Type: SEQUENCE; Schema: pos; Owner: -
--

CREATE SEQUENCE pos.d_pay_method_sq
    START WITH 1000000
    INCREMENT BY 1
    MINVALUE 1000000
    NO MAXVALUE
    CACHE 1;


--
-- TOC entry 283 (class 1259 OID 386861)
-- Name: d_payment_sq; Type: SEQUENCE; Schema: pos; Owner: -
--

CREATE SEQUENCE pos.d_payment_sq
    START WITH 1000000
    INCREMENT BY 1
    MINVALUE 1000000
    NO MAXVALUE
    CACHE 1;


--
-- TOC entry 371 (class 1259 OID 393764)
-- Name: d_paymethod_org; Type: TABLE; Schema: pos; Owner: -
--

CREATE TABLE pos.d_paymethod_org (
    d_paymethod_org_id numeric(10,0) NOT NULL,
    d_pay_method_id numeric(10,0) NOT NULL,
    d_tenant_id numeric(10,0) NOT NULL,
    d_org_id numeric(10,0) NOT NULL,
    access_code character varying(32),
    terminal_id character varying(32),
    hash_key character varying(512),
    description character varying(255),
    created timestamp without time zone DEFAULT CURRENT_TIMESTAMP NOT NULL,
    created_by numeric(10,0) NOT NULL,
    updated timestamp without time zone DEFAULT CURRENT_TIMESTAMP NOT NULL,
    updated_by numeric(10,0) NOT NULL,
    d_paymethod_org_uu character varying(36) DEFAULT pos.uuid_generate_v4() NOT NULL,
    is_active character varying(1) DEFAULT 'Y'::character varying NOT NULL,
    merchant_code character varying(32)
);


--
-- TOC entry 370 (class 1259 OID 393739)
-- Name: d_paymethod_org_sq; Type: SEQUENCE; Schema: pos; Owner: -
--

CREATE SEQUENCE pos.d_paymethod_org_sq
    START WITH 1000000
    INCREMENT BY 1
    MINVALUE 1000000
    NO MAXVALUE
    CACHE 1;


--
-- TOC entry 349 (class 1259 OID 393129)
-- Name: d_pc_terminalaccess; Type: TABLE; Schema: pos; Owner: -
--

CREATE TABLE pos.d_pc_terminalaccess (
    d_pc_terminalaccess_id numeric(10,0) NOT NULL,
    d_tenant_id numeric(10,0) NOT NULL,
    d_org_id numeric(10,0) NOT NULL,
    d_pos_terminal_id numeric(10,0),
    erp_pc_terminalaccess_id numeric(10,0),
    created timestamp without time zone DEFAULT CURRENT_TIMESTAMP NOT NULL,
    created_by numeric(10,0) NOT NULL,
    updated timestamp without time zone DEFAULT CURRENT_TIMESTAMP NOT NULL,
    updated_by numeric(10,0) NOT NULL,
    d_pc_terminalaccess_uu character varying(36) DEFAULT pos.uuid_generate_v4() NOT NULL,
    is_active character varying(1) DEFAULT 'Y'::character varying NOT NULL,
    d_product_category_id numeric
);


--
-- TOC entry 246 (class 1259 OID 385779)
-- Name: d_product_category; Type: TABLE; Schema: pos; Owner: -
--

CREATE TABLE pos.d_product_category (
    d_product_category_id numeric(10,0) NOT NULL,
    d_org_id numeric(10,0) NOT NULL,
    d_tenant_id numeric(10,0) NOT NULL,
    created timestamp without time zone DEFAULT CURRENT_TIMESTAMP NOT NULL,
    created_by numeric(10,0) NOT NULL,
    updated timestamp without time zone DEFAULT CURRENT_TIMESTAMP NOT NULL,
    updated_by numeric(10,0) NOT NULL,
    is_active character varying(1) DEFAULT 'Y'::character varying,
    code character varying(32),
    name character varying(255),
    d_product_category_uu character varying(36) DEFAULT pos.uuid_generate_v4() NOT NULL,
    d_product_category_parent_id numeric(10,0),
    is_summary character varying(1) DEFAULT 'N'::character varying,
    qty_product numeric,
    erp_product_category_id numeric(10,0),
    index_sequence numeric
);


--
-- TOC entry 416 (class 1259 OID 550140)
-- Name: d_pc_e_request_v; Type: VIEW; Schema: pos; Owner: -
--

CREATE VIEW pos.d_pc_e_request_v AS
 SELECT dpct.d_tenant_id,
    dpct.d_org_id,
    dpct.d_pc_terminalaccess_id,
    dpc.d_product_category_id,
    dpc.name,
    dpc.d_product_category_parent_id,
    dpc2.name AS parentname,
    dpc.is_active,
    dpc.index_sequence,
    dpct.d_pos_terminal_id,
    COALESCE(dpc2.is_summary, 'N'::character varying) AS is_summary,
    dpct.created,
    dpct.created_by,
    dpct.updated,
    dpct.updated_by
   FROM ((pos.d_pc_terminalaccess dpct
     JOIN pos.d_product_category dpc ON ((dpct.d_product_category_id = dpc.d_product_category_id)))
     LEFT JOIN pos.d_product_category dpc2 ON ((dpc.d_product_category_parent_id = dpc2.d_product_category_id)))
  WHERE (((dpct.is_active)::text = 'Y'::text) AND ((dpc.is_active)::text = 'Y'::text) AND ((dpc.is_active)::text = 'Y'::text));


--
-- TOC entry 348 (class 1259 OID 393127)
-- Name: d_pc_terminalaccess_sq; Type: SEQUENCE; Schema: pos; Owner: -
--

CREATE SEQUENCE pos.d_pc_terminalaccess_sq
    START WITH 1000000
    INCREMENT BY 1
    MINVALUE 1000000
    NO MAXVALUE
    CACHE 1;


--
-- TOC entry 380 (class 1259 OID 394310)
-- Name: d_purchase_orderline_sq; Type: SEQUENCE; Schema: pos; Owner: -
--

CREATE SEQUENCE pos.d_purchase_orderline_sq
    START WITH 1000000
    INCREMENT BY 1
    MINVALUE 1000000
    NO MAXVALUE
    CACHE 1;


--
-- TOC entry 381 (class 1259 OID 394312)
-- Name: d_purchase_orderline; Type: TABLE; Schema: pos; Owner: -
--

CREATE TABLE pos.d_purchase_orderline (
    d_purchase_orderline_id numeric(10,0) DEFAULT nextval('pos.d_purchase_orderline_sq'::regclass) NOT NULL,
    d_purchase_order_id numeric(10,0) NOT NULL,
    d_tenant_id numeric(10,0) NOT NULL,
    d_org_id numeric(10,0) NOT NULL,
    d_product_id numeric(10,0),
    d_uom_id numeric(10,0),
    qty numeric,
    priceentered numeric,
    d_tax_id numeric(10,0),
    tax_amount numeric,
    net_amount numeric,
    total_amount numeric,
    description character varying(255),
    created timestamp without time zone DEFAULT CURRENT_TIMESTAMP NOT NULL,
    created_by numeric(10,0) NOT NULL,
    updated timestamp without time zone DEFAULT CURRENT_TIMESTAMP NOT NULL,
    updated_by numeric(10,0) NOT NULL,
    d_purchase_orderline_uu character varying(36) DEFAULT pos.uuid_generate_v4() NOT NULL,
    is_active character varying(1) DEFAULT 'Y'::character varying NOT NULL
);


--
-- TOC entry 382 (class 1259 OID 394365)
-- Name: d_po_detail_v; Type: VIEW; Schema: pos; Owner: -
--

CREATE VIEW pos.d_po_detail_v AS
 SELECT dpo.d_tenant_id,
    dpo.d_org_id,
    dpo.d_purchase_orderline_id,
    dpo.created_by,
    dpo.updated_by,
    dpo.created,
    dpo.updated,
    dpo.is_active,
    dpo.d_purchase_order_id,
    dpo.qty,
    dpo.priceentered,
    dpo.net_amount,
    dpo.total_amount,
    dpo.description,
    dpo.d_product_id,
    dpt.name AS product_name
   FROM (pos.d_purchase_orderline dpo
     JOIN pos.d_product dpt ON ((dpo.d_product_id = dpt.d_product_id)));


--
-- TOC entry 378 (class 1259 OID 394284)
-- Name: d_purchase_order_sq; Type: SEQUENCE; Schema: pos; Owner: -
--

CREATE SEQUENCE pos.d_purchase_order_sq
    START WITH 1000000
    INCREMENT BY 1
    MINVALUE 1000000
    NO MAXVALUE
    CACHE 1;


--
-- TOC entry 379 (class 1259 OID 394286)
-- Name: d_purchase_order; Type: TABLE; Schema: pos; Owner: -
--

CREATE TABLE pos.d_purchase_order (
    d_purchase_order_id numeric(10,0) DEFAULT nextval('pos.d_purchase_order_sq'::regclass) NOT NULL,
    d_tenant_id numeric(10,0) NOT NULL,
    d_org_id numeric(10,0) NOT NULL,
    d_doctype_id numeric(10,0) NOT NULL,
    d_user_id numeric(10,0),
    d_vendor_id numeric(10,0),
    documentno character varying(32) NOT NULL,
    order_status character varying(3) NOT NULL,
    order_date timestamp without time zone NOT NULL,
    total_amount numeric,
    description character varying(255),
    created timestamp without time zone DEFAULT CURRENT_TIMESTAMP NOT NULL,
    created_by numeric(10,0) NOT NULL,
    updated timestamp without time zone DEFAULT CURRENT_TIMESTAMP NOT NULL,
    updated_by numeric(10,0) NOT NULL,
    d_purchase_order_uu character varying(36) DEFAULT pos.uuid_generate_v4() NOT NULL,
    is_active character varying(1) DEFAULT 'Y'::character varying NOT NULL,
    d_warehouse_id numeric(10,0)
);


--
-- TOC entry 367 (class 1259 OID 393667)
-- Name: d_reference_get_v; Type: VIEW; Schema: pos; Owner: -
--

CREATE VIEW pos.d_reference_get_v AS
 SELECT drl.d_reference_list_id AS d_reference_id,
    dr.name AS name_reference,
    drl.name,
    drl.value
   FROM (pos.d_reference dr
     JOIN pos.d_reference_list drl ON ((dr.d_reference_id = drl.d_reference_id)));


--
-- TOC entry 264 (class 1259 OID 385963)
-- Name: d_warehouse; Type: TABLE; Schema: pos; Owner: -
--

CREATE TABLE pos.d_warehouse (
    d_warehouse_id numeric(10,0) NOT NULL,
    d_org_id numeric(10,0) NOT NULL,
    d_tenant_id numeric(10,0) NOT NULL,
    created timestamp without time zone DEFAULT CURRENT_TIMESTAMP NOT NULL,
    created_by numeric(10,0) NOT NULL,
    updated timestamp without time zone DEFAULT CURRENT_TIMESTAMP NOT NULL,
    updated_by numeric(10,0) NOT NULL,
    is_active character varying(1) DEFAULT 'Y'::character varying NOT NULL,
    code character varying(32) NOT NULL,
    name character varying(255) NOT NULL,
    description character varying(255),
    address character varying(255),
    is_negative character varying(1) DEFAULT 'N'::character varying,
    d_warehouse_uu character varying(36) DEFAULT pos.uuid_generate_v4() NOT NULL,
    printer_ip character varying(100),
    device_token character varying(255)
);


--
-- TOC entry 384 (class 1259 OID 394445)
-- Name: d_po_header_v; Type: VIEW; Schema: pos; Owner: -
--

CREATE VIEW pos.d_po_header_v AS
 SELECT dpo.d_tenant_id,
    dpo.d_org_id,
    dpo.d_purchase_order_id,
    dpo.created_by,
    dpo.updated_by,
    dpo.created,
    dpo.updated,
    dpo.is_active,
    dpo.order_status,
    dpo.total_amount,
    dpo.order_date,
    drgv.name AS name_reference,
    dpo.d_user_id,
    dpo.d_warehouse_id,
    dwh.name AS warehouse_name,
    du.full_name,
    dpo.d_vendor_id,
    dvd.name AS vendorname,
    (0)::numeric AS vendordebt,
    (0)::numeric AS vendorpaid,
    ( SELECT count(d_purchase_orderline.d_product_id) AS count
           FROM pos.d_purchase_orderline
          WHERE (d_purchase_orderline.d_purchase_order_id = dpo.d_purchase_order_id)) AS totalproduct,
    ( SELECT sum(d_purchase_orderline.qty) AS sum
           FROM pos.d_purchase_orderline
          WHERE (d_purchase_orderline.d_purchase_order_id = dpo.d_purchase_order_id)) AS totalqty
   FROM ((((pos.d_purchase_order dpo
     LEFT JOIN pos.d_user du ON ((dpo.d_user_id = du.d_user_id)))
     LEFT JOIN pos.d_warehouse dwh ON ((dpo.d_warehouse_id = dwh.d_warehouse_id)))
     LEFT JOIN pos.d_vendor dvd ON ((dpo.d_vendor_id = dvd.d_vendor_id)))
     LEFT JOIN pos.d_reference_get_v drgv ON ((((dpo.order_status)::text = (drgv.value)::text) AND ((drgv.name_reference)::text = 'Document Status'::text))));


--
-- TOC entry 405 (class 1259 OID 409266)
-- Name: d_pos_closedcash_sq; Type: SEQUENCE; Schema: pos; Owner: -
--

CREATE SEQUENCE pos.d_pos_closedcash_sq
    START WITH 1000000
    INCREMENT BY 1
    MINVALUE 1000000
    NO MAXVALUE
    CACHE 1;


--
-- TOC entry 406 (class 1259 OID 409290)
-- Name: d_pos_closedcash; Type: TABLE; Schema: pos; Owner: -
--

CREATE TABLE pos.d_pos_closedcash (
    d_pos_closedcash_id numeric(10,0) DEFAULT nextval('pos.d_pos_closedcash_sq'::regclass) NOT NULL,
    d_tenant_id numeric(10,0) NOT NULL,
    d_org_id numeric(10,0) NOT NULL,
    is_active character varying(1) DEFAULT 'Y'::character varying NOT NULL,
    created timestamp without time zone DEFAULT CURRENT_TIMESTAMP NOT NULL,
    created_by numeric(10,0) NOT NULL,
    updated timestamp without time zone DEFAULT CURRENT_TIMESTAMP NOT NULL,
    updated_by numeric(10,0) NOT NULL,
    shift_type character varying(15),
    start_date timestamp without time zone DEFAULT CURRENT_TIMESTAMP NOT NULL,
    end_date timestamp without time zone DEFAULT CURRENT_TIMESTAMP NOT NULL,
    d_pos_terminal_id numeric(10,0) NOT NULL,
    pos_host character varying(255),
    d_user_id numeric(10,0) NOT NULL,
    host_sequence numeric(10,0),
    d_pos_closedcash_uu character varying(36) DEFAULT pos.uuid_generate_v4() NOT NULL,
    start_cash numeric,
    end_cash numeric,
    transfer_cash numeric,
    cash_diff numeric,
    d_doctype_id numeric,
    document_no character varying(100)
);


--
-- TOC entry 244 (class 1259 OID 385754)
-- Name: d_pos_orderline; Type: TABLE; Schema: pos; Owner: -
--

CREATE TABLE pos.d_pos_orderline (
    d_pos_orderline_id numeric(10,0) NOT NULL,
    qty numeric NOT NULL,
    d_product_id numeric(10,0) NOT NULL,
    d_tenant_id numeric(10,0) NOT NULL,
    d_org_id numeric(10,0),
    created timestamp without time zone DEFAULT CURRENT_TIMESTAMP NOT NULL,
    created_by numeric(10,0) NOT NULL,
    updated timestamp without time zone DEFAULT CURRENT_TIMESTAMP NOT NULL,
    updated_by numeric(10,0) NOT NULL,
    d_pos_order_id numeric(10,0) NOT NULL,
    description character varying(255),
    d_pos_orderline_uu character varying(36) DEFAULT pos.uuid_generate_v4() NOT NULL,
    is_active character varying(1) DEFAULT 'Y'::character varying,
    salesprice numeric,
    d_production_id numeric(10,0),
    d_tax_id numeric(10,0),
    tax_amount numeric,
    discount_percent numeric(10,0),
    discount_amount numeric,
    linenet_amt numeric,
    grand_total numeric
);


--
-- TOC entry 285 (class 1259 OID 386865)
-- Name: d_pos_orderline_sq; Type: SEQUENCE; Schema: pos; Owner: -
--

CREATE SEQUENCE pos.d_pos_orderline_sq
    START WITH 1000000
    INCREMENT BY 1
    MINVALUE 1000000
    NO MAXVALUE
    CACHE 1;


--
-- TOC entry 411 (class 1259 OID 496489)
-- Name: d_pos_orderline_v_all; Type: VIEW; Schema: pos; Owner: -
--

CREATE VIEW pos.d_pos_orderline_v_all AS
 SELECT DISTINCT dpo.d_pos_orderline_id,
    dpo.d_tenant_id,
    dpo.d_org_id,
    dpo.created,
    dpo.created_by,
    dpo.updated,
    dpo.updated_by,
    dpo.is_active,
    dpo.d_pos_order_id,
    dpo.salesprice,
    dpo.qty,
    dpo.description,
    dpo.tax_amount,
    dpo.linenet_amt,
    dpo.grand_total,
    dpo.d_tax_id,
    drl.name AS status,
    drl.value AS value_status,
    dpo.d_product_id,
    dp.name AS name_product,
    dp.d_product_id AS product_id,
    dp.code AS code_product,
    dp.product_type,
    dp.d_product_category_id
   FROM ((((pos.d_pos_orderline dpo
     LEFT JOIN pos.d_product dp ON ((dpo.d_product_id = dp.d_product_id)))
     LEFT JOIN pos.d_kitchen_orderline dko ON ((dko.d_pos_orderline_id = dpo.d_pos_orderline_id)))
     LEFT JOIN pos.d_reference_list drl ON (((dko.orderline_status)::text = (drl.value)::text)))
     LEFT JOIN pos.d_reference dr ON (((drl.d_reference_id = dr.d_reference_id) AND ((dr.name)::text = 'Order Status'::text))));


--
-- TOC entry 392 (class 1259 OID 394786)
-- Name: d_pos_org_access; Type: TABLE; Schema: pos; Owner: -
--

CREATE TABLE pos.d_pos_org_access (
    d_user_id numeric(10,0) NOT NULL,
    d_org_id numeric(10,0) NOT NULL,
    d_pos_terminal_id numeric(10,0) NOT NULL,
    d_tenant_id numeric(10,0) NOT NULL,
    created timestamp without time zone DEFAULT CURRENT_TIMESTAMP NOT NULL,
    created_by numeric(10,0) NOT NULL,
    updated timestamp without time zone DEFAULT CURRENT_TIMESTAMP NOT NULL,
    updated_by numeric(10,0) NOT NULL,
    is_active character varying(1) DEFAULT 'Y'::character varying,
    d_posterminal_org_access_uu character varying(36) DEFAULT pos.uuid_generate_v4() NOT NULL
);


--
-- TOC entry 345 (class 1259 OID 393071)
-- Name: d_pos_payment; Type: TABLE; Schema: pos; Owner: -
--

CREATE TABLE pos.d_pos_payment (
    d_pos_payment_id numeric(10,0) NOT NULL,
    d_tenant_id numeric(10,0) NOT NULL,
    d_org_id numeric(10,0) NOT NULL,
    d_pos_order_id numeric(10,0) NOT NULL,
    payment_method character varying(3) NOT NULL,
    voucher_code character varying(36),
    total_amount numeric,
    transaction_id character varying(36),
    tip_amount numeric,
    note character varying(255),
    created timestamp without time zone DEFAULT CURRENT_TIMESTAMP NOT NULL,
    created_by numeric(10,0) NOT NULL,
    updated timestamp without time zone DEFAULT CURRENT_TIMESTAMP NOT NULL,
    updated_by numeric(10,0) NOT NULL,
    d_pos_payment_uu character varying(36) DEFAULT pos.uuid_generate_v4() NOT NULL,
    is_active character varying(1) DEFAULT 'Y'::character varying NOT NULL,
    is_processed character varying(1) DEFAULT 'N'::character varying NOT NULL
);


--
-- TOC entry 344 (class 1259 OID 393069)
-- Name: d_pos_payment_sq; Type: SEQUENCE; Schema: pos; Owner: -
--

CREATE SEQUENCE pos.d_pos_payment_sq
    START WITH 1000000
    INCREMENT BY 1
    MINVALUE 1000000
    NO MAXVALUE
    CACHE 1;


--
-- TOC entry 347 (class 1259 OID 393099)
-- Name: d_pos_taxline; Type: TABLE; Schema: pos; Owner: -
--

CREATE TABLE pos.d_pos_taxline (
    d_pos_taxline_id numeric(10,0) NOT NULL,
    d_tenant_id numeric(10,0) NOT NULL,
    d_org_id numeric(10,0) NOT NULL,
    d_pos_order_id numeric(10,0) NOT NULL,
    d_tax_id numeric(10,0) NOT NULL,
    tax_amount numeric,
    tax_base_amount numeric,
    is_price_intax character varying(1) DEFAULT 'N'::character varying,
    created timestamp without time zone DEFAULT CURRENT_TIMESTAMP NOT NULL,
    created_by numeric(10,0) NOT NULL,
    updated timestamp without time zone DEFAULT CURRENT_TIMESTAMP NOT NULL,
    updated_by numeric(10,0) NOT NULL,
    d_pos_taxline_uu character varying(36) DEFAULT pos.uuid_generate_v4() NOT NULL,
    is_active character varying(1) DEFAULT 'Y'::character varying NOT NULL
);


--
-- TOC entry 346 (class 1259 OID 393097)
-- Name: d_pos_taxline_sq; Type: SEQUENCE; Schema: pos; Owner: -
--

CREATE SEQUENCE pos.d_pos_taxline_sq
    START WITH 1000000
    INCREMENT BY 1
    MINVALUE 1000000
    NO MAXVALUE
    CACHE 1;


--
-- TOC entry 335 (class 1259 OID 392879)
-- Name: d_pos_terminal; Type: TABLE; Schema: pos; Owner: -
--

CREATE TABLE pos.d_pos_terminal (
    d_pos_terminal_id numeric(10,0) NOT NULL,
    d_tenant_id numeric(10,0) NOT NULL,
    d_org_id numeric(10,0) NOT NULL,
    name character varying(128) NOT NULL,
    description character varying(255),
    d_user_id numeric(10,0),
    d_bank_account_cash_id numeric(10,0),
    is_restaurant character varying(1) DEFAULT 'N'::character varying,
    d_pricelist_id numeric(10,0),
    d_warehouse_id numeric(10,0),
    d_bank_account_id numeric(10,0),
    printer_ip character varying(64),
    printer_port numeric(10,0),
    is_bill_merge character varying(1) DEFAULT 'N'::character varying,
    is_notify_bill character varying(1) DEFAULT 'N'::character varying,
    d_bank_account_visa_id numeric(10,0),
    erp_pos_id numeric(10,0),
    created timestamp without time zone DEFAULT CURRENT_TIMESTAMP NOT NULL,
    created_by numeric(10,0) NOT NULL,
    updated timestamp without time zone DEFAULT CURRENT_TIMESTAMP NOT NULL,
    updated_by numeric(10,0) NOT NULL,
    d_pos_terminal_uu character varying(36) DEFAULT pos.uuid_generate_v4() NOT NULL,
    is_active character varying(1) DEFAULT 'Y'::character varying NOT NULL,
    d_doctype_id numeric(10,0)
);


--
-- TOC entry 334 (class 1259 OID 392877)
-- Name: d_pos_terminal_sq; Type: SEQUENCE; Schema: pos; Owner: -
--

CREATE SEQUENCE pos.d_pos_terminal_sq
    START WITH 1000000
    INCREMENT BY 1
    MINVALUE 1000000
    NO MAXVALUE
    CACHE 1;


--
-- TOC entry 385 (class 1259 OID 394526)
-- Name: d_pos_terminal_v; Type: VIEW; Schema: pos; Owner: -
--

CREATE VIEW pos.d_pos_terminal_v AS
 SELECT dpt.d_pos_terminal_id,
    dpt.d_tenant_id,
    dpt.d_org_id,
    dpt.name AS terminal_name,
    dpt.description,
    dpt.d_user_id,
    du.full_name,
    du.user_name,
    dpt.d_bank_account_cash_id,
    dbcash.name AS bank_cash_name,
    dpt.is_restaurant,
    dpt.d_pricelist_id,
    dp.name AS pricelist_name,
    dpt.d_warehouse_id,
    dw.name AS warehouse_name,
    dpt.d_bank_account_id,
    db.name AS bank_name,
    dpt.printer_ip,
    dpt.printer_port,
    dpt.is_bill_merge,
    dpt.is_notify_bill,
    dpt.d_bank_account_visa_id,
    dbvisa.name AS bank_visa_name,
    dpt.created,
    dpt.updated,
    dpt.created_by,
    dpt.updated_by,
    dpt.is_active,
    dpt.d_doctype_id,
    dd.name AS doctype_name
   FROM (((((((pos.d_pos_terminal dpt
     LEFT JOIN pos.d_pricelist dp ON ((dp.d_pricelist_id = dpt.d_pricelist_id)))
     LEFT JOIN pos.d_user du ON ((du.d_user_id = dpt.d_user_id)))
     LEFT JOIN pos.d_warehouse dw ON ((dw.d_warehouse_id = dpt.d_warehouse_id)))
     LEFT JOIN pos.d_doctype dd ON ((dd.d_doctype_id = dpt.d_doctype_id)))
     LEFT JOIN pos.d_bankaccount db ON ((db.d_bankaccount_id = dpt.d_bank_account_id)))
     LEFT JOIN pos.d_bankaccount dbcash ON ((db.d_bankaccount_id = dpt.d_bank_account_cash_id)))
     LEFT JOIN pos.d_bankaccount dbvisa ON ((db.d_bankaccount_id = dpt.d_bank_account_visa_id)));


--
-- TOC entry 403 (class 1259 OID 395000)
-- Name: d_posorder_complete_v; Type: VIEW; Schema: pos; Owner: -
--

CREATE VIEW pos.d_posorder_complete_v AS
 SELECT dpo.d_pos_order_id,
    dpo.d_tenant_id,
    dpo.d_org_id,
    dpo.is_active,
    dpo.created_by,
    dpo.created,
    dpo.updated_by,
    dpo.updated,
    dpo.document_no,
    dpo.order_date,
    sum(div.total_amount) AS total_amount,
    sum(dp.payment_amount) AS payment_amount,
    drl.name AS order_status,
    drl.value AS order_value,
    dc.name AS customer_name,
    dc.d_customer_id,
    sum(
        CASE
            WHEN ((dp.payment_status)::text = 'COM'::text) THEN dp.payment_amount
            ELSE (0)::numeric
        END) AS paid
   FROM (((((pos.d_pos_order dpo
     LEFT JOIN pos.d_invoice_v div ON ((dpo.d_pos_order_id = div.d_pos_order_id)))
     LEFT JOIN pos.d_payment dp ON ((div.d_invoice_id = dp.d_invoice_id)))
     LEFT JOIN pos.d_customer dc ON ((dpo.d_customer_id = dc.d_customer_id)))
     JOIN pos.d_reference_list drl ON (((dpo.order_status)::text = (drl.value)::text)))
     JOIN pos.d_reference dr ON (((drl.d_reference_id = dr.d_reference_id) AND ((dr.name)::text = 'Document Status'::text))))
  WHERE ((dpo.order_status)::text = 'COM'::text)
  GROUP BY dpo.d_pos_order_id, dpo.d_tenant_id, dpo.d_org_id, dpo.is_active, dpo.created_by, dpo.created, dpo.updated_by, dpo.updated, dpo.document_no, dpo.order_date, drl.name, drl.value, dc.name, dc.d_customer_id;


--
-- TOC entry 404 (class 1259 OID 409261)
-- Name: d_posterminal_org_access_v; Type: VIEW; Schema: pos; Owner: -
--

CREATE VIEW pos.d_posterminal_org_access_v AS
 SELECT dpoa.d_tenant_id,
    dpoa.d_pos_terminal_id,
    dpoa.d_user_id,
    dpoa.d_org_id,
    dpoa.created,
    dpoa.created_by,
    dpoa.updated,
    dpoa.updated_by,
    dpoa.is_active,
    dpt.name
   FROM (pos.d_pos_org_access dpoa
     LEFT JOIN pos.d_pos_terminal dpt ON ((dpoa.d_pos_terminal_id = dpt.d_pos_terminal_id)));


--
-- TOC entry 313 (class 1259 OID 388792)
-- Name: d_pricelist_org; Type: TABLE; Schema: pos; Owner: -
--

CREATE TABLE pos.d_pricelist_org (
    d_pricelist_org_id numeric(10,0) NOT NULL,
    d_pricelist_id numeric(10,0) NOT NULL,
    d_tenant_id numeric(10,0) NOT NULL,
    d_org_id numeric(10,0) NOT NULL,
    isall character varying(1) DEFAULT 'Y'::character varying,
    is_active character varying(1) DEFAULT 'Y'::character varying,
    created timestamp without time zone DEFAULT CURRENT_TIMESTAMP NOT NULL,
    created_by numeric(10,0) NOT NULL,
    updated timestamp without time zone DEFAULT CURRENT_TIMESTAMP NOT NULL,
    updated_by numeric(10,0) NOT NULL,
    d_pricelist_org_uu character varying(36) DEFAULT pos.uuid_generate_v4() NOT NULL
);


--
-- TOC entry 366 (class 1259 OID 393623)
-- Name: d_pricelist_org_info_v; Type: VIEW; Schema: pos; Owner: -
--

CREATE VIEW pos.d_pricelist_org_info_v AS
 SELECT dpo.d_pricelist_id,
    dpo.d_tenant_id,
    dpo.isall,
    org.d_org_id,
    org.name,
    org.area,
    org.phone,
    org.address,
    org.code,
    org.is_active
   FROM (pos.d_pricelist_org dpo
     JOIN pos.d_org org ON ((dpo.d_org_id = org.d_org_id)));


--
-- TOC entry 312 (class 1259 OID 388790)
-- Name: d_pricelist_org_sq; Type: SEQUENCE; Schema: pos; Owner: -
--

CREATE SEQUENCE pos.d_pricelist_org_sq
    START WITH 1000000
    INCREMENT BY 1
    MINVALUE 1000000
    NO MAXVALUE
    CACHE 1;


--
-- TOC entry 310 (class 1259 OID 388769)
-- Name: d_pricelist_product_sq; Type: SEQUENCE; Schema: pos; Owner: -
--

CREATE SEQUENCE pos.d_pricelist_product_sq
    START WITH 1000000
    INCREMENT BY 1
    MINVALUE 1000000
    NO MAXVALUE
    CACHE 1;


--
-- TOC entry 311 (class 1259 OID 388771)
-- Name: d_pricelist_product; Type: TABLE; Schema: pos; Owner: -
--

CREATE TABLE pos.d_pricelist_product (
    d_pricelist_product_id numeric(10,0) DEFAULT nextval('pos.d_pricelist_product_sq'::regclass) NOT NULL,
    d_tenant_id numeric(10,0) NOT NULL,
    d_org_id numeric(10,0) NOT NULL,
    d_product_id numeric(10,0) NOT NULL,
    is_active character varying(1) DEFAULT 'Y'::character varying,
    costprice numeric,
    standardprice numeric,
    salesprice numeric,
    lastorderprice numeric,
    created timestamp without time zone DEFAULT CURRENT_TIMESTAMP NOT NULL,
    created_by numeric(10,0) NOT NULL,
    updated timestamp without time zone DEFAULT CURRENT_TIMESTAMP NOT NULL,
    updated_by numeric(10,0) NOT NULL,
    d_pricelist_product_uu character varying(36) DEFAULT pos.uuid_generate_v4() NOT NULL,
    d_pricelist_id numeric(10,0) NOT NULL
);


--
-- TOC entry 365 (class 1259 OID 393588)
-- Name: d_pricelist_v; Type: VIEW; Schema: pos; Owner: -
--

CREATE VIEW pos.d_pricelist_v AS
 SELECT DISTINCT dp.d_pricelist_id,
    dp.d_tenant_id,
    dp.d_org_id,
    dp.name,
    dpo.isall,
    dp.general_pricelist,
    dp.created,
    dp.created_by,
    dp.updated,
    dp.updated_by,
    dp.is_active,
    dp.from_date,
    dp.to_date,
    org.d_org_id AS org_id,
    org.name AS org_name,
    org.code AS org_code,
    org.phone AS org_phone,
    org.area AS org_area,
    org.is_active AS org_is_active
   FROM ((pos.d_pricelist dp
     LEFT JOIN pos.d_pricelist_org dpo ON ((dp.d_pricelist_id = dpo.d_pricelist_id)))
     LEFT JOIN pos.d_org org ON ((org.d_org_id = dpo.d_org_id)));


--
-- TOC entry 364 (class 1259 OID 393562)
-- Name: d_pricelist_v_find_id; Type: VIEW; Schema: pos; Owner: -
--

CREATE VIEW pos.d_pricelist_v_find_id AS
 SELECT dp.d_pricelist_id,
    dp.d_tenant_id,
    dp.d_org_id,
    dp.created_by,
    dp.created,
    dp.updated_by,
    dp.updated,
    dp.general_pricelist,
    dp.is_active,
    dp.is_saleprice,
    dp.name AS name_pricelist,
    dp.from_date,
    dpo.d_org_id AS d_pricelist_org_id,
    org.name AS name_org,
    org.address,
    org.area,
    org.phone,
    org.email
   FROM ((pos.d_pricelist dp
     LEFT JOIN pos.d_pricelist_org dpo ON ((dp.d_pricelist_id = dpo.d_pricelist_id)))
     LEFT JOIN pos.d_org org ON ((org.d_org_id = dpo.d_org_id)));


--
-- TOC entry 317 (class 1259 OID 390225)
-- Name: d_print_report; Type: TABLE; Schema: pos; Owner: -
--

CREATE TABLE pos.d_print_report (
    d_print_report_id numeric(10,0) NOT NULL,
    d_tenant_id numeric(10,0) NOT NULL,
    report_type character varying(32) NOT NULL,
    report_source text NOT NULL,
    created timestamp without time zone DEFAULT CURRENT_TIMESTAMP NOT NULL,
    created_by numeric(10,0) NOT NULL,
    updated timestamp without time zone DEFAULT CURRENT_TIMESTAMP NOT NULL,
    updated_by numeric(10,0) NOT NULL,
    d_print_report_uu character varying(36) DEFAULT pos.uuid_generate_v4() NOT NULL,
    is_default character varying(1) DEFAULT 'N'::character varying,
    is_active character varying(1) DEFAULT 'Y'::character varying
);


--
-- TOC entry 316 (class 1259 OID 390223)
-- Name: d_print_report_sq; Type: SEQUENCE; Schema: pos; Owner: -
--

CREATE SEQUENCE pos.d_print_report_sq
    START WITH 1000000
    INCREMENT BY 1
    MINVALUE 1000000
    NO MAXVALUE
    CACHE 1;


--
-- TOC entry 287 (class 1259 OID 386869)
-- Name: d_product_category_sq; Type: SEQUENCE; Schema: pos; Owner: -
--

CREATE SEQUENCE pos.d_product_category_sq
    START WITH 1000000
    INCREMENT BY 1
    MINVALUE 1000000
    NO MAXVALUE
    CACHE 1;


--
-- TOC entry 288 (class 1259 OID 386871)
-- Name: d_product_combo_sq; Type: SEQUENCE; Schema: pos; Owner: -
--

CREATE SEQUENCE pos.d_product_combo_sq
    START WITH 1000000
    INCREMENT BY 1
    MINVALUE 1000000
    NO MAXVALUE
    CACHE 1;


--
-- TOC entry 247 (class 1259 OID 385787)
-- Name: d_product_combo; Type: TABLE; Schema: pos; Owner: -
--

CREATE TABLE pos.d_product_combo (
    d_product_combo_id numeric(10,0) DEFAULT nextval('pos.d_product_combo_sq'::regclass) NOT NULL,
    d_org_id numeric(10,0) NOT NULL,
    d_tenant_id numeric(10,0) NOT NULL,
    created timestamp without time zone DEFAULT CURRENT_TIMESTAMP NOT NULL,
    created_by numeric(10,0) NOT NULL,
    updated timestamp without time zone DEFAULT CURRENT_TIMESTAMP NOT NULL,
    updated_by numeric(10,0) NOT NULL,
    d_product_id numeric(10,0) NOT NULL,
    d_product_component_id numeric(10,0) NOT NULL,
    description character varying(255),
    d_product_combo_uu character varying(36) DEFAULT pos.uuid_generate_v4() NOT NULL,
    is_item character varying(1) DEFAULT 'N'::character varying,
    is_active character varying(1) DEFAULT 'Y'::character varying,
    qty numeric
);


--
-- TOC entry 417 (class 1259 OID 550151)
-- Name: d_product_e_request_v; Type: VIEW; Schema: pos; Owner: -
--

CREATE VIEW pos.d_product_e_request_v AS
 SELECT dpta.d_tenant_id,
    dpta.d_org_id,
    p.d_product_id,
    dpta.d_product_category_id,
    p.name,
    di.image_url,
    dpta.d_pos_terminal_id,
    COALESCE(( SELECT dpp2.salesprice
           FROM pos.d_pricelist_product dpp2
          WHERE ((dpp2.d_pricelist_id = dp.d_pricelist_id) AND (dpp2.d_product_id = p.d_product_id) AND (dpp2.d_tenant_id = p.d_tenant_id))), ( SELECT dpp2.salesprice
           FROM (pos.d_pricelist_product dpp2
             JOIN pos.d_pricelist dpl ON (((dpp2.d_pricelist_id = dpl.d_pricelist_id) AND ((dpl.general_pricelist)::text = 'Y'::text) AND (dpp2.d_product_id = p.d_product_id) AND (dpp2.d_tenant_id = p.d_tenant_id)))))) AS salesprice,
    p.created_by,
    p.updated_by,
    p.created,
    p.updated,
    p.is_active
   FROM (((((( SELECT DISTINCT dpt.d_pos_terminal_id,
            dp_1.d_pricelist_id,
            dpp.d_product_id
           FROM ((pos.d_pos_terminal dpt
             JOIN pos.d_pricelist dp_1 ON ((dpt.d_pricelist_id = dp_1.d_pricelist_id)))
             JOIN pos.d_pricelist_product dpp ON ((dpt.d_pricelist_id = dpp.d_pricelist_id)))
          WHERE ((dp_1.is_active)::text = 'Y'::text)) dp
     JOIN pos.d_product p ON ((dp.d_product_id = p.d_product_id)))
     JOIN pos.d_image di ON ((p.d_image_id = di.d_image_id)))
     JOIN pos.d_pos_org_access daop ON ((dp.d_pos_terminal_id = daop.d_pos_terminal_id)))
     JOIN pos.d_pc_terminalaccess dpta ON ((daop.d_pos_terminal_id = dpta.d_pos_terminal_id)))
     JOIN pos.d_product_category dpc ON ((dpta.d_product_category_id = dpc.d_product_category_id)));


--
-- TOC entry 343 (class 1259 OID 393046)
-- Name: d_product_location; Type: TABLE; Schema: pos; Owner: -
--

CREATE TABLE pos.d_product_location (
    d_product_location_id numeric(10,0) NOT NULL,
    d_tenant_id numeric(10,0) NOT NULL,
    d_org_id numeric(10,0) NOT NULL,
    d_warehouse_id numeric(10,0) NOT NULL,
    d_pos_terminal_id numeric(10,0),
    d_product_id numeric(10,0) NOT NULL,
    erp_product_location_id numeric(10,0),
    created timestamp without time zone DEFAULT CURRENT_TIMESTAMP NOT NULL,
    created_by numeric(10,0) NOT NULL,
    updated timestamp without time zone DEFAULT CURRENT_TIMESTAMP NOT NULL,
    updated_by numeric(10,0) NOT NULL,
    d_product_location_uu character varying(36) DEFAULT pos.uuid_generate_v4() NOT NULL,
    is_active character varying(1) DEFAULT 'Y'::character varying NOT NULL,
    is_default character varying(1) DEFAULT 'N'::character varying NOT NULL
);


--
-- TOC entry 342 (class 1259 OID 393044)
-- Name: d_product_location_sq; Type: SEQUENCE; Schema: pos; Owner: -
--

CREATE SEQUENCE pos.d_product_location_sq
    START WITH 1000000
    INCREMENT BY 1
    MINVALUE 1000000
    NO MAXVALUE
    CACHE 1;


--
-- TOC entry 358 (class 1259 OID 393401)
-- Name: d_production_sq; Type: SEQUENCE; Schema: pos; Owner: -
--

CREATE SEQUENCE pos.d_production_sq
    START WITH 1000000
    INCREMENT BY 1
    MINVALUE 1000000
    NO MAXVALUE
    CACHE 1;


--
-- TOC entry 359 (class 1259 OID 393403)
-- Name: d_production; Type: TABLE; Schema: pos; Owner: -
--

CREATE TABLE pos.d_production (
    d_production_id numeric(10,0) DEFAULT nextval('pos.d_production_sq'::regclass) NOT NULL,
    d_tenant_id numeric(10,0) NOT NULL,
    d_org_id numeric(10,0) NOT NULL,
    d_product_id numeric(10,0) NOT NULL,
    d_doctype_id numeric(10,0) NOT NULL,
    documentno character varying(32) NOT NULL,
    name character varying(255),
    movement_date timestamp without time zone,
    production_qty numeric,
    documentstatus character varying(32) NOT NULL,
    description character varying(255),
    created timestamp without time zone DEFAULT CURRENT_TIMESTAMP NOT NULL,
    created_by numeric(10,0) NOT NULL,
    updated timestamp without time zone DEFAULT CURRENT_TIMESTAMP NOT NULL,
    updated_by numeric(10,0) NOT NULL,
    d_production_uu character varying(36) DEFAULT pos.uuid_generate_v4() NOT NULL,
    is_active character varying(1) DEFAULT 'Y'::character varying NOT NULL,
    is_processed character varying(1) DEFAULT 'N'::character varying NOT NULL,
    is_sync_erp character varying(1) DEFAULT 'N'::character varying NOT NULL,
    erp_production_id numeric(10,0),
    d_warehouse_id numeric(10,0),
    d_locator_id numeric(10,0)
);


--
-- TOC entry 361 (class 1259 OID 393431)
-- Name: d_productionline; Type: TABLE; Schema: pos; Owner: -
--

CREATE TABLE pos.d_productionline (
    d_productionline_id numeric(10,0) NOT NULL,
    d_production_id numeric(10,0) NOT NULL,
    d_tenant_id numeric(10,0) NOT NULL,
    d_org_id numeric(10,0) NOT NULL,
    lineno integer,
    d_product_id numeric(10,0) NOT NULL,
    is_end_product character varying(1) DEFAULT 'N'::character varying NOT NULL,
    planned_qty numeric,
    description character varying(255),
    created timestamp without time zone DEFAULT CURRENT_TIMESTAMP NOT NULL,
    created_by numeric(10,0) NOT NULL,
    updated timestamp without time zone DEFAULT CURRENT_TIMESTAMP NOT NULL,
    updated_by numeric(10,0) NOT NULL,
    d_productionline_uu character varying(36) DEFAULT pos.uuid_generate_v4() NOT NULL,
    is_active character varying(1) DEFAULT 'Y'::character varying NOT NULL
);


--
-- TOC entry 360 (class 1259 OID 393429)
-- Name: d_productionline_sq; Type: SEQUENCE; Schema: pos; Owner: -
--

CREATE SEQUENCE pos.d_productionline_sq
    START WITH 1000000
    INCREMENT BY 1
    MINVALUE 1000000
    NO MAXVALUE
    CACHE 1;


--
-- TOC entry 363 (class 1259 OID 393488)
-- Name: d_reconciledetail; Type: TABLE; Schema: pos; Owner: -
--

CREATE TABLE pos.d_reconciledetail (
    d_reconciledetail_id numeric(10,0) NOT NULL,
    d_tenant_id numeric(10,0) NOT NULL,
    d_org_id numeric(10,0) NOT NULL,
    is_active character varying(1) DEFAULT 'Y'::character varying NOT NULL,
    created timestamp without time zone DEFAULT CURRENT_TIMESTAMP NOT NULL,
    created_by numeric(10,0) NOT NULL,
    updated timestamp without time zone DEFAULT CURRENT_TIMESTAMP NOT NULL,
    updated_by numeric(10,0) NOT NULL,
    d_reconciledetail_uu character varying(36) DEFAULT pos.uuid_generate_v4() NOT NULL,
    cmd character varying(60),
    merchant_code character varying(30),
    access_code character varying(100),
    version character varying(5),
    check_sum character varying(2000),
    error_code character varying(2000),
    transaction_id character varying(60),
    payment_status character varying(10),
    return_check_sum character varying(2000),
    hash_key character varying(200),
    merchant_name character varying(255),
    terminalid character varying(40),
    user_update character varying(50),
    payment_amount numeric,
    qrcode_payment character varying(255),
    transaction_no character varying(128),
    reference_code character varying(32),
    d_bankaccount_id numeric(10,0),
    d_bank_id numeric(10,0),
    accountno character varying(32),
    d_customer_id numeric(10,0),
    d_pos_order_id numeric(10,0),
    ftcode character varying(255)
);


--
-- TOC entry 362 (class 1259 OID 393486)
-- Name: d_reconciledetail_sq; Type: SEQUENCE; Schema: pos; Owner: -
--

CREATE SEQUENCE pos.d_reconciledetail_sq
    START WITH 1000000
    INCREMENT BY 1
    MINVALUE 1000000
    NO MAXVALUE
    CACHE 1;


--
-- TOC entry 386 (class 1259 OID 394549)
-- Name: d_request_order_sq; Type: SEQUENCE; Schema: pos; Owner: -
--

CREATE SEQUENCE pos.d_request_order_sq
    START WITH 1000000
    INCREMENT BY 1
    MINVALUE 1000000
    NO MAXVALUE
    CACHE 1;


--
-- TOC entry 388 (class 1259 OID 394573)
-- Name: d_request_order; Type: TABLE; Schema: pos; Owner: -
--

CREATE TABLE pos.d_request_order (
    d_request_order_id numeric(10,0) DEFAULT nextval('pos.d_request_order_sq'::regclass) NOT NULL,
    d_tenant_id numeric(10,0) NOT NULL,
    d_org_id numeric(10,0) NOT NULL,
    created timestamp without time zone DEFAULT CURRENT_TIMESTAMP NOT NULL,
    created_by numeric(10,0) NOT NULL,
    updated timestamp without time zone DEFAULT CURRENT_TIMESTAMP NOT NULL,
    updated_by numeric NOT NULL,
    d_doctype_id numeric(10,0),
    document_no character varying(32) NOT NULL,
    order_status character varying(5) NOT NULL,
    d_floor_id numeric(10,0),
    d_table_id numeric(10,0),
    order_time timestamp without time zone DEFAULT CURRENT_TIMESTAMP,
    d_request_order_uu character varying(36) DEFAULT pos.uuid_generate_v4() NOT NULL,
    d_customer_id numeric(10,0),
    is_active character varying(1) DEFAULT 'Y'::character varying
);


--
-- TOC entry 391 (class 1259 OID 394744)
-- Name: d_request_order_get_all_v; Type: VIEW; Schema: pos; Owner: -
--

CREATE VIEW pos.d_request_order_get_all_v AS
 SELECT dro.d_request_order_id,
    dro.d_tenant_id,
    dro.d_org_id,
    dro.created_by,
    dro.created,
    dro.updated_by,
    dro.updated,
    dro.is_active,
    dro.d_request_order_uu,
    dc.name AS customer_name,
    dc.d_customer_id,
    dro.order_time,
    dc.phone1,
    df.d_floor_id,
    df.name AS floor_name,
    dt.d_table_id,
    dt.name AS table_name,
    dro.order_status
   FROM ((((((pos.d_request_order dro
     LEFT JOIN pos.d_table dt ON ((dro.d_table_id = dt.d_table_id)))
     LEFT JOIN pos.d_floor df ON ((dro.d_floor_id = df.d_floor_id)))
     LEFT JOIN pos.d_customer dc ON ((dro.d_customer_id = dc.d_customer_id)))
     LEFT JOIN pos.d_doctype dd ON ((dro.d_doctype_id = dd.d_doctype_id)))
     LEFT JOIN pos.d_reference_list drl ON (((dro.order_status)::text = (drl.value)::text)))
     LEFT JOIN pos.d_reference dr ON ((dr.d_reference_id = drl.d_reference_id)))
  WHERE ((dr.name)::text = 'Request Order Status'::text);


--
-- TOC entry 387 (class 1259 OID 394551)
-- Name: d_request_orderline_sq; Type: SEQUENCE; Schema: pos; Owner: -
--

CREATE SEQUENCE pos.d_request_orderline_sq
    START WITH 1000000
    INCREMENT BY 1
    MINVALUE 1000000
    NO MAXVALUE
    CACHE 1;


--
-- TOC entry 389 (class 1259 OID 394610)
-- Name: d_request_orderline; Type: TABLE; Schema: pos; Owner: -
--

CREATE TABLE pos.d_request_orderline (
    d_request_orderline_id numeric(10,0) DEFAULT nextval('pos.d_request_orderline_sq'::regclass) NOT NULL,
    d_tenant_id numeric(10,0) NOT NULL,
    d_org_id numeric(10,0) NOT NULL,
    created timestamp without time zone DEFAULT CURRENT_TIMESTAMP NOT NULL,
    created_by numeric(10,0) NOT NULL,
    updated timestamp without time zone DEFAULT CURRENT_TIMESTAMP NOT NULL,
    updated_by numeric NOT NULL,
    d_product_id numeric(10,0),
    d_request_order_id numeric(10,0),
    qty numeric(10,0),
    description text,
    saleprice numeric(10,2),
    total_amount numeric(10,2),
    d_request_orderline_uu character varying(36) DEFAULT pos.uuid_generate_v4() NOT NULL,
    is_active character varying(1) DEFAULT 'Y'::character varying
);


--
-- TOC entry 258 (class 1259 OID 385904)
-- Name: d_uom; Type: TABLE; Schema: pos; Owner: -
--

CREATE TABLE pos.d_uom (
    d_uom_id numeric(10,0) NOT NULL,
    d_org_id numeric(10,0) NOT NULL,
    d_tenant_id numeric(10,0) NOT NULL,
    created timestamp without time zone DEFAULT CURRENT_TIMESTAMP NOT NULL,
    created_by numeric(10,0) NOT NULL,
    updated timestamp without time zone DEFAULT CURRENT_TIMESTAMP NOT NULL,
    updated_by numeric(10,0) NOT NULL,
    code character varying(5),
    name character varying(15),
    description character varying(255),
    d_uom_uu character varying(36) DEFAULT pos.uuid_generate_v4() NOT NULL,
    is_active character varying(1) DEFAULT 'Y'::character varying
);


--
-- TOC entry 419 (class 1259 OID 550201)
-- Name: d_request_orderline_get_all_v; Type: VIEW; Schema: pos; Owner: -
--

CREATE VIEW pos.d_request_orderline_get_all_v AS
 SELECT drol.d_request_orderline_id,
    drol.d_request_order_id,
    drol.d_tenant_id,
    drol.d_org_id,
    drol.created_by,
    drol.created,
    drol.updated_by,
    drol.updated,
    drol.is_active,
    drol.d_request_orderline_uu,
    dp.name AS name_product,
    dp.code AS code_product,
    dp.d_product_category_id,
    dp.product_type,
    dp.d_product_id,
    du.name AS name_uom,
    du.d_uom_id,
    drol.qty,
    drol.description,
    drol.saleprice,
    drol.total_amount
   FROM ((pos.d_request_orderline drol
     LEFT JOIN pos.d_product dp ON ((drol.d_product_id = dp.d_product_id)))
     LEFT JOIN pos.d_uom du ON ((dp.d_uom_id = du.d_uom_id)));


--
-- TOC entry 250 (class 1259 OID 385824)
-- Name: d_reservation_line; Type: TABLE; Schema: pos; Owner: -
--

CREATE TABLE pos.d_reservation_line (
    d_reservation_line_id numeric(10,0) NOT NULL,
    d_org_id numeric(10,0) NOT NULL,
    d_tenant_id numeric(10,0) NOT NULL,
    created timestamp without time zone DEFAULT CURRENT_TIMESTAMP NOT NULL,
    created_by numeric(10,0) NOT NULL,
    updated timestamp without time zone DEFAULT CURRENT_TIMESTAMP NOT NULL,
    updated_by numeric(10,0) NOT NULL,
    is_active character varying(1) DEFAULT 'Y'::character varying NOT NULL,
    description character varying(255),
    d_reservation_order_id numeric(10,0) NOT NULL,
    d_product_id numeric(10,0) NOT NULL,
    qty numeric(10,0) NOT NULL,
    d_reservation_line_uu character varying(36) DEFAULT pos.uuid_generate_v4() NOT NULL
);


--
-- TOC entry 291 (class 1259 OID 386877)
-- Name: d_reservation_line_sq; Type: SEQUENCE; Schema: pos; Owner: -
--

CREATE SEQUENCE pos.d_reservation_line_sq
    START WITH 1000000
    INCREMENT BY 1
    MINVALUE 1000000
    NO MAXVALUE
    CACHE 1;


--
-- TOC entry 251 (class 1259 OID 385832)
-- Name: d_reservation_order; Type: TABLE; Schema: pos; Owner: -
--

CREATE TABLE pos.d_reservation_order (
    d_reservation_order_id numeric(10,0) NOT NULL,
    d_org_id numeric(10,0) NOT NULL,
    d_tenant_id numeric(10,0) NOT NULL,
    created timestamp without time zone DEFAULT CURRENT_TIMESTAMP NOT NULL,
    created_by numeric(10,0) NOT NULL,
    updated timestamp without time zone DEFAULT CURRENT_TIMESTAMP NOT NULL,
    updated_by numeric(10,0) NOT NULL,
    is_active character varying(1) DEFAULT 'Y'::character varying NOT NULL,
    name character varying(255),
    d_floor_id numeric(10,0),
    d_table_id numeric(10,0),
    customer_name character varying(255),
    phone character varying(15),
    company character varying(255),
    total_cus numeric,
    reservation_time timestamp without time zone,
    reser_amount numeric,
    status character varying(10) NOT NULL,
    d_reservation_order_uu character varying(36) DEFAULT pos.uuid_generate_v4() NOT NULL,
    code character varying(255),
    d_customer_id numeric(10,0),
    time_tocome character varying(20),
    d_user_id numeric(10,0),
    qty_baby numeric,
    qty_adult numeric
);


--
-- TOC entry 292 (class 1259 OID 386879)
-- Name: d_reservation_order_sq; Type: SEQUENCE; Schema: pos; Owner: -
--

CREATE SEQUENCE pos.d_reservation_order_sq
    START WITH 1000000
    INCREMENT BY 1
    MINVALUE 1000000
    NO MAXVALUE
    CACHE 1;


--
-- TOC entry 407 (class 1259 OID 426972)
-- Name: d_reservation_v_all; Type: VIEW; Schema: pos; Owner: -
--

CREATE VIEW pos.d_reservation_v_all AS
 SELECT dro.d_reservation_order_id,
    dro.d_tenant_id,
    dro.d_org_id,
    dro.created,
    dro.created_by,
    dro.updated,
    dro.updated_by,
    dro.is_active,
    dro.phone,
    dro.total_cus,
    dro.company,
    dro.customer_name,
    dro.reservation_time,
    dro.reser_amount,
    dro.status,
    dro.d_reservation_order_uu,
    dro.time_tocome,
    dro.qty_adult,
    dro.qty_baby,
    dt.d_table_id,
    dt.name AS name_table,
    dt.table_no,
    dt.display_index AS display_index_table,
    dt.table_status,
    df.d_floor_id,
    df.display_index AS display_index_floor,
    df.name AS name_floor,
    df.floor_no,
    dc.name AS name_customer,
    dc.d_customer_id,
    dc.email AS email_customer,
    dc.address1 AS address_customer,
    du.d_user_id,
    du.full_name AS name_user,
    du.email AS email_user,
    dr.name AS name_reference,
    drl.name AS name_reference_list,
    drl.value AS reference_list_value
   FROM ((((((pos.d_reservation_order dro
     LEFT JOIN pos.d_table dt ON ((dro.d_table_id = dt.d_table_id)))
     LEFT JOIN pos.d_floor df ON ((dro.d_floor_id = df.d_floor_id)))
     LEFT JOIN pos.d_reference_list drl ON (((drl.value)::text = (dro.status)::text)))
     LEFT JOIN pos.d_reference dr ON ((drl.d_reference_id = dr.d_reference_id)))
     LEFT JOIN pos.d_customer dc ON ((dro.d_customer_id = dc.d_customer_id)))
     LEFT JOIN pos.d_user du ON ((dro.d_user_id = du.d_user_id)))
  WHERE ((dr.name)::text = 'Table Reservation Status'::text);


--
-- TOC entry 410 (class 1259 OID 473363)
-- Name: d_sc_posorder_get_v; Type: VIEW; Schema: pos; Owner: -
--

CREATE VIEW pos.d_sc_posorder_get_v AS
SELECT
    NULL::numeric(10,0) AS d_shift_control_id,
    NULL::numeric(10,0) AS d_tenant_id,
    NULL::numeric(10,0) AS d_org_id,
    NULL::timestamp without time zone AS created,
    NULL::numeric(10,0) AS created_by,
    NULL::character varying(1) AS is_active,
    NULL::timestamp without time zone AS updated,
    NULL::numeric(10,0) AS updated_by,
    NULL::numeric AS cash,
    NULL::bigint AS qty_cash,
    NULL::numeric AS visa,
    NULL::bigint AS qty_visa,
    NULL::numeric AS deb,
    NULL::bigint AS qty_deb,
    NULL::numeric AS loyalty,
    NULL::bigint AS qty_loyalty,
    NULL::numeric AS bank,
    NULL::bigint AS qty_bank;


--
-- TOC entry 340 (class 1259 OID 392997)
-- Name: d_shift_control_sq; Type: SEQUENCE; Schema: pos; Owner: -
--

CREATE SEQUENCE pos.d_shift_control_sq
    START WITH 1000000
    INCREMENT BY 1
    MINVALUE 1000000
    NO MAXVALUE
    CACHE 1;


--
-- TOC entry 341 (class 1259 OID 393021)
-- Name: d_shift_control; Type: TABLE; Schema: pos; Owner: -
--

CREATE TABLE pos.d_shift_control (
    d_shift_control_id numeric(10,0) DEFAULT nextval('pos.d_shift_control_sq'::regclass) NOT NULL,
    d_tenant_id numeric(10,0) NOT NULL,
    d_org_id numeric(10,0) NOT NULL,
    d_user_id numeric(10,0),
    sequence_no integer,
    d_pos_terminal_id numeric(10,0),
    start_date timestamp without time zone,
    end_date timestamp without time zone,
    shift_type character varying(3),
    created timestamp without time zone DEFAULT CURRENT_TIMESTAMP NOT NULL,
    created_by numeric(10,0) NOT NULL,
    updated timestamp without time zone DEFAULT CURRENT_TIMESTAMP NOT NULL,
    updated_by numeric(10,0) NOT NULL,
    d_shift_control_uu character varying(36) DEFAULT pos.uuid_generate_v4() NOT NULL,
    is_active character varying(1) DEFAULT 'Y'::character varying NOT NULL,
    is_closed character varying(1) DEFAULT 'N'::character varying NOT NULL,
    erp_shift_control_id numeric(10,0),
    start_cash numeric,
    transfer_cash numeric,
    cash_diff numeric,
    d_doctype_id numeric,
    document_no character varying(100),
    descriptions character varying(255)
);


--
-- TOC entry 253 (class 1259 OID 385855)
-- Name: d_storage_onhand; Type: TABLE; Schema: pos; Owner: -
--

CREATE TABLE pos.d_storage_onhand (
    d_storage_onhand_id numeric(10,0) NOT NULL,
    d_tenant_id numeric(10,0) NOT NULL,
    d_org_id numeric(10,0) NOT NULL,
    qty numeric,
    is_active character varying(1) DEFAULT 'Y'::character varying NOT NULL,
    d_warehouse_id numeric(10,0) NOT NULL,
    d_locator_id numeric(10,0),
    reservation_qty numeric,
    created timestamp without time zone DEFAULT CURRENT_TIMESTAMP NOT NULL,
    created_by numeric(10,0) NOT NULL,
    updated timestamp without time zone DEFAULT CURRENT_TIMESTAMP NOT NULL,
    updated_by numeric(10,0) NOT NULL,
    d_storage_onhand_uu character varying(36) DEFAULT pos.uuid_generate_v4() NOT NULL
);


--
-- TOC entry 294 (class 1259 OID 386883)
-- Name: d_storage_onhand_sq; Type: SEQUENCE; Schema: pos; Owner: -
--

CREATE SEQUENCE pos.d_storage_onhand_sq
    START WITH 1000000
    INCREMENT BY 1
    MINVALUE 1000000
    NO MAXVALUE
    CACHE 1;


--
-- TOC entry 408 (class 1259 OID 426981)
-- Name: d_table_pos_v; Type: VIEW; Schema: pos; Owner: -
--

CREATE VIEW pos.d_table_pos_v AS
 SELECT dt.d_table_id,
    dt.d_tenant_id,
    dt.d_org_id,
    dt.created,
    dt.created_by,
    dt.updated,
    dt.updated_by,
    dt.is_active,
    dt.d_table_uu,
    dt.name,
    dt.table_status,
    dt.display_index,
    dt.number_seats,
    dt.table_no,
    dt.d_floor_id,
    dp.d_pos_order_id,
    dro.d_reservation_order_id,
    dro.name AS name_reservation,
    dro.customer_name,
    dro.d_customer_id,
    dro.d_user_id,
    dro.time_tocome,
    dro.reservation_time
   FROM (((pos.d_table dt
     LEFT JOIN pos.d_floor df ON (((dt.d_floor_id = df.d_floor_id) AND ((dt.is_active)::text = 'Y'::text))))
     LEFT JOIN pos.d_pos_order dp ON (((dp.d_table_id = dt.d_table_id) AND ((dp.is_active)::text = 'Y'::text) AND ((dp.order_status)::text = 'DRA'::text))))
     LEFT JOIN pos.d_reservation_order dro ON ((dro.d_table_id = dt.d_table_id)));


--
-- TOC entry 295 (class 1259 OID 386885)
-- Name: d_table_sq; Type: SEQUENCE; Schema: pos; Owner: -
--

CREATE SEQUENCE pos.d_table_sq
    START WITH 1000000
    INCREMENT BY 1
    MINVALUE 1000000
    NO MAXVALUE
    CACHE 1;


--
-- TOC entry 339 (class 1259 OID 392962)
-- Name: d_table_use_ref; Type: TABLE; Schema: pos; Owner: -
--

CREATE TABLE pos.d_table_use_ref (
    d_table_use_ref_id numeric(10,0) NOT NULL,
    d_tenant_id numeric(10,0) NOT NULL,
    created date DEFAULT CURRENT_TIMESTAMP NOT NULL,
    created_by numeric(10,0) NOT NULL,
    updated date DEFAULT CURRENT_TIMESTAMP NOT NULL,
    updated_by numeric(10,0) NOT NULL,
    is_active character varying(1) DEFAULT 'Y'::character varying,
    domain_name character varying(32),
    d_table_use_ref_uu character varying(36) DEFAULT pos.uuid_generate_v4() NOT NULL,
    d_org_id numeric(10,0),
    d_reference_id numeric(10,0),
    domain_column character varying
);


--
-- TOC entry 338 (class 1259 OID 392960)
-- Name: d_table_use_ref_sq; Type: SEQUENCE; Schema: pos; Owner: -
--

CREATE SEQUENCE pos.d_table_use_ref_sq
    START WITH 1000000
    INCREMENT BY 1
    MINVALUE 1000000
    NO MAXVALUE
    CACHE 1;


--
-- TOC entry 255 (class 1259 OID 385874)
-- Name: d_tax; Type: TABLE; Schema: pos; Owner: -
--

CREATE TABLE pos.d_tax (
    d_tax_id numeric(10,0) NOT NULL,
    d_tenant_id numeric(10,0) NOT NULL,
    d_org_id numeric(10,0) NOT NULL,
    name character varying(64) NOT NULL,
    d_tax_category_id numeric(10,0) NOT NULL,
    tax_rate numeric(10,0) NOT NULL,
    is_active character varying(1) DEFAULT 'Y'::character varying NOT NULL,
    is_default character varying(1) DEFAULT 'N'::character varying NOT NULL,
    is_saletax character varying(1) DEFAULT 'Y'::character varying,
    created timestamp without time zone DEFAULT CURRENT_TIMESTAMP NOT NULL,
    created_by numeric(10,0) NOT NULL,
    updated timestamp without time zone DEFAULT CURRENT_TIMESTAMP NOT NULL,
    updated_by numeric(10,0) NOT NULL,
    d_tax_uu character varying(36) DEFAULT pos.uuid_generate_v4() NOT NULL
);


--
-- TOC entry 256 (class 1259 OID 385884)
-- Name: d_tax_category; Type: TABLE; Schema: pos; Owner: -
--

CREATE TABLE pos.d_tax_category (
    d_tax_category_id numeric(10,0) NOT NULL,
    d_tenant_id numeric(10,0) NOT NULL,
    d_org_id numeric(10,0) NOT NULL,
    name character varying(32) NOT NULL,
    description character varying(255),
    is_active character varying(1) DEFAULT 'Y'::character varying NOT NULL,
    is_default character varying(1) DEFAULT 'N'::character varying NOT NULL,
    created_by numeric(10,0) NOT NULL,
    created timestamp without time zone DEFAULT CURRENT_TIMESTAMP NOT NULL,
    updated timestamp without time zone DEFAULT CURRENT_TIMESTAMP NOT NULL,
    updated_by numeric(10,0) NOT NULL,
    d_tax_category_uu character varying(36) DEFAULT pos.uuid_generate_v4() NOT NULL
);


--
-- TOC entry 297 (class 1259 OID 386889)
-- Name: d_tax_category_sq; Type: SEQUENCE; Schema: pos; Owner: -
--

CREATE SEQUENCE pos.d_tax_category_sq
    START WITH 1000000
    INCREMENT BY 1
    MINVALUE 1000000
    NO MAXVALUE
    CACHE 1;


--
-- TOC entry 296 (class 1259 OID 386887)
-- Name: d_tax_sq; Type: SEQUENCE; Schema: pos; Owner: -
--

CREATE SEQUENCE pos.d_tax_sq
    START WITH 1000000
    INCREMENT BY 1
    MINVALUE 1000000
    NO MAXVALUE
    CACHE 1;


--
-- TOC entry 298 (class 1259 OID 386891)
-- Name: d_tenant_sq; Type: SEQUENCE; Schema: pos; Owner: -
--

CREATE SEQUENCE pos.d_tenant_sq
    START WITH 1000000
    INCREMENT BY 1
    MINVALUE 1000000
    NO MAXVALUE
    CACHE 1;


--
-- TOC entry 257 (class 1259 OID 385893)
-- Name: d_tenant; Type: TABLE; Schema: pos; Owner: -
--

CREATE TABLE pos.d_tenant (
    d_tenant_id numeric(10,0) DEFAULT nextval('pos.d_tenant_sq'::regclass) NOT NULL,
    code character varying(32) NOT NULL,
    name character varying(255) NOT NULL,
    domain_url character varying(255),
    d_industry_id numeric(10,0),
    is_active character varying(1) DEFAULT 'Y'::character varying,
    tax_code character varying(15),
    d_image_id numeric(10,0),
    expired_date date,
    created timestamp without time zone DEFAULT CURRENT_TIMESTAMP NOT NULL,
    created_by numeric(10,0) NOT NULL,
    updated timestamp without time zone DEFAULT CURRENT_TIMESTAMP NOT NULL,
    updated_by numeric(10,0) NOT NULL,
    d_tenant_uu character varying(36) DEFAULT pos.uuid_generate_v4() NOT NULL,
    db_user_name character varying(64),
    db_password character varying(100),
    db_name character varying(255),
    creation_status character varying(50)
);


--
-- TOC entry 421 (class 1259 OID 550263)
-- Name: d_tenant_banner_sq; Type: SEQUENCE; Schema: pos; Owner: -
--

CREATE SEQUENCE pos.d_tenant_banner_sq
    START WITH 1000000
    INCREMENT BY 1
    MINVALUE 1000000
    NO MAXVALUE
    CACHE 1;


--
-- TOC entry 423 (class 1259 OID 550267)
-- Name: d_tenant_banner; Type: TABLE; Schema: pos; Owner: -
--

CREATE TABLE pos.d_tenant_banner (
    d_tenant_banner_id numeric(10,0) DEFAULT nextval('pos.d_tenant_banner_sq'::regclass) NOT NULL,
    d_tenant_id numeric(10,0),
    name character varying(255),
    code character varying(255),
    d_image_id numeric(10,0),
    is_active character varying(1) DEFAULT 'Y'::character varying NOT NULL,
    created timestamp without time zone DEFAULT CURRENT_TIMESTAMP NOT NULL,
    created_by numeric(10,0) NOT NULL,
    updated timestamp without time zone DEFAULT CURRENT_TIMESTAMP NOT NULL,
    updated_by numeric NOT NULL,
    d_tenant_banner_uu character varying(36) DEFAULT pos.uuid_generate_v4() NOT NULL
);


--
-- TOC entry 328 (class 1259 OID 391463)
-- Name: d_uom_product; Type: TABLE; Schema: pos; Owner: -
--

CREATE TABLE pos.d_uom_product (
    d_uom_product_id numeric(10,0) NOT NULL,
    d_tenant_id numeric(10,0) NOT NULL,
    created timestamp without time zone DEFAULT CURRENT_TIMESTAMP NOT NULL,
    created_by numeric(10,0) NOT NULL,
    updated timestamp without time zone DEFAULT CURRENT_TIMESTAMP NOT NULL,
    updated_by numeric(10,0) NOT NULL,
    d_product_id numeric(10,0),
    d_uom_id character varying(15),
    conversion_value numeric,
    costprice numeric,
    d_uom_product_uu character varying(36) DEFAULT pos.uuid_generate_v4() NOT NULL,
    is_active character varying(1) DEFAULT 'Y'::character varying,
    d_org_id numeric
);


--
-- TOC entry 329 (class 1259 OID 391485)
-- Name: d_uom_product_sq; Type: SEQUENCE; Schema: pos; Owner: -
--

CREATE SEQUENCE pos.d_uom_product_sq
    START WITH 1000000
    INCREMENT BY 1
    MINVALUE 1000000
    NO MAXVALUE
    CACHE 1;


--
-- TOC entry 299 (class 1259 OID 386893)
-- Name: d_uom_sq; Type: SEQUENCE; Schema: pos; Owner: -
--

CREATE SEQUENCE pos.d_uom_sq
    START WITH 1000000
    INCREMENT BY 1
    MINVALUE 1000000
    NO MAXVALUE
    CACHE 1;


--
-- TOC entry 305 (class 1259 OID 388478)
-- Name: d_vendor_audit; Type: TABLE; Schema: pos; Owner: -
--

CREATE TABLE pos.d_vendor_audit (
    d_vendor_id numeric(10,0) NOT NULL,
    d_tenant_id numeric(10,0),
    code character varying(32),
    name character varying(255),
    phone1 character varying(15),
    phone2 character varying(15),
    address1 character varying(255),
    address2 character varying(255),
    tax_code character varying(15),
    email character varying(64),
    birthday date,
    d_image_id numeric(10,0),
    created timestamp without time zone DEFAULT CURRENT_TIMESTAMP NOT NULL,
    created_by numeric(10,0),
    updated timestamp without time zone DEFAULT CURRENT_TIMESTAMP NOT NULL,
    updated_by numeric(10,0),
    is_active character varying(1) DEFAULT 'Y'::character varying,
    d_vendor_uu character varying(36) DEFAULT pos.uuid_generate_v4() NOT NULL,
    rev integer,
    revtype integer,
    id integer NOT NULL
);


--
-- TOC entry 301 (class 1259 OID 386897)
-- Name: d_vendor_sq; Type: SEQUENCE; Schema: pos; Owner: -
--

CREATE SEQUENCE pos.d_vendor_sq
    START WITH 1000000
    INCREMENT BY 1
    MINVALUE 1000000
    NO MAXVALUE
    CACHE 1;


--
-- TOC entry 263 (class 1259 OID 385939)
-- Name: d_voucher; Type: TABLE; Schema: pos; Owner: -
--

CREATE TABLE pos.d_voucher (
    d_voucher_id numeric(10,0) NOT NULL,
    d_tenant_id numeric(10,0) NOT NULL,
    d_org_id numeric(10,0) NOT NULL,
    voucher_code character varying(64) NOT NULL,
    amount numeric,
    expired_date date NOT NULL,
    created timestamp without time zone DEFAULT CURRENT_TIMESTAMP NOT NULL,
    created_by numeric(10,0) NOT NULL,
    updated timestamp without time zone DEFAULT CURRENT_TIMESTAMP NOT NULL,
    updated_by numeric(10,0) NOT NULL,
    is_active character varying(1) DEFAULT 'Y'::character varying NOT NULL,
    d_voucher_uu character varying(36) DEFAULT pos.uuid_generate_v4() NOT NULL
);


--
-- TOC entry 302 (class 1259 OID 386899)
-- Name: d_voucher_sq; Type: SEQUENCE; Schema: pos; Owner: -
--

CREATE SEQUENCE pos.d_voucher_sq
    START WITH 1000000
    INCREMENT BY 1
    MINVALUE 1000000
    NO MAXVALUE
    CACHE 1;


--
-- TOC entry 303 (class 1259 OID 386901)
-- Name: d_warehouse_sq; Type: SEQUENCE; Schema: pos; Owner: -
--

CREATE SEQUENCE pos.d_warehouse_sq
    START WITH 1000000
    INCREMENT BY 1
    MINVALUE 1000000
    NO MAXVALUE
    CACHE 1;


--
-- TOC entry 418 (class 1259 OID 550190)
-- Name: get_emenu_url_v; Type: VIEW; Schema: pos; Owner: -
--

CREATE VIEW pos.get_emenu_url_v AS
 SELECT ((((((((((((((( SELECT d_config.value
           FROM pos.d_config
          WHERE ((d_config.name)::text = 'D_EMENU_URL'::text)))::text || dt.d_tenant_id) || '/'::text) || dog.d_org_id) || '/'::text) || dtb.d_table_id) || '/'::text) || dtb.d_floor_id) || '/'::text) || df.d_pos_terminal_id) || '/'::text) || (dtb.table_no)::text) || '/'::text) || (df.floor_no)::text) AS emenuurl,
    df.floor_no,
    df.name AS floor_name,
    dtb.name AS tabel_name,
    dtb.table_no,
    dt.d_tenant_id,
    df.d_floor_id,
    dtb.d_table_id,
    df.d_pos_terminal_id,
    dog.d_org_id,
    dog.name AS org_name
   FROM (((pos.d_tenant dt
     JOIN pos.d_org dog ON ((dt.d_tenant_id = dog.d_tenant_id)))
     JOIN pos.d_floor df ON (((df.d_tenant_id = dt.d_tenant_id) AND (df.d_org_id = dog.d_org_id))))
     JOIN pos.d_table dtb ON (((dtb.d_tenant_id = dt.d_tenant_id) AND (dtb.d_org_id = dog.d_org_id) AND (dtb.d_floor_id = df.d_floor_id))))
  WHERE ((1 = 1) AND (df.floor_no IS NOT NULL) AND (dtb.table_no IS NOT NULL) AND (df.d_pos_terminal_id IS NOT NULL))
  ORDER BY df.floor_no, dtb.table_no;


--
-- TOC entry 425 (class 1259 OID 550360)
-- Name: get_kc_docno_v; Type: VIEW; Schema: pos; Owner: -
--

CREATE VIEW pos.get_kc_docno_v AS
 SELECT dko.d_kitchen_order_id,
    dko.d_tenant_id,
    dko.d_org_id,
    dko.documentno,
    dko.created
   FROM pos.d_kitchen_order dko;


--
-- TOC entry 426 (class 1259 OID 550371)
-- Name: get_kc_product_v; Type: VIEW; Schema: pos; Owner: -
--

CREATE VIEW pos.get_kc_product_v AS
 SELECT pd.name,
    pd.code,
    pd.d_product_id,
    pd.created,
    pd.d_tenant_id,
    daso.d_org_id
   FROM (pos.d_product pd
     JOIN pos.d_assign_org_product daso ON ((pd.d_product_id = daso.d_product_id)));


--
-- TOC entry 412 (class 1259 OID 498701)
-- Name: get_kitchen_order_bystatus_v; Type: VIEW; Schema: pos; Owner: -
--

CREATE VIEW pos.get_kitchen_order_bystatus_v AS
 SELECT dkol.d_tenant_id,
    dkol.d_org_id,
    dkol.created,
    dkol.created_by,
    dkol.updated,
    dkol.updated_by,
    dkol.is_active,
    dkol.d_kitchen_orderline_uu,
    dkol.d_kitchen_orderline_id,
    dkol.d_kitchen_order_id,
    dkol.note,
    dkol.qty,
    dkol.orderline_status AS status_value,
    dkol.description,
    dkol.d_pos_orderline_id,
    dpr.d_production_id,
    dpr.documentno,
    dcr.name AS cancelreason,
    drgv.name AS orderline_status,
    dp.name AS name_product,
    dp.d_product_id,
    dp.code AS code_product,
    dp.product_type,
    dp.d_product_category_id
   FROM ((((pos.d_kitchen_orderline dkol
     LEFT JOIN pos.d_product dp ON ((dkol.d_product_id = dp.d_product_id)))
     LEFT JOIN pos.d_reference_get_v drgv ON (((drgv.value)::text = (dkol.orderline_status)::text)))
     LEFT JOIN pos.d_production dpr ON ((dkol.d_production_id = dpr.d_production_id)))
     LEFT JOIN pos.d_cancel_reason dcr ON ((dcr.d_cancel_reason_id = dkol.d_cancel_reason_id)))
  WHERE ((drgv.name_reference)::text = 'Order Status'::text);


--
-- TOC entry 420 (class 1259 OID 550257)
-- Name: get_kol_same_product_v; Type: VIEW; Schema: pos; Owner: -
--

CREATE VIEW pos.get_kol_same_product_v AS
 SELECT dkol.d_kitchen_orderline_id,
    dkol.d_kitchen_order_id,
    dkol.d_product_id,
    dkol.qty,
    dkol.description,
    dkol.is_active,
    dkol.d_org_id,
    dkol.d_tenant_id,
    dkol.note,
    drl.name AS name_status,
    dkol.orderline_status,
    dt.d_table_id,
    dt.name AS table_name,
    dt.table_no,
    df.d_floor_id,
    df.name AS floor_name,
    df.floor_no,
    dp.name AS product_name,
    dpos.name AS pos_name,
    dkol.created,
    dkol.created_by,
    dkol.updated,
    dkol.updated_by,
    dko.documentno,
    dko.dateordered,
        CASE
            WHEN ((dkol.orderline_status)::text = 'WTP'::text) THEN (round((date_part('epoch'::text, (now() - (dko.dateordered)::timestamp with time zone)) / (60)::double precision)))::numeric
            ELSE NULL::numeric
        END AS waiting_time,
        CASE
            WHEN (((dkol.orderline_status)::text = ANY (ARRAY[('PRD'::character varying)::text, ('PAI'::character varying)::text])) AND (dkol.d_production_id IS NOT NULL)) THEN (round((date_part('epoch'::text, (now() - (dp3.updated)::timestamp with time zone)) / (60)::double precision)))::numeric
            ELSE NULL::numeric
        END AS completed_time
   FROM ((((((((pos.d_kitchen_orderline dkol
     LEFT JOIN pos.d_kitchen_order dko ON ((dkol.d_kitchen_order_id = dko.d_kitchen_order_id)))
     LEFT JOIN pos.d_table dt ON ((dko.d_table_id = dt.d_table_id)))
     LEFT JOIN pos.d_floor df ON ((dt.d_floor_id = df.d_floor_id)))
     LEFT JOIN pos.d_product dp ON ((dkol.d_product_id = dp.d_product_id)))
     LEFT JOIN pos.d_pos_terminal dpos ON ((dko.d_pos_terminal_id = dpos.d_pos_terminal_id)))
     LEFT JOIN pos.d_reference_list drl ON (((drl.value)::text = (dkol.orderline_status)::text)))
     LEFT JOIN pos.d_reference dr ON ((drl.d_reference_id = dr.d_reference_id)))
     LEFT JOIN pos.d_production dp3 ON ((dkol.d_production_id = dp3.d_production_id)))
  WHERE ((dr.name)::text = 'Order Status'::text);


--
-- TOC entry 307 (class 1259 OID 388552)
-- Name: hibernate_sequence; Type: SEQUENCE; Schema: pos; Owner: -
--

CREATE SEQUENCE pos.hibernate_sequence
    START WITH 1
    INCREMENT BY 1
    NO MINVALUE
    NO MAXVALUE
    CACHE 1;


--
-- TOC entry 383 (class 1259 OID 394438)
-- Name: report_sales; Type: VIEW; Schema: pos; Owner: -
--

CREATE VIEW pos.report_sales AS
 SELECT row_number() OVER (ORDER BY dpo.d_pos_order_id) AS stt,
    dpo.d_pos_order_id,
    dog.name AS name_org,
    dpo.order_date,
    dpo.document_no AS docno_order,
    di.document_no AS docno_invoice,
    du.full_name AS sales_rep,
    dc.name AS cus_name,
    dp.name AS product_name,
    duo.name AS uom_name,
    dp.saleprice,
    dpol.linenet_amt,
    dpol.tax_amount,
    dpol.grand_total
   FROM (((((((pos.d_pos_order dpo
     LEFT JOIN pos.d_org dog ON ((dpo.d_org_id = dog.d_org_id)))
     LEFT JOIN pos.d_pos_orderline dpol ON ((dpo.d_pos_order_id = dpol.d_pos_order_id)))
     LEFT JOIN pos.d_user du ON ((dpo.d_user_id = du.d_user_id)))
     LEFT JOIN pos.d_invoice di ON ((dpo.d_pos_order_id = di.d_pos_order_id)))
     LEFT JOIN pos.d_customer dc ON ((dpo.d_customer_id = dc.d_customer_id)))
     LEFT JOIN pos.d_product dp ON ((dpol.d_product_id = dp.d_product_id)))
     LEFT JOIN pos.d_uom duo ON ((dp.d_uom_id = dp.d_uom_id)));


--
-- TOC entry 304 (class 1259 OID 388439)
-- Name: revinfo; Type: TABLE; Schema: pos; Owner: -
--

CREATE TABLE pos.revinfo (
    rev bigint NOT NULL,
    revtstmp bigint NOT NULL,
    revtype smallint
);


--
-- TOC entry 413 (class 1259 OID 500927)
-- Name: shift_control_get_list_pos_order_v; Type: VIEW; Schema: pos; Owner: -
--

CREATE VIEW pos.shift_control_get_list_pos_order_v AS
 SELECT dpo.d_pos_order_id,
    dpo.d_tenant_id,
    dpo.d_org_id,
    dpo.created_by,
    dpo.created,
    dpo.updated_by,
    dpo.updated,
    dpo.is_active,
    dpo.document_no,
    dpo.d_shift_control_id,
    dpo.order_date,
    dc.name,
    dpp.payment_method,
    di.total_amount AS total_invoice,
    dp.payment_amount AS total_payment,
    0 AS dbeb,
    dpo.order_status
   FROM ((((pos.d_pos_order dpo
     JOIN pos.d_customer dc ON ((dpo.d_customer_id = dc.d_customer_id)))
     LEFT JOIN pos.d_payment dp ON ((dpo.d_pos_order_id = dp.d_pos_order_id)))
     LEFT JOIN pos.d_pos_payment dpp ON ((dpo.d_pos_order_id = dpp.d_pos_order_id)))
     LEFT JOIN pos.d_invoice di ON ((dpo.d_pos_order_id = di.d_pos_order_id)))
  WHERE (((dpo.order_status)::text = 'COM'::text) OR ((dpo.order_status)::text = 'COM'::text));


--
-- TOC entry 414 (class 1259 OID 500932)
-- Name: shift_control_get_payment_v; Type: VIEW; Schema: pos; Owner: -
--

CREATE VIEW pos.shift_control_get_payment_v AS
 SELECT dpo.d_pos_order_id,
    dpo.d_tenant_id,
    dpo.d_org_id,
    dpo.created_by,
    dpo.created,
    dpo.updated_by,
    dpo.updated,
    dpo.is_active,
    dp.document_no,
    dpo.d_shift_control_id,
    dpo.order_date,
    dc.name AS customer_name,
    du.full_name AS user_name,
    dpp.payment_method,
    dp.payment_amount AS total_payment,
    ''::text AS payment_type
   FROM ((((pos.d_pos_order dpo
     JOIN pos.d_customer dc ON ((dpo.d_customer_id = dc.d_customer_id)))
     LEFT JOIN pos.d_payment dp ON ((dpo.d_pos_order_id = dp.d_pos_order_id)))
     LEFT JOIN pos.d_pos_payment dpp ON ((dpo.d_pos_order_id = dpp.d_pos_order_id)))
     LEFT JOIN pos.d_user du ON ((du.d_user_id = dpo.d_user_id)))
  WHERE (((dpo.order_status)::text = 'COM'::text) OR ((dpo.order_status)::text = 'COM'::text));


--
-- TOC entry 400 (class 1259 OID 394978)
-- Name: tenants; Type: TABLE; Schema: pos; Owner: -
--

CREATE TABLE pos.tenants (
    id bigint,
    name character varying,
    db_name character varying,
    user_name character varying,
    db_password character varying,
    creation_status character varying
);


--
-- TOC entry 401 (class 1259 OID 394984)
-- Name: tenants_id_seq; Type: SEQUENCE; Schema: pos; Owner: -
--

CREATE SEQUENCE pos.tenants_id_seq
    START WITH 2
    INCREMENT BY 1
    MINVALUE 2
    NO MAXVALUE
    CACHE 1;


--
-- TOC entry 399 (class 1259 OID 394972)
-- Name: user_roles; Type: TABLE; Schema: pos; Owner: -
--

CREATE TABLE pos.user_roles (
    user_id bigint,
    role character varying
);


--
-- TOC entry 397 (class 1259 OID 394963)
-- Name: users; Type: TABLE; Schema: pos; Owner: -
--

CREATE TABLE pos.users (
    id bigint,
    email character varying,
    password character varying,
    tenant_id bigint
);


--
-- TOC entry 398 (class 1259 OID 394969)
-- Name: users_id_seq; Type: SEQUENCE; Schema: pos; Owner: -
--

CREATE SEQUENCE pos.users_id_seq
    START WITH 3
    INCREMENT BY 1
    MINVALUE 3
    NO MAXVALUE
    CACHE 1;


--
-- TOC entry 5559 (class 0 OID 0)
-- Dependencies: 398
-- Name: users_id_seq; Type: SEQUENCE OWNED BY; Schema: pos; Owner: -
--

ALTER SEQUENCE pos.users_id_seq OWNED BY pos.users.id;


--
-- TOC entry 4746 (class 2604 OID 394971)
-- Name: users id; Type: DEFAULT; Schema: pos; Owner: -
--

ALTER TABLE ONLY pos.users ALTER COLUMN id SET DEFAULT nextval('pos.users_id_seq'::regclass);


--
-- TOC entry 5542 (class 0 OID 394886)
-- Dependencies: 396
-- Data for Name: d_api_trace_log; Type: TABLE DATA; Schema: pos; Owner: -
--



--
-- TOC entry 5493 (class 0 OID 392797)
-- Dependencies: 331
-- Data for Name: d_assign_org_product; Type: TABLE DATA; Schema: pos; Owner: -
--

INSERT INTO pos.d_assign_org_product VALUES (1000000, 1000004, 1000473, 1000020, '7d0fef7f-5d64-4007-8b70-a408dc4ab75b', '2024-09-05', 1000069, '2024-09-05', NULL, 'Y');
INSERT INTO pos.d_assign_org_product VALUES (1000001, 1000004, 1000473, 1000021, 'b181224e-f821-45e9-a025-e30906826137', '2024-09-05', 1000069, '2024-09-05', NULL, 'Y');
INSERT INTO pos.d_assign_org_product VALUES (1000002, 1000004, 1000476, 1000020, '3addd4bd-a4d6-48e4-a1f4-d9e045c0a9d8', '2024-09-05', 1000069, '2024-09-05', NULL, 'Y');
INSERT INTO pos.d_assign_org_product VALUES (1000003, 1000004, 1000476, 1000021, '5541b1be-6022-4bcd-a743-29ec684d190f', '2024-09-05', 1000069, '2024-09-05', NULL, 'Y');
INSERT INTO pos.d_assign_org_product VALUES (1000004, 1000004, 1000479, 1000020, '4c5b6fd5-8299-4cc7-a701-d76bc5fef4f7', '2024-09-05', 1000069, '2024-09-05', NULL, 'Y');
INSERT INTO pos.d_assign_org_product VALUES (1000005, 1000004, 1000479, 1000021, '5bc8f6e2-5189-4b96-9242-cfd9c3c281a0', '2024-09-05', 1000069, '2024-09-05', NULL, 'Y');
INSERT INTO pos.d_assign_org_product VALUES (1000006, 1000004, 1000482, 1000020, 'f453e978-ff2c-4fa0-9e9e-b50e1d254412', '2024-09-05', 1000069, '2024-09-05', NULL, 'Y');
INSERT INTO pos.d_assign_org_product VALUES (1000007, 1000004, 1000482, 1000021, '614d6042-7eb4-4ba4-8d77-302ce4359149', '2024-09-05', 1000069, '2024-09-05', NULL, 'Y');
INSERT INTO pos.d_assign_org_product VALUES (1000008, 1000004, 1000485, 1000020, 'a6409092-77fa-42e6-87b0-7c7c324e5752', '2024-09-05', 1000069, '2024-09-05', NULL, 'Y');
INSERT INTO pos.d_assign_org_product VALUES (1000009, 1000004, 1000485, 1000021, '7818ca5b-1eef-428c-bc82-d06f2074cbf5', '2024-09-05', 1000069, '2024-09-05', NULL, 'Y');
INSERT INTO pos.d_assign_org_product VALUES (1000010, 1000004, 1000488, 1000020, '03a2c0b4-d1ce-4049-9d10-29be3af7d006', '2024-09-05', 1000069, '2024-09-05', NULL, 'Y');
INSERT INTO pos.d_assign_org_product VALUES (1000011, 1000004, 1000488, 1000021, 'afe14c2e-7ec5-49d0-a8b4-2d8eee398be5', '2024-09-05', 1000069, '2024-09-05', NULL, 'Y');
INSERT INTO pos.d_assign_org_product VALUES (1000014, 1000004, 1000434, 1000016, '506e1b4a-7731-4012-99a9-109a5afd5b63', '2024-09-19', 0, '2024-09-19', 0, 'Y');
INSERT INTO pos.d_assign_org_product VALUES (1000015, 1000004, 1000443, 1000016, '2f99cccf-7b17-4716-b78b-0f84da838400', '2024-09-19', 0, '2024-09-19', 0, 'Y');
INSERT INTO pos.d_assign_org_product VALUES (1000016, 1000004, 1000452, 1000016, '68fe94c4-fa1f-4286-a09e-1253f61478ae', '2024-09-19', 0, '2024-09-19', 0, 'Y');
INSERT INTO pos.d_assign_org_product VALUES (1000017, 1000004, 1000626, 1000016, 'dd1bac7b-2bc2-4249-9ee6-c8a96e44ad1f', '2024-09-19', 0, '2024-09-19', 0, 'Y');
INSERT INTO pos.d_assign_org_product VALUES (1000018, 1000004, 1000431, 1000016, '3e2ff2bd-0155-416a-97a5-236f23591edc', '2024-09-19', 0, '2024-09-19', 0, 'Y');
INSERT INTO pos.d_assign_org_product VALUES (1000019, 1000004, 1000383, 1000016, 'c11dfcb8-3bac-4446-a139-0563dc2a6c05', '2024-09-19', 0, '2024-09-19', 0, 'Y');
INSERT INTO pos.d_assign_org_product VALUES (1000020, 1000004, 1000644, 1000016, '903bb624-2e36-41fd-9792-2a5c6298d5cc', '2024-09-19', 0, '2024-09-19', 0, 'Y');
INSERT INTO pos.d_assign_org_product VALUES (1000021, 1000004, 1000395, 1000016, '79c1dbae-b8ee-4b6c-b08d-bb751470856e', '2024-09-19', 0, '2024-09-19', 0, 'Y');
INSERT INTO pos.d_assign_org_product VALUES (1000022, 1000004, 1000608, 1000016, '5b8bf3ee-c776-4f09-87a3-d71bcae112a5', '2024-09-19', 0, '2024-09-19', 0, 'Y');
INSERT INTO pos.d_assign_org_product VALUES (1000023, 1000004, 1000392, 1000016, '53c5b56d-0a91-4be3-a26c-45d19315cb0e', '2024-09-19', 0, '2024-09-19', 0, 'Y');
INSERT INTO pos.d_assign_org_product VALUES (1000024, 1000004, 1000623, 1000016, '1ba5034b-28b1-4883-8fd8-7b67ad827e11', '2024-09-19', 0, '2024-09-19', 0, 'Y');
INSERT INTO pos.d_assign_org_product VALUES (1000025, 1000004, 1000380, 1000016, '30441cd5-0416-4a14-813b-c3be5c1541e5', '2024-09-19', 0, '2024-09-19', 0, 'Y');
INSERT INTO pos.d_assign_org_product VALUES (1000026, 1000004, 1000130, 1000016, '61e8b684-4138-4b70-84f1-4c96fd601fb1', '2024-09-19', 0, '2024-09-19', 0, 'Y');
INSERT INTO pos.d_assign_org_product VALUES (1000027, 1000004, 1000643, 1000016, 'ca33bbda-6e29-458b-a830-1c210b724d3d', '2024-09-19', 0, '2024-09-19', 0, 'Y');
INSERT INTO pos.d_assign_org_product VALUES (1000028, 1000004, 1000416, 1000016, '0a21c610-80cd-4fee-a8d0-e299b1895cc1', '2024-09-19', 0, '2024-09-19', 0, 'Y');
INSERT INTO pos.d_assign_org_product VALUES (1000029, 1000004, 1000476, 1000016, '9a7b0ced-8ab4-45fa-adc4-222114414865', '2024-09-19', 0, '2024-09-19', 0, 'Y');
INSERT INTO pos.d_assign_org_product VALUES (1000030, 1000004, 1000500, 1000016, 'c07f8faa-2c8d-4727-ae5d-202ffa4bffeb', '2024-09-19', 0, '2024-09-19', 0, 'Y');
INSERT INTO pos.d_assign_org_product VALUES (1000031, 1000004, 1000651, 1000016, 'e0a6ba1d-07e6-44e6-be86-dca51af5ff97', '2024-09-19', 0, '2024-09-19', 0, 'Y');
INSERT INTO pos.d_assign_org_product VALUES (1000032, 1000004, 1000464, 1000016, '7b7359ce-b12d-4970-94ad-c40a8679135e', '2024-09-19', 0, '2024-09-19', 0, 'Y');
INSERT INTO pos.d_assign_org_product VALUES (1000033, 1000004, 1000104, 1000016, '0ea881d2-7e72-45c2-a6e8-5f12adfa3b41', '2024-09-19', 0, '2024-09-19', 0, 'Y');
INSERT INTO pos.d_assign_org_product VALUES (1000034, 1000004, 1000413, 1000016, 'f45d3aa6-825c-4704-8596-8c6bb21e964a', '2024-09-19', 0, '2024-09-19', 0, 'Y');
INSERT INTO pos.d_assign_org_product VALUES (1000035, 1000004, 1000138, 1000016, 'f91f647f-c03c-4372-9e6a-e30ee1a27c7c', '2024-09-19', 0, '2024-09-19', 0, 'Y');
INSERT INTO pos.d_assign_org_product VALUES (1000036, 1000004, 1000509, 1000016, 'f403c0e3-c035-4441-a79d-a05cba3a18db', '2024-09-19', 0, '2024-09-19', 0, 'Y');
INSERT INTO pos.d_assign_org_product VALUES (1000037, 1000004, 1000488, 1000016, 'de7c971b-75c4-4ce8-946a-f47550fd31c2', '2024-09-19', 0, '2024-09-19', 0, 'Y');
INSERT INTO pos.d_assign_org_product VALUES (1000038, 1000004, 1000353, 1000016, '5ad198cd-c230-4f22-9abe-16bde062bcf5', '2024-09-19', 0, '2024-09-19', 0, 'Y');
INSERT INTO pos.d_assign_org_product VALUES (1000039, 1000004, 1000627, 1000016, 'c74ce417-a128-4b55-9b14-9e8deebbe746', '2024-09-19', 0, '2024-09-19', 0, 'Y');
INSERT INTO pos.d_assign_org_product VALUES (1000040, 1000004, 1000404, 1000016, 'a666f0c7-1f1e-4b09-88a3-aded19435674', '2024-09-19', 0, '2024-09-19', 0, 'Y');
INSERT INTO pos.d_assign_org_product VALUES (1000041, 1000004, 1000134, 1000016, '64790b17-7936-4004-88a7-ccf7bef79f86', '2024-09-19', 0, '2024-09-19', 0, 'Y');
INSERT INTO pos.d_assign_org_product VALUES (1000042, 1000004, 1000485, 1000016, '3f566e4d-9372-4004-820b-3a90cdd3b42b', '2024-09-19', 0, '2024-09-19', 0, 'Y');
INSERT INTO pos.d_assign_org_product VALUES (1000043, 1000004, 1000109, 1000016, '56d1727a-39a5-443f-b40c-3613e89bbf72', '2024-09-19', 0, '2024-09-19', 0, 'Y');
INSERT INTO pos.d_assign_org_product VALUES (1000044, 1000004, 1000113, 1000016, '51baaa5b-996f-4ad4-8d0f-7de20eb83755', '2024-09-19', 0, '2024-09-19', 0, 'Y');
INSERT INTO pos.d_assign_org_product VALUES (1000045, 1000004, 1000482, 1000016, '0b119dee-da0f-4838-b45e-452985394c42', '2024-09-19', 0, '2024-09-19', 0, 'Y');
INSERT INTO pos.d_assign_org_product VALUES (1000046, 1000004, 1000129, 1000016, 'd691843a-83fb-4974-b764-184733a6992e', '2024-09-19', 0, '2024-09-19', 0, 'Y');
INSERT INTO pos.d_assign_org_product VALUES (1000047, 1000004, 1000106, 1000016, '22777197-464a-4494-bcec-fdcf13a7a2b3', '2024-09-19', 0, '2024-09-19', 0, 'Y');
INSERT INTO pos.d_assign_org_product VALUES (1000048, 1000004, 1000132, 1000016, '6ea72931-a9fc-473c-9b69-3c24de09ceaa', '2024-09-19', 0, '2024-09-19', 0, 'Y');
INSERT INTO pos.d_assign_org_product VALUES (1000049, 1000004, 1000389, 1000016, '3be8c567-b100-4e48-9701-b42b72df4090', '2024-09-19', 0, '2024-09-19', 0, 'Y');
INSERT INTO pos.d_assign_org_product VALUES (1000050, 1000004, 1000356, 1000016, 'a0601432-176a-4773-ad31-6ce23895f01a', '2024-09-19', 0, '2024-09-19', 0, 'Y');
INSERT INTO pos.d_assign_org_product VALUES (1000051, 1000004, 1000359, 1000016, '12bbe2dd-8b19-4659-8aab-286a5d9cdebe', '2024-09-19', 0, '2024-09-19', 0, 'Y');
INSERT INTO pos.d_assign_org_product VALUES (1000052, 1000004, 1000140, 1000016, '8f6303af-59f1-4f10-a1d7-63be3cf9ffdd', '2024-09-19', 0, '2024-09-19', 0, 'Y');
INSERT INTO pos.d_assign_org_product VALUES (1000053, 1000004, 1000437, 1000016, '749c16c3-47bb-417b-b127-1932519dd84f', '2024-09-19', 0, '2024-09-19', 0, 'Y');
INSERT INTO pos.d_assign_org_product VALUES (1000054, 1000004, 1000112, 1000016, '6a255b85-89ad-48f4-b3c6-2a1f1d827add', '2024-09-19', 0, '2024-09-19', 0, 'Y');
INSERT INTO pos.d_assign_org_product VALUES (1000055, 1000004, 1000374, 1000016, '86ac7599-ce56-4ee7-a303-a42f0d9064fa', '2024-09-19', 0, '2024-09-19', 0, 'Y');
INSERT INTO pos.d_assign_org_product VALUES (1000056, 1000004, 1000428, 1000016, '87da2bf5-5bd6-4e1c-b5ba-8a694ddd426e', '2024-09-19', 0, '2024-09-19', 0, 'Y');
INSERT INTO pos.d_assign_org_product VALUES (1000057, 1000004, 1000642, 1000016, '30903aef-8d1d-4f19-ab9c-2d72a9a6e82d', '2024-09-19', 0, '2024-09-19', 0, 'Y');
INSERT INTO pos.d_assign_org_product VALUES (1000058, 1000004, 1000621, 1000016, '06b12216-fb13-4c8c-a461-2e5d753dbca4', '2024-09-19', 0, '2024-09-19', 0, 'Y');
INSERT INTO pos.d_assign_org_product VALUES (1000059, 1000004, 1000461, 1000016, '56ca484e-2177-4979-baba-777023c31973', '2024-09-19', 0, '2024-09-19', 0, 'Y');
INSERT INTO pos.d_assign_org_product VALUES (1000060, 1000004, 1000470, 1000016, '91f5c528-12d3-4b67-9ead-2b9d5b1c0a71', '2024-09-19', 0, '2024-09-19', 0, 'Y');
INSERT INTO pos.d_assign_org_product VALUES (1000061, 1000004, 1000458, 1000016, 'f09b9c0d-907d-481c-9b5a-28fa833fb226', '2024-09-19', 0, '2024-09-19', 0, 'Y');
INSERT INTO pos.d_assign_org_product VALUES (1000062, 1000004, 1000467, 1000016, '5178ce67-002c-4199-ae60-ea90befd9aae', '2024-09-19', 0, '2024-09-19', 0, 'Y');
INSERT INTO pos.d_assign_org_product VALUES (1000063, 1000004, 1000622, 1000016, '0d93dde8-e43e-43ac-b1dc-61218cb1a763', '2024-09-19', 0, '2024-09-19', 0, 'Y');
INSERT INTO pos.d_assign_org_product VALUES (1000064, 1000004, 1000440, 1000016, 'f31795b5-2d37-485a-a74e-3791083c7aa6', '2024-09-19', 0, '2024-09-19', 0, 'Y');
INSERT INTO pos.d_assign_org_product VALUES (1000065, 1000004, 1000425, 1000016, '2c3457fc-a9aa-4acf-bf71-ee680744e522', '2024-09-19', 0, '2024-09-19', 0, 'Y');
INSERT INTO pos.d_assign_org_product VALUES (1000066, 1000004, 1000139, 1000016, '67187543-e58f-4ff6-b81a-f6e3a20cfa46', '2024-09-19', 0, '2024-09-19', 0, 'Y');
INSERT INTO pos.d_assign_org_product VALUES (1000067, 1000004, 1000407, 1000016, '41125e07-7f0d-4628-8505-94ef4a6e5368', '2024-09-19', 0, '2024-09-19', 0, 'Y');
INSERT INTO pos.d_assign_org_product VALUES (1000068, 1000004, 1000398, 1000016, 'cd1e8c12-dbb6-42eb-8666-ad2acdd37396', '2024-09-19', 0, '2024-09-19', 0, 'Y');
INSERT INTO pos.d_assign_org_product VALUES (1000069, 1000004, 1000111, 1000016, '27380ad2-de0b-4f6a-b38e-3f31652a4ca2', '2024-09-19', 0, '2024-09-19', 0, 'Y');
INSERT INTO pos.d_assign_org_product VALUES (1000070, 1000004, 1000422, 1000016, 'aaab458f-976f-4fd6-8d55-6ae04568110a', '2024-09-19', 0, '2024-09-19', 0, 'Y');
INSERT INTO pos.d_assign_org_product VALUES (1000071, 1000004, 1000386, 1000016, '01dc5b36-bb2b-40ad-85a5-2421f91fe6c3', '2024-09-19', 0, '2024-09-19', 0, 'Y');
INSERT INTO pos.d_assign_org_product VALUES (1000072, 1000004, 1000479, 1000016, 'd21cb2ab-ddf2-4582-a253-b83bffa5f57e', '2024-09-19', 0, '2024-09-19', 0, 'Y');
INSERT INTO pos.d_assign_org_product VALUES (1000073, 1000004, 1000449, 1000016, '8a622d9e-65ae-4f7c-9a49-f803c13e2fdf', '2024-09-19', 0, '2024-09-19', 0, 'Y');
INSERT INTO pos.d_assign_org_product VALUES (1000074, 1000004, 1000491, 1000016, '99428217-6799-4eb1-a7b1-0f7a8b0b9330', '2024-09-19', 0, '2024-09-19', 0, 'Y');
INSERT INTO pos.d_assign_org_product VALUES (1000075, 1000004, 1000377, 1000016, '5f2d1b03-9a7d-45e1-b7b4-0770547217f7', '2024-09-19', 0, '2024-09-19', 0, 'Y');
INSERT INTO pos.d_assign_org_product VALUES (1000076, 1000004, 1000497, 1000016, 'd2585a6c-13e6-4eab-a2ff-8aad646cea10', '2024-09-19', 0, '2024-09-19', 0, 'Y');
INSERT INTO pos.d_assign_org_product VALUES (1000077, 1000004, 1000107, 1000016, '8be408b2-a7c8-46eb-b6c9-c60486deaaf1', '2024-09-19', 0, '2024-09-19', 0, 'Y');
INSERT INTO pos.d_assign_org_product VALUES (1000078, 1000004, 1000108, 1000016, '4f05a935-d0a7-4835-a26b-e0a1f3823a36', '2024-09-19', 0, '2024-09-19', 0, 'Y');
INSERT INTO pos.d_assign_org_product VALUES (1000079, 1000004, 1000494, 1000016, '2ea60728-113b-49c8-a8ae-9cbe72011a2d', '2024-09-19', 0, '2024-09-19', 0, 'Y');
INSERT INTO pos.d_assign_org_product VALUES (1000080, 1000004, 1000503, 1000016, '05a8384e-fbb0-4d48-847b-aafc17a94f3d', '2024-09-19', 0, '2024-09-19', 0, 'Y');
INSERT INTO pos.d_assign_org_product VALUES (1000081, 1000004, 1000103, 1000016, 'eee224b5-59f7-429e-a1b5-19b8edc581b3', '2024-09-19', 0, '2024-09-19', 0, 'Y');
INSERT INTO pos.d_assign_org_product VALUES (1000082, 1000004, 1000401, 1000016, '8e3030b1-97e2-45bd-b033-0166b3e855d1', '2024-09-19', 0, '2024-09-19', 0, 'Y');
INSERT INTO pos.d_assign_org_product VALUES (1000083, 1000004, 1000410, 1000016, 'a68b531f-cfa2-4e7c-9f2c-8d9743a88697', '2024-09-19', 0, '2024-09-19', 0, 'Y');
INSERT INTO pos.d_assign_org_product VALUES (1000084, 1000004, 1000136, 1000016, 'a1f79703-7273-4572-8573-8c459450eef6', '2024-09-19', 0, '2024-09-19', 0, 'Y');
INSERT INTO pos.d_assign_org_product VALUES (1000085, 1000004, 1000473, 1000016, '1ce1ba5d-113b-4c47-9eaf-f8fd2c051ffe', '2024-09-19', 0, '2024-09-19', 0, 'Y');
INSERT INTO pos.d_assign_org_product VALUES (1000086, 1000004, 1000625, 1000016, '719bf72b-4c2c-4007-b858-65e73520f714', '2024-09-19', 0, '2024-09-19', 0, 'Y');
INSERT INTO pos.d_assign_org_product VALUES (1000087, 1000004, 1000446, 1000016, 'f7d1f253-d4a3-4c41-89be-5316554db296', '2024-09-19', 0, '2024-09-19', 0, 'Y');
INSERT INTO pos.d_assign_org_product VALUES (1000088, 1000004, 1000506, 1000016, 'd74f3809-4d1e-4c0d-acec-122f22d47442', '2024-09-19', 0, '2024-09-19', 0, 'Y');
INSERT INTO pos.d_assign_org_product VALUES (1000089, 1000004, 1000105, 1000016, '000eabab-4172-487d-b015-bae211484546', '2024-09-19', 0, '2024-09-19', 0, 'Y');
INSERT INTO pos.d_assign_org_product VALUES (1000090, 1000004, 1000371, 1000016, '61af2394-8040-4542-82e5-fcda7dd4567e', '2024-09-19', 0, '2024-09-19', 0, 'Y');
INSERT INTO pos.d_assign_org_product VALUES (1000091, 1000004, 1000119, 1000016, 'debb3bb2-52c8-49d4-a145-d3be0e8d7071', '2024-09-19', 0, '2024-09-19', 0, 'Y');
INSERT INTO pos.d_assign_org_product VALUES (1000092, 1000004, 1000127, 1000016, '9a36d06c-0994-4136-b88e-a364a35118b3', '2024-09-19', 0, '2024-09-19', 0, 'Y');
INSERT INTO pos.d_assign_org_product VALUES (1000093, 1000004, 1000419, 1000016, '805040a5-85d3-40bb-8528-eb89067a3f9e', '2024-09-19', 0, '2024-09-19', 0, 'Y');
INSERT INTO pos.d_assign_org_product VALUES (1000094, 1000004, 1000368, 1000016, 'cfe846ed-4ebc-45da-9b18-f32d246cc4ae', '2024-09-19', 0, '2024-09-19', 0, 'Y');
INSERT INTO pos.d_assign_org_product VALUES (1000095, 1000004, 1000455, 1000016, '0ab04b47-c743-4ad1-9a50-5ba146a6e11a', '2024-09-19', 0, '2024-09-19', 0, 'Y');
INSERT INTO pos.d_assign_org_product VALUES (1000096, 1000004, 1000577, 1000016, '46926801-ddcf-4635-8686-68154e341519', '2024-09-19', 0, '2024-09-19', 0, 'Y');
INSERT INTO pos.d_assign_org_product VALUES (1000097, 1000004, 1000562, 1000016, '595d35d7-f137-43e0-a269-3d61de640f02', '2024-09-19', 0, '2024-09-19', 0, 'Y');
INSERT INTO pos.d_assign_org_product VALUES (1000098, 1000004, 1000568, 1000016, 'bb2e12a6-9dc5-401e-a887-8f1d7e68d983', '2024-09-19', 0, '2024-09-19', 0, 'Y');
INSERT INTO pos.d_assign_org_product VALUES (1000099, 1000004, 1000565, 1000016, '2c17a9eb-7c42-4a7c-b089-abdc91021cdb', '2024-09-19', 0, '2024-09-19', 0, 'Y');
INSERT INTO pos.d_assign_org_product VALUES (1000101, 1000004, 1000674, 1000016, '4ab08980-cb3d-4268-8590-d11117de7a80', '2024-09-19', 1000069, '2024-09-19', NULL, 'Y');
INSERT INTO pos.d_assign_org_product VALUES (1000102, 1000004, 1000675, 1000016, '3b4d38e8-15bf-48f6-9ca0-27148c22ba9d', '2024-09-19', 1000069, '2024-09-19', NULL, 'Y');
INSERT INTO pos.d_assign_org_product VALUES (1000103, 1000004, 1000676, 1000016, 'b2f7e56f-80c1-461c-a806-224ac9887458', '2024-09-19', 1000069, '2024-09-19', NULL, 'Y');
INSERT INTO pos.d_assign_org_product VALUES (1000104, 1000004, 1000677, 1000016, 'f6800247-f2e1-41c6-9f07-744ee40d481a', '2024-09-19', 1000069, '2024-09-19', NULL, 'Y');
INSERT INTO pos.d_assign_org_product VALUES (1000105, 1000004, 1000678, 1000016, 'a26d62d3-ba4f-4d3b-98a5-01cd3a8b433f', '2024-09-19', 1000069, '2024-09-19', NULL, 'Y');
INSERT INTO pos.d_assign_org_product VALUES (1000106, 1000004, 1000679, 1000016, 'dc168587-97f2-45f8-be4e-dc4195d98cf0', '2024-09-19', 1000069, '2024-09-19', NULL, 'Y');
INSERT INTO pos.d_assign_org_product VALUES (1000107, 1000004, 1000698, 1000016, '6afef135-9d50-4d24-aed1-06dd790f3be3', '2024-09-26', 1000066, '2024-09-26', NULL, 'Y');
INSERT INTO pos.d_assign_org_product VALUES (1000108, 1000004, 1000699, 1000016, 'e48b85f2-b5bf-466c-8aec-56b41ac329cc', '2024-09-26', 1000066, '2024-09-26', NULL, 'Y');
INSERT INTO pos.d_assign_org_product VALUES (1000109, 1000004, 1000700, 1000016, 'a3e78b27-952d-439d-b660-f9b46de23050', '2024-09-26', 1000066, '2024-09-26', NULL, 'Y');
INSERT INTO pos.d_assign_org_product VALUES (1000110, 1000004, 1000701, 1000016, '1c7499e8-e7db-462f-b32f-f2e7a6449ffb', '2024-09-26', 1000066, '2024-09-26', NULL, 'Y');
INSERT INTO pos.d_assign_org_product VALUES (1000111, 1000004, 1000702, 1000016, '3f8d2eed-8784-4a25-8c17-3e5bc9bac578', '2024-09-26', 1000066, '2024-09-26', NULL, 'Y');
INSERT INTO pos.d_assign_org_product VALUES (1000112, 1000004, 1000704, 1000016, '83884aff-b480-473e-b9b9-a76764a5ccb4', '2024-09-26', 1000066, '2024-09-26', NULL, 'Y');
INSERT INTO pos.d_assign_org_product VALUES (1000113, 1000004, 1000705, 1000016, '0cd81dc9-b88c-4186-b15a-9503740d3f35', '2024-09-26', 1000066, '2024-09-26', NULL, 'Y');
INSERT INTO pos.d_assign_org_product VALUES (1000114, 1000004, 1000706, 1000016, 'b21c85b1-cca2-4bc1-b390-c31feaaf5313', '2024-09-26', 1000066, '2024-09-26', NULL, 'Y');
INSERT INTO pos.d_assign_org_product VALUES (1000115, 1000004, 1000707, 1000016, '065bbe56-26b7-4db9-b982-9f39622183d9', '2024-09-26', 1000066, '2024-09-26', NULL, 'Y');
INSERT INTO pos.d_assign_org_product VALUES (1000116, 1000004, 1000708, 1000016, '7982c880-7e0d-41ff-9bd9-2f2f8d3036d2', '2024-09-26', 1000066, '2024-09-26', NULL, 'Y');
INSERT INTO pos.d_assign_org_product VALUES (1000117, 1000004, 1000709, 1000016, '41754d44-846f-4433-af42-58389a9d8c64', '2024-09-26', 1000066, '2024-09-26', NULL, 'Y');
INSERT INTO pos.d_assign_org_product VALUES (1000118, 1000004, 1000710, 1000016, 'aa0ede9e-9084-4782-9180-75c0cb86b7d1', '2024-09-26', 1000066, '2024-09-26', NULL, 'Y');
INSERT INTO pos.d_assign_org_product VALUES (1000119, 1000004, 1000711, 1000016, 'f651da56-a15d-45a1-86aa-552db9280cfe', '2024-09-26', 1000066, '2024-09-26', NULL, 'Y');
INSERT INTO pos.d_assign_org_product VALUES (1000120, 1000004, 1000712, 1000016, 'b0bbeb5a-d88c-4798-8a72-e5fb466719e1', '2024-09-26', 1000066, '2024-09-26', NULL, 'Y');
INSERT INTO pos.d_assign_org_product VALUES (1000121, 1000004, 1000713, 1000016, '2826ef19-ad83-4068-89ef-7cec903a0976', '2024-09-26', 1000066, '2024-09-26', NULL, 'Y');
INSERT INTO pos.d_assign_org_product VALUES (1000122, 1000004, 1000714, 1000016, '40f2fbf7-2e8a-42d7-bfa1-bdbcfe2d7987', '2024-09-26', 1000066, '2024-09-26', NULL, 'Y');
INSERT INTO pos.d_assign_org_product VALUES (1000123, 1000004, 1000715, 1000016, 'ec29447e-8025-4f2c-a18d-b162ddbb8e58', '2024-09-26', 1000066, '2024-09-26', NULL, 'Y');
INSERT INTO pos.d_assign_org_product VALUES (1000124, 1000004, 1000716, 1000016, '597272a7-a98f-4679-a99b-38e9a19c2fcb', '2024-09-26', 1000066, '2024-09-26', NULL, 'Y');
INSERT INTO pos.d_assign_org_product VALUES (1000125, 1000004, 1000718, 1000016, '70a8aa18-ea6c-4285-89a3-975104bc2ee5', '2024-09-26', 1000066, '2024-09-26', NULL, 'Y');
INSERT INTO pos.d_assign_org_product VALUES (1000126, 1000004, 1000720, 1000016, 'c975f636-0272-4232-bb15-fccd436850d8', '2024-09-27', 1000066, '2024-09-27', NULL, 'Y');
INSERT INTO pos.d_assign_org_product VALUES (1000128, 1000004, 1000723, 1000016, 'fd98d802-5f7d-449c-86ba-7e8f8a0d2fc4', '2024-09-27', 1000066, '2024-09-27', NULL, 'Y');
INSERT INTO pos.d_assign_org_product VALUES (1000129, 1000004, 1000724, 1000016, '9a684691-5046-4809-8e92-204ca6c4bc28', '2024-09-27', 1000066, '2024-09-27', NULL, 'Y');
INSERT INTO pos.d_assign_org_product VALUES (1000130, 1000004, 1000725, 1000016, '18ac48f4-f07c-4d3f-881d-93a1ffa0b41a', '2024-09-27', 1000066, '2024-09-27', NULL, 'Y');
INSERT INTO pos.d_assign_org_product VALUES (1000131, 1000004, 1000726, 1000016, 'ac1d19cd-f470-41b8-96e8-6bbf937fe3ec', '2024-09-27', 1000066, '2024-09-27', NULL, 'Y');
INSERT INTO pos.d_assign_org_product VALUES (1000138, 1000004, 1000730, 1000016, '653260c1-2512-4245-a509-c8555b77784b', '2024-09-27', 1000066, '2024-09-27', NULL, 'Y');
INSERT INTO pos.d_assign_org_product VALUES (1000139, 1000004, 1000731, 1000016, '8c171f81-cecc-415c-afa2-89c35dba53a6', '2024-09-27', 1000066, '2024-09-27', NULL, 'Y');
INSERT INTO pos.d_assign_org_product VALUES (1000140, 1000004, 1000732, 1000016, '1d020d11-e351-4904-802f-130516717f09', '2024-09-27', 1000066, '2024-09-27', NULL, 'Y');
INSERT INTO pos.d_assign_org_product VALUES (1000141, 1000004, 1000733, 1000016, '730eda3f-c7e8-489a-9418-e984875c9162', '2024-09-27', 1000066, '2024-09-27', NULL, 'Y');
INSERT INTO pos.d_assign_org_product VALUES (1000142, 1000004, 1000734, 1000016, '0ce55d47-4760-42ad-92e1-144293901a04', '2024-09-27', 1000066, '2024-09-27', NULL, 'Y');
INSERT INTO pos.d_assign_org_product VALUES (1000143, 1000004, 1000735, 1000016, '7c440688-01c1-412a-9408-7afba8e7141f', '2024-09-27', 1000066, '2024-09-27', NULL, 'Y');
INSERT INTO pos.d_assign_org_product VALUES (1000144, 1000004, 1000736, 1000016, '84a1bfb2-0b5a-4c58-aed9-0e8687e59f27', '2024-09-27', 1000066, '2024-09-27', NULL, 'Y');
INSERT INTO pos.d_assign_org_product VALUES (1000148, 1000004, 1000743, 1000016, '5536f990-9d5a-4f82-ae28-9094367bc589', '2024-09-27', 1000066, '2024-09-27', NULL, 'Y');
INSERT INTO pos.d_assign_org_product VALUES (1000155, 1000004, 1000753, 1000016, 'b0ac7190-29fc-477e-a793-1b1160790cb5', '2024-09-27', 1000066, '2024-09-27', NULL, 'Y');
INSERT INTO pos.d_assign_org_product VALUES (1000156, 1000004, 1000754, 1000016, '08819f53-514a-4685-9471-1346781c6151', '2024-09-27', 1000066, '2024-09-27', NULL, 'Y');
INSERT INTO pos.d_assign_org_product VALUES (1000157, 1000004, 1000755, 1000016, '32dfead7-efa0-41a6-914d-bb0a78378110', '2024-09-27', 1000066, '2024-09-27', NULL, 'Y');
INSERT INTO pos.d_assign_org_product VALUES (1000158, 1000004, 1000756, 1000016, 'a8ca35e5-c117-45f0-adf8-86fd1010398d', '2024-09-27', 1000066, '2024-09-27', NULL, 'Y');
INSERT INTO pos.d_assign_org_product VALUES (1000163, 1000004, 1000761, 1000016, 'b6b6865a-bad3-41cb-957e-f77727e429b3', '2024-09-27', 1000066, '2024-09-27', NULL, 'Y');
INSERT INTO pos.d_assign_org_product VALUES (1000164, 1000004, 1000762, 1000016, '177f0c05-fba9-4991-83d0-84cf77106c1c', '2024-09-27', 1000066, '2024-09-27', NULL, 'Y');
INSERT INTO pos.d_assign_org_product VALUES (1000165, 1000004, 1000763, 1000016, 'd3d3edab-65ef-4488-8a57-296017fc349a', '2024-09-27', 1000066, '2024-09-27', NULL, 'Y');
INSERT INTO pos.d_assign_org_product VALUES (1000166, 1000004, 1000764, 1000016, 'a095acd6-1e29-450f-bd14-6a7640c30695', '2024-09-27', 1000066, '2024-09-27', NULL, 'Y');
INSERT INTO pos.d_assign_org_product VALUES (1000167, 1000004, 1000765, 1000016, '9c4a29ab-e647-40c1-a017-f5b8a4598c40', '2024-09-28', 1000066, '2024-09-28', NULL, 'Y');
INSERT INTO pos.d_assign_org_product VALUES (1000168, 1000004, 1000766, 1000016, 'e2eff4f9-9363-4179-8615-d7e9b379fdc1', '2024-09-28', 1000066, '2024-09-28', NULL, 'Y');
INSERT INTO pos.d_assign_org_product VALUES (1000169, 1000004, 1000767, 1000016, '46387c9e-e33d-4a74-b691-2eb6e526370e', '2024-09-28', 1000066, '2024-09-28', NULL, 'Y');
INSERT INTO pos.d_assign_org_product VALUES (1000170, 1000004, 1000768, 1000016, '6df6ea2d-e907-434c-a733-d61405688530', '2024-09-28', 1000066, '2024-09-28', NULL, 'Y');
INSERT INTO pos.d_assign_org_product VALUES (1000171, 1000004, 1000769, 1000016, '289993eb-b434-4aa2-b700-2c1b76423281', '2024-09-28', 1000066, '2024-09-28', NULL, 'Y');
INSERT INTO pos.d_assign_org_product VALUES (1000172, 1000004, 1000770, 1000016, '3814726c-3563-4f71-b7b6-33bf25a6ebba', '2024-09-28', 1000066, '2024-09-28', NULL, 'Y');
INSERT INTO pos.d_assign_org_product VALUES (1000173, 1000004, 1000771, 1000016, 'f1be4694-d428-40a9-9291-fe11cf8676d5', '2024-09-28', 1000066, '2024-09-28', NULL, 'Y');
INSERT INTO pos.d_assign_org_product VALUES (1000177, 1000004, 1000775, 1000016, '21f94e6c-5744-45f4-a51a-21fb1c306417', '2024-09-28', 1000066, '2024-09-28', NULL, 'Y');
INSERT INTO pos.d_assign_org_product VALUES (1000184, 1000004, 1000782, 1000016, 'd944739e-9a7f-4534-8f6b-88a93ce88ab2', '2024-09-28', 1000066, '2024-09-28', NULL, 'Y');
INSERT INTO pos.d_assign_org_product VALUES (1000185, 1000004, 1000783, 1000016, 'e23100f5-3eb8-4400-80c9-20926786d0e3', '2024-09-28', 1000066, '2024-09-28', NULL, 'Y');
INSERT INTO pos.d_assign_org_product VALUES (1000186, 1000004, 1000784, 1000016, '6007a2b5-d682-45af-94bf-36fd0a5f36cf', '2024-09-28', 1000066, '2024-09-28', NULL, 'Y');
INSERT INTO pos.d_assign_org_product VALUES (1000187, 1000004, 1000785, 1000016, '702e3421-0958-4dda-b0ed-7df0bd7c6047', '2024-09-28', 1000066, '2024-09-28', NULL, 'Y');
INSERT INTO pos.d_assign_org_product VALUES (1000188, 1000004, 1000786, 1000016, 'af7ce749-29a8-4a79-b42c-710747d0aa90', '2024-09-28', 1000066, '2024-09-28', NULL, 'Y');


--
-- TOC entry 5495 (class 0 OID 392842)
-- Dependencies: 333
-- Data for Name: d_attribute; Type: TABLE DATA; Schema: pos; Owner: -
--

INSERT INTO pos.d_attribute VALUES (1000002, 1000004, '2024-08-27', 1000069, '2024-08-27', 1000069, 'Y', 'Size1', 'dcc75129-4418-4902-999d-d49055cc7c63', 0);
INSERT INTO pos.d_attribute VALUES (1000001, 1000004, '2024-08-27', 1000069, '2024-08-27', 1000069, 'Y', 'Size', '514724e9-531a-477c-8855-07e57597173b', 0);
INSERT INTO pos.d_attribute VALUES (1000004, 1000004, '2024-08-29', 1000069, '2024-08-29', 1000069, 'Y', 'Size2', 'b6c02f7f-bd14-4f10-9c40-b18bb78bda0f', 0);
INSERT INTO pos.d_attribute VALUES (1000003, 1000004, '2024-08-29', 1000069, '2024-08-29', 1000069, 'Y', 'Kch Thc', 'a599c891-e6d4-431b-a094-14f293c3cb22', 0);
INSERT INTO pos.d_attribute VALUES (1000005, 1000004, '2024-08-29', 1000069, '2024-08-29', 1000069, 'Y', 'Size1', '42389216-df52-4861-a744-5aa8eef3f9ba', 1000016);
INSERT INTO pos.d_attribute VALUES (1000006, 1000004, '2024-08-29', 1000069, '2024-08-29', 1000069, 'Y', 'Size', 'b91de280-18d8-4585-8137-5f2e63a540a4', 1000016);
INSERT INTO pos.d_attribute VALUES (1000007, 1000004, '2024-09-05', 1000069, '2024-09-05', 1000069, 'Y', 'Size2', 'ca11f797-a51d-4000-9318-b087e9fd82ef', 1000016);
INSERT INTO pos.d_attribute VALUES (1000008, 1000004, '2024-09-05', 1000069, '2024-09-05', 1000069, 'Y', 'Size2', '457d39a9-2fe8-41c6-90a2-3e5dc3b166ad', 1000016);
INSERT INTO pos.d_attribute VALUES (1000009, 1000009, '2024-09-12', 1000071, '2024-09-12', 1000071, 'Y', 'Sng', 'd24057a5-e70f-4534-973f-40528feb99c7', 1000022);
INSERT INTO pos.d_attribute VALUES (1000010, 1000009, '2024-09-12', 1000071, '2024-09-12', 1000071, 'Y', ' dy', '9db6761e-3bf7-4349-8b57-a382288c15ed', 1000022);


--
-- TOC entry 5513 (class 0 OID 393182)
-- Dependencies: 351
-- Data for Name: d_attribute_value; Type: TABLE DATA; Schema: pos; Owner: -
--

INSERT INTO pos.d_attribute_value VALUES (1000001, 1000004, '2024-08-29', 1000069, '2024-08-29', 1000069, 'Y', 'M', NULL, 'cf396ce4-d727-4c36-a575-5910a870f6c0', 0, 1000001);
INSERT INTO pos.d_attribute_value VALUES (1000000, 1000004, '2024-08-29', 1000069, '2024-08-29', 1000069, 'Y', 'S', NULL, 'a0929bfd-07fb-4a58-b5b1-2091629eb4ef', 0, 1000001);


--
-- TOC entry 5515 (class 0 OID 393235)
-- Dependencies: 353
-- Data for Name: d_bank; Type: TABLE DATA; Schema: pos; Owner: -
--

INSERT INTO pos.d_bank VALUES (1000003, 1000004, 0, 'Ngn hng TMCP u t v Pht trin Vit Nam', NULL, '970418', 'BIDVVNVX', NULL, '2024-09-09 07:05:47.133238', 0, '2024-09-09 07:05:47.133238', 0, '948a3e54-70a5-47f9-92a0-d54caf093944', 'Y');
INSERT INTO pos.d_bank VALUES (1000004, 1000004, 0, 'Ngn hng TMCP K thng Vit Nam', '970407', '970407', 'VTCBVNVX', NULL, '2024-09-09 07:07:17.046737', 0, '2024-09-09 07:07:17.046737', 0, 'fea7892a-8d64-405d-85ea-c77b8b8727f9', 'Y');
INSERT INTO pos.d_bank VALUES (1000002, 1000004, 0, 'Ngn hang TMCP Ngoai Thng Vit Nam', '970436', '970436', 'BFTVVNVX', NULL, '2024-09-09 07:04:43.641768', 0, '2024-09-09 07:04:43.641768', 0, '10da6fb2-cd33-4fec-baf9-7e46dd634e4b', 'Y');
INSERT INTO pos.d_bank VALUES (1000001, 1000004, 0, 'Ngn hng thng mi c phn Qun i', '970422', '970422', 'MSCBVNVX', NULL, '2024-09-09 00:06:58.36863', 1000069, '2024-09-09 00:06:58.36863', 1000069, 'ddae593a-79a5-4363-8f6e-3ea4f42ee6cc', 'Y');
INSERT INTO pos.d_bank VALUES (1000005, 1000004, 0, 'Ngn hng TMCP Cng thng Vit Nam', NULL, '970415', 'ICBVVNVX', NULL, '2024-09-10 03:51:52.358861', 0, '2024-09-10 03:51:52.358861', 0, '36fec6b2-e843-4348-b02e-5e5f897cba4c', 'Y');
INSERT INTO pos.d_bank VALUES (1000006, 1000004, 0, 'Ngn hng Nng nghip v Pht trin Nng thn Vit Nam', NULL, '970405', 'VBAAVNVX', NULL, '2024-09-10 04:15:35.581725', 0, '2024-09-10 04:15:35.581725', 0, '79fc1119-7a0a-4795-a5df-fc16d0eb3a60', 'Y');
INSERT INTO pos.d_bank VALUES (1000007, 1000004, 0, 'Ngn hng TMCP Phng ng', NULL, '970448', 'ORCOVNVX', NULL, '2024-09-10 04:15:35.581725', 0, '2024-09-10 04:15:35.581725', 0, 'e093e23b-8193-449f-8db4-0be7c9dcb33f', 'Y');
INSERT INTO pos.d_bank VALUES (1000008, 1000004, 0, 'Ngn hng TMCP  Chu', NULL, '970416', 'ASCBVNVX', NULL, '2024-09-10 04:15:35.581725', 0, '2024-09-10 04:15:35.581725', 0, '16def695-87ad-4445-a556-47d33524436b', 'Y');
INSERT INTO pos.d_bank VALUES (1000009, 1000004, 0, 'Ngn hng TMCP Vit Nam Thnh Vng', NULL, '970432', 'VPBKVNVX', NULL, '2024-09-10 04:15:35.581725', 0, '2024-09-10 04:15:35.581725', 0, '37d03e3f-2ad8-4798-88e9-96566e9e137e', 'Y');
INSERT INTO pos.d_bank VALUES (1000010, 1000004, 0, 'Ngn hng TMCP Tin Phong', NULL, '970423', 'TPBVVNVX', NULL, '2024-09-10 04:15:35.581725', 0, '2024-09-10 04:15:35.581725', 0, '080b1a71-26a3-4ef5-88e5-3734b1a8f40d', 'Y');
INSERT INTO pos.d_bank VALUES (1000011, 1000004, 0, 'Ngn hng TMCP Si Gn Thng Tn', NULL, '970403', 'SGTTVNVX', NULL, '2024-09-10 04:15:35.581725', 0, '2024-09-10 04:15:35.581725', 0, '5ca607c5-eebb-40b4-896b-0e9619b4466c', 'Y');
INSERT INTO pos.d_bank VALUES (1000012, 1000004, 0, 'Ngn hng TMCP Pht trin Thnh ph H Ch Minh', NULL, '970437', 'HDBCVNVX', NULL, '2024-09-10 04:15:35.581725', 0, '2024-09-10 04:15:35.581725', 0, '7d78072d-aecc-42e9-a500-348739c695fe', 'Y');
INSERT INTO pos.d_bank VALUES (1000013, 1000004, 0, 'Ngn hang TMCP Ban Vit', NULL, '970454', 'VCBCVNVX', NULL, '2024-09-10 04:15:35.581725', 0, '2024-09-10 04:15:35.581725', 0, '308a1d8e-4ba5-4a7e-b87a-47d506e122ee', 'Y');
INSERT INTO pos.d_bank VALUES (1000014, 1000004, 0, 'Ngn hng TMCP Si Gn', NULL, '970429', 'SACLVNVX', NULL, '2024-09-10 04:15:35.581725', 0, '2024-09-10 04:15:35.581725', 0, '206a5f09-53e0-4270-a36b-b53e1f3824e3', 'Y');
INSERT INTO pos.d_bank VALUES (1000015, 1000004, 0, 'Ngn hang TMCP Quc t Vit Nam', NULL, '970441', 'VNIBVNVX', NULL, '2024-09-10 04:15:35.581725', 0, '2024-09-10 04:15:35.581725', 0, '4d14e695-725f-495f-bf22-4aff504fb82d', 'Y');
INSERT INTO pos.d_bank VALUES (1000016, 1000004, 0, 'Ngn hng TMCP Si Gn - H Ni', NULL, '970443', 'SHBAVNVX', NULL, '2024-09-10 04:15:35.581725', 0, '2024-09-10 04:15:35.581725', 0, '3690e4e2-224f-4eca-a84a-11bc0772a3c4', 'Y');
INSERT INTO pos.d_bank VALUES (1000017, 1000004, 0, 'Ngn hng TMCP Xut Nhp khu Vit Nam', NULL, '970431', 'EBVIVNVX', NULL, '2024-09-10 04:15:35.581725', 0, '2024-09-10 04:15:35.581725', 0, 'f85dd136-affb-47fc-b499-a07e6714ec10', 'Y');
INSERT INTO pos.d_bank VALUES (1000018, 1000004, 0, 'Ngn hang TMCP Hang Hai', NULL, '970426', 'MCOBVNVX', NULL, '2024-09-10 04:15:35.581725', 0, '2024-09-10 04:15:35.581725', 0, 'dc67292a-7acd-457c-a860-35f79fc3c8a4', 'Y');
INSERT INTO pos.d_bank VALUES (1000019, 1000004, 0, 'TMCP Vit Nam Thnh Vng - Ngn hng s CAKE by VPBank', NULL, '546034', NULL, NULL, '2024-09-10 04:15:35.581725', 0, '2024-09-10 04:15:35.581725', 0, '2f3d88d7-5fdf-4d54-9b84-7fb9ca2329f6', 'Y');
INSERT INTO pos.d_bank VALUES (1000020, 1000004, 0, 'TMCP Vit Nam Thnh Vng - Ngn hng s Ubank by VPBank', NULL, '546035', NULL, NULL, '2024-09-10 04:15:35.581725', 0, '2024-09-10 04:15:35.581725', 0, '28d8d6f2-03d0-4dd0-951a-f3ba5f9f9311', 'Y');
INSERT INTO pos.d_bank VALUES (1000021, 1000004, 0, 'Ngn hng s Timo by Ban Viet Bank (Timo by Ban Viet Bank)', NULL, '963388', NULL, NULL, '2024-09-10 04:15:35.581725', 0, '2024-09-10 04:15:35.581725', 0, 'c789deed-8e1f-4f63-9994-e1ba01b64079', 'Y');
INSERT INTO pos.d_bank VALUES (1000022, 1000004, 0, 'Tng Cng ty Dch v s Viettel - Chi nhnh tp on cng nghip vin thng Qun i', NULL, '971005', NULL, NULL, '2024-09-10 04:15:35.581725', 0, '2024-09-10 04:15:35.581725', 0, '3c290458-25cf-4c4f-a81a-d088d3c2f359', 'Y');
INSERT INTO pos.d_bank VALUES (1000023, 1000004, 0, 'VNPT Money', NULL, '971011', NULL, NULL, '2024-09-10 04:15:35.581725', 0, '2024-09-10 04:15:35.581725', 0, '33048ea6-e84d-4bf5-b6f6-700890fe4021', 'Y');
INSERT INTO pos.d_bank VALUES (1000024, 1000004, 0, 'Ngn hng TMCP Si Gn Cng Thng', NULL, '970400', 'SBITVNVX', NULL, '2024-09-10 04:15:35.581725', 0, '2024-09-10 04:15:35.581725', 0, 'c0a34d64-62c3-41b7-8311-1093da7b19c7', 'Y');
INSERT INTO pos.d_bank VALUES (1000025, 1000004, 0, 'Ngn hng TMCP Bc ', NULL, '970409', 'NASCVNVX', NULL, '2024-09-10 04:15:35.581725', 0, '2024-09-10 04:15:35.581725', 0, 'cec57356-de51-4005-9898-04cbf4737286', 'Y');
INSERT INTO pos.d_bank VALUES (1000026, 1000004, 0, 'Ngn hang TMCP ai Chung Vit Nam', NULL, '970412', 'WBVNVNVX', NULL, '2024-09-10 04:15:35.581725', 0, '2024-09-10 04:15:35.581725', 0, '49cbed90-b7ae-4fb0-b1d8-240d5ca84144', 'Y');
INSERT INTO pos.d_bank VALUES (1000027, 1000004, 0, 'Ngn hng Thng mi TNHH MTV i Dng', NULL, '970414', 'OCBKUS3M', NULL, '2024-09-10 04:15:35.581725', 0, '2024-09-10 04:15:35.581725', 0, 'e0bb4fff-7de3-47e7-be57-46bbaed26fa6', 'Y');
INSERT INTO pos.d_bank VALUES (1000028, 1000004, 0, 'Ngn hng TMCP Quc Dn', NULL, '970419', 'NVBAVNVX', NULL, '2024-09-10 04:15:35.581725', 0, '2024-09-10 04:15:35.581725', 0, '99e10b0f-24be-4bfa-b546-57ac8b5eefdf', 'Y');
INSERT INTO pos.d_bank VALUES (1000029, 1000004, 0, 'Ngn hng TNHH MTV Shinhan Vit Nam', NULL, '970424', 'SHBKVNVX', NULL, '2024-09-10 04:15:35.581725', 0, '2024-09-10 04:15:35.581725', 0, 'b0b04b97-7c62-4cc3-8930-b706fe8b29c3', 'Y');
INSERT INTO pos.d_bank VALUES (1000030, 1000004, 0, 'Ngn hng TMCP An Bnh', NULL, '970425', 'ABBKVNVX', NULL, '2024-09-10 04:15:35.581725', 0, '2024-09-10 04:15:35.581725', 0, '550ab041-27f5-4d79-80b9-c7f124335ab7', 'Y');
INSERT INTO pos.d_bank VALUES (1000031, 1000004, 0, 'Ngn hng TMCP Vit ', NULL, '970427', 'VNACVNVX', NULL, '2024-09-10 04:15:35.581725', 0, '2024-09-10 04:15:35.581725', 0, '3da9de86-7226-45dd-8b5e-d610ad496e3e', 'Y');
INSERT INTO pos.d_bank VALUES (1000032, 1000004, 0, 'Ngn hng TMCP Nam ', NULL, '970428', 'NAMAVNVX', NULL, '2024-09-10 04:15:35.581725', 0, '2024-09-10 04:15:35.581725', 0, '1451ddb5-66b5-4a99-a479-8a76d59d922a', 'Y');
INSERT INTO pos.d_bank VALUES (1000033, 1000004, 0, 'Ngn hng TMCP Xng du Petrolimex', NULL, '970430', 'PGBLVNVX', NULL, '2024-09-10 04:15:35.581725', 0, '2024-09-10 04:15:35.581725', 0, 'd1d54505-1db7-4472-86f0-9e74d18f2a8a', 'Y');
INSERT INTO pos.d_bank VALUES (1000034, 1000004, 0, 'Ngn hng TMCP Vit Nam Thng Tn', NULL, '970433', 'VNTTVNVX', NULL, '2024-09-10 04:15:35.581725', 0, '2024-09-10 04:15:35.581725', 0, '12a89b79-4d33-413e-bc57-d42570d6510b', 'Y');
INSERT INTO pos.d_bank VALUES (1000035, 1000004, 0, 'Ngn hng TMCP Bo Vit', NULL, '970438', 'BVBVVNVX', NULL, '2024-09-10 04:15:35.581725', 0, '2024-09-10 04:15:35.581725', 0, '4251b3ad-19aa-4a70-b33f-cad01ecf4318', 'Y');
INSERT INTO pos.d_bank VALUES (1000036, 1000004, 0, 'Ngn hang TMCP ng Nam A', NULL, '970440', 'SEAVVNVX', NULL, '2024-09-10 04:15:35.581725', 0, '2024-09-10 04:15:35.581725', 0, '54360eb4-8b44-40b9-ac6f-fa2129c700f0', 'Y');
INSERT INTO pos.d_bank VALUES (1000037, 1000004, 0, 'Ngn hng Hp tc x Vit Nam', NULL, '970446', NULL, NULL, '2024-09-10 04:15:35.581725', 0, '2024-09-10 04:15:35.581725', 0, '8701e85e-b8be-4b78-94ae-288c871f34de', 'Y');
INSERT INTO pos.d_bank VALUES (1000038, 1000004, 0, 'Ngn hng TMCP Lc Pht Vit Nam', NULL, '970449', 'LVBKVNVX', NULL, '2024-09-10 04:15:35.581725', 0, '2024-09-10 04:15:35.581725', 0, 'fd44cac6-e633-4c75-92f8-3b74fc2ed58c', 'Y');
INSERT INTO pos.d_bank VALUES (1000039, 1000004, 0, 'Ngn hng TMCP Kin Long', NULL, '970452', 'KLBKVNVX', NULL, '2024-09-10 04:15:35.581725', 0, '2024-09-10 04:15:35.581725', 0, 'a3d618d9-932f-4b21-a3e4-9468ffbe025b', 'Y');
INSERT INTO pos.d_bank VALUES (1000040, 1000004, 0, 'Ngn hng i chng TNHH Kasikornbank', NULL, '668888', 'KASIVNVX', NULL, '2024-09-10 04:15:35.581725', 0, '2024-09-10 04:15:35.581725', 0, '065c51e2-171c-4fed-bed5-55f50b4cd355', 'Y');
INSERT INTO pos.d_bank VALUES (1000041, 1000004, 0, 'Ngn hng Kookmin - Chi nhnh H Ni', NULL, '970462', NULL, NULL, '2024-09-10 04:15:35.581725', 0, '2024-09-10 04:15:35.581725', 0, 'afe97236-51f6-4159-9c80-af6677883702', 'Y');
INSERT INTO pos.d_bank VALUES (1000042, 1000004, 0, 'Ngn hng KEB Hana  Chi nhnh Thnh ph H Ch Minh', NULL, '970466', NULL, NULL, '2024-09-10 04:15:35.581725', 0, '2024-09-10 04:15:35.581725', 0, 'be2e3c00-7e36-45eb-b6e8-6b64b8fa5202', 'Y');
INSERT INTO pos.d_bank VALUES (1000043, 1000004, 0, 'Ngn hng KEB Hana  Chi nhnh H Ni', NULL, '970467', NULL, NULL, '2024-09-10 04:15:35.581725', 0, '2024-09-10 04:15:35.581725', 0, '7731bbcb-6bfe-442b-b9fa-7d8c0e2aa8ae', 'Y');
INSERT INTO pos.d_bank VALUES (1000044, 1000004, 0, 'Cng ty Ti chnh TNHH MTV Mirae Asset (Vit Nam)', NULL, '977777', NULL, NULL, '2024-09-10 04:15:35.581725', 0, '2024-09-10 04:15:35.581725', 0, 'bf3da4b0-f013-4f4d-bcd2-163f739dc917', 'Y');
INSERT INTO pos.d_bank VALUES (1000045, 1000004, 0, 'Ngn hng Citibank, N.A. - Chi nhnh H Ni', NULL, '533948', NULL, NULL, '2024-09-10 04:15:35.581725', 0, '2024-09-10 04:15:35.581725', 0, 'ed6a3ed0-191d-43de-9082-8c830f6ac245', 'Y');
INSERT INTO pos.d_bank VALUES (1000046, 1000004, 0, 'Ngn hng Kookmin - Chi nhnh Thnh ph H Ch Minh', NULL, '970463', NULL, NULL, '2024-09-10 04:15:35.581725', 0, '2024-09-10 04:15:35.581725', 0, 'a55cc281-1815-48f1-88b1-e3ca236d4b63', 'Y');
INSERT INTO pos.d_bank VALUES (1000047, 1000004, 0, 'Ngn hng Chnh sch X hi', NULL, '999888', NULL, NULL, '2024-09-10 04:15:35.581725', 0, '2024-09-10 04:15:35.581725', 0, '08bc96c6-f889-4167-93c1-a3dbdbf274bd', 'Y');
INSERT INTO pos.d_bank VALUES (1000048, 1000004, 0, 'Ngn hng TNHH MTV Woori Vit Nam', NULL, '970457', NULL, NULL, '2024-09-10 04:15:35.581725', 0, '2024-09-10 04:15:35.581725', 0, 'f1188262-1de2-4e52-9a51-1a4bc959d3e0', 'Y');
INSERT INTO pos.d_bank VALUES (1000049, 1000004, 0, 'Ngn hng Lin doanh Vit - Nga', NULL, '970421', NULL, NULL, '2024-09-10 04:15:35.581725', 0, '2024-09-10 04:15:35.581725', 0, '97f7b0b3-c198-472d-bb30-f16e9add6891', 'Y');
INSERT INTO pos.d_bank VALUES (1000050, 1000004, 0, 'Ngn hng United Overseas - Chi nhnh TP. H Ch Minh', NULL, '970458', NULL, NULL, '2024-09-10 04:15:35.581725', 0, '2024-09-10 04:15:35.581725', 0, '95ba567a-44a6-4c35-94e7-e13b65d663c3', 'Y');
INSERT INTO pos.d_bank VALUES (1000051, 1000004, 0, 'Ngn hng TNHH MTV Standard Chartered Bank Vit Nam', NULL, '970410', 'SCBLVNVX', NULL, '2024-09-10 04:15:35.581725', 0, '2024-09-10 04:15:35.581725', 0, 'b5340ee7-014c-461f-9e2d-7f021a4fc98c', 'Y');
INSERT INTO pos.d_bank VALUES (1000052, 1000004, 0, 'Ngn hng TNHH MTV Public Vit Nam', NULL, '970439', 'VIDPVNVX', NULL, '2024-09-10 04:15:35.581725', 0, '2024-09-10 04:15:35.581725', 0, 'd9d3a955-fe46-4881-93c8-cb4d841b283a', 'Y');
INSERT INTO pos.d_bank VALUES (1000053, 1000004, 0, 'Ngn hng Nonghyup - Chi nhnh H Ni', NULL, '801011', NULL, NULL, '2024-09-10 04:15:35.581725', 0, '2024-09-10 04:15:35.581725', 0, '76c6880f-83df-4405-a518-adb0972a9243', 'Y');
INSERT INTO pos.d_bank VALUES (1000054, 1000004, 0, 'Ngn hng TNHH Indovina', NULL, '970434', NULL, NULL, '2024-09-10 04:15:35.581725', 0, '2024-09-10 04:15:35.581725', 0, '2e9d8eb5-9755-4a68-b971-6208215d4dfc', 'Y');
INSERT INTO pos.d_bank VALUES (1000055, 1000004, 0, 'Ngn hang Cng nghip Han Quc - Chi nhanh TP. H Chi Minh', NULL, '970456', NULL, NULL, '2024-09-10 04:15:35.581725', 0, '2024-09-10 04:15:35.581725', 0, '6dc5634f-a57b-44e1-b478-123c3c310f96', 'Y');
INSERT INTO pos.d_bank VALUES (1000056, 1000004, 0, 'Ngn hang Cng nghip Han Quc - Chi nhanh Ha Ni', NULL, '970455', NULL, NULL, '2024-09-10 04:15:35.581725', 0, '2024-09-10 04:15:35.581725', 0, '1fa6bed0-73cf-4906-96a1-35761a6a52a9', 'Y');
INSERT INTO pos.d_bank VALUES (1000057, 1000004, 0, 'Ngn hng TNHH MTV HSBC (Vit Nam)', NULL, '458761', 'HSBCVNVX', NULL, '2024-09-10 04:15:35.581725', 0, '2024-09-10 04:15:35.581725', 0, '076f1b0a-a50b-453b-9711-b76f49bcae9e', 'Y');
INSERT INTO pos.d_bank VALUES (1000058, 1000004, 0, 'Ngn hng TNHH MTV Hong Leong Vit Nam', NULL, '970442', 'HLBBVNVX', NULL, '2024-09-10 04:15:35.581725', 0, '2024-09-10 04:15:35.581725', 0, '9021ea11-7c40-4a43-bb66-4ccc4547cac1', 'Y');
INSERT INTO pos.d_bank VALUES (1000059, 1000004, 0, 'Ngn hng Thng mi TNHH MTV Du Kh Ton Cu', NULL, '970408', 'GBNKVNVX', NULL, '2024-09-10 04:15:35.581725', 0, '2024-09-10 04:15:35.581725', 0, '29e7d293-f8fa-4aa3-9664-5176a003865c', 'Y');
INSERT INTO pos.d_bank VALUES (1000060, 1000004, 0, 'Ngn hng TMCP ng ', NULL, '970406', 'EACBVNVX', NULL, '2024-09-10 04:15:35.581725', 0, '2024-09-10 04:15:35.581725', 0, '4c805eaf-61e8-4e2b-9156-f4335f64da50', 'Y');
INSERT INTO pos.d_bank VALUES (1000061, 1000004, 0, 'DBS Bank Ltd - Chi nhnh Thnh ph H Ch Minh', NULL, '796500', 'DBSSVNVX', NULL, '2024-09-10 04:15:35.581725', 0, '2024-09-10 04:15:35.581725', 0, 'b4f50d56-b748-4609-ae34-658bb756e328', 'Y');
INSERT INTO pos.d_bank VALUES (1000062, 1000004, 0, 'Ngn hng TNHH MTV CIMB Vit Nam', NULL, '422589', 'CIBBVNVN', NULL, '2024-09-10 04:15:35.581725', 0, '2024-09-10 04:15:35.581725', 0, '068eef83-eb49-4cdf-9c3d-ee364a83aa06', 'Y');
INSERT INTO pos.d_bank VALUES (1000063, 1000004, 0, 'Ngn hng Thng mi TNHH MTV Xy dng Vit Nam', NULL, '970444', 'GTBAVNVX', NULL, '2024-09-10 04:15:35.581725', 0, '2024-09-10 04:15:35.581725', 0, 'b15a0e4a-6cb5-49b1-ae73-f83d7cc70707', 'Y');
INSERT INTO pos.d_bank VALUES (1000064, 1000004, 0, 'Qu tin mt', NULL, NULL, NULL, NULL, '2024-09-19 02:46:55.665321', 0, '2024-09-19 02:46:55.665321', 0, '78d3172e-9c2a-424a-8494-56ab76e43068', 'Y');


--
-- TOC entry 5517 (class 0 OID 393261)
-- Dependencies: 355
-- Data for Name: d_bankaccount; Type: TABLE DATA; Schema: pos; Owner: -
--

INSERT INTO pos.d_bankaccount VALUES (1000001, 1000064, 1000004, 1000016, '0121921', '', 'CTY DBIZ', 'Y', 'CHE', '2024-09-09 00:10:06.13349', 0, '2024-09-19 16:07:48.755983', 1000069, '025412cb-4279-43d5-b246-15fb49f96136', 'Y');
INSERT INTO pos.d_bankaccount VALUES (1000006, 1000059, 1000004, 1000016, '090909888', NULL, 'Tuyt Nh', 'N', 'CHE', '2024-09-27 09:31:58.405576', 1000066, '2024-09-27 09:31:58.405577', 1000066, '65324d4a-b133-492a-b9cf-494a8684dc73', 'Y');


--
-- TOC entry 5489 (class 0 OID 390960)
-- Dependencies: 327
-- Data for Name: d_cancel_reason; Type: TABLE DATA; Schema: pos; Owner: -
--

INSERT INTO pos.d_cancel_reason VALUES (1000005, 1000004, 1000016, 'Y', 'Ti mun i qun khc', '', '2024-08-13 10:54:41.883003', 1000069, '2024-08-13 10:54:41.883003', 1000069, '220bdc43-79ee-4d84-8377-58175c5e4fca');
INSERT INTO pos.d_cancel_reason VALUES (1000011, 1000004, 1000016, 'Y', 'Mn ln chm', NULL, '2024-08-29 11:42:48.722403', 1000069, '2024-08-29 11:42:48.722404', 1000069, '5b5320e8-21b4-47e6-b3d8-fc1248d3371b');
INSERT INTO pos.d_cancel_reason VALUES (1000012, 1000004, 1000016, 'Y', 'Ht nguyn liu rii', NULL, '2024-08-29 11:44:53.775779', 1000069, '2024-08-29 11:44:53.77578', 1000069, '79bf8298-6976-43cc-8794-57e1a7655428');
INSERT INTO pos.d_cancel_reason VALUES (1000013, 1000009, 1000016, 'Y', 'Ti mt mun v nh', '', '2024-09-16 10:07:38.345766', 1000071, '2024-09-16 10:07:38.345766', 1000071, '4dafe017-6d64-435b-a0a9-31296d95f227');


--
-- TOC entry 5387 (class 0 OID 385481)
-- Dependencies: 224
-- Data for Name: d_changelog; Type: TABLE DATA; Schema: pos; Owner: -
--



--
-- TOC entry 5388 (class 0 OID 385491)
-- Dependencies: 225
-- Data for Name: d_config; Type: TABLE DATA; Schema: pos; Owner: -
--

INSERT INTO pos.d_config VALUES (1000000, 0, 0, 'D_MBB_URL_PRE', 'https://oil.digitalbiz.com.vn/', '', '2024-09-09 01:04:58.939128', 0, 0, '2024-09-09 01:04:58.939128', 'e1780624-66d8-4b61-9a2d-69e9459febee', 'Y');
INSERT INTO pos.d_config VALUES (1000001, 0, 0, 'D_MBB_URL_CREATEQR', 'payment/createqr/v1.0', '', '2024-09-09 01:06:09.497997', 0, 0, '2024-09-09 01:06:09.497997', '16ebd5cc-6917-42a0-be04-9ba12c1d0716', 'Y');
INSERT INTO pos.d_config VALUES (1000002, 0, 0, 'D_MBB_URL_GETTOKEN', 'token/v1', '', '2024-09-09 01:06:20.422088', 0, 0, '2024-09-09 01:06:20.422088', 'ad73f958-cd74-4855-9eac-7ea38356812d', 'Y');
INSERT INTO pos.d_config VALUES (1000003, 0, 0, 'D_MBB_TOKEN_AUTHOR', 'Basic NVAwdEFtdlpVb2I5MWxqaEZWWXA5OTBkbXA0c2thV3g6aDFwNUgyVEphdmNNQVdmRQ==', '', '2024-09-09 01:06:28.132357', 0, 0, '2024-09-09 01:06:28.132357', 'efedc5f9-b6ff-49ad-b6f8-77f68f366abe', 'Y');
INSERT INTO pos.d_config VALUES (1000004, 0, 0, 'MDM_URL_SAVE_IMAGE', 'https://apim.digitalbiz.com.vn:8243/digitalasset/insertupdate/v1', NULL, '2024-09-16 03:05:53.008648', 0, 0, '2024-09-16 03:05:53.008648', '9016d126-4a62-4d24-91bf-a877ca172ed4', 'Y');
INSERT INTO pos.d_config VALUES (1000005, 0, 0, 'D_MBB_KeyCheckSum', 'SsgAccesskey', '', '2024-09-17 16:24:33.451632', 0, 0, '2024-09-17 16:24:33.451632', '9733001a-9bec-4f9f-9129-f9acdff679aa', 'Y');
INSERT INTO pos.d_config VALUES (1000006, 0, 0, 'D_MBB_URL_CHECK_ORDER', 'https://oil.digitalbiz.com.vn/payment/checkorder/v1.0', '', '2024-09-17 18:22:43.417318', 0, 0, '2024-09-17 18:22:43.417318', '6697d81d-a83c-48fe-867b-40de121c3781', 'Y');
INSERT INTO pos.d_config VALUES (1000014, 0, 0, 'D_END_POIN_GETTOKEN', '/api/v1/auth/tokens', NULL, '2024-09-21 03:06:37.229447', 0, 0, '2024-09-21 03:06:37.229447', '5e1917ec-2336-4218-b24f-c5fc4f7dcbd8', 'Y');
INSERT INTO pos.d_config VALUES (1000012, 0, 0, 'D_END_POIN_INT_BPN', '/api/v1/int/getPartner', NULL, '2024-09-21 03:05:14.148358', 0, 0, '2024-09-21 03:05:14.148358', '61824067-d846-4f6a-befb-f6dc6e421117', 'Y');
INSERT INTO pos.d_config VALUES (1000007, 0, 0, 'D_END_POIN_INT_ORG', '/api/v1/int/getOrg', NULL, '2024-09-21 03:05:14.148358', 0, 0, '2024-09-21 03:05:14.148358', '581c048e-d1a2-4f37-97ab-b1553470b6f6', 'Y');
INSERT INTO pos.d_config VALUES (1000008, 0, 0, 'D_END_POIN_INT_POS', '/api/v1/int/getPOSTerminal', NULL, '2024-09-21 03:05:14.148358', 0, 0, '2024-09-21 03:05:14.148358', 'fa4f5cc9-5392-47a2-967b-ed247e5de585', 'Y');
INSERT INTO pos.d_config VALUES (1000013, 0, 0, 'D_END_POIN_INT_USR', '/api/v1/int/getUser', NULL, '2024-09-21 03:05:14.148358', 0, 0, '2024-09-21 03:05:14.148358', '2e7328a7-5c13-4aef-a1bb-3c4e4c1fa0a6', 'Y');
INSERT INTO pos.d_config VALUES (1000011, 0, 0, 'D_END_POIN_INT_TBL', '/api/v1/int/getTable', NULL, '2024-09-21 03:05:14.148358', 0, 0, '2024-09-21 03:05:14.148358', '86b46612-a44e-45af-a152-075c30cbc04e', 'Y');
INSERT INTO pos.d_config VALUES (1000010, 0, 0, 'D_END_POIN_INT_FLO', '/api/v1/int/getFloor', NULL, '2024-09-21 03:05:14.148358', 0, 0, '2024-09-21 03:05:14.148358', '9b070966-7830-42f4-8706-0a3999759e43', 'Y');
INSERT INTO pos.d_config VALUES (1000009, 0, 0, 'D_END_POIN_INT_PC', '/api/v1/int/getProductCategory', NULL, '2024-09-21 03:05:14.148358', 0, 0, '2024-09-21 03:05:14.148358', 'b75c440d-ed21-4a14-abb0-55d18303baa1', 'Y');
INSERT INTO pos.d_config VALUES (1000015, 0, 0, 'D_EMENU_URL', 'https://emenu-dev.digitalbiz.com.vn/', NULL, '2024-09-30 11:04:21.509956', 0, 0, '2024-09-30 11:04:21.509956', '3b1a130d-b735-4759-95ac-fd7946b5b0f3', 'Y');


--
-- TOC entry 5499 (class 0 OID 392910)
-- Dependencies: 337
-- Data for Name: d_coupon; Type: TABLE DATA; Schema: pos; Owner: -
--



--
-- TOC entry 5389 (class 0 OID 385501)
-- Dependencies: 226
-- Data for Name: d_currency; Type: TABLE DATA; Schema: pos; Owner: -
--

INSERT INTO pos.d_currency VALUES (1000000, 1000004, 1000016, 'VND', 'Dong', 0, '2024-08-17 12:23:06.712676', 0, '2024-08-17 12:23:06.712676', 0, '0c989d62-fb89-4b4d-af35-59753e0dde5c');


--
-- TOC entry 5390 (class 0 OID 385512)
-- Dependencies: 227
-- Data for Name: d_customer; Type: TABLE DATA; Schema: pos; Owner: -
--

INSERT INTO pos.d_customer VALUES (1000098, NULL, 'CUS1000097', 'Nguyn Ch THanh', '000001', '0', 'Th c', '456 Elm Street', 1500, '01626816', 'thanhnc@digitalbiz.com.vn', 5000, 'DigitalBiz', '2001-06-03', NULL, '2024-09-24', 1000069, '2024-09-24', 1000069, 'Y', '2a669dc5-c565-40fa-a377-7c19aed93d20', NULL, 'Si Gn - Th c', 'TH c', 1000021, '', NULL, NULL, NULL, 'N', NULL, NULL);
INSERT INTO pos.d_customer VALUES (1000062, 1000004, 'HIENHN', 'Nguyn Hiu Hin', '123123', '0', 'Th c', '456 Elm Street', 1500, '01626816', 'hienhn@digitalbiz.com.vn', 5000, 'DigitalBiz', NULL, NULL, '2024-08-15', 1000069, '2024-08-15', NULL, 'Y', 'bb1005de-df56-426a-ba7a-2ac228a550fc', NULL, NULL, NULL, NULL, NULL, NULL, NULL, NULL, 'N', NULL, NULL);
INSERT INTO pos.d_customer VALUES (1000085, 1000004, 'CUS1000084', 'Nguyn Ch THanh', '0384491', '0', 'Th c', '456 Elm Street', 1500, '01626816', 'thanhnc@digitalbiz.com.vn', 5000, 'DigitalBiz', '2001-06-03', NULL, '2024-08-18', 1000069, '2024-08-18', NULL, 'Y', '8c31524c-9285-4e43-beda-034b1174a828', NULL, 'Si Gn - Th c', 'TH c', 1000021, '', NULL, NULL, NULL, 'N', NULL, NULL);
INSERT INTO pos.d_customer VALUES (1000032, 1000002, '123', 'anhtu3', '0898449505', NULL, NULL, NULL, NULL, 'df', NULL, 0, 'Y', NULL, NULL, '2024-07-31', 1000037, '2024-07-31', NULL, 'Y', '5e1a921e-86b5-4647-a2a3-6e126fccbaad', 'Y', NULL, NULL, NULL, 'M', NULL, NULL, NULL, 'N', NULL, NULL);
INSERT INTO pos.d_customer VALUES (1000087, 1000004, 'CUS1000086', 'Nguyn L Nam', '0327666766', NULL, NULL, NULL, NULL, NULL, NULL, NULL, NULL, NULL, NULL, '2024-09-06', 1000069, '2024-09-06', NULL, 'Y', 'ebd5d4d1-c6db-4ce8-8132-3e9f28b55c9b', NULL, NULL, NULL, 1000042, 'F', NULL, NULL, NULL, 'N', NULL, NULL);
INSERT INTO pos.d_customer VALUES (1000010, 1000002, 'ABC123', 'John Doe213', '1', '987654321', '123 Main Street', '456 Elm Street', 1500, '123456789', 'johndoe@example.com', 1000.50, 'Y', '1985-01-01', NULL, '2024-07-20', 1000037, '2024-07-20', NULL, 'Y', 'c44b21d0-560a-4bad-91d0-62fd8a89cbe4', 'Y', NULL, NULL, NULL, NULL, NULL, NULL, NULL, 'N', NULL, NULL);
INSERT INTO pos.d_customer VALUES (1000055, 1000004, '', 'Tuyt Nh', '0326647677', NULL, NULL, NULL, NULL, '', NULL, 0, NULL, NULL, NULL, '2024-09-06', 1000069, '2024-09-06', 1000069, 'Y', 'c6c09c74-1e20-4acb-a7cc-253949889e59', 'N', NULL, NULL, 1000026, 'F', '', NULL, NULL, 'N', NULL, NULL);
INSERT INTO pos.d_customer VALUES (1000000, 1000002, 'NCT', 'Than H', '431', NULL, NULL, NULL, NULL, '123', 'chithanh03062001@gmail.com', 0, 'Y', NULL, NULL, '2024-07-11', 0, '2024-07-11', 0, 'Y', '5ea93194-4bb2-4aaf-9667-38d55a4abb02', 'Y', NULL, NULL, NULL, NULL, NULL, NULL, NULL, 'N', NULL, NULL);
INSERT INTO pos.d_customer VALUES (1000002, 1000002, 'ABC123', 'John Doe12', '0', '987654321', '123 Main Street', '456 Elm Street', 1500, '123456789', 'johndoe@example.com', 1000.50, 'Y', '1985-01-01', NULL, '2024-07-12', 1000037, NULL, NULL, 'Y', 'ee70899a-587b-43c4-8e52-3cab0ce4ba12', 'Y', NULL, NULL, NULL, NULL, NULL, NULL, NULL, 'N', NULL, NULL);
INSERT INTO pos.d_customer VALUES (1000030, 1000002, NULL, 'John Doe421', '121243222', '987654321', '123 Main Street', '456 Elm Street', 1500, '123456789', 'johndoe@example.com', 1000.50, 'Y', '1985-01-01', NULL, '2024-07-31', 1000037, '2024-07-31', NULL, 'Y', 'b4943828-cf4e-429b-baa3-9d3477d00dc0', 'Y', NULL, NULL, NULL, NULL, NULL, NULL, NULL, 'N', NULL, NULL);
INSERT INTO pos.d_customer VALUES (1000029, 1000002, 'ABC123', 'John Doe123', '2', '987654321', '123 Main Street', '456 Elm Street', 1500, '123456789', 'johndoe@example.com', 1000.50, 'Y', '1985-01-01', NULL, '2024-07-31', 1000037, '2024-07-31', NULL, 'Y', '3e190cd4-3a68-470f-bc89-17d94879ff4b', 'Y', NULL, NULL, NULL, NULL, NULL, NULL, NULL, 'N', NULL, NULL);
INSERT INTO pos.d_customer VALUES (1000033, 1000002, '1234', 'anhtu2', '089844911', NULL, NULL, NULL, NULL, '123345', NULL, 0, 'Y', NULL, NULL, '2024-07-31', 1000037, '2024-07-31', NULL, 'Y', '350e6f09-41fb-4d56-b546-e55f70f12fc8', 'Y', NULL, NULL, NULL, 'M', NULL, NULL, NULL, 'N', NULL, NULL);
INSERT INTO pos.d_customer VALUES (1000034, 1000002, 'tu3', 'tu3', '0898449112', NULL, NULL, NULL, NULL, '123456', NULL, 0, 'Y', NULL, NULL, '2024-07-31', 1000037, '2024-07-31', NULL, 'Y', '865f9d4f-5023-4f64-8985-e214bb24f5ef', 'Y', NULL, NULL, NULL, 'M', NULL, NULL, NULL, 'N', NULL, NULL);
INSERT INTO pos.d_customer VALUES (1000079, 1000004, 'TUHA', 'H Anh ', '0237272723', NULL, 'Tn Bnh kkk', NULL, NULL, '01626816', 'tennld@digitalbiz.com.vn', 0, NULL, '2001-06-06', NULL, '2024-09-06', 1000069, '2024-09-06', 1000069, 'Y', '254e3e06-4d79-4922-85e0-1d88a91b59b3', NULL, 'Si Gn - Tn Bnh', 'D An', 1000022, 'M', 'wef', NULL, NULL, 'N', NULL, NULL);
INSERT INTO pos.d_customer VALUES (1000095, 1000009, '1000004', 'Nguyn Vn A', '0971902294', NULL, NULL, NULL, NULL, NULL, NULL, NULL, NULL, NULL, NULL, '2024-09-12', 1000071, '2024-09-12', 1000071, 'Y', 'f9fceb5f-c452-4ba1-8ce6-0edcc1e690bc', NULL, NULL, NULL, 1000060, 'M', NULL, NULL, NULL, 'N', NULL, NULL);
INSERT INTO pos.d_customer VALUES (1000096, 1000009, '1000005', 'Nguyn Th Hng', '0971902291', NULL, NULL, NULL, NULL, NULL, NULL, NULL, NULL, NULL, NULL, '2024-09-12', 1000071, '2024-09-12', 1000071, 'Y', 'b80643f9-0113-4f1e-bef8-ff4e0645b627', NULL, NULL, NULL, 1000060, 'M', NULL, NULL, NULL, 'N', NULL, NULL);
INSERT INTO pos.d_customer VALUES (1000120, NULL, 'CUS1000119', 'Nguyn Trn Duy Hai', '00000', '0', 'Th c', '456 Elm Street', 1500, '01626816', 'thanhnc@digitalbiz.com.vn', 5000, 'DigitalBiz', '2001-06-03', NULL, '2024-09-24', 0, '2024-09-24', 0, 'Y', '0c5d0f31-1993-4d6d-88f0-d8306a90d31d', NULL, 'Si Gn - Th c', 'TH c', 1000021, '', NULL, NULL, NULL, 'N', NULL, NULL);
INSERT INTO pos.d_customer VALUES (1000081, 1000004, 'TUHA', 'H Anh', '0123456789', NULL, 'Tn Bnh kkk', NULL, NULL, '01626816', 'tennld@digitalbiz.com.vn', 0, NULL, '2001-06-03', NULL, '2024-09-06', 1000069, '2024-09-06', 1000069, 'Y', '34b4ac87-384c-4e7e-bd42-8751178b1657', NULL, 'Si Gn - Tn Bnh', 'D An', 1000022, 'M', NULL, NULL, NULL, 'N', NULL, NULL);
INSERT INTO pos.d_customer VALUES (1000035, 1000002, 'tu4', 'tu4', '08984442', NULL, NULL, NULL, NULL, '123456', NULL, 0, 'Y', NULL, NULL, '2024-07-31', 1000037, '2024-07-31', NULL, 'Y', '619beb3c-83b6-4a60-badf-8df22e2e9163', 'Y', NULL, NULL, NULL, 'M', NULL, NULL, NULL, 'N', NULL, NULL);
INSERT INTO pos.d_customer VALUES (1000003, 1000002, 'ABC123', 'John Doe', '123214', '987654321', '123 Main Street', '456 Elm Street', 1500, '123456789', 'johndoe@example.com', 1000.50, 'Y', '1985-01-01', NULL, '2024-07-12', 1000037, NULL, NULL, 'Y', '9c4068f2-18f8-43e6-a1f2-907ea322c407', 'Y', NULL, NULL, NULL, NULL, NULL, NULL, NULL, 'N', NULL, NULL);
INSERT INTO pos.d_customer VALUES (1000082, 1000004, 'TUHA', 'H Anh T 5', '222', NULL, 'Tn Bnh kkk', NULL, NULL, '01626816', 'tennld@digitalbiz.com.vn', 0, NULL, '2001-06-03', NULL, '2024-08-15', 1000069, '2024-08-15', NULL, 'Y', '488bfc77-d0d6-41e8-93a2-82b43f80d222', NULL, 'Si Gn - Tn Bnh', 'D An', 1000022, 'M', NULL, NULL, NULL, 'N', NULL, NULL);
INSERT INTO pos.d_customer VALUES (1000713, 1000004, 'CUS1000712', 'zxcv', '1234567890', NULL, NULL, NULL, NULL, NULL, NULL, NULL, NULL, NULL, NULL, '2024-09-26', 1000066, '2024-09-26', 1000066, 'Y', 'c1f5e33c-9330-4737-a799-de7401c0a1c1', NULL, NULL, NULL, NULL, NULL, NULL, NULL, NULL, NULL, NULL, NULL);
INSERT INTO pos.d_customer VALUES (1000693, 1000004, 'CUS1000692', 'tu', '0898449505', NULL, NULL, NULL, NULL, NULL, NULL, NULL, NULL, NULL, NULL, '2024-09-26', 1000069, '2024-09-26', 1000069, 'Y', '19a013a1-6f34-4de8-86f1-55c89e6ca600', NULL, NULL, NULL, NULL, NULL, NULL, NULL, NULL, NULL, NULL, NULL);
INSERT INTO pos.d_customer VALUES (1000009, 1000002, 'ABC123', 'John Doe111', '3', '987654321', '123 Main Street', '456 Elm Street', 1500, '123456789', 'johndoe@example.com', 1000.50, 'Y', '1985-01-01', NULL, '2024-07-17', 1000037, '2024-07-17', NULL, 'Y', 'e720f792-e960-4453-87a3-1e634435a820', 'Y', NULL, NULL, NULL, NULL, NULL, NULL, NULL, 'N', NULL, NULL);
INSERT INTO pos.d_customer VALUES (1000031, 1000002, NULL, 'anhtu', '0898441', NULL, NULL, NULL, NULL, '123', NULL, 0, 'Y', NULL, NULL, '2024-07-31', 1000037, '2024-07-31', NULL, 'Y', 'f9441e94-07a7-40d3-87a3-367138aec282', 'Y', NULL, NULL, NULL, 'M', NULL, NULL, NULL, 'N', NULL, NULL);
INSERT INTO pos.d_customer VALUES (1000036, 1000002, '123', '123', '123', NULL, NULL, NULL, NULL, NULL, NULL, 0, 'Y', NULL, NULL, '2024-08-02', 1000037, '2024-08-02', NULL, 'Y', 'b6001ba8-88b1-44c3-a608-2ebd7833d1a7', 'Y', NULL, NULL, 1000019, 'M', NULL, NULL, NULL, 'N', NULL, NULL);
INSERT INTO pos.d_customer VALUES (1000094, 1000009, '1000003', 'Lu Sc Dn', '0971902299', NULL, NULL, NULL, NULL, NULL, NULL, NULL, NULL, NULL, NULL, '2024-09-11', 1000071, '2024-09-11', 1000071, 'Y', '0b57763d-6300-4f9a-9e12-c8f19f582f1a', NULL, NULL, NULL, 1000060, NULL, NULL, NULL, NULL, 'N', NULL, NULL);
INSERT INTO pos.d_customer VALUES (1000090, 1000009, '10000001', 'DBIZ', '0971902297', NULL, NULL, NULL, NULL, NULL, NULL, NULL, NULL, NULL, NULL, '2024-09-11', 1000071, '2024-09-11', 1000071, 'Y', '49f87e90-9a82-4045-b69c-8634ef0ca74b', NULL, NULL, NULL, 1000063, 'M', NULL, NULL, NULL, 'N', NULL, NULL);
INSERT INTO pos.d_customer VALUES (1000093, 1000009, '1000002', 'SSG', '0971902298', NULL, NULL, NULL, NULL, NULL, NULL, NULL, NULL, NULL, NULL, '2024-09-11', 1000071, '2024-09-11', 1000071, 'Y', 'd3ca8f13-3781-4dea-a7c1-7c624fe1bc11', NULL, NULL, NULL, 1000063, 'M', NULL, NULL, NULL, 'N', NULL, NULL);
INSERT INTO pos.d_customer VALUES (1000044, 1000004, 'DANLS', 'Lu Sc Dn ', '45123', '0', 'Th c', '456 Elm Street', 1500, '01626816', 'danls@digitalbiz.com.vn', 5000, 'DigitalBiz', '2001-06-03', NULL, '2024-08-07', 1000069, '2024-08-15', 1000069, 'Y', 'c73898e9-8e63-4dfa-94d3-a3d1cb86bf23', 'Y', 'Si Gn - Th c', 'TH c', 1000021, 'F', '', NULL, NULL, 'N', NULL, NULL);
INSERT INTO pos.d_customer VALUES (1000042, 1000004, 'HUNGNMM', 'Nguyn Minh Hngg', '3212', '0', 'Linh Xun Th c', '456 Elm Street', 1500, '016268167', 'hunglm@digitalbiz.com.vnN', 5000, 'DigitalBiz', '2001-06-03', NULL, '2024-08-07', 1000069, '2024-08-15', 1000069, 'Y', '131e1284-99ec-4579-b91b-3e133ac743f6', 'N', 'Si Gn - Th c', 'Linh Xun', 1000022, 'M', '', NULL, NULL, 'N', NULL, NULL);
INSERT INTO pos.d_customer VALUES (1000039, 1000004, 'TIENNLD', 'Nguyn L Duy Tin', '1212', '0', 'D AN Bnh Dng', '456 Elm Street', 1500, '01626816', 'tennld@digitalbiz.com.vn', 5000, 'DigitalBiz', '2001-06-03', NULL, '2024-08-07', 1000069, '2024-08-07', 1000069, 'Y', 'e075fe11-bc06-4e54-8f70-8e02ac2bbcf4', 'N', 'Si Gn - Th c', 'D An', 1000021, 'M', '', NULL, NULL, 'N', NULL, NULL);
INSERT INTO pos.d_customer VALUES (1000715, 1000004, 'CUS1000714', 'test', '1234567890', NULL, NULL, NULL, NULL, NULL, NULL, NULL, NULL, NULL, NULL, '2024-09-26', 1000066, '2024-09-26', 1000066, 'Y', 'f5ec3a34-5db0-4d58-8bb4-2995917c01c0', NULL, NULL, NULL, NULL, NULL, NULL, NULL, NULL, NULL, NULL, NULL);
INSERT INTO pos.d_customer VALUES (1000007, 1000002, 'ABC123', 'erwerew', '123456789', '987654321', '123 Main Street', '456 Elm Street', 1500, '123456789', 'johndoe@example.com', 1000.50, 'Y', '1985-01-01', NULL, '2024-07-12', 1000037, '2024-07-12', NULL, 'Y', '8adbca53-48c1-4994-bc0a-1b2d6f82eced', 'Y', NULL, NULL, NULL, NULL, NULL, NULL, NULL, 'N', NULL, NULL);
INSERT INTO pos.d_customer VALUES (1000040, 1000004, 'TUHA', 'H Anh T 1', '12312', '0', 'Tn Bnh kkk', '456 Elm Street', 1500, '01626816', 'tennld@digitalbiz.com.vn', 5000, 'DigitalBiz', '2001-06-03', NULL, '2024-08-07', 1000069, '2024-08-15', 1000069, 'Y', '3725e564-1c3c-4d7a-96fc-ee59615a784c', 'N', 'Si Gn - Tn Bnh', 'D An', 1000022, 'M', '', NULL, NULL, 'N', NULL, NULL);
INSERT INTO pos.d_customer VALUES (1000037, 1000004, 'THANHNC', 'Nguyn Ch Thanh 1', '0384449114', '0', 'S 10 ng s 1 khu ph 5', '45', 1500, '01626816', 'thanhnc@digitalbiz.com.vn', 5000, 'DigitalBiz', '2001-06-03', NULL, '2024-08-07', 1000069, '2024-08-15', 1000069, 'Y', '388544c9-f3bd-4760-9490-a0376c2a527e', 'Y', 'Si Gn - Th c', 'Hip Bnh chnh', 1000021, 'M', '', NULL, NULL, 'N', NULL, NULL);
INSERT INTO pos.d_customer VALUES (1000061, 1000004, 'HIENHN', 'Nguyn Hiu Hin', '5454', '0', 'Th c', '456 Elm Street', 1500, '01626816', 'hienhn@digitalbiz.com.vn', 5000, 'DigitalBiz', '2001-06-03', NULL, '2024-08-15', 1000069, '2024-08-15', NULL, 'Y', 'a7da6805-e5e1-472f-89da-8d001b47188b', NULL, NULL, NULL, 1000021, 'M', NULL, NULL, NULL, 'N', NULL, NULL);
INSERT INTO pos.d_customer VALUES (1000665, 0, 'CUS1000664', 'Nguyn Trn Duy T', '342112232', '0', 'Th c', '456 Elm Street', 1500, '01626816', 'thanhnc@digitalbiz.com.vn', 5000, 'DigitalBiz', '2001-06-03', NULL, '2024-09-25', 0, '2024-09-25', 0, 'Y', '8c2e9b9a-2a62-4253-9882-6b6b524df863', NULL, 'Si Gn - Th c', 'TH c', 1000021, '', NULL, NULL, NULL, 'N', NULL, NULL);
INSERT INTO pos.d_customer VALUES (1000666, 1000004, 'KH3', 'Nguyn Hng Lam', '009911321988', NULL, NULL, NULL, NULL, NULL, NULL, NULL, NULL, NULL, NULL, '2024-09-25', 1000069, '2024-09-25', 1000069, 'Y', '43ee54d4-143b-464e-b45f-c71508436ef3', NULL, NULL, NULL, NULL, NULL, NULL, NULL, NULL, NULL, NULL, NULL);
INSERT INTO pos.d_customer VALUES (1000667, 1000004, 'KH3', 'Nguyn Hng Lam', '0099999988', NULL, NULL, NULL, NULL, NULL, NULL, NULL, NULL, NULL, NULL, '2024-09-25', 1000069, '2024-09-25', 1000069, 'Y', 'be91659a-ee6d-4043-bcf7-fe98355b08a3', NULL, NULL, NULL, NULL, NULL, NULL, NULL, NULL, NULL, NULL, NULL);
INSERT INTO pos.d_customer VALUES (1000663, 0, 'CUS1000662', 'Nguyn Trn Duy T', '3421122', '0', 'Th c', '456 Elm Street', 1500, '01626816', 'thanhnc@digitalbiz.com.vn', 5000, 'DigitalBiz', '2001-06-03', NULL, '2024-09-25', 0, '2024-09-25', 0, 'Y', '8946b643-58e4-4012-9cc9-1530301911a0', NULL, 'Si Gn - Th c', 'TH c', 1000021, '', NULL, NULL, NULL, 'N', NULL, NULL);


--
-- TOC entry 5391 (class 0 OID 385528)
-- Dependencies: 228
-- Data for Name: d_doctype; Type: TABLE DATA; Schema: pos; Owner: -
--

INSERT INTO pos.d_doctype VALUES (1000006, 1000004, 'REQUEST_ORDER', 'Request Order', '2024-09-17 04:27:07.924916', 0, '2024-09-17 04:27:07.924916', 0, '04e77c82-b93f-42aa-ad3d-b7c743e2a872', 0, 'Y');
INSERT INTO pos.d_doctype VALUES (1000003, 1000004, 'AR_INVOICE', 'AR Invoice', '2024-09-09 11:09:56.291993', 0, '2024-09-09 11:09:56.291993', 0, '8dd54249-347e-4e42-b301-ffd79cd1682d', 0, 'Y');
INSERT INTO pos.d_doctype VALUES (1000001, 1000004, 'PRODUCTION', 'Production', '2024-09-08 17:34:03.447374', 0, '2024-09-08 17:34:03.447374', 0, '98c84f11-8411-4d41-8672-e308e1a66527', 0, 'Y');
INSERT INTO pos.d_doctype VALUES (1000005, 1000004, 'PO_ORDER', 'Purchase Order', '2024-09-11 09:52:54.781867', 0, '2024-09-11 09:52:54.781867', 0, '3b56b489-7edc-4735-8b3d-6402d494c08e', 0, 'Y');
INSERT INTO pos.d_doctype VALUES (1000002, 1000004, 'POS_ORDER', 'POS ORDER', '2024-09-09 07:43:43.835164', 0, '2024-09-09 07:43:43.835164', 0, 'd49b4f9a-7932-48c7-bf65-4703da4622d9', 0, 'Y');
INSERT INTO pos.d_doctype VALUES (1000004, 1000004, 'AR_PAYMENT', 'AR Payment', '2024-09-09 11:09:56.291993', 0, '2024-09-09 11:09:56.291993', 0, 'ae24a20b-5d0b-4856-8c3f-82fc9e996a71', 0, 'Y');
INSERT INTO pos.d_doctype VALUES (1000000, 1000004, 'KITCHEN_ORDER', 'Kitchen Order', '2024-08-17 11:45:03.580072', 0, '2024-08-17 11:45:03.580072', 0, '2f801d53-e82a-4902-9843-c2e4f06a360c', 0, 'Y');
INSERT INTO pos.d_doctype VALUES (1000007, 1000004, 'POS_CLOSED_CASH', 'Pos Close Cash', '2024-09-20 01:10:06.200184', 0, '2024-09-20 01:10:06.200184', 0, '57f87ff8-0481-4fba-89bc-653a5b5fb231', 0, 'Y');


--
-- TOC entry 5519 (class 0 OID 393356)
-- Dependencies: 357
-- Data for Name: d_erp_integration; Type: TABLE DATA; Schema: pos; Owner: -
--

INSERT INTO pos.d_erp_integration VALUES (1000010, 1000004, 0, 'Idempiere', 'https://dbizmobile.ssg.vn:8443', 1000066, 0, 1000707, 0, 'WebService', 'WebService', '', 'Y', 'C', '2024-09-18 13:55:09.126914', 1000069, '2024-09-20 11:55:35.631971', 1000069, '1df48648-b5b0-4ec2-82a7-a620f68ece47', 'Y');


--
-- TOC entry 5392 (class 0 OID 385535)
-- Dependencies: 229
-- Data for Name: d_expense; Type: TABLE DATA; Schema: pos; Owner: -
--



--
-- TOC entry 5393 (class 0 OID 385546)
-- Dependencies: 230
-- Data for Name: d_expense_category; Type: TABLE DATA; Schema: pos; Owner: -
--



--
-- TOC entry 5394 (class 0 OID 385554)
-- Dependencies: 231
-- Data for Name: d_floor; Type: TABLE DATA; Schema: pos; Owner: -
--

INSERT INTO pos.d_floor VALUES (999957, 1000005, 1000002, '2024-07-17 10:42:38.676678', 1000037, '2024-07-17 10:42:38.676678', 1000037, 'Y', 'F019', 'F 1 2', 'no', 'a7904ae2-5f05-4eb9-9312-88bb39f29527', NULL, NULL, NULL);
INSERT INTO pos.d_floor VALUES (999966, 1000003, 1000002, '2024-07-23 11:07:11.752786', 1000037, '2024-07-23 11:07:11.752787', 1000037, 'Y', 'F03', 'F 3', 'no', 'ba76207d-e72e-48ed-9118-4052cfbd0fcf', NULL, NULL, NULL);
INSERT INTO pos.d_floor VALUES (999995, 1000019, 1000004, '2024-09-19 09:20:28.928579', 1000069, '2024-09-19 09:47:31.870353', 1000069, 'N', '12312', 'Khu vc 10111ab', 'dsfsdaf', 'd91a05bf-b45e-4d89-a26d-036978e6dd5f', NULL, NULL, NULL);
INSERT INTO pos.d_floor VALUES (999988, 1000019, 1000004, '2024-09-19 08:17:54.946735', 1000069, '2024-09-19 08:17:54.946735', 1000069, 'Y', '92', 'Khu vc 1', '123', '9a55d316-043d-4614-a252-09618354581a', 0, NULL, NULL);
INSERT INTO pos.d_floor VALUES (999977, 1000016, 1000004, '2024-08-14 15:46:09.135348', 1000069, '2024-09-26 21:35:34.368824', 1000066, 'Y', 'F06', 'Khu vc 053', ' Tang cao', '1e750f76-a88f-4011-ba85-0d91928aa57f', 0, NULL, NULL);
INSERT INTO pos.d_floor VALUES (999976, 1000016, 1000004, '2024-08-07 09:22:07.855007', 1000069, '2024-09-27 00:37:24.281512', 1000066, 'Y', 'F05', 'Khu vc 051', ' Tng to ln', '8d57d092-7e9f-49e9-8a6f-a1ee74042e84', 0, NULL, NULL);
INSERT INTO pos.d_floor VALUES (999975, 1000016, 1000004, '2024-08-07 09:21:28.028374', 1000069, '2024-09-27 11:49:08.887466', 1000066, 'Y', 'F04', 'Khu vc 04', ' Tng ln  nnn', '5662290d-2eab-45f0-abb0-199f0c739fb9', 0, NULL, NULL);
INSERT INTO pos.d_floor VALUES (999971, 1000003, 1000002, '2024-07-24 15:10:26.004022', 1000037, '2024-07-24 15:10:26.004023', 1000037, 'Y', 'F05', 'F5 1', 'Tn trng', '5cf07d01-7059-478e-8916-bc02ff8cebda', NULL, NULL, NULL);
INSERT INTO pos.d_floor VALUES (999972, 1000016, 1000004, '2024-08-07 09:17:50.223201', 1000069, '2024-09-27 16:13:45.199156', 1000066, 'Y', 'F011', 'Khu vc 01', ' ', '4cb9d16a-d006-4437-bf75-7e8548a33ff6', NULL, NULL, NULL);
INSERT INTO pos.d_floor VALUES (999973, 1000016, 1000004, '2024-08-07 09:20:10.406461', 1000069, '2024-10-02 10:59:07.829382', 1000066, 'Y', 'F021', 'Khu vc 02', ' ', '4ce0a546-2f7d-4902-b0ef-043c7ea42ce7', 1, NULL, NULL);
INSERT INTO pos.d_floor VALUES (999970, 1000003, 1000002, '2024-07-24 15:02:39.784176', 1000037, '2024-07-24 15:02:39.784178', 1000037, 'Y', 'F04', 'F4 1', 'Tang trong', 'de53ca0d-95a4-4179-842b-3e299c7e1b8e', NULL, NULL, NULL);
INSERT INTO pos.d_floor VALUES (999953, 1000005, 1000002, '2024-07-17 10:11:55.903075', 1000037, '2024-07-17 10:11:55.903075', 1000037, 'Y', '01', 'Tng 1 2', 'no', '35bcb9e8-3f53-4952-993d-3eaeb15a8165', NULL, NULL, NULL);
INSERT INTO pos.d_floor VALUES (999968, 1000003, 1000003, '2024-07-23 23:48:25.294976', 1000068, '2024-07-23 23:48:25.294976', 1000068, 'Y', 'F02', 'F 1 2 3', 'no', '539a0c74-eb66-4bef-9d11-dce7098a81b7', NULL, NULL, NULL);
INSERT INTO pos.d_floor VALUES (999956, 1000005, 1000002, '2024-07-17 10:41:55.208227', 1000037, '2024-07-17 10:41:55.208227', 1000037, 'Y', 'F01', 'Tng 1 2 3', 'no', 'b1d03718-fd86-4517-8573-17c0272c924b', NULL, NULL, NULL);
INSERT INTO pos.d_floor VALUES (999978, 1000030, 1000004, '2024-09-18 17:57:25.857493', 1000069, '2024-09-18 17:57:25.857493', 1000069, 'Y', 'F01', 'Khu vc 01', ' ', 'bd7e46da-dc66-4528-a5c2-2333c09a2236', NULL, NULL, NULL);
INSERT INTO pos.d_floor VALUES (999965, 1000005, 1000002, '2024-07-23 11:06:52.055181', 1000037, '2024-07-23 11:06:52.055202', 1000037, 'Y', 'F011', 'F 1 6', 'no', '1b42868e-af7a-407f-a1cc-d284c66dcfac', NULL, NULL, NULL);
INSERT INTO pos.d_floor VALUES (999963, 1000003, 1000002, '2024-07-22 04:51:52.682438', 1000037, '2024-07-22 04:51:52.682438', 1000037, 'Y', 'F0122', 'F 1 4', 'no', '3f57764f-c85c-4a5a-8f12-c68b170495bb', NULL, NULL, NULL);
INSERT INTO pos.d_floor VALUES (999962, 1000005, 1000002, '2024-07-21 23:19:51.491064', 1000037, '2024-07-21 23:19:51.491064', 1000037, 'Y', 'F015', 'F 1 3', 'no', 'c05b0a5f-92fe-4b08-8ec9-a9810ad5b44b', NULL, NULL, NULL);
INSERT INTO pos.d_floor VALUES (999982, 1000030, 1000004, '2024-09-18 17:57:44.319429', 1000069, '2024-09-18 17:57:44.319429', 1000069, 'Y', 'F026', 'Khu vc 02', ' ', '748a8234-8138-4330-88f4-23f4d34d171f', NULL, NULL, NULL);
INSERT INTO pos.d_floor VALUES (999969, 1000003, 1000002, '2024-07-24 15:02:00.915362', 1000037, '2024-07-24 15:02:00.915364', 1000037, 'Y', 'F025', 'F2 1', 'tng trng', 'f78fe176-64ac-40ea-ad7f-9841e9a2a7e7', NULL, NULL, NULL);
INSERT INTO pos.d_floor VALUES (999964, 1000003, 1000002, '2024-07-22 05:06:26.319524', 1000037, '2024-07-22 05:06:26.319524', 1000037, 'Y', 'F023', 'F 1 5', 'no', '1413050e-7fb7-44d1-8ca7-a75835c5dedf', NULL, NULL, NULL);
INSERT INTO pos.d_floor VALUES (999967, 1000003, 1000003, '2024-07-23 23:48:20.633139', 1000068, '2024-07-23 23:48:20.633139', 1000068, 'Y', 'F022', 'F 1 2', 'no', 'b63bf998-8acb-44b7-bcda-c7ecd338da8e', NULL, NULL, NULL);
INSERT INTO pos.d_floor VALUES (999955, 1000005, 1000002, '2024-07-17 10:15:27.923026', 1000037, '2024-07-17 10:15:57.688979', 1000037, 'Y', '016', 'Tng 1', 'no 1', '9d518cfd-d56f-4564-a031-88fad91717c7', NULL, NULL, NULL);
INSERT INTO pos.d_floor VALUES (999974, 1000016, 1000004, '2024-08-07 09:20:51.79403', 1000069, '2024-09-25 18:17:49.846613', 1000069, 'Y', 'F03', 'Khu vc 03', 'Tng dnh cho vip', 'de0712ff-75e2-473b-aceb-fead5bacd860', 1, NULL, NULL);
INSERT INTO pos.d_floor VALUES (1000012, 1000016, 1000004, '2024-08-14 15:53:11.671368', 1000069, '2024-09-27 11:50:41.074719', 1000066, 'Y', 'F061', 'Khu vc 052', ' to', '4ba48aac-6766-4fc2-bdd3-00e16cb6c72e', 0, NULL, NULL);
INSERT INTO pos.d_floor VALUES (1000013, 1000033, 1000004, '2024-09-22 15:08:40.850915', 1000069, '2024-09-22 15:08:40.850915', 1000069, 'Y', '1', 'Tng 1', NULL, '52cdde64-0917-47f9-b1d4-d21079ee91ac', NULL, 0, 1000002);
INSERT INTO pos.d_floor VALUES (1000014, 1000033, 1000004, '2024-09-22 15:08:40.900335', 1000069, '2024-09-22 15:08:40.900335', 1000069, 'Y', '2', 'Tng 2', NULL, 'e6aa8920-5d91-484d-84ef-747a6776ff02', NULL, 0, 1000003);
INSERT INTO pos.d_floor VALUES (1000016, 1000033, 1000004, '2024-09-22 15:08:40.989141', 1000069, '2024-09-22 15:08:40.989141', 1000069, 'Y', '4', 'Tng 4', NULL, 'e2dd2658-bc39-4686-92d7-2cdba945ce2c', NULL, 0, 1000005);
INSERT INTO pos.d_floor VALUES (1000017, 1000038, 1000004, '2024-09-22 15:08:41.036876', 1000069, '2024-09-22 15:08:41.036876', 1000069, 'Y', '1E', 'Tng 1E', NULL, '40a22235-02e8-41bb-983a-741296086f6a', NULL, 1000029, 1000011);
INSERT INTO pos.d_floor VALUES (1000018, 1000038, 1000004, '2024-09-22 15:08:41.080599', 1000069, '2024-09-22 15:08:41.080599', 1000069, 'Y', '1B', 'Tng 1B', NULL, 'dd0038fc-c1d7-426c-adf1-036e2d5921f5', NULL, 1000003, 1000007);
INSERT INTO pos.d_floor VALUES (1000019, 1000038, 1000004, '2024-09-22 15:08:41.123284', 1000069, '2024-09-22 15:08:41.123284', 1000069, 'Y', 'LBT', 'Line Buffet', NULL, 'f94caa4a-f7a3-4c8a-9b50-856e28e55969', NULL, 1000001, 1000013);
INSERT INTO pos.d_floor VALUES (1000020, 1000038, 1000004, '2024-09-22 15:08:41.165421', 1000069, '2024-09-22 15:08:41.165421', 1000069, 'Y', '1ADB', 'DB-Khu vc 1A ', NULL, '3d4fbfab-4b1b-43ee-9766-447f9b237c19', NULL, 1000027, 1000026);
INSERT INTO pos.d_floor VALUES (1000021, 1000038, 1000004, '2024-09-22 15:08:41.205385', 1000069, '2024-09-22 15:08:41.205385', 1000069, 'Y', 'RESKV1B', 'Khu vc 1B', NULL, 'ec151964-cf85-4212-b18d-f332b0bf28f0', NULL, 1000025, 1000015);
INSERT INTO pos.d_floor VALUES (1000022, 1000038, 1000004, '2024-09-22 15:08:41.273457', 1000069, '2024-09-22 15:08:41.273457', 1000069, 'Y', 'RESKV1C', 'Khu vc 1C', NULL, 'e0137f75-171d-439d-b972-a2e9f2b8f239', NULL, 1000025, 1000016);
INSERT INTO pos.d_floor VALUES (1000023, 1000038, 1000004, '2024-09-22 15:08:41.348185', 1000069, '2024-09-22 15:08:41.348185', 1000069, 'Y', 'RESKV2', 'Khu vc 2', NULL, 'ad03f195-5469-4478-9bf7-08dc4165eca2', NULL, 1000025, 1000017);
INSERT INTO pos.d_floor VALUES (1000024, 1000038, 1000004, '2024-09-22 15:08:41.403629', 1000069, '2024-09-22 15:08:41.403629', 1000069, 'Y', 'HOLFL1', 'Hol Tng 1', NULL, 'd6e976fa-4398-4f32-87c0-e2826552d531', NULL, 1000026, 1000019);
INSERT INTO pos.d_floor VALUES (1000025, 1000038, 1000004, '2024-09-22 15:08:41.485511', 1000069, '2024-09-22 15:08:41.485511', 1000069, 'Y', 'HOLFL2', 'Hol Tng 2', NULL, '3fbecce7-810e-4c51-b9eb-f0a85e385846', NULL, 1000026, 1000020);
INSERT INTO pos.d_floor VALUES (1000026, 1000038, 1000004, '2024-09-22 15:08:41.543361', 1000069, '2024-09-22 15:08:41.543361', 1000069, 'Y', 'HOLFL3', 'Hol Tng 3', NULL, '47fff10c-e9d7-4bf9-a909-eb5bfdfed561', NULL, 1000026, 1000021);
INSERT INTO pos.d_floor VALUES (1000027, 1000038, 1000004, '2024-09-22 15:08:41.598607', 1000069, '2024-09-22 15:08:41.598607', 1000069, 'Y', 'HOLFL4', 'Hol Tng 4', NULL, 'a9f10c64-db50-45b8-a4c5-3c66190ca514', NULL, 1000026, 1000022);
INSERT INTO pos.d_floor VALUES (1000028, 1000038, 1000004, '2024-09-22 15:08:41.682379', 1000069, '2024-09-22 15:08:41.682379', 1000069, 'Y', 'HOLFL5', 'Hol Tng 5', NULL, 'f645662b-42cd-4f10-91c0-aa3bc9749a78', NULL, 1000026, 1000023);
INSERT INTO pos.d_floor VALUES (1000029, 1000038, 1000004, '2024-09-22 15:08:41.72761', 1000069, '2024-09-22 15:08:41.72761', 1000069, 'Y', 'HOLFL6', 'Hol Tng 6', NULL, '0511a725-d271-4b0f-b89b-335b37e20c0c', NULL, 1000026, 1000024);
INSERT INTO pos.d_floor VALUES (1000030, 1000038, 1000004, '2024-09-22 15:08:41.770756', 1000069, '2024-09-22 15:08:41.770756', 1000069, 'Y', '1C', 'Tng 1C', NULL, '4b9d1612-4668-4a64-921e-37c1256c4b83', NULL, 1000029, 1000008);
INSERT INTO pos.d_floor VALUES (1000031, 1000038, 1000004, '2024-09-22 15:08:41.816021', 1000069, '2024-09-22 15:08:41.816021', 1000069, 'Y', '1D', 'Tng 1D', NULL, 'ab774556-645c-448a-9a90-927e9c5530cf', NULL, 1000029, 1000009);
INSERT INTO pos.d_floor VALUES (1000032, 1000038, 1000004, '2024-09-22 15:08:41.860125', 1000069, '2024-09-22 15:08:41.860125', 1000069, 'Y', '1F', 'Khu vc 1F', NULL, '88e6da0b-a95d-45ff-9f36-a788257a8fdb', NULL, 1000029, 1000012);
INSERT INTO pos.d_floor VALUES (1000033, 1000038, 1000004, '2024-09-22 15:08:41.896742', 1000069, '2024-09-22 15:08:41.896742', 1000069, 'Y', 'RESKV3', 'Khu lin k K01', NULL, 'af8bf3f3-519b-48ab-8fe1-3f96303dee03', NULL, 1000026, 1000018);
INSERT INTO pos.d_floor VALUES (1000034, 1000038, 1000004, '2024-09-22 15:08:41.938095', 1000069, '2024-09-22 15:08:41.938095', 1000069, 'Y', 'tang1F', 'Tng 1F', NULL, '48db2e06-c73e-455b-a7e1-3de71ca51e05', NULL, 1000003, 1000031);
INSERT INTO pos.d_floor VALUES (1000035, 1000038, 1000004, '2024-09-22 15:08:41.982288', 1000069, '2024-09-22 15:08:41.982288', 1000069, 'Y', 'RESKV1A', 'Khu vc 1A', NULL, 'd014b43e-a846-46de-8bfa-05d586ae1b74', NULL, 1000025, 1000014);
INSERT INTO pos.d_floor VALUES (1000036, 1000033, 1000004, '2024-09-22 15:08:42.031566', 1000069, '2024-09-22 15:08:42.031566', 1000069, 'Y', '0', 'Tng trt', NULL, '0bdbe748-ea84-4585-917d-c0b1758efe58', NULL, 1000003, 1000000);
INSERT INTO pos.d_floor VALUES (1000037, 1000038, 1000004, '2024-09-22 15:08:42.084368', 1000069, '2024-09-22 15:08:42.084368', 1000069, 'Y', '1A', 'Tng 1A', NULL, '5c9aa4ec-ebdc-47a5-9106-94cd36df754f', NULL, 1000001, 1000006);


--
-- TOC entry 5395 (class 0 OID 385568)
-- Dependencies: 232
-- Data for Name: d_image; Type: TABLE DATA; Schema: pos; Owner: -
--

INSERT INTO pos.d_image VALUES (1000421, 'https://assets.digitalbiz.com.vn/Images/4772/F&B/000000076.png', 'Y', '2024-09-27 10:16:06.529044', 1000066, '2024-09-27 10:16:06.529044', 1000066, 1000004, 'e92eb412-b8b7-49d4-8185-caf2b393bea8', '000000076');
INSERT INTO pos.d_image VALUES (1000444, 'https://assets.digitalbiz.com.vn/Images/4772/F&B/000000025.png', 'Y', '2024-10-02 07:52:44.359664', 1000066, '2024-10-02 07:52:44.359664', 1000066, 1000004, 'aea04f27-f16a-4628-818d-1ab498e4d05d', '000000025');
INSERT INTO pos.d_image VALUES (1000424, 'https://assets.digitalbiz.com.vn/Images/4772/F&B/000000079.png', 'Y', '2024-09-27 11:36:47.896382', 1000066, '2024-09-27 11:36:47.896383', 1000066, 1000004, '40a43936-6bdf-4e70-9513-5e2fd38eb15d', '000000079');
INSERT INTO pos.d_image VALUES (1000425, 'https://assets.digitalbiz.com.vn/Images/4772/F&B/000000080.png', 'Y', '2024-09-27 11:36:48.397294', 1000066, '2024-09-27 11:36:48.397295', 1000066, 1000004, 'afb70230-6786-44f3-b6e8-8a22a95c4fd4', '000000080');
INSERT INTO pos.d_image VALUES (1000426, 'https://assets.digitalbiz.com.vn/Images/4772/F&B/000000081.png', 'Y', '2024-09-27 11:36:48.919155', 1000066, '2024-09-27 11:36:48.919156', 1000066, 1000004, '039ce003-7682-440f-88de-85451616dcf7', '000000081');
INSERT INTO pos.d_image VALUES (1000427, 'https://assets.digitalbiz.com.vn/Images/4772/F&B/000000082.png', 'Y', '2024-09-27 11:36:49.432013', 1000066, '2024-09-27 11:36:49.432014', 1000066, 1000004, '72f832e6-9e38-4360-900b-dc34cdd45596', '000000082');
INSERT INTO pos.d_image VALUES (1000431, 'https://assets.digitalbiz.com.vn/Images/4772/F&B/000000086.png', 'Y', '2024-09-27 12:12:05.756873', 1000066, '2024-09-27 12:12:05.756874', 1000066, 1000004, '65340a18-d8f7-4b2a-b36e-268f15e6d505', '000000086');
INSERT INTO pos.d_image VALUES (1000432, 'https://assets.digitalbiz.com.vn/Images/4772/F&B/000000087.png', 'Y', '2024-09-27 12:12:06.236132', 1000066, '2024-09-27 12:12:06.236133', 1000066, 1000004, 'e5620605-4e25-4d8e-9a91-9c15c849636b', '000000087');
INSERT INTO pos.d_image VALUES (1000433, 'https://assets.digitalbiz.com.vn/Images/4772/F&B/000000088.png', 'Y', '2024-09-27 12:12:06.689447', 1000066, '2024-09-27 12:12:06.689448', 1000066, 1000004, '04384a0d-e268-4092-a660-d45362d29a38', '000000088');
INSERT INTO pos.d_image VALUES (1000434, 'https://assets.digitalbiz.com.vn/Images/4772/F&B/000000089.png', 'Y', '2024-09-27 12:12:07.135964', 1000066, '2024-09-27 12:12:07.135964', 1000066, 1000004, 'dde69656-7e95-4709-8b6e-e8f1118ec8ae', '000000089');
INSERT INTO pos.d_image VALUES (1000435, 'https://assets.digitalbiz.com.vn/Images/4772/F&B/000000090.png', 'Y', '2024-09-27 13:11:42.198373', 1000066, '2024-09-27 13:11:42.198373', 1000066, 1000004, 'f394d44b-7431-4316-aac1-9e3128f03599', '000000090');
INSERT INTO pos.d_image VALUES (1000436, 'https://assets.digitalbiz.com.vn/Images/4772/F&B/000000091.png', 'Y', '2024-09-27 13:11:43.601671', 1000066, '2024-09-27 13:11:43.601671', 1000066, 1000004, 'f82fa619-cfd0-478f-bbb6-3098ced09636', '000000091');
INSERT INTO pos.d_image VALUES (1000437, 'https://assets.digitalbiz.com.vn/Images/4772/F&B/000000092.png', 'Y', '2024-09-27 13:11:47.522351', 1000066, '2024-09-27 13:11:47.522352', 1000066, 1000004, 'b8039395-11ab-44f3-9337-7cc70748dfc9', '000000092');
INSERT INTO pos.d_image VALUES (1000352, 'https://assets.digitalbiz.com.vn/Images/4772/F&B/000000021.png', 'Y', '2024-09-18 16:46:22.174526', 1000069, '2024-09-18 16:46:22.174526', 1000069, 1000004, '26780a7d-a456-4db9-8ce6-319adeb56ca2', '000000021');
INSERT INTO pos.d_image VALUES (1000353, 'https://assets.digitalbiz.com.vn/Images/4772/F&B/000000025.png', 'Y', '2024-09-18 16:48:58.658339', 1000069, '2024-09-18 16:48:58.658339', 1000069, 1000004, '1a04d011-ba51-4662-ba6a-bbb88487ac78', '000000025');
INSERT INTO pos.d_image VALUES (1000354, 'https://assets.digitalbiz.com.vn/Images/4772/F&B/000000025.png', 'Y', '2024-09-18 16:50:08.287428', 1000069, '2024-09-18 16:50:08.287428', 1000069, 1000004, '2fa8e810-8e63-438d-a99b-70ed2c278772', '000000025');
INSERT INTO pos.d_image VALUES (1000355, 'https://assets.digitalbiz.com.vn/Images/4772/F&B/000000025.png', 'Y', '2024-09-18 16:52:13.210979', 1000069, '2024-09-18 16:52:13.210979', 1000069, 1000004, '2f4f3a4a-7fb2-4749-ae9b-c11a48f1f837', '000000025');
INSERT INTO pos.d_image VALUES (1000356, 'https://assets.digitalbiz.com.vn/Images/4772/F&B/000000025.png', 'Y', '2024-09-18 16:53:59.519223', 1000069, '2024-09-18 16:53:59.519223', 1000069, 1000004, '4d2e252b-81e8-44ce-9c4e-9adc7bbb3d09', '000000025');
INSERT INTO pos.d_image VALUES (1000357, 'https://assets.digitalbiz.com.vn/Images/4772/F&B/000000025.png', 'Y', '2024-09-18 16:55:42.563576', 1000069, '2024-09-18 16:55:42.563576', 1000069, 1000004, '45ab22da-9c1e-4ecd-8117-61ddba06bcad', '000000025');
INSERT INTO pos.d_image VALUES (1000358, 'https://assets.digitalbiz.com.vn/Images/4772/F&B/000000025.png', 'Y', '2024-09-18 17:00:58.773268', 1000069, '2024-09-18 17:00:58.773268', 1000069, 1000004, '2e9dc3c2-9aa2-43cb-83a3-5898af30aa4e', '000000025');
INSERT INTO pos.d_image VALUES (1000359, 'https://assets.digitalbiz.com.vn/Images/4772/F&B/000000025.png', 'Y', '2024-09-18 17:02:43.466467', 1000069, '2024-09-18 17:02:43.466467', 1000069, 1000004, '906ec046-f688-4012-aef8-efe0db7ec6db', '000000025');
INSERT INTO pos.d_image VALUES (1000360, 'https://assets.digitalbiz.com.vn/Images/4772/F&B/000000025.png', 'Y', '2024-09-18 17:15:52.195207', 1000069, '2024-09-18 17:15:52.195207', 1000069, 1000004, 'b9a989f9-c4ff-4a1f-ab0f-02dff9ac023d', '000000025');
INSERT INTO pos.d_image VALUES (1000361, 'https://assets.digitalbiz.com.vn/Images/4772/F&B/000000025.png', 'Y', '2024-09-18 17:19:18.332319', 1000069, '2024-09-18 17:19:18.332319', 1000069, 1000004, 'ec1463b9-d678-43f0-9e06-2f0bc57c29e7', '000000025');
INSERT INTO pos.d_image VALUES (1000362, 'https://assets.digitalbiz.com.vn/Images/4772/F&B/000000025.png', 'Y', '2024-09-18 17:19:50.140605', 1000069, '2024-09-18 17:19:50.140605', 1000069, 1000004, '373ee0e6-b9b5-4274-9424-70f19ae6a22d', '000000025');
INSERT INTO pos.d_image VALUES (1000363, 'https://assets.digitalbiz.com.vn/Images/4772/F&B/000000025.png', 'Y', '2024-09-18 21:18:35.021132', 1000069, '2024-09-18 21:18:35.021132', 1000069, 1000004, '43d0aff7-ee69-455c-88c9-6bf1b3cd6fb7', '000000025');
INSERT INTO pos.d_image VALUES (1000365, 'https://assets.digitalbiz.com.vn/Images/4772/F&B/000000025.png', 'Y', '2024-09-18 21:53:32.318019', 1000069, '2024-09-18 21:53:32.318021', 1000069, 1000004, 'eef5921c-6492-40fb-b836-eb938a8931b0', '000000025');
INSERT INTO pos.d_image VALUES (1000382, 'https://assets.digitalbiz.com.vn/Images/4772/F&B/000000042.png', 'Y', '2024-09-18 23:36:56.454522', 1000069, '2024-09-18 23:36:56.454529', 1000069, 1000004, 'ddbe9429-55bc-4fe7-9721-2699ff158742', '000000042');
INSERT INTO pos.d_image VALUES (1000392, 'https://assets.digitalbiz.com.vn/Images/4772/F&B/000000052.png', 'Y', '2024-09-19 11:10:15.773899', 1000069, '2024-09-19 11:10:15.773901', 1000069, 1000004, 'cdc3756d-c483-4d7c-a055-a0fad7c1e4b2', '000000052');
INSERT INTO pos.d_image VALUES (1000395, 'https://assets.digitalbiz.com.vn/Images/4772/F&B/000000055.png', 'Y', '2024-09-19 11:27:15.481393', 1000069, '2024-09-19 11:27:15.481398', 1000069, 1000004, '705dfef9-696a-488d-9e61-a45dd4639042', '000000055');
INSERT INTO pos.d_image VALUES (1000396, 'https://assets.digitalbiz.com.vn/Images/4772/F&B/000000056.png', 'Y', '2024-09-19 11:27:16.657808', 1000069, '2024-09-19 11:27:16.65781', 1000069, 1000004, 'c2868894-46a6-4338-a74b-5c608c279512', '000000056');
INSERT INTO pos.d_image VALUES (1000397, 'https://assets.digitalbiz.com.vn/Images/4772/F&B/000000057.png', 'Y', '2024-09-19 11:27:17.777937', 1000069, '2024-09-19 11:27:17.77794', 1000069, 1000004, '7c356edb-4fb5-47c7-9f51-f8d522664395', '000000057');
INSERT INTO pos.d_image VALUES (1000398, 'https://assets.digitalbiz.com.vn/Images/4772/F&B/000000058.png', 'Y', '2024-09-19 14:29:54.814244', 1000069, '2024-09-19 14:29:54.814247', 1000069, 1000004, '63e9b9a4-07e1-49ca-8ee7-184260a676e2', '000000058');
INSERT INTO pos.d_image VALUES (1000399, 'https://assets.digitalbiz.com.vn/Images/4772/F&B/000000059.png', 'Y', '2024-09-19 14:29:56.113742', 1000069, '2024-09-19 14:29:56.113745', 1000069, 1000004, '79eb2887-6999-4b6a-8ed9-cf24292c9193', '000000059');
INSERT INTO pos.d_image VALUES (1000400, 'https://assets.digitalbiz.com.vn/Images/4772/F&B/000000060.png', 'Y', '2024-09-19 14:29:57.279932', 1000069, '2024-09-19 14:29:57.279934', 1000069, 1000004, '6258f842-17d2-42dd-b4a4-982b3addcba8', '000000060');
INSERT INTO pos.d_image VALUES (1000405, 'https://assets.digitalbiz.com.vn/Images/4772/F&B/000000061.png', 'Y', '2024-09-26 11:27:34.238525', 1000066, '2024-09-26 11:27:34.238525', 1000066, 1000004, '8a1b37cd-e187-4a47-bec8-42b65743e06c', '000000061');
INSERT INTO pos.d_image VALUES (1000406, 'https://assets.digitalbiz.com.vn/Images/4772/F&B/000000062.png', 'Y', '2024-09-26 11:30:44.078461', 1000066, '2024-09-26 11:30:44.078461', 1000066, 1000004, 'd7e417fa-1e51-43f7-84c3-bae31b8688d3', '000000062');
INSERT INTO pos.d_image VALUES (1000407, 'https://assets.digitalbiz.com.vn/Images/4772/F&B/000000063.png', 'Y', '2024-09-26 11:40:03.762612', 1000066, '2024-09-26 11:40:03.762613', 1000066, 1000004, 'cdccb738-456a-40fd-aac5-28221be48bd4', '000000063');
INSERT INTO pos.d_image VALUES (1000408, 'https://assets.digitalbiz.com.vn/Images/4772/F&B/000000064.png', 'Y', '2024-09-26 11:43:04.153475', 1000066, '2024-09-26 11:43:04.153476', 1000066, 1000004, '5c405fd0-a472-40ac-a42f-2fb56f85d34f', '000000064');
INSERT INTO pos.d_image VALUES (1000409, 'https://assets.digitalbiz.com.vn/Images/4772/F&B/000000065.png', 'Y', '2024-09-26 11:50:54.67987', 1000066, '2024-09-26 11:50:54.679871', 1000066, 1000004, '4839f58c-a3ac-49fd-9b7a-406c1e9244e3', '000000065');
INSERT INTO pos.d_image VALUES (1000411, 'https://assets.digitalbiz.com.vn/Images/4772/F&B/000000067.png', 'Y', '2024-09-26 14:41:19.610714', 1000066, '2024-09-26 14:41:19.610714', 1000066, 1000004, '4997ffb4-a855-4e3a-87a6-474c13b108ce', '000000067');
INSERT INTO pos.d_image VALUES (1000412, 'https://assets.digitalbiz.com.vn/Images/4772/F&B/000000068.png', 'Y', '2024-09-26 15:47:32.36879', 1000066, '2024-09-26 15:47:32.368791', 1000066, 1000004, '2861bcc4-226c-4ad3-b7fe-4a8db3860f58', '000000068');
INSERT INTO pos.d_image VALUES (1000413, 'https://assets.digitalbiz.com.vn/Images/4772/F&B/000000069.png', 'Y', '2024-09-26 15:49:14.712842', 1000066, '2024-09-26 15:49:14.712843', 1000066, 1000004, 'a4d5f59b-c51f-40f1-9823-498ee34f2f4e', '000000069');
INSERT INTO pos.d_image VALUES (1000414, 'https://assets.digitalbiz.com.vn/Images/4772/F&B/000000070.png', 'Y', '2024-09-26 16:10:56.867178', 1000066, '2024-09-26 16:10:56.867179', 1000066, 1000004, '61616275-d0ac-48d7-8466-0dde5b20d748', '000000070');
INSERT INTO pos.d_image VALUES (1000415, 'https://assets.digitalbiz.com.vn/Images/4772/F&B/000000071.png', 'Y', '2024-09-26 16:10:57.573534', 1000066, '2024-09-26 16:10:57.573535', 1000066, 1000004, '2b3afe9f-59e4-49e2-aa09-ccb4e01a48fd', '000000071');
INSERT INTO pos.d_image VALUES (1000416, 'https://assets.digitalbiz.com.vn/Images/4772/F&B/000000072.png', 'Y', '2024-09-26 16:10:58.051485', 1000066, '2024-09-26 16:10:58.051486', 1000066, 1000004, '262ac11b-f23c-412f-8e76-0d3e9f62313a', '000000072');
INSERT INTO pos.d_image VALUES (1000440, 'https://assets.digitalbiz.com.vn/Images/4772/F&B/000000095.png', 'Y', '2024-09-27 17:41:00.219153', 1000066, '2024-09-27 17:41:00.219154', 1000066, 1000004, '5b7b12dc-6a35-40b1-a48f-d4445f5c4688', '000000095');
INSERT INTO pos.d_image VALUES (1000419, 'https://assets.digitalbiz.com.vn/Images/4772/F&B/000000074.png', 'Y', '2024-09-26 18:51:18.25422', 1000066, '2024-09-26 18:51:18.254221', 1000066, 1000004, '3cf7419f-ca76-45e0-a1e9-f5ba5d2bfdf1', '000000074');
INSERT INTO pos.d_image VALUES (1000441, 'https://assets.digitalbiz.com.vn/Images/4772/F&B/000000096.png', 'Y', '2024-09-27 17:41:00.725307', 1000066, '2024-09-27 17:41:00.725308', 1000066, 1000004, '0e6593a0-08c7-4952-8e31-2cd2b8ad605c', '000000096');
INSERT INTO pos.d_image VALUES (1000442, 'https://assets.digitalbiz.com.vn/Images/4772/F&B/000000097.png', 'Y', '2024-09-27 17:41:01.25223', 1000066, '2024-09-27 17:41:01.252231', 1000066, 1000004, 'd9162b04-6e07-4a78-bed2-75acea3d4ee0', '000000097');
INSERT INTO pos.d_image VALUES (1000443, 'https://assets.digitalbiz.com.vn/Images/4772/F&B/000000098.png', 'Y', '2024-09-27 17:41:01.876301', 1000066, '2024-09-27 17:41:01.876302', 1000066, 1000004, 'b24d3955-c292-4829-9ba2-4ce935106158', '000000098');


--
-- TOC entry 5396 (class 0 OID 385579)
-- Dependencies: 233
-- Data for Name: d_industry; Type: TABLE DATA; Schema: pos; Owner: -
--

INSERT INTO pos.d_industry VALUES (1000008, '4772', 'Ca hng m phm', 'Y', '2024-07-09 05:01:13.282466', 0, '2024-07-09 05:01:13.282466', 0, '7025cfdf-16eb-418d-a855-646eb1cded33', NULL);
INSERT INTO pos.d_industry VALUES (1000001, '5630', 'Coffee & Tea', 'Y', '2024-07-09 05:01:13.282466', 0, '2024-07-09 05:01:13.282466', 0, '292e4993-2c25-41f9-9723-9598136a3d64', NULL);
INSERT INTO pos.d_industry VALUES (1000005, '4771', 'Thi trang', 'Y', '2024-07-09 05:01:13.282466', 0, '2024-07-09 05:01:13.282466', 0, 'eaed1e2e-316c-44d0-8653-96453af59bc6', NULL);
INSERT INTO pos.d_industry VALUES (1000013, '4741', 'in t my tnh', 'Y', '2024-07-09 05:01:13.282466', 0, '2024-07-09 05:01:13.282466', 0, '469c353c-2e19-4530-83bd-2ab14db197d1', NULL);
INSERT INTO pos.d_industry VALUES (1000014, '4761', 'Vn phng phm', 'Y', '2024-07-09 05:01:13.282466', 0, '2024-07-09 05:01:13.282466', 0, '28e647d9-098a-4263-a82b-cc4282f62c68', NULL);
INSERT INTO pos.d_industry VALUES (1000002, '9329', 'Qun karaoke', 'Y', '2024-07-09 05:01:13.282466', 0, '2024-07-09 05:01:13.282466', 0, 'b6113380-259f-4cdc-a8f1-28bb05b5e7d9', NULL);
INSERT INTO pos.d_industry VALUES (1000000, '5610', 'Nh hng | F&B (Food & Beverage)', 'Y', '2024-07-08 18:22:57.317071', 0, '2024-07-08 18:22:57.317071', 0, 'e5e9b4f0-f19c-49b0-845c-4610f18588e3', NULL);
INSERT INTO pos.d_industry VALUES (1000010, '4741', 'Ca hng in thoi', 'Y', '2024-07-09 05:01:13.282466', 0, '2024-07-09 05:01:13.282466', 0, 'a004c3b6-7ae7-442b-b139-0254af23e68c', NULL);
INSERT INTO pos.d_industry VALUES (1000006, '4721', 'Thc phm', 'Y', '2024-07-09 05:01:13.282466', 0, '2024-07-09 05:01:13.282466', 0, 'b0e31d72-c83a-4a4b-b4f4-530e7c7cb3c2', NULL);
INSERT INTO pos.d_industry VALUES (1000003, '9329', 'Qun bida', 'Y', '2024-07-09 05:01:13.282466', 0, '2024-07-09 05:01:13.282466', 0, '006670aa-8a2f-4f24-890f-8e9b9da9f7ac', NULL);
INSERT INTO pos.d_industry VALUES (1000011, '3290', 'C s Sn xut', 'Y', '2024-07-09 05:01:13.282466', 0, '2024-07-09 05:01:13.282466', 0, 'fe9b0ff5-649a-4591-90f2-e3dcc4357b86', NULL);
INSERT INTO pos.d_industry VALUES (1000007, '4773 ', 'Hoa qu tng', 'Y', '2024-07-09 05:01:13.282466', 0, '2024-07-09 05:01:13.282466', 0, 'c31fdb98-99bf-4928-849c-4fe78e2092a4', NULL);
INSERT INTO pos.d_industry VALUES (1000009, '4772', 'Nh thuc', 'Y', '2024-07-09 05:01:13.282466', 0, '2024-07-09 05:01:13.282466', 0, 'd9307207-2c99-4317-b841-0ea4c293d124', NULL);
INSERT INTO pos.d_industry VALUES (1000012, '4663', 'St thp - VLXD', 'Y', '2024-07-09 05:01:13.282466', 0, '2024-07-09 05:01:13.282466', 0, '0696de0e-176b-4b3e-a659-cd3a36e01315', NULL);
INSERT INTO pos.d_industry VALUES (1000004, '4711', 'Siu th, tp ha', 'Y', '2024-07-09 05:01:13.282466', 0, '2024-07-09 05:01:13.282466', 0, '20202afb-d20c-4666-a295-0fe6bd1b5f0e', NULL);
INSERT INTO pos.d_industry VALUES (1000015, '4541', 'Xe my, Ph tng', 'Y', '2024-07-09 14:32:23.825227', NULL, '2024-07-09 14:32:23.825227', NULL, '38efae84-ff27-4d63-861a-2254150750e6', NULL);


--
-- TOC entry 5531 (class 0 OID 393795)
-- Dependencies: 373
-- Data for Name: d_integration_history; Type: TABLE DATA; Schema: pos; Owner: -
--

INSERT INTO pos.d_integration_history VALUES (1000006, 1000004, 0, 1000035, '2024-09-21 03:55:00', 'PRO', 'PTE', 'COM', '2024-09-10 09:48:15.622679', 1000069, '2024-09-10 09:48:15.622679', 1000069, 'e9aa5a22-3268-41ac-9bd2-2ea02fc0f633', 'Y');
INSERT INTO pos.d_integration_history VALUES (1000007, 1000004, 0, 1000035, '2024-09-22 03:55:00', 'PRO', 'PTE', 'COM', '2024-09-10 09:51:55.173459', 1000069, '2024-09-10 09:51:55.173459', 1000069, '41e3f0de-d000-44e6-b208-8688cf7fd0ea', 'Y');
INSERT INTO pos.d_integration_history VALUES (1000008, 1000004, 0, 1000035, '2024-09-22 03:55:00', 'PRO', 'ETP', 'COM', '2024-09-10 09:52:27.080392', 1000069, '2024-09-10 09:52:27.080392', 1000069, '9df44bc2-04dd-4275-aeaa-e1bfeb7d8c8c', 'Y');
INSERT INTO pos.d_integration_history VALUES (1000009, 1000009, 0, 1000035, '2024-09-22 03:55:00', 'PRO', 'ETP', 'COM', '2024-09-16 16:05:10.446558', 1000071, '2024-09-16 16:05:10.446559', 1000071, 'b247bdf3-0a94-432b-8b4f-88145b4af0f6', 'Y');
INSERT INTO pos.d_integration_history VALUES (1000013, 1000004, 0, 1000070, '2024-09-17 11:37:46', 'PRO', 'ETP', 'COM', '2024-09-17 11:36:47.066782', 1000069, '2024-09-17 11:36:47.066786', 1000069, 'fe3cc9dd-fe47-4363-b75d-ddf207c0a3a5', 'Y');
INSERT INTO pos.d_integration_history VALUES (1000014, 1000004, 0, 1000070, '2024-09-17 11:52:45', 'PTM', 'ETP', 'COM', '2024-09-17 11:51:46.190029', 1000069, '2024-09-17 11:51:46.190035', 1000069, '2883e68f-bd8c-4121-a0e4-6d26b5f4e331', 'Y');
INSERT INTO pos.d_integration_history VALUES (1000015, 1000004, 0, 1000070, '2024-09-17 11:55:55', 'PTM', 'PTE', 'COM', '2024-09-17 11:54:56.936713', 1000069, '2024-09-17 11:54:56.936716', 1000069, 'ad01d185-7af5-4bdd-bd21-fcf5fc9ba202', 'Y');
INSERT INTO pos.d_integration_history VALUES (1000016, 1000004, 0, 1000070, '2024-09-17 11:56:14', 'WHO', 'PTE', 'COM', '2024-09-17 11:55:14.867282', 1000069, '2024-09-17 11:55:14.867285', 1000069, '5644bca5-134d-4b17-b43d-013fa59df019', 'Y');
INSERT INTO pos.d_integration_history VALUES (1000011, 1000004, 0, 1000035, '2024-09-17 10:49:56', 'PRO', 'ETP', 'COM', '2024-09-17 10:48:57.297851', 1000069, '2024-09-17 10:48:57.297856', 1000069, '3144dc9f-6151-4aa8-bf05-23c9c861831c', 'Y');
INSERT INTO pos.d_integration_history VALUES (1000012, 1000004, 0, 1000035, '2024-09-17 10:51:02', 'PRO', 'PTE', 'COM', '2024-09-17 10:50:07.594844', 1000069, '2024-09-17 10:50:07.594847', 1000069, '64e6bb70-6ae8-4374-84b1-91f17f7f9527', 'Y');
INSERT INTO pos.d_integration_history VALUES (1000010, 1000009, 0, 1000035, '2024-09-22 03:55:00', 'PRO', 'ETP', 'COM', '2024-09-17 10:15:58.46508', 1000071, '2024-09-17 10:15:58.465083', 1000071, '83054bae-0e58-407b-8260-d95e6641bedd', 'Y');
INSERT INTO pos.d_integration_history VALUES (1000018, 1000004, 0, 1000070, '2024-09-17 16:47:03', 'ORG', 'ETP', 'COM', '2024-09-17 16:46:04.728652', 1000069, '2024-09-17 16:46:04.728654', 1000069, '65b65486-29f3-4755-a562-8b357b8c6a7c', 'Y');
INSERT INTO pos.d_integration_history VALUES (1000017, 1000004, 0, 1000035, '2024-09-22 03:55:00', 'PRO', 'ETP', 'COM', '2024-09-17 16:05:30.178677', 1000069, '2024-09-17 16:05:30.17868', 1000069, '0f57dc86-6206-4505-9fe7-893f8049a08a', 'Y');
INSERT INTO pos.d_integration_history VALUES (1000019, 1000004, 0, 1000070, '2024-09-18 14:50:52', 'ORG', 'PTE', 'COM', '2024-09-18 14:45:48.582998', 1000069, '2024-09-18 14:45:48.583002', 1000069, 'fa8cf0a2-a6d6-4034-a192-52f35314a485', 'Y');
INSERT INTO pos.d_integration_history VALUES (1000020, 1000004, 0, 1000070, '2024-09-18 14:50:53', 'ORG', 'ETP', 'COM', '2024-09-18 14:45:49.067643', 1000069, '2024-09-18 14:45:49.067662', 1000069, '744b014d-f848-421d-b1f7-8690999c1e65', 'Y');
INSERT INTO pos.d_integration_history VALUES (1000021, 1000004, 0, 1000035, '2024-09-18 15:13:20.424414', 'PRO', 'ETP', 'COM', '2024-09-18 15:13:20.464554', 1000069, '2024-09-18 15:13:20.464554', 1000069, '374413be-d9a8-49e7-a1bc-48c797093635', 'Y');
INSERT INTO pos.d_integration_history VALUES (1000023, 1000004, 0, 1000035, '2024-09-18 17:54:21.908936', 'PRO', 'ETP', 'COM', '2024-09-18 17:54:21.93484', 1000069, '2024-09-18 17:54:21.93484', 1000069, '288fd570-bf69-4bbc-8bfd-ce1ff8124aeb', 'Y');
INSERT INTO pos.d_integration_history VALUES (1000024, 1000004, 0, 1000070, '2024-09-18 17:54:47.065484', 'CUS', 'PTE', 'COM', '2024-09-18 17:54:47.065843', 1000069, '2024-09-18 17:54:47.065843', 1000069, '340c60d5-7752-43be-b135-12b7916b114a', 'Y');
INSERT INTO pos.d_integration_history VALUES (1000025, 1000004, 0, 1000070, '2024-09-18 17:57:14.158768', 'PTM', 'ETP', 'COM', '2024-09-18 17:57:14.159104', 1000069, '2024-09-18 17:57:14.159105', 1000069, '26727d21-94c7-44ae-8c56-c0de89e8c948', 'Y');
INSERT INTO pos.d_integration_history VALUES (1000026, 1000004, 0, 1000070, '2024-09-18 17:57:35.189391', 'FLO', 'PTE', 'COM', '2024-09-18 17:57:35.189773', 1000069, '2024-09-18 17:57:35.189774', 1000069, '64163607-bfcf-4719-929d-baf5bc10f741', 'Y');
INSERT INTO pos.d_integration_history VALUES (1000027, 1000004, 0, 1000070, '2024-09-18 17:59:31.659904', 'PRO', 'PTE', 'COM', '2024-09-18 17:59:31.660413', 1000069, '2024-09-18 17:59:31.660413', 1000069, 'fd42e023-2ead-4b14-88bb-6800f51ab2c1', 'Y');
INSERT INTO pos.d_integration_history VALUES (1000028, 1000004, 0, 1000070, '2024-09-18 18:00:23.133308', 'CUS', 'PTE', 'COM', '2024-09-18 18:00:23.133745', 1000069, '2024-09-18 18:00:23.133745', 1000069, 'e3bfcbba-93fb-42b1-a158-15dee36875e5', 'Y');
INSERT INTO pos.d_integration_history VALUES (1000029, 1000004, 0, 1000070, '2024-09-18 18:00:35.275081', 'PTM', 'PTE', 'COM', '2024-09-18 18:00:35.275454', 1000069, '2024-09-18 18:00:35.275454', 1000069, '075bd892-7893-401e-a77d-aed3011efdf4', 'Y');
INSERT INTO pos.d_integration_history VALUES (1000030, 1000004, 0, 1000070, '2024-09-19 00:11:28.013503', 'PCG', 'PTE', 'COM', '2024-09-19 00:11:28.017483', 1000069, '2024-09-19 00:11:28.017484', 1000069, 'bca3ef0a-2283-4aac-b8fd-4ed1bb0ddb19', 'Y');
INSERT INTO pos.d_integration_history VALUES (1000031, 1000004, 0, 1000070, '2024-09-19 00:11:59.506199', 'PRO', 'ETP', 'COM', '2024-09-19 00:11:59.506733', 1000069, '2024-09-19 00:11:59.506733', 1000069, '57f296a6-fa5d-49c9-8ec0-28fedc453ac3', 'Y');
INSERT INTO pos.d_integration_history VALUES (1000032, 1000004, 0, 1000035, '2024-09-21 14:28:06.990241', 'ORG', 'PTE', 'COM', '2024-09-21 14:28:07.014909', 1000069, '2024-09-21 14:28:07.014909', 1000069, '0169252a-86c7-4507-8e70-f33117650902', 'Y');
INSERT INTO pos.d_integration_history VALUES (1000033, 1000004, 0, 1000035, '2024-09-21 14:29:25.02074', 'ORG', 'PTE', 'COM', '2024-09-21 14:29:25.02074', 1000069, '2024-09-21 14:29:25.02074', 1000069, '00d97307-956d-4cdf-ad09-c39e69b21f11', 'Y');
INSERT INTO pos.d_integration_history VALUES (1000034, 1000004, 0, 1000035, '2024-09-21 14:29:50.166078', 'ORG', 'PTE', 'COM', '2024-09-21 14:29:50.1671', 1000069, '2024-09-21 14:29:50.1671', 1000069, '93819004-22d7-4c03-83a4-0dae52590ea9', 'Y');
INSERT INTO pos.d_integration_history VALUES (1000035, 1000004, 0, 1000035, '2024-09-21 14:31:07.390269', 'ORG', 'PTE', 'COM', '2024-09-21 14:31:07.390269', 1000069, '2024-09-21 14:31:07.390269', 1000069, '418f502f-abc1-4513-8987-65f01d3ad696', 'Y');
INSERT INTO pos.d_integration_history VALUES (1000036, 1000004, 0, 1000035, '2024-09-21 14:33:08.848767', 'ORG', 'PTE', 'COM', '2024-09-21 14:33:08.848767', 1000069, '2024-09-21 14:33:08.848767', 1000069, '3b6cedbb-d694-4359-a9ba-f8e8ec15d817', 'Y');
INSERT INTO pos.d_integration_history VALUES (1000037, 1000004, 0, 1000035, '2024-09-21 14:33:40.944039', 'ORG', 'PTE', 'COM', '2024-09-21 14:33:40.945042', 1000069, '2024-09-21 14:33:40.945042', 1000069, 'f086a2fc-e4ae-41ce-81f1-b83b5020bfbc', 'Y');
INSERT INTO pos.d_integration_history VALUES (1000038, 1000004, 0, 1000035, '2024-09-21 14:33:49.636985', 'ORG', 'PTE', 'COM', '2024-09-21 14:33:49.637998', 1000069, '2024-09-21 14:33:49.637998', 1000069, '03de63ac-e1f9-40e7-8746-b5cbae999932', 'Y');
INSERT INTO pos.d_integration_history VALUES (1000039, 1000004, 0, 1000035, '2024-09-21 14:33:56.614742', 'ORG', 'PTE', 'COM', '2024-09-21 14:33:56.616309', 1000069, '2024-09-21 14:33:56.616309', 1000069, '24cc1145-7598-4be2-bb0d-fca76f036c5d', 'Y');
INSERT INTO pos.d_integration_history VALUES (1000040, 1000004, 0, 1000035, '2024-09-21 14:34:47.133468', 'ORG', 'PTE', 'COM', '2024-09-21 14:34:47.133468', 1000069, '2024-09-21 14:34:47.133468', 1000069, '263b1aab-c426-42a2-b83f-62cc25965d7c', 'Y');
INSERT INTO pos.d_integration_history VALUES (1000041, 1000004, 0, 1000035, '2024-09-21 16:21:22.415013', 'PTM', 'PTE', 'COM', '2024-09-21 16:21:22.43503', 1000069, '2024-09-21 16:21:22.43503', 1000069, 'd9a318f6-4613-4e45-989a-bf9e53c9f6ab', 'Y');
INSERT INTO pos.d_integration_history VALUES (1000042, 1000004, 0, 1000035, '2024-09-21 16:27:18.729772', 'PTM', 'PTE', 'COM', '2024-09-21 16:27:18.752773', 1000069, '2024-09-21 16:27:18.752773', 1000069, '5564007e-bf71-4ad2-a89e-6b1645ee1438', 'Y');
INSERT INTO pos.d_integration_history VALUES (1000043, 1000004, 0, 1000035, '2024-09-22 15:08:42.145173', 'FLO', 'ETP', 'COM', '2024-09-22 15:08:42.238196', 1000069, '2024-09-22 15:08:42.238196', 1000069, 'b0ba52bc-b112-4bdf-8a42-4c0dbf1143f1', 'Y');
INSERT INTO pos.d_integration_history VALUES (1000044, 1000004, 0, 1000035, '2024-09-22 17:13:20.868453', 'TBL', 'ETP', 'COM', '2024-09-22 17:13:20.910776', 1000069, '2024-09-22 17:13:20.910776', 1000069, 'f1caa89d-c928-4779-862e-8950a4271ae3', 'Y');
INSERT INTO pos.d_integration_history VALUES (1000045, 1000004, 0, 1000035, '2024-09-22 17:14:02.100533', 'TBL', 'ETP', 'COM', '2024-09-22 17:14:02.100533', 1000069, '2024-09-22 17:14:02.100533', 1000069, '7bef816b-7201-497e-ac38-4fc56b27a3a9', 'Y');
INSERT INTO pos.d_integration_history VALUES (1000046, 1000004, 0, 1000035, '2024-09-25 00:15:58.668509', 'CAV', 'ETP', 'COM', '2024-09-25 00:15:58.685123', 1000069, '2024-09-25 00:15:58.685123', 1000069, '596dceba-d5a6-4f56-91f8-b1c13b4346e0', 'Y');
INSERT INTO pos.d_integration_history VALUES (1000047, 1000004, 0, 1000035, '2024-09-25 08:33:21.838997', 'PCG', 'ETP', 'COM', '2024-09-25 08:33:21.983962', 1000069, '2024-09-25 08:33:21.983962', 1000069, 'ab18146f-e645-44fd-b234-01c69916d25d', 'Y');
INSERT INTO pos.d_integration_history VALUES (1000048, 1000004, 0, 1000035, '2024-09-25 08:35:41.906208', 'CAV', 'ETP', 'COM', '2024-09-25 08:35:41.906208', 1000069, '2024-09-25 08:35:41.906208', 1000069, 'c0fe184e-42d7-489d-83f8-4c9d3ddf42d4', 'Y');
INSERT INTO pos.d_integration_history VALUES (1000049, 1000004, 0, 1000035, '2024-09-25 08:51:39.3259', 'PCG', 'ETP', 'COM', '2024-09-25 08:51:39.344541', 1000069, '2024-09-25 08:51:39.344541', 1000069, '2bdfe0cc-d79c-4c54-83fa-d80a02c0c6a8', 'Y');
INSERT INTO pos.d_integration_history VALUES (1000050, 1000004, 0, 1000035, '2024-09-25 08:55:00.201238', 'PCG', 'ETP', 'COM', '2024-09-25 08:55:00.201238', 1000069, '2024-09-25 08:55:00.201238', 1000069, 'e2b8cb17-6eb8-4a37-b669-753c295f7069', 'Y');
INSERT INTO pos.d_integration_history VALUES (1000051, 1000004, 0, 1000035, '2024-09-25 08:56:18.907216', 'PCG', 'ETP', 'COM', '2024-09-25 08:56:18.908216', 1000069, '2024-09-25 08:56:18.908216', 1000069, '4401c622-36ff-4238-bf23-cbe8ddd78a16', 'Y');
INSERT INTO pos.d_integration_history VALUES (1000052, 1000004, 0, 1000035, '2024-09-25 08:59:11.246064', 'PCG', 'ETP', 'COM', '2024-09-25 08:59:11.246064', 1000069, '2024-09-25 08:59:11.246064', 1000069, '712eba57-6c12-4db4-b960-38f10d751f4d', 'Y');
INSERT INTO pos.d_integration_history VALUES (1000053, 1000004, 0, 1000035, '2024-09-25 09:01:24.550521', 'PCG', 'ETP', 'COM', '2024-09-25 09:01:24.551517', 1000069, '2024-09-25 09:01:24.551517', 1000069, 'ca465cdb-f504-49b4-a0a8-8579bfda6bd2', 'Y');
INSERT INTO pos.d_integration_history VALUES (1000054, 1000004, 0, 1000035, '2024-09-25 09:02:18.020192', 'PCG', 'ETP', 'COM', '2024-09-25 09:02:18.021207', 1000069, '2024-09-25 09:02:18.021207', 1000069, 'cefade2a-974b-4be5-81ef-5eb482642299', 'Y');
INSERT INTO pos.d_integration_history VALUES (1000055, 1000004, 0, 1000035, '2024-09-25 09:05:32.971088', 'PCG', 'ETP', 'COM', '2024-09-25 09:05:32.971088', 1000069, '2024-09-25 09:05:32.971088', 1000069, '8953d9fb-68d5-4fcd-8531-d1554951eb62', 'Y');
INSERT INTO pos.d_integration_history VALUES (1000056, 1000004, 0, 1000035, '2024-09-25 23:20:28.61118', 'CUS', 'ETP', 'COM', '2024-09-25 23:20:28.666532', 1000069, '2024-09-25 23:20:28.666532', 1000069, '92bb39ce-8a00-43a8-9706-d23828ae6b7d', 'Y');
INSERT INTO pos.d_integration_history VALUES (1000057, 1000004, 0, 1000035, '2024-09-25 23:50:00.106608', 'PCG', 'ETP', 'COM', '2024-09-25 23:50:00.115662', 1000069, '2024-09-25 23:50:00.115662', 1000069, '066cf45a-3c0d-41f2-80cc-79094d0920f3', 'Y');
INSERT INTO pos.d_integration_history VALUES (1000058, 1000004, 0, 1000035, '2024-09-25 23:51:04.28468', 'PCG', 'ETP', 'COM', '2024-09-25 23:51:04.28468', 1000069, '2024-09-25 23:51:04.28468', 1000069, '6f0c4d31-cf0d-48ba-a2fe-2301688b2a5c', 'Y');
INSERT INTO pos.d_integration_history VALUES (1000059, 1000004, 0, 1000035, '2024-09-25 23:55:40.684004', 'PCG', 'ETP', 'COM', '2024-09-25 23:55:40.685003', 1000069, '2024-09-25 23:55:40.685003', 1000069, '29826941-147d-4382-9925-2ec703f6201d', 'Y');
INSERT INTO pos.d_integration_history VALUES (1000060, 1000004, 0, 1000035, '2024-09-25 23:56:53.032591', 'PCG', 'ETP', 'COM', '2024-09-25 23:56:53.032591', 1000069, '2024-09-25 23:56:53.032591', 1000069, '76e9c282-0ef8-4114-9ad4-28a2d1a05bc5', 'Y');
INSERT INTO pos.d_integration_history VALUES (1000061, 1000004, 0, 1000035, '2024-09-26 00:00:13.96601', 'PCG', 'ETP', 'COM', '2024-09-26 00:00:13.96701', 1000069, '2024-09-26 00:00:13.96701', 1000069, '8bd6c406-92b5-4907-8cd5-064a57baa2af', 'Y');
INSERT INTO pos.d_integration_history VALUES (1000062, 1000004, 0, 1000035, '2024-09-26 00:34:09.904397', 'PCG', 'ETP', 'COM', '2024-09-26 00:34:09.905396', 1000069, '2024-09-26 00:34:09.905396', 1000069, '1763e4b0-2dec-43a2-83b4-65cf240f79b2', 'Y');
INSERT INTO pos.d_integration_history VALUES (1000063, 1000004, 0, 1000070, '2024-09-26 22:32:36.998238', 'ORG', 'ETP', 'COM', '2024-09-26 22:32:37.017692', 1000066, '2024-09-26 22:32:37.017693', 1000066, '21d15f4b-e9f4-448f-a48d-b94c6e5ff694', 'Y');
INSERT INTO pos.d_integration_history VALUES (1000064, 1000004, 0, 1000070, '2024-09-26 22:33:25.908952', 'ORG', 'ETP', 'COM', '2024-09-26 22:33:25.909436', 1000066, '2024-09-26 22:33:25.909436', 1000066, '899ba9a4-2417-4b5a-873b-ef61393fa423', 'Y');
INSERT INTO pos.d_integration_history VALUES (1000065, 1000004, 0, 1000070, '2024-09-27 00:51:30.644348', 'PCG', 'ETP', 'COM', '2024-09-27 00:51:30.645117', 1000066, '2024-09-27 00:51:30.645117', 1000066, '573cbf84-e4eb-4b8a-bc75-facda0144d11', 'Y');
INSERT INTO pos.d_integration_history VALUES (1000066, 1000004, 0, 1000070, '2024-09-27 09:44:51.193674', 'ORG', 'ETP', 'COM', '2024-09-27 09:44:51.19493', 1000066, '2024-09-27 09:44:51.19493', 1000066, 'd486ce9c-26d2-4fd9-83c9-e8457b7f8729', 'Y');
INSERT INTO pos.d_integration_history VALUES (1000067, 1000004, 0, 1000070, '2024-09-27 09:51:37.333407', 'ORG', 'ETP', 'COM', '2024-09-27 09:51:37.333897', 1000066, '2024-09-27 09:51:37.333897', 1000066, 'fe6f72f7-7e82-4bf4-90cb-f9242235d872', 'Y');
INSERT INTO pos.d_integration_history VALUES (1000068, 1000004, 0, 1000070, '2024-09-27 09:54:34.724688', 'ORG', 'ETP', 'COM', '2024-09-27 09:54:34.725086', 1000066, '2024-09-27 09:54:34.725086', 1000066, '8aaf5918-f7a7-483d-b4b6-af5d531e34b7', 'Y');


--
-- TOC entry 5397 (class 0 OID 385587)
-- Dependencies: 234
-- Data for Name: d_invoice; Type: TABLE DATA; Schema: pos; Owner: -
--

INSERT INTO pos.d_invoice VALUES (1000014, 1000002, 1000001, 1000010, NULL, 1000016, '000', '2024-07-25', 0, 13, NULL, NULL, NULL, NULL, NULL, NULL, NULL, 'CO', '2024-07-25 03:16:30.856553', 1000037, '2024-07-25 03:16:30.856553', 1000037, '2e082a58-09d2-473c-8c5a-07c4e55e5a55', NULL, 1000037, NULL, NULL, NULL, NULL, NULL, NULL, NULL, 'Y', NULL);
INSERT INTO pos.d_invoice VALUES (1000015, 1000002, 1000001, 1000010, NULL, 1000017, '000', '2024-07-25', 0, 13, NULL, NULL, NULL, NULL, NULL, NULL, NULL, 'CO', '2024-07-25 04:16:13.441366', 1000037, '2024-07-25 04:16:13.441366', 1000037, 'dece18f0-bc5b-4294-ad2d-1c31a5fece4a', NULL, 1000037, NULL, NULL, NULL, NULL, NULL, NULL, NULL, 'Y', NULL);
INSERT INTO pos.d_invoice VALUES (1000016, 1000002, 1000001, 1000010, NULL, 1000019, '000', '2024-07-29', 0, 13, NULL, NULL, NULL, NULL, NULL, NULL, NULL, 'CO', '2024-07-29 04:38:20.403633', 1000037, '2024-07-29 04:38:20.403633', 1000037, 'b8439dee-e9b7-4b76-bbfa-2c5a500ebe8b', NULL, 1000037, NULL, NULL, NULL, NULL, NULL, NULL, NULL, 'Y', NULL);
INSERT INTO pos.d_invoice VALUES (1000024, 1000002, 1000001, 1000010, NULL, 1000016, '000', '2024-07-29', 0, 13, NULL, 'Test', 'Test', 'Test', 'Test', 'Test', 150000, 'CO', '2024-07-29 05:18:39.048618', 1000037, '2024-07-29 05:18:39.048618', 1000037, 'c8d7a546-9ec5-48ef-a782-a594890d15d0', NULL, 1000037, NULL, 'Test', 'Test', 'Test', 'Test', 'Test', 'Test', 'Y', NULL);
INSERT INTO pos.d_invoice VALUES (1000029, 1000002, 1000001, 1000010, NULL, 1000023, '000', '2024-07-30', 0, 13, NULL, NULL, NULL, NULL, NULL, NULL, NULL, 'CO', '2024-07-30 03:16:46.12524', 1000037, '2024-07-30 03:16:46.12524', 1000037, 'f077a141-a21b-496b-ae87-446424e14780', NULL, 1000037, NULL, NULL, NULL, NULL, NULL, NULL, NULL, 'Y', NULL);
INSERT INTO pos.d_invoice VALUES (1000030, 1000002, 1000001, 1000010, NULL, 1000024, '000', '2024-07-30', 0, 13, NULL, NULL, NULL, NULL, NULL, NULL, NULL, 'CO', '2024-07-30 03:24:35.526937', 1000037, '2024-07-30 03:24:35.526937', 1000037, '43a2b03d-3dfe-4731-912f-0d3d587b7e44', NULL, 1000037, NULL, NULL, NULL, NULL, NULL, NULL, NULL, 'Y', NULL);
INSERT INTO pos.d_invoice VALUES (1000031, 1000002, 1000001, 1000010, NULL, 1000025, '000', '2024-07-30', 0, 13, NULL, NULL, NULL, NULL, NULL, NULL, NULL, 'CO', '2024-07-30 03:25:08.130968', 1000037, '2024-07-30 03:25:08.130968', 1000037, '36f94e5d-1edf-45d3-b58c-fe7467369bed', NULL, 1000037, NULL, NULL, NULL, NULL, NULL, NULL, NULL, 'Y', NULL);
INSERT INTO pos.d_invoice VALUES (1000032, 1000002, 1000001, 1000010, NULL, 1000027, '000', '2024-07-31', 0, 13, NULL, NULL, NULL, NULL, NULL, NULL, NULL, 'CO', '2024-07-31 10:56:36.01942', 1000037, '2024-07-31 10:56:36.019425', 1000037, '4d6b4033-c1b2-4de0-9d5a-d91adf4a81da', NULL, 1000037, NULL, NULL, NULL, NULL, NULL, NULL, NULL, 'Y', NULL);
INSERT INTO pos.d_invoice VALUES (1000033, 1000002, 1000001, 1000010, NULL, 1000028, '000', '2024-07-31', 0, 13, NULL, NULL, NULL, NULL, NULL, NULL, NULL, 'CO', '2024-07-31 10:59:26.978306', 1000037, '2024-07-31 10:59:26.978308', 1000037, '91cc03af-7393-4e63-ab26-4726eb8b8b47', NULL, 1000037, NULL, NULL, NULL, NULL, NULL, NULL, NULL, 'Y', NULL);
INSERT INTO pos.d_invoice VALUES (1000034, 1000003, 1000001, 1000010, NULL, 1000029, '000', '2024-08-09', 0, 13, NULL, NULL, NULL, NULL, NULL, NULL, NULL, 'CO', '2024-08-09 15:03:53.322346', 1000068, '2024-08-09 15:03:53.32235', 1000068, '58ca5627-ec63-4260-a93c-ddbbec3d5880', NULL, 1000068, NULL, NULL, NULL, NULL, NULL, NULL, NULL, 'Y', NULL);
INSERT INTO pos.d_invoice VALUES (1000037, 1000004, 1000016, 1000010, NULL, 1000032, '000', '2024-08-09', 0, 13, NULL, NULL, NULL, NULL, NULL, NULL, NULL, 'CO', '2024-08-10 10:00:52.614626', 1000069, '2024-08-10 10:00:52.614629', 1000069, '24432e4f-3b49-4f8d-bcfd-c3829c2ecf7c', NULL, 1000069, NULL, NULL, NULL, NULL, NULL, NULL, NULL, 'Y', NULL);
INSERT INTO pos.d_invoice VALUES (1000038, 1000004, 1000016, 1000010, NULL, 1000033, '000', '2024-08-09', 0, 13, NULL, NULL, NULL, NULL, NULL, NULL, NULL, 'CO', '2024-08-10 10:00:53.034217', 1000069, '2024-08-10 10:00:53.034219', 1000069, '849fb228-c1a5-435d-aa8b-9cd2ff17e923', NULL, 1000069, NULL, NULL, NULL, NULL, NULL, NULL, NULL, 'Y', NULL);
INSERT INTO pos.d_invoice VALUES (1000039, 1000004, 1000016, 1000010, NULL, 1000034, '000', '2024-08-09', 0, 13, NULL, NULL, NULL, NULL, NULL, NULL, NULL, 'CO', '2024-08-10 10:58:37.699129', 1000069, '2024-08-10 10:58:37.69913', 1000069, 'd8b9e3b2-1c55-4db7-8078-fb8b9cc5c4e7', NULL, 1000069, NULL, NULL, NULL, NULL, NULL, NULL, NULL, 'Y', NULL);
INSERT INTO pos.d_invoice VALUES (1000040, 1000004, 1000016, 1000010, NULL, 1000035, '000', '2024-08-09', 0, 13, NULL, NULL, NULL, NULL, NULL, NULL, NULL, 'CO', '2024-08-10 11:43:05.110472', 1000069, '2024-08-10 11:43:05.110474', 1000069, 'b5f989b1-8dce-4b7c-b969-f3a90d2fdb4d', NULL, 1000069, NULL, NULL, NULL, NULL, NULL, NULL, NULL, 'Y', NULL);
INSERT INTO pos.d_invoice VALUES (1000041, 1000004, 1000016, 1000010, NULL, 1000036, '000', '2024-08-12', 0, 13, NULL, NULL, NULL, NULL, NULL, NULL, NULL, 'CO', '2024-08-12 10:04:55.802837', 1000069, '2024-08-12 10:04:55.802842', 1000069, 'c2942316-d290-41f4-a236-43d293bfd36f', NULL, 1000069, NULL, NULL, NULL, NULL, NULL, NULL, NULL, 'Y', NULL);
INSERT INTO pos.d_invoice VALUES (1000042, 1000004, 1000016, 1000010, NULL, 1000037, '000', '2024-08-12', 0, 13, NULL, NULL, NULL, NULL, NULL, NULL, NULL, 'CO', '2024-08-12 10:10:48.4353', 1000069, '2024-08-12 10:10:48.435302', 1000069, '47361e0d-0b65-4170-bd94-23debd23fd7d', NULL, 1000069, NULL, NULL, NULL, NULL, NULL, NULL, NULL, 'Y', NULL);
INSERT INTO pos.d_invoice VALUES (1000043, 1000004, 1000016, 1000010, NULL, 1000038, '000', '2024-08-12', 0, 13, NULL, NULL, NULL, NULL, NULL, NULL, NULL, 'CO', '2024-08-12 10:11:12.677795', 1000069, '2024-08-12 10:11:12.677796', 1000069, '91e1dd65-dfc8-45ed-b21a-70b893eb7d14', NULL, 1000069, NULL, NULL, NULL, NULL, NULL, NULL, NULL, 'Y', NULL);
INSERT INTO pos.d_invoice VALUES (1000044, 1000004, 1000016, 1000010, NULL, 1000039, '000', '2024-08-12', 0, 13, NULL, NULL, NULL, NULL, NULL, NULL, NULL, 'CO', '2024-08-12 10:19:11.092536', 1000069, '2024-08-12 10:19:11.092538', 1000069, '60fa5c93-2bea-48aa-be7d-c583e7c25d61', NULL, 1000069, NULL, NULL, NULL, NULL, NULL, NULL, NULL, 'Y', NULL);
INSERT INTO pos.d_invoice VALUES (1000045, 1000004, 1000016, 1000010, NULL, 1000040, '000', '2024-08-12', 0, 13, NULL, NULL, NULL, NULL, NULL, NULL, NULL, 'CO', '2024-08-12 10:23:20.069688', 1000069, '2024-08-12 10:23:20.06969', 1000069, '76500cad-74e4-4f6f-8f5c-81854d51f8e3', NULL, 1000069, NULL, NULL, NULL, NULL, NULL, NULL, NULL, 'Y', NULL);
INSERT INTO pos.d_invoice VALUES (1000046, 1000004, 1000016, 1000010, NULL, 1000041, '000', '2024-08-12', 0, 13, NULL, NULL, NULL, NULL, NULL, NULL, NULL, 'CO', '2024-08-12 10:29:07.64286', 1000069, '2024-08-12 10:29:07.642862', 1000069, '7a3335ff-86f2-430f-8fb0-3ce0b96d36c4', NULL, 1000069, NULL, NULL, NULL, NULL, NULL, NULL, NULL, 'Y', NULL);
INSERT INTO pos.d_invoice VALUES (1000047, 1000004, 1000016, 1000010, NULL, 1000042, '000', '2024-08-12', 0, 13, NULL, NULL, NULL, NULL, NULL, NULL, NULL, 'CO', '2024-08-12 10:29:38.133544', 1000069, '2024-08-12 10:29:38.133546', 1000069, '18158ad0-cea8-464d-a130-9f6cf35f2246', NULL, 1000069, NULL, NULL, NULL, NULL, NULL, NULL, NULL, 'Y', NULL);
INSERT INTO pos.d_invoice VALUES (1000048, 1000004, 1000016, 1000010, NULL, 1000043, '000', '2024-08-12', 0, 13, NULL, NULL, NULL, NULL, NULL, NULL, NULL, 'CO', '2024-08-12 10:33:26.311555', 1000069, '2024-08-12 10:33:26.311556', 1000069, '7eda6c50-a467-46d1-9d34-cbe90c64564a', NULL, 1000069, NULL, NULL, NULL, NULL, NULL, NULL, NULL, 'Y', NULL);
INSERT INTO pos.d_invoice VALUES (1000049, 1000004, 1000016, 1000010, NULL, 1000044, '000', '2024-08-12', 0, 13, NULL, NULL, NULL, NULL, NULL, NULL, NULL, 'CO', '2024-08-12 10:36:41.522222', 1000069, '2024-08-12 10:36:41.522224', 1000069, '49630455-cf4b-4d48-a7fb-53366226e569', NULL, 1000069, NULL, NULL, NULL, NULL, NULL, NULL, NULL, 'Y', NULL);
INSERT INTO pos.d_invoice VALUES (1000050, 1000004, 1000016, 1000010, NULL, 1000045, '000', '2024-08-12', 0, 13, NULL, NULL, NULL, NULL, NULL, NULL, NULL, 'CO', '2024-08-12 10:38:20.315314', 1000069, '2024-08-12 10:38:20.315316', 1000069, '013b087a-e616-437f-8884-b179dd239c0c', NULL, 1000069, NULL, NULL, NULL, NULL, NULL, NULL, NULL, 'Y', NULL);
INSERT INTO pos.d_invoice VALUES (1000051, 1000004, 1000016, 1000010, NULL, 1000046, '000', '2024-08-12', 0, 13, NULL, NULL, NULL, NULL, NULL, NULL, NULL, 'CO', '2024-08-12 10:44:29.378386', 1000069, '2024-08-12 10:44:29.378387', 1000069, '386f515e-2f9c-4d1b-a2ac-2ed9f5331131', NULL, 1000069, NULL, NULL, NULL, NULL, NULL, NULL, NULL, 'Y', NULL);
INSERT INTO pos.d_invoice VALUES (1000052, 1000004, 1000016, 1000010, NULL, 1000047, '000', '2024-08-12', 0, 13, NULL, NULL, NULL, NULL, NULL, NULL, NULL, 'CO', '2024-08-12 10:50:23.537054', 1000069, '2024-08-12 10:50:23.537056', 1000069, 'b3dc6d68-9b48-4055-8d2b-5cc857f0b52d', NULL, 1000069, NULL, NULL, NULL, NULL, NULL, NULL, NULL, 'Y', NULL);
INSERT INTO pos.d_invoice VALUES (1000053, 1000004, 1000016, 1000010, NULL, 1000048, '000', '2024-08-12', 0, 13, NULL, NULL, NULL, NULL, NULL, NULL, NULL, 'CO', '2024-08-12 10:51:02.644781', 1000069, '2024-08-12 10:51:02.644783', 1000069, '34d20e5d-44e7-4b51-810d-4ff56a2b9f40', NULL, 1000069, NULL, NULL, NULL, NULL, NULL, NULL, NULL, 'Y', NULL);
INSERT INTO pos.d_invoice VALUES (1000054, 1000004, 1000016, 1000010, NULL, 1000049, '000', '2024-08-12', 0, 13, NULL, NULL, NULL, NULL, NULL, NULL, NULL, 'CO', '2024-08-12 10:55:36.694081', 1000069, '2024-08-12 10:55:36.694083', 1000069, 'c7983ea4-e15a-46d0-80bd-30785e14f0b8', NULL, 1000069, NULL, NULL, NULL, NULL, NULL, NULL, NULL, 'Y', NULL);
INSERT INTO pos.d_invoice VALUES (1000055, 1000004, 1000016, 1000010, NULL, 1000050, '000', '2024-08-12', 0, 13, NULL, NULL, NULL, NULL, NULL, NULL, NULL, 'CO', '2024-08-12 10:57:12.962378', 1000069, '2024-08-12 10:57:12.96238', 1000069, 'abe731e0-8669-40f2-a833-59cc4f5077a7', NULL, 1000069, NULL, NULL, NULL, NULL, NULL, NULL, NULL, 'Y', NULL);
INSERT INTO pos.d_invoice VALUES (1000056, 1000004, 1000016, 1000010, NULL, 1000051, '000', '2024-08-12', 0, 13, NULL, NULL, NULL, NULL, NULL, NULL, NULL, 'CO', '2024-08-12 10:57:29.700396', 1000069, '2024-08-12 10:57:29.700397', 1000069, 'd6ec9808-b2b0-499c-9442-81c058b47ac9', NULL, 1000069, NULL, NULL, NULL, NULL, NULL, NULL, NULL, 'Y', NULL);
INSERT INTO pos.d_invoice VALUES (1000057, 1000004, 1000016, 1000010, NULL, 1000052, '000', '2024-08-12', 0, 13, NULL, NULL, NULL, NULL, NULL, NULL, NULL, 'CO', '2024-08-12 10:58:53.817981', 1000069, '2024-08-12 10:58:53.817982', 1000069, 'f4863b31-ee18-4eac-9b18-7456a039b65e', NULL, 1000069, NULL, NULL, NULL, NULL, NULL, NULL, NULL, 'Y', NULL);
INSERT INTO pos.d_invoice VALUES (1000058, 1000004, 1000016, 1000010, NULL, 1000053, '000', '2024-08-12', 0, 13, NULL, NULL, NULL, NULL, NULL, NULL, NULL, 'CO', '2024-08-12 10:59:07.960477', 1000069, '2024-08-12 10:59:07.960478', 1000069, 'a91bfa3a-845f-4789-8ad1-e2578ff05687', NULL, 1000069, NULL, NULL, NULL, NULL, NULL, NULL, NULL, 'Y', NULL);
INSERT INTO pos.d_invoice VALUES (1000059, 1000004, 1000016, 1000010, NULL, 1000054, '000', '2024-08-12', 0, 13, NULL, NULL, NULL, NULL, NULL, NULL, NULL, 'CO', '2024-08-12 11:01:04.063071', 1000069, '2024-08-12 11:01:04.063071', 1000069, 'c84d5e77-c3c9-4242-befa-e94a93d63ace', NULL, 1000069, NULL, NULL, NULL, NULL, NULL, NULL, NULL, 'Y', NULL);
INSERT INTO pos.d_invoice VALUES (1000060, 1000004, 1000016, 1000010, NULL, 1000055, '000', '2024-08-12', 0, 13, NULL, NULL, NULL, NULL, NULL, NULL, NULL, 'CO', '2024-08-12 11:01:52.026284', 1000069, '2024-08-12 11:01:52.026285', 1000069, '9a3e6f7b-b482-4831-a75d-876d9c4f8969', NULL, 1000069, NULL, NULL, NULL, NULL, NULL, NULL, NULL, 'Y', NULL);
INSERT INTO pos.d_invoice VALUES (1000061, 1000004, 1000016, 1000010, NULL, 1000056, '000', '2024-08-12', 0, 13, NULL, NULL, NULL, NULL, NULL, NULL, NULL, 'CO', '2024-08-12 11:07:40.208311', 1000069, '2024-08-12 11:07:40.208311', 1000069, '08142c16-f744-4457-8a11-b22e0b921f2a', NULL, 1000069, NULL, NULL, NULL, NULL, NULL, NULL, NULL, 'Y', NULL);
INSERT INTO pos.d_invoice VALUES (1000062, 1000004, 1000016, 1000010, NULL, 1000057, '000', '2024-08-12', 0, 13, NULL, NULL, NULL, NULL, NULL, NULL, NULL, 'CO', '2024-08-12 11:09:02.017672', 1000069, '2024-08-12 11:09:02.017672', 1000069, '932b6082-67b1-42fb-a4c3-c0266a9b201c', NULL, 1000069, NULL, NULL, NULL, NULL, NULL, NULL, NULL, 'Y', NULL);
INSERT INTO pos.d_invoice VALUES (1000063, 1000004, 1000016, 1000010, NULL, 1000058, '000', '2024-08-12', 0, 13, NULL, NULL, NULL, NULL, NULL, NULL, NULL, 'CO', '2024-08-12 11:09:15.127233', 1000069, '2024-08-12 11:09:15.127234', 1000069, '5fa9f106-79a2-4d1d-a60f-180ac02cd09e', NULL, 1000069, NULL, NULL, NULL, NULL, NULL, NULL, NULL, 'Y', NULL);
INSERT INTO pos.d_invoice VALUES (1000064, 1000004, 1000016, 1000010, NULL, 1000059, '000', '2024-08-12', 0, 13, NULL, NULL, NULL, NULL, NULL, NULL, NULL, 'CO', '2024-08-12 11:09:57.420731', 1000069, '2024-08-12 11:09:57.420731', 1000069, '19af47bf-2455-47c3-8f87-d42cc773c337', NULL, 1000069, NULL, NULL, NULL, NULL, NULL, NULL, NULL, 'Y', NULL);
INSERT INTO pos.d_invoice VALUES (1000065, 1000004, 1000016, 1000010, NULL, 1000060, '000', '2024-08-12', 0, 13, NULL, NULL, NULL, NULL, NULL, NULL, NULL, 'CO', '2024-08-12 11:10:42.929478', 1000069, '2024-08-12 11:10:42.929479', 1000069, 'b21860b8-5624-4dd3-b0bb-68515515c78a', NULL, 1000069, NULL, NULL, NULL, NULL, NULL, NULL, NULL, 'Y', NULL);
INSERT INTO pos.d_invoice VALUES (1000066, 1000004, 1000016, 1000010, NULL, 1000061, '000', '2024-08-12', 0, 13, NULL, NULL, NULL, NULL, NULL, NULL, NULL, 'CO', '2024-08-12 11:11:01.810761', 1000069, '2024-08-12 11:11:01.810762', 1000069, '756710e6-e5b4-4eac-9456-071529c97987', NULL, 1000069, NULL, NULL, NULL, NULL, NULL, NULL, NULL, 'Y', NULL);
INSERT INTO pos.d_invoice VALUES (1000067, 1000004, 1000016, 1000010, NULL, 1000062, '000', '2024-08-12', 0, 13, NULL, NULL, NULL, NULL, NULL, NULL, NULL, 'CO', '2024-08-12 11:15:13.727484', 1000069, '2024-08-12 11:15:13.727484', 1000069, 'f8577921-7bbd-43d1-a263-9152055e0a84', NULL, 1000069, NULL, NULL, NULL, NULL, NULL, NULL, NULL, 'Y', NULL);
INSERT INTO pos.d_invoice VALUES (1000068, 1000004, 1000016, 1000010, NULL, 1000063, '000', '2024-08-12', 0, 13, NULL, NULL, NULL, NULL, NULL, NULL, NULL, 'CO', '2024-08-12 11:18:34.790504', 1000069, '2024-08-12 11:18:34.790505', 1000069, 'e2e6fafd-36f6-456e-beef-6554511eca6f', NULL, 1000069, NULL, NULL, NULL, NULL, NULL, NULL, NULL, 'Y', NULL);
INSERT INTO pos.d_invoice VALUES (1000069, 1000004, 1000016, 1000010, NULL, 1000064, '000', '2024-08-12', 0, 13, NULL, NULL, NULL, NULL, NULL, NULL, NULL, 'CO', '2024-08-12 14:35:56.10608', 1000069, '2024-08-12 14:35:56.106081', 1000069, '9f0b9731-4c15-452c-9bcf-e337239fa9e4', NULL, 1000069, NULL, NULL, NULL, NULL, NULL, NULL, NULL, 'Y', NULL);
INSERT INTO pos.d_invoice VALUES (1000070, 1000004, 1000016, 1000010, NULL, 1000065, '000', '2024-08-12', 0, 13, NULL, NULL, NULL, NULL, NULL, NULL, NULL, 'CO', '2024-08-12 22:44:34.085045', 1000069, '2024-08-12 22:44:34.085046', 1000069, 'e6246688-d6f6-451b-ab1c-ae709bb32b57', NULL, 1000069, NULL, NULL, NULL, NULL, NULL, NULL, NULL, 'Y', NULL);
INSERT INTO pos.d_invoice VALUES (1000071, 1000004, 1000016, 1000010, NULL, 1000066, '000', '2024-08-12', 0, 13, NULL, NULL, NULL, NULL, NULL, NULL, NULL, 'CO', '2024-08-13 18:43:45.12981', 1000069, '2024-08-13 18:43:45.129811', 1000069, '0699f939-a816-4675-87cd-b6408d1789a7', NULL, 1000069, NULL, NULL, NULL, NULL, NULL, NULL, NULL, 'Y', NULL);
INSERT INTO pos.d_invoice VALUES (1000072, 1000004, 1000016, 1000010, NULL, 1000067, '000', '2024-08-12', 0, 13, NULL, NULL, NULL, NULL, NULL, NULL, NULL, 'CO', '2024-08-14 11:24:37.323779', 1000069, '2024-08-14 11:24:37.32378', 1000069, 'dc13bc97-ad83-4fb4-b9e0-6fb213a211c9', NULL, 1000069, NULL, NULL, NULL, NULL, NULL, NULL, NULL, 'Y', NULL);
INSERT INTO pos.d_invoice VALUES (1000073, 1000004, 1000016, 1000010, NULL, 1000068, '000', '2024-08-12', 0, 13, NULL, NULL, NULL, NULL, NULL, NULL, NULL, 'CO', '2024-08-14 11:26:10.288647', 1000069, '2024-08-14 11:26:10.288648', 1000069, '70821aec-e6a4-4ff8-8117-1aaf96d1cac2', NULL, 1000069, NULL, NULL, NULL, NULL, NULL, NULL, NULL, 'Y', NULL);
INSERT INTO pos.d_invoice VALUES (1000074, 1000004, 1000016, 1000010, NULL, 1000069, '000', '2024-08-12', 0, 13, NULL, NULL, NULL, NULL, NULL, NULL, NULL, 'CO', '2024-08-14 11:27:04.413018', 1000069, '2024-08-14 11:27:04.413019', 1000069, 'd9ffb404-da6d-4fa6-9423-43e0833aa69b', NULL, 1000069, NULL, NULL, NULL, NULL, NULL, NULL, NULL, 'Y', NULL);
INSERT INTO pos.d_invoice VALUES (1000075, 1000004, 1000016, 1000010, NULL, 1000070, '000', '2024-08-12', 0, 13, NULL, NULL, NULL, NULL, NULL, NULL, NULL, 'CO', '2024-08-14 23:12:30.297126', 1000069, '2024-08-14 23:12:30.297126', 1000069, 'f59f5d48-2873-40a9-872d-66839735947b', NULL, 1000069, NULL, NULL, NULL, NULL, NULL, NULL, NULL, 'Y', NULL);
INSERT INTO pos.d_invoice VALUES (1000076, 1000004, 1000016, 1000010, NULL, 1000071, '000', '2024-08-12', 0, 13, NULL, NULL, NULL, NULL, NULL, NULL, NULL, 'CO', '2024-08-15 16:14:24.148516', 1000069, '2024-08-15 16:14:24.148518', 1000069, '163ba57d-3dfa-4e4e-8d8a-92f176336688', NULL, 1000069, NULL, NULL, NULL, NULL, NULL, NULL, NULL, 'Y', NULL);
INSERT INTO pos.d_invoice VALUES (1000077, 1000004, 1000016, 1000010, NULL, 1000072, '000', '2024-08-12', 0, 13, NULL, NULL, NULL, NULL, NULL, NULL, NULL, 'CO', '2024-08-17 15:11:36.321701', 1000069, '2024-08-17 15:11:36.321703', 1000069, '4fac8601-de59-4182-8c7a-d3a6ebc0814e', NULL, 1000069, NULL, NULL, NULL, NULL, NULL, NULL, NULL, 'Y', NULL);
INSERT INTO pos.d_invoice VALUES (1000078, 1000004, 1000016, 1000010, NULL, 1000073, '000', '2024-08-24', 0, 13, NULL, NULL, NULL, NULL, NULL, NULL, NULL, 'CO', '2024-08-24 12:12:48.165933', 1000069, '2024-08-24 12:12:48.165938', 1000069, 'c50f0bfc-6241-49bb-a8d2-ffa2574577c9', NULL, 1000069, NULL, NULL, NULL, NULL, NULL, NULL, NULL, 'Y', NULL);
INSERT INTO pos.d_invoice VALUES (1000079, 1000004, 1000016, 1000010, NULL, 1000074, '000', '2024-08-26', 0, 13, NULL, NULL, NULL, NULL, NULL, NULL, NULL, 'CO', '2024-08-26 09:51:12.231926', 1000069, '2024-08-26 09:51:12.23193', 1000069, '08fff91c-fd90-4ca8-87f5-77f24c658ce0', NULL, 1000069, NULL, NULL, NULL, NULL, NULL, NULL, NULL, 'Y', NULL);
INSERT INTO pos.d_invoice VALUES (1000080, 1000004, 1000016, 1000010, NULL, 1000075, '000', '2024-08-26', 0, 13, NULL, NULL, NULL, NULL, NULL, NULL, NULL, 'CO', '2024-08-26 09:51:35.688016', 1000069, '2024-08-26 09:51:35.688018', 1000069, '07b928f5-bd9e-4abd-b63d-caa96c7fa0e0', NULL, 1000069, NULL, NULL, NULL, NULL, NULL, NULL, NULL, 'Y', NULL);
INSERT INTO pos.d_invoice VALUES (1000081, 1000004, 1000016, 1000010, NULL, 1000076, '000', '2024-08-26', 0, 13, NULL, NULL, NULL, NULL, NULL, NULL, NULL, 'CO', '2024-08-27 10:27:48.182925', 1000069, '2024-08-27 10:27:48.182928', 1000069, '26fd2e88-3fe0-4d18-99d8-6970120cc989', NULL, 1000069, NULL, NULL, NULL, NULL, NULL, NULL, NULL, 'Y', NULL);
INSERT INTO pos.d_invoice VALUES (1000082, 1000004, 1000016, 1000010, NULL, 1000077, '000', '2024-08-26', 0, 13, NULL, NULL, NULL, NULL, NULL, NULL, NULL, 'CO', '2024-08-27 12:03:16.565077', 1000069, '2024-08-27 12:03:16.565079', 1000069, '584930c2-854e-4f2d-8f70-3780a77a5644', NULL, 1000069, NULL, NULL, NULL, NULL, NULL, NULL, NULL, 'Y', NULL);
INSERT INTO pos.d_invoice VALUES (1000083, 1000004, 1000016, 1000010, NULL, 1000078, '000', '2024-08-26', 0, 13, NULL, NULL, NULL, NULL, NULL, NULL, NULL, 'CO', '2024-08-30 18:50:10.776013', 1000069, '2024-08-30 18:50:10.776384', 1000069, '34509544-a596-4310-9828-c941b6744291', NULL, 1000069, NULL, NULL, NULL, NULL, NULL, NULL, NULL, 'Y', NULL);
INSERT INTO pos.d_invoice VALUES (1000085, 1000004, 1000016, 1000085, NULL, NULL, 'AR1000084', '2024-09-08', 0, 13, NULL, NULL, NULL, NULL, NULL, NULL, NULL, 'COL', '2024-09-08 16:51:46.8167', 1000069, '2024-09-08 16:51:46.8167', 1000069, '1d2b54dc-37eb-42cc-aa67-f6d143bfc85b', 1000007, 1000042, NULL, NULL, NULL, NULL, NULL, NULL, NULL, 'Y', 1000192);
INSERT INTO pos.d_invoice VALUES (1000087, 1000004, 1000016, 1000085, NULL, NULL, 'AR1000086', '2024-09-08', 0, 13, NULL, NULL, NULL, NULL, NULL, NULL, NULL, 'COL', '2024-09-08 17:21:35.22701', 1000069, '2024-09-08 17:21:35.22701', 1000069, '3e101618-85e9-4348-b66e-4ef42702c9e3', 1000007, 1000042, NULL, NULL, NULL, NULL, NULL, NULL, NULL, 'Y', 1000194);
INSERT INTO pos.d_invoice VALUES (1000089, 1000004, 1000016, 1000085, NULL, NULL, 'AR1000088', '2024-09-08', 0, 13, NULL, NULL, NULL, NULL, NULL, NULL, NULL, 'COL', '2024-09-08 17:22:54.881396', 1000069, '2024-09-08 17:22:54.881396', 1000069, '6324993a-9c09-4bc0-91fe-c38059d10bda', 1000007, 1000042, NULL, NULL, NULL, NULL, NULL, NULL, NULL, 'Y', 1000194);
INSERT INTO pos.d_invoice VALUES (1000091, 1000004, 1000016, 1000085, NULL, NULL, 'AR1000090', '2024-09-08', 0, 13, NULL, NULL, NULL, NULL, NULL, NULL, NULL, 'COL', '2024-09-08 17:32:12.508311', 1000069, '2024-09-08 17:32:12.508311', 1000069, '7d175885-6017-46a1-a8b7-3204d69d52d5', 1000007, 1000042, NULL, NULL, NULL, NULL, NULL, NULL, NULL, 'Y', 1000194);
INSERT INTO pos.d_invoice VALUES (1000093, 1000004, 1000016, 1000085, NULL, NULL, 'AR1000092', '2024-09-08', 0, 13, NULL, NULL, NULL, NULL, NULL, NULL, NULL, 'COL', '2024-09-08 17:45:09.230645', 1000069, '2024-09-08 17:45:09.230645', 1000069, '94c62412-5a40-43a8-aebd-fdb2e35ad968', 1000007, 1000042, NULL, NULL, NULL, NULL, NULL, NULL, NULL, 'Y', 1000194);
INSERT INTO pos.d_invoice VALUES (1000095, 1000004, 1000016, 1000085, NULL, NULL, 'AR1000094', '2024-09-08', 0, 13, NULL, NULL, NULL, NULL, NULL, NULL, NULL, 'COL', '2024-09-08 17:52:41.827834', 1000069, '2024-09-08 17:52:41.827834', 1000069, '5a42ffd6-6ebc-445f-b112-c275bb918aff', 1000007, 1000042, NULL, NULL, NULL, NULL, NULL, NULL, NULL, 'Y', 1000194);
INSERT INTO pos.d_invoice VALUES (1000097, 0, 1000016, 1000085, NULL, NULL, 'AR1000096', '2024-09-08', 0, 13, NULL, NULL, NULL, NULL, NULL, NULL, NULL, 'COL', '2024-09-08 11:21:11.289679', 1000069, '2024-09-08 11:21:11.289681', 0, '2ddf9c85-de00-40d2-bdf1-628aed343f6d', 1000007, 1000042, NULL, NULL, NULL, NULL, NULL, NULL, NULL, 'Y', 1000198);
INSERT INTO pos.d_invoice VALUES (1000099, 0, 1000016, 1000085, NULL, NULL, 'AR1000098', '2024-09-09', 0, 13, NULL, NULL, NULL, NULL, NULL, NULL, NULL, 'COL', '2024-09-09 00:32:07.915488', 1000069, '2024-09-09 00:32:07.915488', 0, '29f1bdcc-30d6-4969-9eca-4a92de11adef', 1000007, 1000042, NULL, NULL, NULL, NULL, NULL, NULL, NULL, 'Y', 1000204);
INSERT INTO pos.d_invoice VALUES (1000101, 0, 1000016, 1000085, NULL, NULL, 'AR1000100', '2024-09-09', 0, 13, NULL, NULL, NULL, NULL, NULL, NULL, NULL, 'COL', '2024-09-09 00:38:21.104372', 1000069, '2024-09-09 00:38:21.104372', 0, 'f677ca8d-6658-49da-a830-2db7beff9d66', 1000007, 1000042, NULL, NULL, NULL, NULL, NULL, NULL, NULL, 'Y', 1000204);
INSERT INTO pos.d_invoice VALUES (1000103, 1000004, 1000016, 1000085, NULL, NULL, 'AR1000102', '2024-09-09', 0, 13, NULL, NULL, NULL, NULL, NULL, NULL, NULL, 'COL', '2024-09-09 00:46:56.091715', 1000069, '2024-09-09 00:46:56.091715', 0, '12eb8f0b-0141-4a2a-9d11-e7cecf3db2f9', 1000007, 1000042, NULL, NULL, NULL, NULL, NULL, NULL, NULL, 'Y', 1000204);
INSERT INTO pos.d_invoice VALUES (1000105, 1000004, 1000016, 1000085, NULL, NULL, 'AR1000104', '2024-09-09', 0, 13, NULL, NULL, NULL, NULL, NULL, NULL, NULL, 'COL', '2024-09-09 00:50:02.644718', 1000069, '2024-09-09 00:50:02.644718', 0, '73aa4f2e-a5c5-4c8b-bf2d-f00b4f20b97c', 1000007, 1000042, NULL, NULL, NULL, NULL, NULL, NULL, NULL, 'Y', 1000204);
INSERT INTO pos.d_invoice VALUES (1000107, 1000004, 1000016, 1000085, NULL, NULL, 'AR1000106', '2024-09-09', 0, 13, NULL, NULL, NULL, NULL, NULL, NULL, NULL, 'COL', '2024-09-09 00:50:58.474284', 1000069, '2024-09-09 00:50:58.474284', 0, '280eec20-58c4-46da-8713-90ac1bc9a6a7', 1000007, 1000042, NULL, NULL, NULL, NULL, NULL, NULL, NULL, 'Y', 1000204);
INSERT INTO pos.d_invoice VALUES (1000109, 1000004, 1000016, NULL, NULL, NULL, 'AR1000108', '2024-09-18', 0, 13, NULL, NULL, NULL, NULL, NULL, NULL, 2221600, 'COM', '2024-09-18 06:59:58.573626', 0, '2024-09-18 06:59:58.573626', 0, '791969ea-a160-4836-ac89-90cf8cfb0dd4', NULL, 1000042, NULL, NULL, NULL, NULL, NULL, NULL, NULL, 'Y', 1000489);
INSERT INTO pos.d_invoice VALUES (1000111, 1000004, 1000016, NULL, NULL, NULL, 'AR1000110', '2024-09-18', 0, 13, NULL, NULL, NULL, NULL, NULL, NULL, 2221600, 'COM', '2024-09-18 07:02:11.089906', 0, '2024-09-18 07:02:11.089906', 0, 'f7976095-aa3a-4265-8d05-79927ccf2e84', NULL, 1000042, NULL, NULL, NULL, NULL, NULL, NULL, NULL, 'Y', 1000489);
INSERT INTO pos.d_invoice VALUES (1000113, 1000004, 1000016, NULL, NULL, NULL, 'AR1000112', '2024-09-18', 0, 13, NULL, NULL, NULL, NULL, NULL, NULL, 2221600, 'COM', '2024-09-18 07:18:08.983625', 0, '2024-09-18 07:18:08.983626', 0, '41cc221f-c08f-4c83-931a-ff2810fe1c92', NULL, 1000042, NULL, NULL, NULL, NULL, NULL, NULL, NULL, 'Y', 1000489);
INSERT INTO pos.d_invoice VALUES (1000115, 1000004, 1000016, NULL, NULL, NULL, 'AR1000114', '2024-09-18', 0, 13, NULL, NULL, NULL, NULL, NULL, NULL, 2221600, 'COM', '2024-09-18 07:30:03.819028', 0, '2024-09-18 07:30:03.819029', 0, '103bc9b0-efec-4059-b1c0-ce4ff7cbbf9e', NULL, 1000042, NULL, NULL, NULL, NULL, NULL, NULL, NULL, 'Y', 1000489);
INSERT INTO pos.d_invoice VALUES (1000117, 1000004, 1000016, NULL, NULL, NULL, 'AR1000116', '2024-09-18', 0, 13, NULL, NULL, NULL, NULL, NULL, NULL, 2221600, 'COM', '2024-09-18 07:41:29.003662', 0, '2024-09-18 07:41:29.003662', 0, '1cc9f43d-d0b6-43ad-a980-ef716a35901e', NULL, 1000042, NULL, NULL, NULL, NULL, NULL, NULL, NULL, 'Y', 1000491);
INSERT INTO pos.d_invoice VALUES (1000119, 1000004, 1000016, NULL, NULL, NULL, 'AR1000118', '2024-09-18', 0, 13, NULL, NULL, NULL, NULL, NULL, NULL, 2221600, 'COM', '2024-09-18 08:24:09.29804', 0, '2024-09-18 08:24:09.298041', 0, '42181dfb-910b-40dc-b30d-1ef5222f2e5f', NULL, 1000042, NULL, NULL, NULL, NULL, NULL, NULL, NULL, 'Y', 1000493);
INSERT INTO pos.d_invoice VALUES (1000121, 1000004, 1000016, NULL, NULL, NULL, 'AR1000120', '2024-09-18', 0, 13, NULL, NULL, NULL, NULL, NULL, NULL, 2221600, 'COM', '2024-09-18 08:26:10.608118', 0, '2024-09-18 08:26:10.608119', 0, 'f48d4275-df97-4725-975b-2fc87a25eb70', NULL, 1000042, NULL, NULL, NULL, NULL, NULL, NULL, NULL, 'Y', 1000495);
INSERT INTO pos.d_invoice VALUES (1000123, 1000004, 1000016, NULL, NULL, NULL, 'AR1000122', '2024-09-23', 0, 13, NULL, NULL, NULL, NULL, NULL, NULL, 189000, 'COM', '2024-09-23 10:53:27.744387', 1000069, '2024-09-23 10:53:27.744387', 1000069, '99cd6152-bfe0-4eda-9acd-a5fd377ddfb9', NULL, 1000042, NULL, NULL, NULL, NULL, NULL, NULL, NULL, 'Y', 1000449);
INSERT INTO pos.d_invoice VALUES (1000125, 1000004, 1000016, NULL, NULL, NULL, 'AR1000124', '2024-09-23', 0, 13, NULL, NULL, NULL, NULL, NULL, NULL, 189000, 'COM', '2024-09-23 10:54:50.755005', 1000069, '2024-09-23 10:54:50.755005', 1000069, '3cc9a012-fc1c-44bb-b05f-0d3734c12152', NULL, 1000042, NULL, NULL, NULL, NULL, NULL, NULL, NULL, 'Y', 1000449);
INSERT INTO pos.d_invoice VALUES (1000127, 1000004, 1000016, NULL, NULL, NULL, 'AR1000126', '2024-09-23', 0, 13, NULL, NULL, NULL, NULL, NULL, NULL, 40000, 'COM', '2024-09-23 11:21:21.172009', 1000069, '2024-09-23 11:21:21.17201', 1000069, '5d00e8d4-da1d-4629-b956-c90f9d8e8bec', NULL, 1000042, NULL, NULL, NULL, NULL, NULL, NULL, NULL, 'Y', 1000417);
INSERT INTO pos.d_invoice VALUES (1000129, 1000004, 1000016, NULL, NULL, NULL, 'AR1000128', '2024-09-23', 0, 13, NULL, NULL, NULL, NULL, NULL, NULL, 60000, 'COM', '2024-09-25 14:51:15.928868', 1000069, '2024-09-25 14:51:15.92887', 1000069, 'c414d2bc-ab19-4815-8ec2-2a6c809250a8', NULL, 1000042, NULL, NULL, NULL, NULL, NULL, NULL, NULL, 'Y', 1000704);
INSERT INTO pos.d_invoice VALUES (1000131, 1000004, 1000016, NULL, NULL, NULL, 'AR1000130', '2024-09-23', 0, 13, NULL, NULL, NULL, NULL, NULL, NULL, 60000, 'COM', '2024-09-25 14:51:31.3842', 1000069, '2024-09-25 14:51:31.384201', 1000069, '4663c865-3c52-4caf-8c89-420cb08612e7', NULL, 1000070, NULL, NULL, NULL, NULL, NULL, NULL, NULL, 'Y', 1000704);
INSERT INTO pos.d_invoice VALUES (1000133, 1000004, 1000016, NULL, NULL, NULL, 'AR1000132', '2024-09-23', 0, 13, NULL, NULL, NULL, NULL, NULL, NULL, 60000, 'COM', '2024-09-25 14:51:51.649471', 1000069, '2024-09-25 14:51:51.649471', 1000069, '777332fe-22c6-446b-8167-700cf55898d1', NULL, 1000070, NULL, NULL, NULL, NULL, NULL, NULL, NULL, 'Y', 1000670);
INSERT INTO pos.d_invoice VALUES (1000135, 1000004, 1000016, NULL, NULL, NULL, 'AR1000134', '2024-09-23', 0, 13, NULL, NULL, NULL, NULL, NULL, NULL, 1860000, 'COM', '2024-09-26 17:30:48.392049', 1000066, '2024-09-26 17:30:48.39205', 1000066, '26ff4111-ee01-483c-95c3-11fb01d3c3c4', NULL, 1000070, NULL, NULL, NULL, NULL, NULL, NULL, NULL, 'Y', 1000738);
INSERT INTO pos.d_invoice VALUES (1000137, 1000004, 1000016, NULL, NULL, NULL, 'AR1000136', '2024-09-23', 0, 13, NULL, NULL, NULL, NULL, NULL, NULL, 1860000, 'COM', '2024-09-26 17:30:52.585626', 1000066, '2024-09-26 17:30:52.585626', 1000066, 'd5b5cfba-adc0-4653-9ae6-8d544c150b45', NULL, 1000070, NULL, NULL, NULL, NULL, NULL, NULL, NULL, 'Y', 1000738);
INSERT INTO pos.d_invoice VALUES (1000139, 1000004, 1000016, NULL, NULL, NULL, 'AR1000138', '2024-09-23', 0, 13, NULL, NULL, NULL, NULL, NULL, NULL, 1860000, 'COM', '2024-09-26 17:30:55.843348', 1000066, '2024-09-26 17:30:55.843348', 1000066, '4cd22471-752a-43a7-905c-80cb759560ec', NULL, 1000070, NULL, NULL, NULL, NULL, NULL, NULL, NULL, 'Y', 1000738);
INSERT INTO pos.d_invoice VALUES (1000141, 1000004, 1000016, NULL, NULL, NULL, 'AR1000140', '2024-09-23', 0, 13, NULL, NULL, NULL, NULL, NULL, NULL, 1860000, 'COM', '2024-09-26 17:30:57.183269', 1000066, '2024-09-26 17:30:57.18327', 1000066, '551d1c1d-227a-42a2-ad4a-1683b243b60e', NULL, 1000070, NULL, NULL, NULL, NULL, NULL, NULL, NULL, 'Y', 1000738);
INSERT INTO pos.d_invoice VALUES (1000149, 1000004, 1000016, NULL, NULL, NULL, 'AR1000148', '2024-09-23', 0, 13, NULL, NULL, NULL, NULL, NULL, NULL, 1860000, 'COM', '2024-09-26 17:35:36.541935', 1000066, '2024-09-26 17:35:36.541935', 1000066, '35fbaf3a-64c7-47fa-853d-222927b157bc', NULL, 1000070, NULL, NULL, NULL, NULL, NULL, NULL, NULL, 'Y', 1000708);
INSERT INTO pos.d_invoice VALUES (1000143, 1000004, 1000016, NULL, NULL, NULL, 'AR1000142', '2024-09-23', 0, 13, NULL, NULL, NULL, NULL, NULL, NULL, 1860000, 'COM', '2024-09-26 17:33:25.454632', 1000066, '2024-09-26 17:33:25.454633', 1000066, '7df169b2-35a1-48ef-9ffd-0f60159431e1', NULL, 1000070, NULL, NULL, NULL, NULL, NULL, NULL, NULL, 'Y', 1000708);
INSERT INTO pos.d_invoice VALUES (1000145, 1000004, 1000016, NULL, NULL, NULL, 'AR1000144', '2024-09-23', 0, 13, NULL, NULL, NULL, NULL, NULL, NULL, 1860000, 'COM', '2024-09-26 17:33:44.786285', 1000066, '2024-09-26 17:33:44.786285', 1000066, '456497e7-18b9-4a0b-8c47-a01b0ce0e574', NULL, 1000070, NULL, NULL, NULL, NULL, NULL, NULL, NULL, 'Y', 1000708);
INSERT INTO pos.d_invoice VALUES (1000147, 1000004, 1000016, NULL, NULL, NULL, 'AR1000146', '2024-09-23', 0, 13, NULL, NULL, NULL, NULL, NULL, NULL, 1860000, 'COM', '2024-09-26 17:35:30.733244', 1000066, '2024-09-26 17:35:30.733245', 1000066, '0e8c2d5f-05cc-4678-9e95-d8b08118ca2f', NULL, 1000070, NULL, NULL, NULL, NULL, NULL, NULL, NULL, 'Y', 1000708);
INSERT INTO pos.d_invoice VALUES (1000151, 1000004, 1000016, NULL, NULL, NULL, 'AR1000150', '2024-09-23', 0, 13, NULL, NULL, NULL, NULL, NULL, NULL, 1860000, 'COM', '2024-09-26 17:35:40.599052', 1000066, '2024-09-26 17:35:40.599052', 1000066, 'cc43fcb1-a615-494e-bc18-750bed1f80cc', NULL, 1000070, NULL, NULL, NULL, NULL, NULL, NULL, NULL, 'Y', 1000708);
INSERT INTO pos.d_invoice VALUES (1000153, 1000004, 1000016, NULL, NULL, NULL, 'AR1000152', '2024-09-23', 0, 13, NULL, NULL, NULL, NULL, NULL, NULL, 1860000, 'COM', '2024-09-26 17:36:00.105311', 1000066, '2024-09-26 17:36:00.105311', 1000066, 'ff3687cb-e9f2-4abd-ae15-394436cd40c5', NULL, 1000070, NULL, NULL, NULL, NULL, NULL, NULL, NULL, 'Y', 1000708);
INSERT INTO pos.d_invoice VALUES (1000155, 1000004, 1000016, NULL, NULL, NULL, 'AR1000154', '2024-09-23', 0, 13, NULL, NULL, NULL, NULL, NULL, NULL, 1860000, 'COM', '2024-09-26 17:36:47.369216', 1000066, '2024-09-26 17:36:47.369216', 1000066, 'd9f67722-06e7-43cb-a03c-dbf8da91b00d', NULL, 1000070, NULL, NULL, NULL, NULL, NULL, NULL, NULL, 'Y', 1000738);
INSERT INTO pos.d_invoice VALUES (1000157, 1000004, 1000016, NULL, NULL, NULL, 'AR1000156', '2024-09-23', 0, 13, NULL, NULL, NULL, NULL, NULL, NULL, 378000, 'COM', '2024-09-26 17:39:53.002669', 1000066, '2024-09-26 17:39:53.002669', 1000066, '08904858-1926-4281-b23f-48b58d835055', NULL, 1000070, NULL, NULL, NULL, NULL, NULL, NULL, NULL, 'Y', 1000618);
INSERT INTO pos.d_invoice VALUES (1000159, 1000004, 1000016, NULL, NULL, NULL, 'AR1000158', '2024-09-23', 0, 13, NULL, NULL, NULL, NULL, NULL, NULL, 378000, 'COM', '2024-09-26 17:44:23.917164', 1000066, '2024-09-26 17:44:23.917164', 1000066, '59b46e34-55e8-454d-888c-84eadd88075e', NULL, 1000070, NULL, NULL, NULL, NULL, NULL, NULL, NULL, 'Y', 1000401);
INSERT INTO pos.d_invoice VALUES (1000161, 1000004, 1000016, NULL, NULL, NULL, 'AR1000160', '2024-09-23', 0, 13, NULL, NULL, NULL, NULL, NULL, NULL, 409100, 'COM', '2024-09-26 17:48:45.522163', 1000066, '2024-09-26 17:48:45.522163', 1000066, '83aed574-9dfc-4962-97f5-0f618b970e1b', NULL, 1000070, NULL, NULL, NULL, NULL, NULL, NULL, NULL, 'Y', 1000483);
INSERT INTO pos.d_invoice VALUES (1000163, 1000004, 1000016, NULL, NULL, NULL, 'AR1000162', '2024-09-23', 0, 13, NULL, NULL, NULL, NULL, NULL, NULL, 409100, 'COM', '2024-09-26 17:49:28.020722', 1000066, '2024-09-26 17:49:28.020723', 1000066, '7155e864-0e22-4abe-89cc-1a6b5979dfa7', NULL, 1000070, NULL, NULL, NULL, NULL, NULL, NULL, NULL, 'Y', 1000483);
INSERT INTO pos.d_invoice VALUES (1000165, 1000004, 1000016, NULL, NULL, NULL, 'AR1000164', '2024-09-23', 0, 13, NULL, NULL, NULL, NULL, NULL, NULL, 100000, 'COM', '2024-09-26 17:50:23.398588', 1000066, '2024-09-26 17:50:23.398588', 1000066, 'b2409a69-ff3a-4f9c-9a92-3019c0a7c020', NULL, 1000070, NULL, NULL, NULL, NULL, NULL, NULL, NULL, 'Y', 1000536);
INSERT INTO pos.d_invoice VALUES (1000167, 1000004, 1000016, NULL, NULL, NULL, 'AR1000166', '2024-09-23', 0, 13, NULL, NULL, NULL, NULL, NULL, NULL, 400000, 'COM', '2024-09-26 17:58:50.47649', 1000066, '2024-09-26 17:58:50.47649', 1000066, '5a87659d-88bb-4318-9559-d8bde7a35bbe', NULL, 1000070, NULL, NULL, NULL, NULL, NULL, NULL, NULL, 'Y', 1000662);
INSERT INTO pos.d_invoice VALUES (1000169, 1000004, 1000016, NULL, NULL, NULL, 'AR1000168', '2024-09-23', 0, 13, NULL, NULL, NULL, NULL, NULL, NULL, 400000, 'COM', '2024-09-26 17:58:51.489501', 1000066, '2024-09-26 17:58:51.489502', 1000066, 'fc2bcc9b-ab2d-4d0d-b669-0927017d9b18', NULL, 1000070, NULL, NULL, NULL, NULL, NULL, NULL, NULL, 'Y', 1000662);
INSERT INTO pos.d_invoice VALUES (1000171, 1000004, 1000016, NULL, NULL, NULL, 'AR1000170', '2024-09-23', 0, 13, NULL, NULL, NULL, NULL, NULL, NULL, 400000, 'COM', '2024-09-26 18:00:12.656474', 1000066, '2024-09-26 18:00:12.656474', 1000066, 'db867e7c-24e8-49c4-97f0-60f5de4c7ab3', NULL, 1000070, NULL, NULL, NULL, NULL, NULL, NULL, NULL, 'Y', 1000662);
INSERT INTO pos.d_invoice VALUES (1000173, 1000004, 1000016, NULL, NULL, NULL, 'AR1000172', '2024-09-23', 0, 13, NULL, NULL, NULL, NULL, NULL, NULL, 589000, 'COM', '2024-09-26 18:02:44.502999', 1000066, '2024-09-26 18:02:44.503', 1000066, '5493197b-9728-4560-8ce0-205f24fa7346', NULL, 1000070, NULL, NULL, NULL, NULL, NULL, NULL, NULL, 'Y', 1000499);
INSERT INTO pos.d_invoice VALUES (1000175, 1000004, 1000016, NULL, NULL, NULL, 'AR1000174', '2024-09-23', 0, 13, NULL, NULL, NULL, NULL, NULL, NULL, 1000, 'COM', '2024-09-26 22:05:26.085398', 1000066, '2024-09-26 22:05:26.085399', 1000066, '98f2d608-1c82-4716-847a-08699f9e3793', NULL, 1000042, NULL, NULL, NULL, NULL, NULL, NULL, NULL, 'Y', 1000764);
INSERT INTO pos.d_invoice VALUES (1000177, 1000004, 1000016, NULL, NULL, NULL, 'AR1000176', '2024-09-23', 0, 13, NULL, NULL, NULL, NULL, NULL, NULL, 330000, 'COM', '2024-09-27 09:28:38.393448', 1000066, '2024-09-27 09:28:38.393448', 1000066, '145f2207-2fc4-4678-a266-385a879f754f', NULL, 1000042, NULL, NULL, NULL, NULL, NULL, NULL, NULL, 'Y', 1000772);
INSERT INTO pos.d_invoice VALUES (1000179, 1000004, 1000016, NULL, NULL, NULL, 'AR1000178', '2024-09-23', 0, 13, NULL, NULL, NULL, NULL, NULL, NULL, 0, 'COM', '2024-09-27 09:30:51.516694', 1000066, '2024-09-27 09:30:51.516694', 1000066, '65512bb3-a792-4a42-9cd6-f29a0d5cdcca', NULL, 1000070, NULL, NULL, NULL, NULL, NULL, NULL, NULL, 'Y', 1000766);
INSERT INTO pos.d_invoice VALUES (1000181, 1000004, 1000016, NULL, NULL, NULL, 'AR1000180', '2024-09-23', 0, 13, NULL, NULL, NULL, NULL, NULL, NULL, 45000, 'COM', '2024-09-27 09:43:39.403959', 1000066, '2024-09-27 09:43:39.403959', 1000066, '9fa36dfd-7dfc-4fc4-b495-226e9e82cf39', NULL, 1000070, NULL, NULL, NULL, NULL, NULL, NULL, NULL, 'Y', 1000612);
INSERT INTO pos.d_invoice VALUES (1000185, 1000004, 1000016, NULL, NULL, NULL, 'AR1000182', '2024-09-27', 0, 13, NULL, NULL, NULL, NULL, NULL, NULL, 330000, 'COM', '2024-09-27 03:07:56.498382', 0, '2024-09-27 03:07:56.498382', 0, '946a3dae-44dd-4b3c-b395-e122e1bbbac2', NULL, 1000042, NULL, NULL, NULL, NULL, NULL, NULL, NULL, 'Y', 1000786);
INSERT INTO pos.d_invoice VALUES (1000184, 1000004, 1000016, NULL, NULL, NULL, 'AR1000183', '2024-09-27', 0, 13, NULL, NULL, NULL, NULL, NULL, NULL, 330000, 'COM', '2024-09-27 03:07:56.489181', 0, '2024-09-27 03:07:56.489182', 0, 'c7d3b199-06a2-4283-a80d-2dc5dde4106f', NULL, 1000042, NULL, NULL, NULL, NULL, NULL, NULL, NULL, 'Y', 1000786);
INSERT INTO pos.d_invoice VALUES (1000187, 1000004, 1000016, NULL, NULL, NULL, 'AR1000186', '2024-09-23', 0, 13, NULL, NULL, NULL, NULL, NULL, NULL, 2000, 'COM', '2024-09-27 10:19:13.298123', 1000066, '2024-09-27 10:19:13.298123', 1000066, 'd68acd99-afb2-4ef7-8c87-798b6dfb919c', NULL, 1000070, NULL, NULL, NULL, NULL, NULL, NULL, NULL, 'Y', 1000786);
INSERT INTO pos.d_invoice VALUES (1000189, 1000004, 1000016, 1000079, NULL, NULL, 'AR1000188', '2024-09-23', 0, 13, NULL, NULL, NULL, NULL, NULL, NULL, 0, 'COM', '2024-09-27 10:19:34.241741', 1000066, '2024-09-27 10:19:34.241741', 1000066, 'd357828a-86ce-4a8a-ae67-884087399387', 1000013, 1000070, NULL, NULL, NULL, NULL, NULL, NULL, NULL, 'Y', 1000698);
INSERT INTO pos.d_invoice VALUES (1000191, 1000004, 1000016, 1000079, NULL, NULL, 'AR1000190', '2024-09-23', 0, 13, NULL, NULL, NULL, NULL, NULL, NULL, 330000, 'COM', '2024-09-27 10:19:43.658873', 1000066, '2024-09-27 10:19:43.658873', 1000066, '012ebeea-dc00-4fbd-b744-07a3a2c811f9', 1000013, 1000070, NULL, NULL, NULL, NULL, NULL, NULL, NULL, 'Y', 1000694);
INSERT INTO pos.d_invoice VALUES (1000193, 1000004, 1000016, NULL, NULL, NULL, 'AR1000192', '2024-09-23', 0, 13, NULL, NULL, NULL, NULL, NULL, NULL, 60000, 'COM', '2024-09-27 10:19:57.623309', 1000066, '2024-09-27 10:19:57.62331', 1000066, 'd38063e5-da96-452a-a124-7ef17942549d', NULL, 1000070, NULL, NULL, NULL, NULL, NULL, NULL, NULL, 'Y', 1000722);
INSERT INTO pos.d_invoice VALUES (1000195, 1000004, 1000016, NULL, NULL, NULL, 'AR1000194', '2024-09-27', 0, 13, NULL, NULL, NULL, NULL, NULL, NULL, 2000, 'COM', '2024-09-27 03:39:46.516451', 0, '2024-09-27 03:39:46.516451', 0, 'f1eb9d25-452f-4126-a5fd-693f4685c534', NULL, 1000042, NULL, NULL, NULL, NULL, NULL, NULL, NULL, 'Y', 1000794);
INSERT INTO pos.d_invoice VALUES (1000197, 1000004, 1000016, NULL, NULL, NULL, 'AR1000196', '2024-09-27', 0, 13, NULL, NULL, NULL, NULL, NULL, NULL, 2000, 'COM', '2024-09-27 03:39:50.153922', 0, '2024-09-27 03:39:50.153923', 0, '9d5e5ecc-b58b-416c-895a-e8e40b1426f9', NULL, 1000042, NULL, NULL, NULL, NULL, NULL, NULL, NULL, 'Y', 1000794);
INSERT INTO pos.d_invoice VALUES (1000199, 1000004, 1000016, NULL, NULL, NULL, 'AR1000198', '2024-09-27', 0, 13, NULL, NULL, NULL, NULL, NULL, NULL, 2000, 'COM', '2024-09-27 03:40:35.467346', 0, '2024-09-27 03:40:35.467346', 0, 'aa479134-9210-4c30-b7d5-bf745aa2f0b7', NULL, 1000042, NULL, NULL, NULL, NULL, NULL, NULL, NULL, 'Y', 1000794);
INSERT INTO pos.d_invoice VALUES (1000201, 1000004, 1000016, NULL, NULL, NULL, 'AR1000200', '2024-09-27', 0, 13, NULL, NULL, NULL, NULL, NULL, NULL, 2000, 'COM', '2024-09-27 03:40:43.287427', 0, '2024-09-27 03:40:43.287427', 0, '24d1da3a-e66d-495b-a7c0-f24c97745cf8', NULL, 1000042, NULL, NULL, NULL, NULL, NULL, NULL, NULL, 'Y', 1000794);
INSERT INTO pos.d_invoice VALUES (1000203, 1000004, 1000016, NULL, NULL, NULL, 'AR1000202', '2024-09-27', 0, 13, NULL, NULL, NULL, NULL, NULL, NULL, 2000, 'COM', '2024-09-27 03:41:07.2912', 0, '2024-09-27 03:41:07.2912', 0, '23823337-398e-4fc7-948c-a53ff79c5114', NULL, 1000042, NULL, NULL, NULL, NULL, NULL, NULL, NULL, 'Y', 1000794);
INSERT INTO pos.d_invoice VALUES (1000205, 1000004, 1000016, NULL, NULL, NULL, 'AR1000204', '2024-09-27', 0, 13, NULL, NULL, NULL, NULL, NULL, NULL, 2000, 'COM', '2024-09-27 03:46:32.439345', 0, '2024-09-27 03:46:32.439345', 0, '8c4bf9e1-8117-46c0-8ca6-7cc5ad7eae04', NULL, 1000042, NULL, NULL, NULL, NULL, NULL, NULL, NULL, 'Y', 1000796);
INSERT INTO pos.d_invoice VALUES (1000207, 1000004, 1000016, NULL, NULL, NULL, 'AR1000206', '2024-09-27', 0, 13, NULL, NULL, NULL, NULL, NULL, NULL, 2000, 'COM', '2024-09-27 03:46:36.052866', 0, '2024-09-27 03:46:36.052866', 0, 'd9086eed-ad10-46c7-85c0-9f5b63819d61', NULL, 1000042, NULL, NULL, NULL, NULL, NULL, NULL, NULL, 'Y', 1000796);
INSERT INTO pos.d_invoice VALUES (1000209, 1000004, 1000016, NULL, NULL, NULL, 'AR1000208', '2024-09-27', 0, 13, NULL, NULL, NULL, NULL, NULL, NULL, 2000, 'COM', '2024-09-27 03:50:26.658047', 0, '2024-09-27 03:50:26.658047', 0, '1522e176-d641-44e0-89ea-d4c314f444dc', NULL, 1000042, NULL, NULL, NULL, NULL, NULL, NULL, NULL, 'Y', 1000798);
INSERT INTO pos.d_invoice VALUES (1000211, 1000004, 1000016, NULL, NULL, NULL, 'AR1000210', '2024-09-27', 0, 13, NULL, NULL, NULL, NULL, NULL, NULL, 2000, 'COM', '2024-09-27 03:50:30.223642', 0, '2024-09-27 03:50:30.223643', 0, '8d17225d-f300-4f98-bdd6-497399577c3d', NULL, 1000042, NULL, NULL, NULL, NULL, NULL, NULL, NULL, 'Y', 1000798);
INSERT INTO pos.d_invoice VALUES (1000213, 1000004, 1000016, NULL, NULL, NULL, 'AR1000212', '2024-09-27', 0, 13, NULL, NULL, NULL, NULL, NULL, NULL, 2000, 'COM', '2024-09-27 04:06:29.532521', 0, '2024-09-27 04:06:29.532522', 0, '891864af-673d-4c2b-9339-428df0ee3377', NULL, 1000042, NULL, NULL, NULL, NULL, NULL, NULL, NULL, 'Y', 1000800);
INSERT INTO pos.d_invoice VALUES (1000215, 1000004, 1000016, NULL, NULL, NULL, 'AR1000214', '2024-09-27', 0, 13, NULL, NULL, NULL, NULL, NULL, NULL, 2000, 'COM', '2024-09-27 04:06:34.037657', 0, '2024-09-27 04:06:34.037657', 0, 'a7eeadd7-2cb8-40ab-b853-9c4a459cf7be', NULL, 1000042, NULL, NULL, NULL, NULL, NULL, NULL, NULL, 'Y', 1000800);
INSERT INTO pos.d_invoice VALUES (1000217, 1000004, 1000016, NULL, NULL, NULL, 'AR1000216', '2024-09-23', 0, 13, NULL, NULL, NULL, NULL, NULL, NULL, 12300000, 'COM', '2024-09-27 11:10:28.297817', 1000066, '2024-09-27 11:10:28.297817', 1000066, '96891f9b-47a7-42f6-8831-ae01201da85a', NULL, 1000042, NULL, NULL, NULL, NULL, NULL, NULL, NULL, 'Y', 1000804);
INSERT INTO pos.d_invoice VALUES (1000219, 1000004, 1000016, NULL, NULL, NULL, 'AR1000218', '2024-09-23', 0, 13, NULL, NULL, NULL, NULL, NULL, NULL, 2000, 'COM', '2024-09-27 11:18:37.07025', 1000066, '2024-09-27 11:18:37.07025', 1000066, '24c5148f-4739-4ef3-9d9b-8e35f8a0ad05', NULL, 1000070, NULL, NULL, NULL, NULL, NULL, NULL, NULL, 'Y', 1000788);
INSERT INTO pos.d_invoice VALUES (1000221, 1000004, 1000016, NULL, NULL, NULL, 'AR1000220', '2024-09-23', 0, 13, NULL, NULL, NULL, NULL, NULL, NULL, 4000, 'COM', '2024-09-27 11:19:29.555171', 1000066, '2024-09-27 11:19:29.555171', 1000066, 'bb02a20e-c534-4373-8766-e030a6283fea', NULL, 1000070, NULL, NULL, NULL, NULL, NULL, NULL, NULL, 'Y', 1000810);
INSERT INTO pos.d_invoice VALUES (1000223, 1000004, 1000016, NULL, NULL, NULL, 'AR1000222', '2024-09-23', 0, 13, NULL, NULL, NULL, NULL, NULL, NULL, 4000, 'COM', '2024-09-27 11:45:18.099116', 1000066, '2024-09-27 11:45:18.099116', 1000066, 'ca99bc85-c2ee-4933-a87a-cb02debac3e4', NULL, 1000070, NULL, NULL, NULL, NULL, NULL, NULL, NULL, 'Y', 1000820);
INSERT INTO pos.d_invoice VALUES (1000225, 1000004, 1000016, NULL, NULL, NULL, 'AR1000224', '2024-09-27', 0, 13, NULL, NULL, NULL, NULL, NULL, NULL, 12107000, 'COM', '2024-09-27 13:03:18.926268', 1000066, '2024-09-27 13:03:18.926268', 1000066, '4295c6e3-66d0-47fc-ab1a-a085243e548a', NULL, 1000070, NULL, NULL, NULL, NULL, NULL, NULL, NULL, 'Y', 1000808);
INSERT INTO pos.d_invoice VALUES (1000227, 1000004, 1000016, NULL, NULL, NULL, 'AR1000226', '2024-09-27', 0, 13, NULL, NULL, NULL, NULL, NULL, NULL, 330000, 'COM', '2024-09-27 13:03:47.010444', 1000066, '2024-09-27 13:03:47.010444', 1000066, '4f78ada5-0f38-45c6-9a35-3ffba261c800', NULL, 1000070, NULL, NULL, NULL, NULL, NULL, NULL, NULL, 'Y', 1000774);
INSERT INTO pos.d_invoice VALUES (1000229, 1000004, 1000016, NULL, NULL, NULL, 'AR1000228', '2024-09-27', 0, 13, NULL, NULL, NULL, NULL, NULL, NULL, 236000, 'COM', '2024-09-27 13:38:52.075017', 1000066, '2024-09-27 13:38:52.075017', 1000066, 'df2dbe32-ff83-43d1-87a9-12afc93130a9', NULL, 1000070, NULL, NULL, NULL, NULL, NULL, NULL, NULL, 'Y', 1000511);
INSERT INTO pos.d_invoice VALUES (1000231, 1000004, 1000016, NULL, NULL, NULL, 'AR1000230', '2024-09-27', 0, 13, NULL, NULL, NULL, NULL, NULL, NULL, 429000, 'COM', '2024-09-27 16:53:24.863155', 1000066, '2024-09-27 16:53:24.863155', 1000066, 'f466b990-ed83-4165-bc32-74c3f6e0b40b', NULL, 1000070, NULL, NULL, NULL, NULL, NULL, NULL, NULL, 'Y', 1000475);
INSERT INTO pos.d_invoice VALUES (1000233, 1000004, 1000016, NULL, NULL, NULL, 'AR1000232', '2024-09-27', 0, 13, NULL, NULL, NULL, NULL, NULL, NULL, 60000, 'COM', '2024-09-27 16:57:18.599892', 1000066, '2024-09-27 16:57:18.599892', 1000066, '97e13e8c-4d3c-464c-bab3-d8517d6fe995', NULL, 1000042, NULL, NULL, NULL, NULL, NULL, NULL, NULL, 'Y', 1000848);
INSERT INTO pos.d_invoice VALUES (1000235, 1000004, 1000016, NULL, NULL, NULL, 'AR1000234', '2024-09-27', 0, 13, NULL, NULL, NULL, NULL, NULL, NULL, 429000, 'COM', '2024-09-27 17:20:12.09513', 1000066, '2024-09-27 17:20:12.09513', 1000066, '014675db-06be-4c8c-abbe-d047939c35be', NULL, 1000070, NULL, NULL, NULL, NULL, NULL, NULL, NULL, 'Y', 1000475);
INSERT INTO pos.d_invoice VALUES (1000237, 1000004, 1000016, 1000085, NULL, NULL, 'AR1000236', '2024-09-27', 0, 13, NULL, NULL, NULL, NULL, NULL, NULL, 30000, 'COM', '2024-09-27 17:21:33.989497', 1000066, '2024-09-27 17:21:33.989497', 1000066, '4e493950-18f6-466b-8992-4d52778bb445', 1000007, 1000070, NULL, NULL, NULL, NULL, NULL, NULL, NULL, 'Y', 1000534);
INSERT INTO pos.d_invoice VALUES (1000239, 1000004, 1000016, NULL, NULL, NULL, 'AR1000238', '2024-09-27', 0, 13, NULL, NULL, NULL, NULL, NULL, NULL, 40000, 'COM', '2024-09-27 17:31:25.420025', 1000066, '2024-09-27 17:31:25.420025', 1000066, 'bec3a515-3841-4fd3-8e84-e17b58cb4cb5', NULL, 1000070, NULL, NULL, NULL, NULL, NULL, NULL, NULL, 'Y', 1000852);
INSERT INTO pos.d_invoice VALUES (1000241, 1000004, 1000016, NULL, NULL, NULL, 'AR1000240', '2024-09-27', 0, 13, NULL, NULL, NULL, NULL, NULL, NULL, 2000, 'COM', '2024-09-27 17:32:28.93503', 1000066, '2024-09-27 17:32:28.935031', 1000066, '6840236f-defb-4e23-9254-9e599a4ed672', NULL, 1000070, NULL, NULL, NULL, NULL, NULL, NULL, NULL, 'Y', 1000830);
INSERT INTO pos.d_invoice VALUES (1000243, 1000004, 1000016, NULL, NULL, NULL, 'AR1000242', '2024-09-27', 0, 13, NULL, NULL, NULL, NULL, NULL, NULL, 2000, 'COM', '2024-09-27 17:35:12.435506', 1000066, '2024-09-27 17:35:12.435506', 1000066, 'a10dad48-3755-43ec-aea9-0375597bc087', NULL, 1000070, NULL, NULL, NULL, NULL, NULL, NULL, NULL, 'Y', 1000856);
INSERT INTO pos.d_invoice VALUES (1000245, 1000004, 1000016, NULL, NULL, NULL, 'AR1000244', '2024-09-27', 0, 13, NULL, NULL, NULL, NULL, NULL, NULL, 2000, 'COM', '2024-09-27 17:38:11.430451', 1000066, '2024-09-27 17:38:11.430451', 1000066, '98af47a5-b796-4bae-9d7e-2561aa7b22a0', NULL, 1000070, NULL, NULL, NULL, NULL, NULL, NULL, NULL, 'Y', 1000858);
INSERT INTO pos.d_invoice VALUES (1000247, 1000004, 1000016, NULL, NULL, NULL, 'AR1000246', '2024-09-27', 0, 13, NULL, NULL, NULL, NULL, NULL, NULL, 2000, 'COM', '2024-09-27 17:39:53.926457', 1000066, '2024-09-27 17:39:53.926457', 1000066, 'af72f961-6036-4fc0-8c0e-da48e9bafce9', NULL, 1000070, NULL, NULL, NULL, NULL, NULL, NULL, NULL, 'Y', 1000860);
INSERT INTO pos.d_invoice VALUES (1000249, 1000004, 1000016, NULL, NULL, NULL, 'AR1000248', '2024-09-27', 0, 13, NULL, NULL, NULL, NULL, NULL, NULL, 2000, 'COM', '2024-09-27 10:40:49.990954', 0, '2024-09-27 10:40:49.990955', 0, '791ceb25-5f49-4c32-b1a8-01203edea1de', NULL, 1000042, NULL, NULL, NULL, NULL, NULL, NULL, NULL, 'Y', 1000862);
INSERT INTO pos.d_invoice VALUES (1000251, 1000004, 1000016, NULL, NULL, NULL, 'AR1000250', '2024-09-27', 0, 13, NULL, NULL, NULL, NULL, NULL, NULL, 2000, 'COM', '2024-09-27 10:40:53.961903', 0, '2024-09-27 10:40:53.961903', 0, '6d136e63-3080-4f20-aad5-bdfd6ea82630', NULL, 1000042, NULL, NULL, NULL, NULL, NULL, NULL, NULL, 'Y', 1000862);
INSERT INTO pos.d_invoice VALUES (1000253, 1000004, 1000016, NULL, NULL, NULL, 'AR1000252', '2024-09-27', 0, 13, NULL, NULL, NULL, NULL, NULL, NULL, 2000, 'COM', '2024-09-30 03:12:32.007673', 0, '2024-09-30 03:12:32.007674', 0, 'f00ac7f8-a4be-4a5f-b7b6-ea835e80509b', NULL, 1000070, NULL, NULL, NULL, NULL, NULL, NULL, NULL, 'Y', 1000542);
INSERT INTO pos.d_invoice VALUES (1000255, 1000004, 1000016, NULL, NULL, NULL, 'AR1000254', '2024-09-27', 0, 13, NULL, NULL, NULL, NULL, NULL, NULL, 2000, 'COM', '2024-09-30 03:12:36.382647', 0, '2024-09-30 03:12:36.382647', 0, '2d3117b0-5ed5-4232-a68c-76b88b7c244e', NULL, 1000070, NULL, NULL, NULL, NULL, NULL, NULL, NULL, 'Y', 1000542);
INSERT INTO pos.d_invoice VALUES (1000257, 1000004, 1000016, NULL, NULL, NULL, 'AR1000256', '2024-09-30', 0, 13, NULL, NULL, NULL, NULL, NULL, NULL, 90000, 'COM', '2024-09-30 15:28:54.649554', 1000066, '2024-09-30 15:28:54.649554', 1000066, '12faae53-c8f0-40af-9e40-f1e97265cce3', NULL, 1000042, NULL, NULL, NULL, NULL, NULL, NULL, NULL, 'Y', 1000908);
INSERT INTO pos.d_invoice VALUES (1000259, 1000004, 1000016, NULL, NULL, NULL, 'AR1000258', '2024-09-30', 0, 13, NULL, NULL, NULL, NULL, NULL, NULL, 60000, 'COM', '2024-09-30 16:23:55.371522', 1000066, '2024-09-30 16:23:55.371523', 1000066, '61bf97cf-bc7f-47e3-bcdc-1c7bc6a28896', NULL, 1000042, NULL, NULL, NULL, NULL, NULL, NULL, NULL, 'Y', 1000912);


--
-- TOC entry 5398 (class 0 OID 385611)
-- Dependencies: 235
-- Data for Name: d_invoiceline; Type: TABLE DATA; Schema: pos; Owner: -
--

INSERT INTO pos.d_invoiceline VALUES (1000014, 1000014, 1000002, 1000001, 1000087, NULL, NULL, 2, 30000, 100000, 100000, 'a0512516-0149-4607-87d9-6b23b6ea53a8', '2024-07-25 03:16:30.869397', 1000037, '2024-07-25 03:16:30.869397', 1000037, 'Y', 1000014, NULL);
INSERT INTO pos.d_invoiceline VALUES (1000015, 1000015, 1000002, 1000001, 1000087, NULL, NULL, 2, 30000, 100000, 100000, '2e55f328-6df3-4b0d-a93d-3219f27b28e8', '2024-07-25 04:16:13.452915', 1000037, '2024-07-25 04:16:13.452915', 1000037, 'Y', 1000015, NULL);
INSERT INTO pos.d_invoiceline VALUES (1000016, 1000016, 1000002, 1000001, 1000087, NULL, NULL, 2, 30000, 100000, 100000, '1d94d274-86bd-4990-bea3-f03a2f7d7d8f', '2024-07-29 04:38:20.435972', 1000037, '2024-07-29 04:38:20.435972', 1000037, 'Y', 1000036, NULL);
INSERT INTO pos.d_invoiceline VALUES (1000023, 1000024, 1000002, 1000001, 1000087, NULL, NULL, 2, 30000, 100000, 100000, 'b4b2bbd0-5508-4bca-9cb2-3c3be4849fbe', '2024-07-29 05:18:39.058301', 1000037, '2024-07-29 05:18:39.058301', 1000037, 'Y', 1000036, NULL);
INSERT INTO pos.d_invoiceline VALUES (1000024, 1000016, 1000002, 1000001, 1000087, NULL, NULL, 2, 30000, 100000, 100000, 'ffce97e8-c8f6-453c-9069-4da521d614ec', '2024-07-29 05:29:07.386712', 1000037, '2024-07-29 05:29:07.386712', 1000037, 'Y', 1000036, NULL);
INSERT INTO pos.d_invoiceline VALUES (1000025, 1000016, 1000002, 1000001, 1000087, NULL, NULL, 2, 30000, 100000, 100000, 'f41a681b-3d38-4bf5-86d6-888782a496ca', '2024-07-29 05:29:33.800227', 1000037, '2024-07-29 05:29:33.800227', 1000037, 'Y', 1000036, NULL);
INSERT INTO pos.d_invoiceline VALUES (1000026, 1000016, 1000002, 1000001, 1000087, NULL, NULL, 22, 30000, 100000, 100000, 'e852779f-e06e-4158-8c38-b70888cd31ab', '2024-07-29 05:29:47.734574', 1000037, '2024-07-29 05:29:47.734574', 1000037, 'Y', 1000036, NULL);
INSERT INTO pos.d_invoiceline VALUES (1000029, 1000029, 1000002, 1000001, 1000087, NULL, NULL, 2, 30000, 100000, 100000, 'b87572f6-78a3-4aae-82e1-d8adb4749ece', '2024-07-30 03:16:46.13377', 1000037, '2024-07-30 03:16:46.13377', 1000037, 'Y', 1000040, NULL);
INSERT INTO pos.d_invoiceline VALUES (1000030, 1000030, 1000002, 1000001, 1000087, NULL, NULL, 2, 30000, 100000, 100000, 'c441326d-356c-409f-80c5-06b37a55e930', '2024-07-30 03:24:35.534936', 1000037, '2024-07-30 03:24:35.534936', 1000037, 'Y', 1000041, NULL);
INSERT INTO pos.d_invoiceline VALUES (1000031, 1000031, 1000002, 1000001, 1000087, NULL, NULL, 2, 30000, 100000, 100000, '3526350d-f91b-45e8-ab05-bbb623e77c20', '2024-07-30 03:25:08.142767', 1000037, '2024-07-30 03:25:08.142767', 1000037, 'Y', 1000042, NULL);
INSERT INTO pos.d_invoiceline VALUES (1000032, 1000032, 1000002, 1000001, 1000087, NULL, NULL, 2, 30000, 100000, 100000, '9d138b66-e82b-4a47-adcf-17acbd21e7e8', '2024-07-31 10:56:36.078328', 1000037, '2024-07-31 10:56:36.07833', 1000037, 'Y', 1000044, NULL);
INSERT INTO pos.d_invoiceline VALUES (1000033, 1000033, 1000002, 1000001, 1000087, NULL, NULL, 2, 30000, 100000, 100000, 'c5685770-267a-4a79-9489-81b4ba297a6d', '2024-07-31 10:59:26.979965', 1000037, '2024-07-31 10:59:26.979967', 1000037, 'Y', 1000045, NULL);
INSERT INTO pos.d_invoiceline VALUES (1000034, 1000034, 1000003, 1000001, 1000087, NULL, NULL, 2, 30000, 100000, 100000, '071982e0-cc69-469a-b345-5ef7b7036683', '2024-08-09 15:03:53.389484', 1000068, '2024-08-09 15:03:53.389485', 1000068, 'Y', 1000046, NULL);
INSERT INTO pos.d_invoiceline VALUES (1000036, 1000037, 1000004, 1000016, 1000140, NULL, NULL, 1, 100, 100000, 100000, '1ba0e48c-abde-4e79-9412-5654ef4335c7', '2024-08-10 10:00:52.638001', 1000069, '2024-08-10 10:00:52.638004', 1000069, 'Y', 1000048, NULL);
INSERT INTO pos.d_invoiceline VALUES (1000037, 1000037, 1000004, 1000016, 1000139, NULL, NULL, 1, 100, 100000, 100000, '5056e5dd-bed0-40d6-8146-8a8ee0607561', '2024-08-10 10:00:52.640789', 1000069, '2024-08-10 10:00:52.64079', 1000069, 'Y', 1000049, NULL);
INSERT INTO pos.d_invoiceline VALUES (1000038, 1000037, 1000004, 1000016, 1000138, NULL, NULL, 1, 100, 100000, 100000, '2c2b186d-77a2-4c4b-a6f6-f8923d51ca81', '2024-08-10 10:00:52.642947', 1000069, '2024-08-10 10:00:52.642948', 1000069, 'Y', 1000050, NULL);
INSERT INTO pos.d_invoiceline VALUES (1000039, 1000037, 1000004, 1000016, 1000130, NULL, NULL, 1, 100, 100000, 100000, '218e2266-0bf2-4455-bd19-73a4afc8c658', '2024-08-10 10:00:52.648467', 1000069, '2024-08-10 10:00:52.648468', 1000069, 'Y', 1000051, NULL);
INSERT INTO pos.d_invoiceline VALUES (1000040, 1000038, 1000004, 1000016, 1000140, NULL, NULL, 1, 100, 100000, 100000, '7f051da3-baba-4554-b9a7-e765e2c01006', '2024-08-10 10:00:53.039484', 1000069, '2024-08-10 10:00:53.039486', 1000069, 'Y', 1000052, NULL);
INSERT INTO pos.d_invoiceline VALUES (1000041, 1000038, 1000004, 1000016, 1000139, NULL, NULL, 1, 100, 100000, 100000, '1e161146-0613-49b0-8364-2b783252d662', '2024-08-10 10:00:53.043777', 1000069, '2024-08-10 10:00:53.043778', 1000069, 'Y', 1000053, NULL);
INSERT INTO pos.d_invoiceline VALUES (1000042, 1000038, 1000004, 1000016, 1000138, NULL, NULL, 1, 100, 100000, 100000, '76019fdf-3962-432f-81e7-4398f29d3e21', '2024-08-10 10:00:53.049933', 1000069, '2024-08-10 10:00:53.049934', 1000069, 'Y', 1000054, NULL);
INSERT INTO pos.d_invoiceline VALUES (1000043, 1000038, 1000004, 1000016, 1000130, NULL, NULL, 1, 100, 100000, 100000, '1e0c2057-8273-4ba4-97d6-b46c71a9e7fa', '2024-08-10 10:00:53.052917', 1000069, '2024-08-10 10:00:53.052918', 1000069, 'Y', 1000055, NULL);
INSERT INTO pos.d_invoiceline VALUES (1000044, 1000041, 1000004, 1000016, 1000139, NULL, NULL, 1, 100, 100000, 100000, 'fcf59e51-aaf8-45ba-b1ca-8e7c74915fbe', '2024-08-12 10:04:55.867415', 1000069, '2024-08-12 10:04:55.867418', 1000069, 'Y', 1000056, NULL);
INSERT INTO pos.d_invoiceline VALUES (1000045, 1000041, 1000004, 1000016, 1000138, NULL, NULL, 1, 100, 100000, 100000, '46684ae9-f77d-447a-aebd-dce1995004f6', '2024-08-12 10:04:55.869769', 1000069, '2024-08-12 10:04:55.869771', 1000069, 'Y', 1000057, NULL);
INSERT INTO pos.d_invoiceline VALUES (1000046, 1000042, 1000004, 1000016, 1000140, NULL, NULL, 1, 100, 100000, 100000, 'ca8cc3a7-ff4b-4df9-8e07-9af1e22dc90c', '2024-08-12 10:10:48.440216', 1000069, '2024-08-12 10:10:48.440218', 1000069, 'Y', 1000058, NULL);
INSERT INTO pos.d_invoiceline VALUES (1000047, 1000042, 1000004, 1000016, 1000139, NULL, NULL, 1, 100, 100000, 100000, 'd4f6b094-d690-4ae8-af83-e67b2898c1ae', '2024-08-12 10:10:48.445523', 1000069, '2024-08-12 10:10:48.445524', 1000069, 'Y', 1000059, NULL);
INSERT INTO pos.d_invoiceline VALUES (1000048, 1000043, 1000004, 1000016, 1000140, NULL, NULL, 1, 100, 100000, 100000, '112f3973-5a6d-47c1-b0c7-d06373cabb25', '2024-08-12 10:11:12.682169', 1000069, '2024-08-12 10:11:12.682171', 1000069, 'Y', 1000060, NULL);
INSERT INTO pos.d_invoiceline VALUES (1000049, 1000043, 1000004, 1000016, 1000139, NULL, NULL, 1, 100, 100000, 100000, '74a57f62-761e-464c-b4f9-a41dac1dcbfb', '2024-08-12 10:11:12.686917', 1000069, '2024-08-12 10:11:12.686918', 1000069, 'Y', 1000061, NULL);
INSERT INTO pos.d_invoiceline VALUES (1000050, 1000044, 1000004, 1000016, 1000139, NULL, NULL, 1, 100, 100000, 100000, '23958fe6-1e62-4ae8-b9a9-391f3dbf7e83', '2024-08-12 10:19:11.098918', 1000069, '2024-08-12 10:19:11.09892', 1000069, 'Y', 1000062, NULL);
INSERT INTO pos.d_invoiceline VALUES (1000051, 1000044, 1000004, 1000016, 1000138, NULL, NULL, 1, 100, 100000, 100000, 'cc250821-1688-461b-8ede-b6d2980bd639', '2024-08-12 10:19:11.104927', 1000069, '2024-08-12 10:19:11.104928', 1000069, 'Y', 1000063, NULL);
INSERT INTO pos.d_invoiceline VALUES (1000052, 1000045, 1000004, 1000016, 1000140, NULL, NULL, 1, 100, 100000, 100000, '3c1dd9d9-1ad2-4705-8149-ccc106e10da7', '2024-08-12 10:23:20.075221', 1000069, '2024-08-12 10:23:20.075223', 1000069, 'Y', 1000064, NULL);
INSERT INTO pos.d_invoiceline VALUES (1000053, 1000045, 1000004, 1000016, 1000139, NULL, NULL, 1, 100, 100000, 100000, '65b376fe-2508-4668-bcd7-59f25b35fdc8', '2024-08-12 10:23:20.080096', 1000069, '2024-08-12 10:23:20.080097', 1000069, 'Y', 1000065, NULL);
INSERT INTO pos.d_invoiceline VALUES (1000054, 1000046, 1000004, 1000016, 1000139, NULL, NULL, 1, 100, 100000, 100000, '96f08be9-6fec-4ddd-a0e7-a043dfb6fee2', '2024-08-12 10:29:07.647962', 1000069, '2024-08-12 10:29:07.647963', 1000069, 'Y', 1000066, NULL);
INSERT INTO pos.d_invoiceline VALUES (1000055, 1000047, 1000004, 1000016, 1000140, NULL, NULL, 1, 100, 100000, 100000, '3f3be200-fa50-4b54-930c-eb3117c9d439', '2024-08-12 10:29:38.135069', 1000069, '2024-08-12 10:29:38.13507', 1000069, 'Y', 1000067, NULL);
INSERT INTO pos.d_invoiceline VALUES (1000056, 1000048, 1000004, 1000016, 1000139, NULL, NULL, 1, 100, 100000, 100000, '731225c9-3306-413b-be3e-537a1b872eb5', '2024-08-12 10:33:26.316211', 1000069, '2024-08-12 10:33:26.316212', 1000069, 'Y', 1000068, NULL);
INSERT INTO pos.d_invoiceline VALUES (1000057, 1000048, 1000004, 1000016, 1000138, NULL, NULL, 1, 100, 100000, 100000, '04f75658-ae54-4f0d-8b6e-931367198710', '2024-08-12 10:33:26.321127', 1000069, '2024-08-12 10:33:26.321128', 1000069, 'Y', 1000069, NULL);
INSERT INTO pos.d_invoiceline VALUES (1000058, 1000049, 1000004, 1000016, 1000138, NULL, NULL, 1, 100, 100000, 100000, '111e4571-418a-4a77-8bc7-22db05051019', '2024-08-12 10:36:41.527153', 1000069, '2024-08-12 10:36:41.527154', 1000069, 'Y', 1000070, NULL);
INSERT INTO pos.d_invoiceline VALUES (1000059, 1000050, 1000004, 1000016, 1000139, NULL, NULL, 1, 100, 100000, 100000, '1c5cdaff-5bde-4af7-aa07-6849d4f77caa', '2024-08-12 10:38:20.321584', 1000069, '2024-08-12 10:38:20.321586', 1000069, 'Y', 1000071, NULL);
INSERT INTO pos.d_invoiceline VALUES (1000060, 1000051, 1000004, 1000016, 1000140, NULL, NULL, 1, 100, 100000, 100000, 'bd1f98d9-c221-4c7b-85ad-e4fab6570679', '2024-08-12 10:44:29.383015', 1000069, '2024-08-12 10:44:29.383016', 1000069, 'Y', 1000072, NULL);
INSERT INTO pos.d_invoiceline VALUES (1000061, 1000052, 1000004, 1000016, 1000140, NULL, NULL, 1, 100, 100000, 100000, '6fe70e48-6358-45d1-acd2-91196803017c', '2024-08-12 10:50:23.54323', 1000069, '2024-08-12 10:50:23.543232', 1000069, 'Y', 1000073, NULL);
INSERT INTO pos.d_invoiceline VALUES (1000062, 1000052, 1000004, 1000016, 1000139, NULL, NULL, 1, 100, 100000, 100000, '18139bbd-6f49-4a42-b8fa-473ab096b1e7', '2024-08-12 10:50:23.548004', 1000069, '2024-08-12 10:50:23.548005', 1000069, 'Y', 1000074, NULL);
INSERT INTO pos.d_invoiceline VALUES (1000063, 1000053, 1000004, 1000016, 1000140, NULL, NULL, 1, 100, 100000, 100000, 'cf9a3ac6-9376-4b94-8b86-623e5f4cb482', '2024-08-12 10:51:02.650023', 1000069, '2024-08-12 10:51:02.650025', 1000069, 'Y', 1000075, NULL);
INSERT INTO pos.d_invoiceline VALUES (1000064, 1000053, 1000004, 1000016, 1000139, NULL, NULL, 1, 100, 100000, 100000, 'c627cbb6-cf6e-4acf-9808-a4b8a0a95e62', '2024-08-12 10:51:02.655064', 1000069, '2024-08-12 10:51:02.655065', 1000069, 'Y', 1000076, NULL);
INSERT INTO pos.d_invoiceline VALUES (1000065, 1000054, 1000004, 1000016, 1000139, NULL, NULL, 1, 100, 100000, 100000, '8d925448-f1df-4ad2-8b82-6f906747d832', '2024-08-12 10:55:36.699194', 1000069, '2024-08-12 10:55:36.699195', 1000069, 'Y', 1000077, NULL);
INSERT INTO pos.d_invoiceline VALUES (1000066, 1000055, 1000004, 1000016, 1000140, NULL, NULL, 1, 100, 100000, 100000, '7c5efa07-94bf-4dfb-adba-1895bb38b721', '2024-08-12 10:57:12.966709', 1000069, '2024-08-12 10:57:12.96671', 1000069, 'Y', 1000078, NULL);
INSERT INTO pos.d_invoiceline VALUES (1000067, 1000056, 1000004, 1000016, 1000139, NULL, NULL, 1, 100, 100000, 100000, 'dfa94543-6348-4acf-9b08-9f3dc806330b', '2024-08-12 10:57:29.704325', 1000069, '2024-08-12 10:57:29.704325', 1000069, 'Y', 1000079, NULL);
INSERT INTO pos.d_invoiceline VALUES (1000068, 1000057, 1000004, 1000016, 1000140, NULL, NULL, 1, 100, 100000, 100000, '2c97e579-c1a4-43bb-b6c4-9c94ba7a852e', '2024-08-12 10:58:53.820888', 1000069, '2024-08-12 10:58:53.820888', 1000069, 'Y', 1000080, NULL);
INSERT INTO pos.d_invoiceline VALUES (1000069, 1000058, 1000004, 1000016, 1000140, NULL, NULL, 1, 100, 100000, 100000, '94762299-a487-4e22-914f-ca91eb22f6ad', '2024-08-12 10:59:07.965449', 1000069, '2024-08-12 10:59:07.965449', 1000069, 'Y', 1000081, NULL);
INSERT INTO pos.d_invoiceline VALUES (1000070, 1000059, 1000004, 1000016, 1000140, NULL, NULL, 1, 100, 100000, 100000, 'ae432f96-c492-4395-b22c-4fced5fda009', '2024-08-12 11:01:04.069949', 1000069, '2024-08-12 11:01:04.069949', 1000069, 'Y', 1000082, NULL);
INSERT INTO pos.d_invoiceline VALUES (1000071, 1000060, 1000004, 1000016, 1000140, NULL, NULL, 1, 100, 100000, 100000, '8eaae0d1-7a24-4b97-8a68-e2c0cf83d469', '2024-08-12 11:01:52.031382', 1000069, '2024-08-12 11:01:52.031382', 1000069, 'Y', 1000083, NULL);
INSERT INTO pos.d_invoiceline VALUES (1000072, 1000061, 1000004, 1000016, 1000140, NULL, NULL, 1, 100, 100000, 100000, 'd0ec4f51-3fd0-4885-a588-16635fc73625', '2024-08-12 11:07:40.213833', 1000069, '2024-08-12 11:07:40.213834', 1000069, 'Y', 1000084, NULL);
INSERT INTO pos.d_invoiceline VALUES (1000073, 1000061, 1000004, 1000016, 1000139, NULL, NULL, 1, 100, 100000, 100000, '5c849a0f-a134-4c5d-bd94-fdedeb5ffc95', '2024-08-12 11:07:40.218258', 1000069, '2024-08-12 11:07:40.218258', 1000069, 'Y', 1000085, NULL);
INSERT INTO pos.d_invoiceline VALUES (1000074, 1000062, 1000004, 1000016, 1000140, NULL, NULL, 1, 100, 100000, 100000, 'fdba1bc0-39e4-4dca-9857-b1bb8c4d06fd', '2024-08-12 11:09:02.022537', 1000069, '2024-08-12 11:09:02.022538', 1000069, 'Y', 1000086, NULL);
INSERT INTO pos.d_invoiceline VALUES (1000075, 1000063, 1000004, 1000016, 1000140, NULL, NULL, 1, 100, 100000, 100000, '2a29239d-2fe3-421f-be47-8a92519aa020', '2024-08-12 11:09:15.132322', 1000069, '2024-08-12 11:09:15.132322', 1000069, 'Y', 1000087, NULL);
INSERT INTO pos.d_invoiceline VALUES (1000076, 1000064, 1000004, 1000016, 1000140, NULL, NULL, 1, 100, 100000, 100000, '0612151b-7b0c-4e73-886d-2719e85ca59a', '2024-08-12 11:09:57.425275', 1000069, '2024-08-12 11:09:57.425276', 1000069, 'Y', 1000088, NULL);
INSERT INTO pos.d_invoiceline VALUES (1000077, 1000065, 1000004, 1000016, 1000140, NULL, NULL, 1, 100, 100000, 100000, '7123b71f-a2d7-44a0-8822-16616b0f8266', '2024-08-12 11:10:42.932561', 1000069, '2024-08-12 11:10:42.932561', 1000069, 'Y', 1000089, NULL);
INSERT INTO pos.d_invoiceline VALUES (1000078, 1000066, 1000004, 1000016, 1000140, NULL, NULL, 1, 100, 100000, 100000, 'f9c29fae-3695-4673-b8fe-5eeed8a6da4c', '2024-08-12 11:11:01.815951', 1000069, '2024-08-12 11:11:01.815951', 1000069, 'Y', 1000090, NULL);
INSERT INTO pos.d_invoiceline VALUES (1000079, 1000067, 1000004, 1000016, 1000140, NULL, NULL, 1, 100, 100000, 100000, '83c4934b-1c39-4f0a-8ee5-f4b01e2abc05', '2024-08-12 11:15:13.733839', 1000069, '2024-08-12 11:15:13.733839', 1000069, 'Y', 1000091, NULL);
INSERT INTO pos.d_invoiceline VALUES (1000080, 1000068, 1000004, 1000016, 1000140, NULL, NULL, 1, 100, 100000, 100000, '888d1852-9a22-4990-889d-8b93e88c2b00', '2024-08-12 11:18:34.796113', 1000069, '2024-08-12 11:18:34.796114', 1000069, 'Y', 1000092, NULL);
INSERT INTO pos.d_invoiceline VALUES (1000081, 1000069, 1000004, 1000016, 1000139, NULL, NULL, 1, 100, 100000, 100000, '1954df88-4446-445f-8b17-2ebe0f90b707', '2024-08-12 14:35:56.109543', 1000069, '2024-08-12 14:35:56.109544', 1000069, 'Y', 1000093, NULL);
INSERT INTO pos.d_invoiceline VALUES (1000082, 1000070, 1000004, 1000016, 1000140, NULL, NULL, 1, 100, 100000, 100000, '02138fe7-4981-4ed9-830f-338c27db02b9', '2024-08-12 22:44:34.089789', 1000069, '2024-08-12 22:44:34.08979', 1000069, 'Y', 1000094, NULL);
INSERT INTO pos.d_invoiceline VALUES (1000083, 1000070, 1000004, 1000016, 1000139, NULL, NULL, 1, 100, 100000, 100000, 'dfc56692-c0a4-43bd-b78e-de5d62988f7a', '2024-08-12 22:44:34.095611', 1000069, '2024-08-12 22:44:34.095611', 1000069, 'Y', 1000095, NULL);
INSERT INTO pos.d_invoiceline VALUES (1000084, 1000070, 1000004, 1000016, 1000132, NULL, NULL, 1, 100, 100000, 100000, '6d60fa5c-f7e5-4598-827b-e0eb1ec72a4f', '2024-08-12 22:44:34.101581', 1000069, '2024-08-12 22:44:34.101582', 1000069, 'Y', 1000096, NULL);
INSERT INTO pos.d_invoiceline VALUES (1000085, 1000070, 1000004, 1000016, 1000134, NULL, NULL, 1, 100, 100000, 100000, 'a234b206-6056-4d64-a2d8-b71774c4de71', '2024-08-12 22:44:34.104006', 1000069, '2024-08-12 22:44:34.104007', 1000069, 'Y', 1000097, NULL);
INSERT INTO pos.d_invoiceline VALUES (1000086, 1000071, 1000004, 1000016, 1000139, NULL, NULL, 1, 100, 100000, 100000, '1baab7c9-23b4-4ac5-a2b2-ead8deb53037', '2024-08-13 18:43:45.203218', 1000069, '2024-08-13 18:43:45.203219', 1000069, 'Y', 1000098, NULL);
INSERT INTO pos.d_invoiceline VALUES (1000087, 1000071, 1000004, 1000016, 1000138, NULL, NULL, 1, 100, 100000, 100000, '4527384d-2d8f-4f43-affb-73e6d52ed575', '2024-08-13 18:43:45.205344', 1000069, '2024-08-13 18:43:45.205344', 1000069, 'Y', 1000099, NULL);
INSERT INTO pos.d_invoiceline VALUES (1000088, 1000071, 1000004, 1000016, 1000130, NULL, NULL, 1, 100, 100000, 100000, 'f1398d03-7669-497d-b8c2-d1c6c9558b46', '2024-08-13 18:43:45.206375', 1000069, '2024-08-13 18:43:45.206375', 1000069, 'Y', 1000100, NULL);
INSERT INTO pos.d_invoiceline VALUES (1000089, 1000071, 1000004, 1000016, 1000132, NULL, NULL, 1, 100, 100000, 100000, '183bb939-4bc1-4581-bf03-7e5a177bdaff', '2024-08-13 18:43:45.207257', 1000069, '2024-08-13 18:43:45.207257', 1000069, 'Y', 1000101, NULL);
INSERT INTO pos.d_invoiceline VALUES (1000090, 1000072, 1000004, 1000016, 1000132, NULL, NULL, 1, 100, 100000, 100000, 'c22ea423-c3c7-4b7e-ac74-42e54f22d441', '2024-08-14 11:24:37.376179', 1000069, '2024-08-14 11:24:37.376179', 1000069, 'Y', 1000102, NULL);
INSERT INTO pos.d_invoiceline VALUES (1000091, 1000072, 1000004, 1000016, 1000130, NULL, NULL, 1, 100, 100000, 100000, '7ed3ef33-8eef-48e4-9e69-4998c403b0b8', '2024-08-14 11:24:37.377495', 1000069, '2024-08-14 11:24:37.377495', 1000069, 'Y', 1000103, NULL);
INSERT INTO pos.d_invoiceline VALUES (1000092, 1000072, 1000004, 1000016, 1000129, NULL, NULL, 1, 100, 100000, 100000, '95f4dfa5-b596-46a1-9185-0ae1f679a734', '2024-08-14 11:24:37.378278', 1000069, '2024-08-14 11:24:37.378278', 1000069, 'Y', 1000104, NULL);
INSERT INTO pos.d_invoiceline VALUES (1000093, 1000073, 1000004, 1000016, 1000132, NULL, NULL, 1, 100, 100000, 100000, '55949d6b-5f0d-4077-948b-70c259afb501', '2024-08-14 11:26:10.290247', 1000069, '2024-08-14 11:26:10.290247', 1000069, 'Y', 1000105, NULL);
INSERT INTO pos.d_invoiceline VALUES (1000094, 1000073, 1000004, 1000016, 1000108, NULL, NULL, 1, 100, 100000, 100000, '725cb459-ba1f-4c34-8b43-6c58ca8a0e89', '2024-08-14 11:26:10.29164', 1000069, '2024-08-14 11:26:10.29164', 1000069, 'Y', 1000106, NULL);
INSERT INTO pos.d_invoiceline VALUES (1000095, 1000074, 1000004, 1000016, 1000138, NULL, NULL, 4, 100, 100000, 100000, 'e9c5ea02-8ca9-4cc0-b6d6-52b5932b424f', '2024-08-14 11:27:04.414625', 1000069, '2024-08-14 11:27:04.414625', 1000069, 'Y', 1000107, NULL);
INSERT INTO pos.d_invoiceline VALUES (1000096, 1000074, 1000004, 1000016, 1000130, NULL, NULL, 2, 100, 100000, 100000, 'e20c23d3-ee9a-4ec5-8aea-2573877589cc', '2024-08-14 11:27:04.416048', 1000069, '2024-08-14 11:27:04.416048', 1000069, 'Y', 1000108, NULL);
INSERT INTO pos.d_invoiceline VALUES (1000097, 1000075, 1000004, 1000016, 1000119, NULL, NULL, 1, 100, 100000, 100000, 'de01cb84-b0af-416c-b48b-2e7b502ffad6', '2024-08-14 23:12:30.307006', 1000069, '2024-08-14 23:12:30.307006', 1000069, 'Y', 1000109, NULL);
INSERT INTO pos.d_invoiceline VALUES (1000098, 1000075, 1000004, 1000016, 1000132, NULL, NULL, 1, 100, 100000, 100000, 'ee7a00eb-11e9-4414-92d4-59a245194adb', '2024-08-14 23:12:30.30836', 1000069, '2024-08-14 23:12:30.308361', 1000069, 'Y', 1000110, NULL);
INSERT INTO pos.d_invoiceline VALUES (1000099, 1000075, 1000004, 1000016, 1000134, NULL, NULL, 1, 100, 100000, 100000, '54e5f7d8-5fba-428c-af9e-a7dc7a55cb44', '2024-08-14 23:12:30.309156', 1000069, '2024-08-14 23:12:30.309156', 1000069, 'Y', 1000111, NULL);
INSERT INTO pos.d_invoiceline VALUES (1000100, 1000076, 1000004, 1000016, 1000138, NULL, NULL, 1, 100, 100000, 100000, '50c2c566-4fe7-4277-b0e4-8f79085d25e4', '2024-08-15 16:14:24.172447', 1000069, '2024-08-15 16:14:24.17245', 1000069, 'Y', 1000112, NULL);
INSERT INTO pos.d_invoiceline VALUES (1000101, 1000076, 1000004, 1000016, 1000136, NULL, NULL, 1, 100, 100000, 100000, 'ef2a07e3-49f6-4620-a3b1-311eb91651df', '2024-08-15 16:14:24.175162', 1000069, '2024-08-15 16:14:24.175162', 1000069, 'Y', 1000113, NULL);
INSERT INTO pos.d_invoiceline VALUES (1000102, 1000077, 1000004, 1000016, 1000140, NULL, NULL, 1, 100, 100000, 100000, '4c3db35b-c921-4a9e-a8ec-62c70ff029a7', '2024-08-17 15:11:36.401161', 1000069, '2024-08-17 15:11:36.401162', 1000069, 'Y', 1000114, NULL);
INSERT INTO pos.d_invoiceline VALUES (1000103, 1000077, 1000004, 1000016, 1000139, NULL, NULL, 1, 100, 100000, 100000, '0aba869f-6073-4378-9ac9-0583009bf1db', '2024-08-17 15:11:36.403076', 1000069, '2024-08-17 15:11:36.403077', 1000069, 'Y', 1000115, NULL);
INSERT INTO pos.d_invoiceline VALUES (1000104, 1000077, 1000004, 1000016, 1000138, NULL, NULL, 1, 100, 100000, 100000, '2a6598be-6096-4b9b-b93b-a2b96f947efc', '2024-08-17 15:11:36.404219', 1000069, '2024-08-17 15:11:36.404219', 1000069, 'Y', 1000116, NULL);
INSERT INTO pos.d_invoiceline VALUES (1000105, 1000077, 1000004, 1000016, 1000130, NULL, NULL, 1, 100, 100000, 100000, '90437e19-95bb-439a-9b78-d2ebe8cdb1bb', '2024-08-17 15:11:36.405803', 1000069, '2024-08-17 15:11:36.405804', 1000069, 'Y', 1000117, NULL);
INSERT INTO pos.d_invoiceline VALUES (1000106, 1000078, 1000004, 1000016, 1000107, NULL, NULL, 1, 100, 100000, 100000, 'be13e01b-ecb6-40b5-b59e-b9d973ac0891', '2024-08-24 12:12:48.2456', 1000069, '2024-08-24 12:12:48.245603', 1000069, 'Y', 1000118, NULL);
INSERT INTO pos.d_invoiceline VALUES (1000107, 1000078, 1000004, 1000016, 1000108, NULL, NULL, 1, 100, 100000, 100000, 'd5f744e7-8716-4e59-be39-12693d404a95', '2024-08-24 12:12:48.248786', 1000069, '2024-08-24 12:12:48.248787', 1000069, 'Y', 1000119, NULL);
INSERT INTO pos.d_invoiceline VALUES (1000108, 1000078, 1000004, 1000016, 1000139, NULL, NULL, 1, 100, 100000, 100000, 'cff014e4-b395-4e1b-bb03-dd45233a099b', '2024-08-24 12:12:48.249939', 1000069, '2024-08-24 12:12:48.24994', 1000069, 'Y', 1000120, NULL);
INSERT INTO pos.d_invoiceline VALUES (1000109, 1000079, 1000004, 1000016, 1000103, NULL, NULL, 3, 0, 100000, 100000, '345fce9d-8c35-4e62-8274-8f0a04676d87', '2024-08-26 09:51:12.315992', 1000069, '2024-08-26 09:51:12.315993', 1000069, 'Y', 1000121, NULL);
INSERT INTO pos.d_invoiceline VALUES (1000110, 1000079, 1000004, 1000016, 1000136, NULL, NULL, 3, 0, 100000, 100000, '06664de5-0976-477a-a848-3faa2c801b2f', '2024-08-26 09:51:12.317833', 1000069, '2024-08-26 09:51:12.317835', 1000069, 'Y', 1000122, NULL);
INSERT INTO pos.d_invoiceline VALUES (1000111, 1000079, 1000004, 1000016, 1000127, NULL, NULL, 3, 0, 100000, 100000, 'c925f33f-d58e-4f4e-a1b2-a7450f07cf48', '2024-08-26 09:51:12.319103', 1000069, '2024-08-26 09:51:12.319104', 1000069, 'Y', 1000123, NULL);
INSERT INTO pos.d_invoiceline VALUES (1000112, 1000079, 1000004, 1000016, 1000129, NULL, NULL, 3, 0, 100000, 100000, '4ed96faf-9a5c-4bbd-bba6-c9fa520af72d', '2024-08-26 09:51:12.320183', 1000069, '2024-08-26 09:51:12.320184', 1000069, 'Y', 1000124, NULL);
INSERT INTO pos.d_invoiceline VALUES (1000113, 1000079, 1000004, 1000016, 1000139, NULL, NULL, 1, 0, 100000, 100000, '22be57b7-878e-4ebc-ae05-4d1b8d27852b', '2024-08-26 09:51:12.321145', 1000069, '2024-08-26 09:51:12.321146', 1000069, 'Y', 1000125, NULL);
INSERT INTO pos.d_invoiceline VALUES (1000114, 1000079, 1000004, 1000016, 1000119, NULL, NULL, 1, 0, 100000, 100000, '894589f7-163b-43d2-8faa-6f7d98cd965c', '2024-08-26 09:51:12.322166', 1000069, '2024-08-26 09:51:12.322167', 1000069, 'Y', 1000126, NULL);
INSERT INTO pos.d_invoiceline VALUES (1000115, 1000079, 1000004, 1000016, 1000107, NULL, NULL, 1, 0, 100000, 100000, 'ee3a3a7b-c0da-4461-9da4-432c410017d4', '2024-08-26 09:51:12.323563', 1000069, '2024-08-26 09:51:12.323564', 1000069, 'Y', 1000127, NULL);
INSERT INTO pos.d_invoiceline VALUES (1000116, 1000079, 1000004, 1000016, 1000140, NULL, NULL, 1, 0, 100000, 100000, 'd53882a4-f6de-4a84-bee1-97d7d09f0b15', '2024-08-26 09:51:12.324518', 1000069, '2024-08-26 09:51:12.324519', 1000069, 'Y', 1000128, NULL);
INSERT INTO pos.d_invoiceline VALUES (1000117, 1000080, 1000004, 1000016, 1000103, NULL, NULL, 3, 0, 100000, 100000, 'e0ef37ba-df91-4dd6-83f2-957100234d94', '2024-08-26 09:51:35.689387', 1000069, '2024-08-26 09:51:35.689388', 1000069, 'Y', 1000129, NULL);
INSERT INTO pos.d_invoiceline VALUES (1000118, 1000080, 1000004, 1000016, 1000136, NULL, NULL, 3, 0, 100000, 100000, 'c298a1ba-2cad-4b36-b85d-a530d758f046', '2024-08-26 09:51:35.690285', 1000069, '2024-08-26 09:51:35.690286', 1000069, 'Y', 1000130, NULL);
INSERT INTO pos.d_invoiceline VALUES (1000119, 1000080, 1000004, 1000016, 1000127, NULL, NULL, 3, 0, 100000, 100000, '1a08d2cf-f83e-4baf-a2d6-291fa01cabad', '2024-08-26 09:51:35.691235', 1000069, '2024-08-26 09:51:35.691236', 1000069, 'Y', 1000131, NULL);
INSERT INTO pos.d_invoiceline VALUES (1000120, 1000080, 1000004, 1000016, 1000129, NULL, NULL, 3, 0, 100000, 100000, 'ad34eca3-6fe3-4711-8a8c-802932455930', '2024-08-26 09:51:35.692264', 1000069, '2024-08-26 09:51:35.692265', 1000069, 'Y', 1000132, NULL);
INSERT INTO pos.d_invoiceline VALUES (1000121, 1000080, 1000004, 1000016, 1000139, NULL, NULL, 2, 0, 100000, 100000, 'd1cf8218-c18a-4ce1-9844-179a608c68f8', '2024-08-26 09:51:35.698418', 1000069, '2024-08-26 09:51:35.698419', 1000069, 'Y', 1000133, NULL);
INSERT INTO pos.d_invoiceline VALUES (1000122, 1000080, 1000004, 1000016, 1000119, NULL, NULL, 2, 0, 100000, 100000, 'af55e80f-761b-4875-a845-6438134f6927', '2024-08-26 09:51:35.69974', 1000069, '2024-08-26 09:51:35.699741', 1000069, 'Y', 1000134, NULL);
INSERT INTO pos.d_invoiceline VALUES (1000123, 1000080, 1000004, 1000016, 1000107, NULL, NULL, 2, 0, 100000, 100000, 'b00bac7a-af46-492b-9e22-900397dfb34b', '2024-08-26 09:51:35.700959', 1000069, '2024-08-26 09:51:35.70096', 1000069, 'Y', 1000135, NULL);
INSERT INTO pos.d_invoiceline VALUES (1000124, 1000080, 1000004, 1000016, 1000140, NULL, NULL, 2, 0, 100000, 100000, '11887c89-1d62-4ca3-9c2b-a6743179590c', '2024-08-26 09:51:35.702937', 1000069, '2024-08-26 09:51:35.702938', 1000069, 'Y', 1000136, NULL);
INSERT INTO pos.d_invoiceline VALUES (1000125, 1000081, 1000004, 1000016, 1000152, NULL, NULL, 1, 0, 100000, 100000, '782ba99e-8164-45ba-b676-2140f16eba39', '2024-08-27 10:27:48.2644', 1000069, '2024-08-27 10:27:48.264402', 1000069, 'Y', 1000137, NULL);
INSERT INTO pos.d_invoiceline VALUES (1000126, 1000081, 1000004, 1000016, 1000151, NULL, NULL, 1, 0, 100000, 100000, '6c489287-15c4-4a4a-8f1f-28b18bd2dfa8', '2024-08-27 10:27:48.271695', 1000069, '2024-08-27 10:27:48.271696', 1000069, 'Y', 1000138, NULL);
INSERT INTO pos.d_invoiceline VALUES (1000127, 1000082, 1000004, 1000016, 1000152, NULL, NULL, 1, 0, 100000, 100000, '2ac14d0c-2abc-4520-bf26-c8c002d9e5c8', '2024-08-27 12:03:16.568359', 1000069, '2024-08-27 12:03:16.56836', 1000069, 'Y', 1000139, NULL);
INSERT INTO pos.d_invoiceline VALUES (1000128, 1000082, 1000004, 1000016, 1000151, NULL, NULL, 1, 0, 100000, 100000, '8ad644e5-762f-4bde-97ed-a65d6ba78882', '2024-08-27 12:03:16.572641', 1000069, '2024-08-27 12:03:16.572642', 1000069, 'Y', 1000140, NULL);
INSERT INTO pos.d_invoiceline VALUES (1000129, 1000083, 1000004, 1000016, 1000356, NULL, NULL, 1, 15000, 100000, 100000, '4f83c5ae-ce9a-46d8-a7c5-c705eb857749', '2024-08-30 18:50:10.889777', 1000069, '2024-08-30 18:50:10.889779', 1000069, 'Y', 1000141, NULL);
INSERT INTO pos.d_invoiceline VALUES (1000130, 1000083, 1000004, 1000016, 1000138, NULL, NULL, 1, 100, 100000, 100000, '4ce0f34e-e285-4bbd-8a3c-a579f26cd962', '2024-08-30 18:50:10.892894', 1000069, '2024-08-30 18:50:10.892895', 1000069, 'Y', 1000142, NULL);
INSERT INTO pos.d_invoiceline VALUES (1000131, 1000085, 1000004, 1000016, 1000353, 1000003, NULL, 1, 100000, 110000, 110000, 'f8e329f0-72be-476a-83e7-e22775d39ca7', '2024-09-08 16:51:47.414622', 1000069, '2024-09-08 16:51:47.414622', 1000069, 'Y', NULL, 1000144);
INSERT INTO pos.d_invoiceline VALUES (1000132, 1000085, 1000004, 1000016, 1000132, 1000003, NULL, 1, 100000, 110000, 110000, '3e781048-99d6-48ab-9e53-88a071468903', '2024-09-08 16:51:47.430355', 1000069, '2024-09-08 16:51:47.430355', 1000069, 'Y', NULL, 1000143);
INSERT INTO pos.d_invoiceline VALUES (1000133, 1000087, 1000004, 1000016, 1000132, 1000003, NULL, 1, 100000, 100000, 110000, '44b20d74-9c6d-4b27-9ae6-199203849b7a', '2024-09-08 17:21:35.300164', 1000069, '2024-09-08 17:21:35.300164', 1000069, 'Y', NULL, 1000145);
INSERT INTO pos.d_invoiceline VALUES (1000134, 1000087, 1000004, 1000016, 1000353, 1000003, NULL, 1, 100000, 100000, 110000, 'ac8e9963-1cca-48b7-a2e2-8cd9c353fc2c', '2024-09-08 17:21:35.308681', 1000069, '2024-09-08 17:21:35.308681', 1000069, 'Y', NULL, 1000146);
INSERT INTO pos.d_invoiceline VALUES (1000135, 1000089, 1000004, 1000016, 1000132, 1000003, NULL, 1, 100000, 100000, 110000, '4374ae2e-6ef5-4efe-b94c-5e63f7882b5c', '2024-09-08 17:23:48.201501', 1000069, '2024-09-08 17:23:48.201501', 1000069, 'Y', NULL, 1000145);
INSERT INTO pos.d_invoiceline VALUES (1000136, 1000089, 1000004, 1000016, 1000353, 1000003, NULL, 1, 100000, 100000, 110000, '5a751270-aa8e-41b4-a7b8-31677e8a1acb', '2024-09-08 17:23:48.208002', 1000069, '2024-09-08 17:23:48.208002', 1000069, 'Y', NULL, 1000146);
INSERT INTO pos.d_invoiceline VALUES (1000137, 1000091, 1000004, 1000016, 1000132, 1000003, NULL, 1, 100000, 100000, 110000, 'a7ec2e40-1006-4451-bb2f-73911f2c2356', '2024-09-08 17:32:19.88269', 1000069, '2024-09-08 17:32:19.88269', 1000069, 'Y', NULL, 1000145);
INSERT INTO pos.d_invoiceline VALUES (1000138, 1000091, 1000004, 1000016, 1000353, 1000003, NULL, 1, 100000, 100000, 110000, '36ac9f7e-ae3c-431f-b509-5a248c308dbe', '2024-09-08 17:32:19.8959', 1000069, '2024-09-08 17:32:19.8959', 1000069, 'Y', NULL, 1000146);
INSERT INTO pos.d_invoiceline VALUES (1000139, 1000093, 1000004, 1000016, 1000132, 1000003, NULL, 1, 100000, 100000, 110000, '355e0736-c328-4f02-841d-f2c2151c0048', '2024-09-08 17:45:09.241194', 1000069, '2024-09-08 17:45:09.241194', 1000069, 'Y', NULL, 1000145);
INSERT INTO pos.d_invoiceline VALUES (1000140, 1000093, 1000004, 1000016, 1000353, 1000003, NULL, 1, 100000, 100000, 110000, '4acf8ebc-386c-4f12-abaf-6958515f9cc5', '2024-09-08 17:45:09.246721', 1000069, '2024-09-08 17:45:09.246721', 1000069, 'Y', NULL, 1000146);
INSERT INTO pos.d_invoiceline VALUES (1000141, 1000095, 1000004, 1000016, 1000132, 1000003, NULL, 1, 100000, 100000, 110000, '8ff9d643-46b8-4d80-aaec-5e88899edfc7', '2024-09-08 17:52:41.834963', 1000069, '2024-09-08 17:52:41.834963', 1000069, 'Y', NULL, 1000145);
INSERT INTO pos.d_invoiceline VALUES (1000142, 1000095, 1000004, 1000016, 1000353, 1000003, NULL, 1, 100000, 100000, 110000, '1a921b3f-5ee0-46a0-b77c-453839be37a6', '2024-09-08 17:52:41.841962', 1000069, '2024-09-08 17:52:41.841962', 1000069, 'Y', NULL, 1000146);
INSERT INTO pos.d_invoiceline VALUES (1000143, 1000097, 0, 1000016, 1000353, 1000003, NULL, 1, 100000, 100000, 110000, '93c4c307-fc89-4fc8-9c81-8f1d14c1a60a', '2024-09-08 11:21:11.315491', 0, '2024-09-08 11:21:11.315492', 0, 'Y', NULL, 1000150);
INSERT INTO pos.d_invoiceline VALUES (1000144, 1000097, 0, 1000016, 1000132, 1000003, NULL, 1, 100000, 100000, 110000, '74f90cd3-4b91-42e2-b858-fc7337e150ef', '2024-09-08 11:21:11.322883', 0, '2024-09-08 11:21:11.322884', 0, 'Y', NULL, 1000149);
INSERT INTO pos.d_invoiceline VALUES (1000145, 1000099, 0, 1000016, 1000353, 1000003, NULL, 1, 100000, 100000, 110000, 'bb82b948-4e54-4704-8f43-0ff08a70bdb4', '2024-09-09 00:32:07.928589', 0, '2024-09-09 00:32:07.928589', 0, 'Y', NULL, 1000156);
INSERT INTO pos.d_invoiceline VALUES (1000146, 1000099, 0, 1000016, 1000132, 1000003, NULL, 1, 100000, 100000, 110000, '6ff8d0f4-ad2b-410a-88c9-81aac4c24cc4', '2024-09-09 00:32:07.934374', 0, '2024-09-09 00:32:07.934374', 0, 'Y', NULL, 1000155);
INSERT INTO pos.d_invoiceline VALUES (1000147, 1000101, 0, 1000016, 1000353, 1000003, NULL, 1, 100000, 100000, 110000, '1cd8b7cc-662b-4a7e-91f8-d49a038aac5f', '2024-09-09 00:38:21.110445', 0, '2024-09-09 00:38:21.110445', 0, 'Y', NULL, 1000156);
INSERT INTO pos.d_invoiceline VALUES (1000148, 1000101, 0, 1000016, 1000132, 1000003, NULL, 1, 100000, 100000, 110000, '81e6cfd0-e9b7-42d4-be75-87159071ba1b', '2024-09-09 00:38:21.115441', 0, '2024-09-09 00:38:21.115441', 0, 'Y', NULL, 1000155);
INSERT INTO pos.d_invoiceline VALUES (1000149, 1000103, 1000004, 1000016, 1000353, 1000003, NULL, 1, 100000, 100000, 110000, '6208ad98-b02a-4b80-aefe-2cd7958b1c6f', '2024-09-09 00:46:56.095769', 0, '2024-09-09 00:46:56.095769', 0, 'Y', NULL, 1000156);
INSERT INTO pos.d_invoiceline VALUES (1000150, 1000103, 1000004, 1000016, 1000132, 1000003, NULL, 1, 100000, 100000, 110000, '2d6c551c-dd0f-4de5-82e1-9f624a24ca67', '2024-09-09 00:46:56.100813', 0, '2024-09-09 00:46:56.100813', 0, 'Y', NULL, 1000155);
INSERT INTO pos.d_invoiceline VALUES (1000151, 1000105, 1000004, 1000016, 1000353, 1000003, NULL, 1, 100000, 100000, 110000, '251f59f4-3679-4458-aba5-52fc6bf5d9ca', '2024-09-09 00:50:02.651863', 0, '2024-09-09 00:50:02.651863', 0, 'Y', NULL, 1000156);
INSERT INTO pos.d_invoiceline VALUES (1000152, 1000105, 1000004, 1000016, 1000132, 1000003, NULL, 1, 100000, 100000, 110000, '3f1eb656-4da1-45f4-8824-c9e15004d5bc', '2024-09-09 00:50:02.656843', 0, '2024-09-09 00:50:02.656843', 0, 'Y', NULL, 1000155);
INSERT INTO pos.d_invoiceline VALUES (1000153, 1000107, 1000004, 1000016, 1000353, 1000003, NULL, 1, 100000, 100000, 110000, '43dda786-f27e-487d-b58b-bbfc8272e0ab', '2024-09-09 00:50:58.479295', 0, '2024-09-09 00:50:58.479295', 0, 'Y', NULL, 1000156);
INSERT INTO pos.d_invoiceline VALUES (1000154, 1000107, 1000004, 1000016, 1000132, 1000003, NULL, 1, 100000, 100000, 110000, 'fa28352f-3afd-46ae-9752-eaddc5adb32f', '2024-09-09 00:50:58.484284', 0, '2024-09-09 00:50:58.484284', 0, 'Y', NULL, 1000155);
INSERT INTO pos.d_invoiceline VALUES (1000155, 1000109, 1000004, 1000016, 1000425, NULL, NULL, 1, 200000, 200000, 2200000, '92e5c75e-18e7-485e-b2c8-7ca700f28d27', '2024-09-18 06:59:58.672534', 0, '2024-09-18 06:59:58.672535', 0, 'Y', NULL, 1000366);
INSERT INTO pos.d_invoiceline VALUES (1000156, 1000109, 1000004, 1000016, 1000509, NULL, NULL, 1, 20000, 20000, 21600, '1cc3d41a-9acd-43f0-8ec8-7857d607aaa0', '2024-09-18 06:59:58.682146', 0, '2024-09-18 06:59:58.682147', 0, 'Y', NULL, 1000367);
INSERT INTO pos.d_invoiceline VALUES (1000157, 1000111, 1000004, 1000016, 1000425, 1000003, NULL, 1, 200000, 200000, 2200000, 'dc7619ca-9029-469b-a1ce-bcadc1d86cb8', '2024-09-18 07:02:11.110387', 0, '2024-09-18 07:02:11.110388', 0, 'Y', NULL, 1000366);
INSERT INTO pos.d_invoiceline VALUES (1000158, 1000111, 1000004, 1000016, 1000509, 1000003, NULL, 1, 20000, 20000, 21600, 'c6d31a36-83ee-42de-ac87-8350785c7ce3', '2024-09-18 07:02:11.119107', 0, '2024-09-18 07:02:11.119108', 0, 'Y', NULL, 1000367);
INSERT INTO pos.d_invoiceline VALUES (1000159, 1000113, 1000004, 1000016, 1000425, 1000003, NULL, 1, 200000, 200000, 2200000, '48f9f084-92f8-4a54-8974-e047193a7a09', '2024-09-18 07:18:09.089385', 0, '2024-09-18 07:18:09.089386', 0, 'Y', NULL, 1000366);
INSERT INTO pos.d_invoiceline VALUES (1000160, 1000113, 1000004, 1000016, 1000509, 1000003, NULL, 1, 20000, 20000, 21600, '2a8d8d40-8f83-41da-b326-e6efb1df6d0f', '2024-09-18 07:18:09.103617', 0, '2024-09-18 07:18:09.103618', 0, 'Y', NULL, 1000367);
INSERT INTO pos.d_invoiceline VALUES (1000161, 1000115, 1000004, 1000016, 1000425, 1000003, NULL, 1, 200000, 200000, 2200000, '95e494ee-210e-41b5-aacc-baa5e5a525e8', '2024-09-18 07:30:03.903818', 0, '2024-09-18 07:30:03.903818', 0, 'Y', NULL, 1000366);
INSERT INTO pos.d_invoiceline VALUES (1000162, 1000115, 1000004, 1000016, 1000509, 1000003, NULL, 1, 20000, 20000, 21600, 'cacefb1d-fdaa-4bed-bafe-005f0aa48ca7', '2024-09-18 07:30:03.913769', 0, '2024-09-18 07:30:03.91377', 0, 'Y', NULL, 1000367);
INSERT INTO pos.d_invoiceline VALUES (1000163, 1000117, 1000004, 1000016, 1000425, 1000003, NULL, 1, 200000, 200000, 2200000, 'e77a77b7-679e-4aec-b446-2c8deb364a4d', '2024-09-18 07:41:29.013103', 0, '2024-09-18 07:41:29.013103', 0, 'Y', NULL, 1000368);
INSERT INTO pos.d_invoiceline VALUES (1000164, 1000117, 1000004, 1000016, 1000509, 1000003, NULL, 1, 20000, 20000, 21600, '01f011da-9639-4cb5-9169-2aa2b060e77d', '2024-09-18 07:41:29.022618', 0, '2024-09-18 07:41:29.022619', 0, 'Y', NULL, 1000369);
INSERT INTO pos.d_invoiceline VALUES (1000165, 1000119, 1000004, 1000016, 1000440, 1000003, NULL, 1, 200000, 200000, 2200000, '89b3d0a9-e975-4d22-9ea6-747e2e161d1d', '2024-09-18 08:24:09.33268', 0, '2024-09-18 08:24:09.332681', 0, 'Y', NULL, 1000370);
INSERT INTO pos.d_invoiceline VALUES (1000166, 1000119, 1000004, 1000016, 1000509, 1000003, NULL, 1, 20000, 20000, 21600, 'f28a1c84-30e8-48f7-b553-13c56d48417f', '2024-09-18 08:24:09.341621', 0, '2024-09-18 08:24:09.341622', 0, 'Y', NULL, 1000371);
INSERT INTO pos.d_invoiceline VALUES (1000167, 1000121, 1000004, 1000016, 1000440, 1000003, NULL, 1, 200000, 200000, 2200000, 'e8b0c1a1-55ab-4fdf-af88-2965dfd2e97c', '2024-09-18 08:26:10.617221', 0, '2024-09-18 08:26:10.617221', 0, 'Y', NULL, 1000372);
INSERT INTO pos.d_invoiceline VALUES (1000168, 1000121, 1000004, 1000016, 1000509, 1000003, NULL, 1, 20000, 20000, 21600, '1b813165-3bcf-4fc2-aefc-2bd84b0c6116', '2024-09-18 08:26:10.626267', 0, '2024-09-18 08:26:10.626267', 0, 'Y', NULL, 1000373);
INSERT INTO pos.d_invoiceline VALUES (1000169, 1000123, 1000004, 1000016, 1000488, 0, NULL, 1, 189000, 189000, 189000, '75894ea3-8bd5-493c-be7c-fb37da81582e', '2024-09-23 10:53:27.790068', 1000069, '2024-09-23 10:53:27.790068', 1000069, 'Y', NULL, 1000403);
INSERT INTO pos.d_invoiceline VALUES (1000170, 1000125, 1000004, 1000016, 1000488, 0, NULL, 1, 189000, 189000, 189000, '45c31334-f540-4df9-8e84-5d119d805a0f', '2024-09-23 10:54:50.758857', 1000069, '2024-09-23 10:54:50.758857', 1000069, 'Y', NULL, 1000403);
INSERT INTO pos.d_invoiceline VALUES (1000171, 1000129, 1000004, 1000016, 1000678, 0, NULL, 1, 30000, 30000, 30000, '981a9f15-c259-446d-bc5e-842d308c08ee', '2024-09-25 14:51:15.949737', 1000069, '2024-09-25 14:51:15.949737', 1000069, 'Y', NULL, 1000727);
INSERT INTO pos.d_invoiceline VALUES (1000172, 1000129, 1000004, 1000016, 1000677, 0, NULL, 1, 30000, 30000, 30000, 'a5d3d71d-2cf4-4f38-8b46-ab806e1458b1', '2024-09-25 14:51:15.952059', 1000069, '2024-09-25 14:51:15.952059', 1000069, 'Y', NULL, 1000728);
INSERT INTO pos.d_invoiceline VALUES (1000173, 1000131, 1000004, 1000016, 1000678, 0, NULL, 1, 30000, 30000, 30000, '8a9e0693-8a6e-4361-bf22-f9110c9595dc', '2024-09-25 14:51:31.385643', 1000069, '2024-09-25 14:51:31.385643', 1000069, 'Y', NULL, 1000727);
INSERT INTO pos.d_invoiceline VALUES (1000174, 1000131, 1000004, 1000016, 1000677, 0, NULL, 1, 30000, 30000, 30000, '6a37245d-fdd6-4bc7-ac7e-62e1454a65e9', '2024-09-25 14:51:31.387076', 1000069, '2024-09-25 14:51:31.387076', 1000069, 'Y', NULL, 1000728);
INSERT INTO pos.d_invoiceline VALUES (1000175, 1000131, 1000004, 1000016, 1000678, 0, NULL, 1, 30000, 30000, 30000, 'aa5cad76-9cd9-47ac-b220-438b22ccfd9d', '2024-09-25 14:51:31.38808', 1000069, '2024-09-25 14:51:31.38808', 1000069, 'Y', NULL, 1000729);
INSERT INTO pos.d_invoiceline VALUES (1000176, 1000131, 1000004, 1000016, 1000677, 0, NULL, 1, 30000, 30000, 30000, 'cf8ebbbb-2063-4c3c-9e4b-6f0bc3e974de', '2024-09-25 14:51:31.38921', 1000069, '2024-09-25 14:51:31.38921', 1000069, 'Y', NULL, 1000730);
INSERT INTO pos.d_invoiceline VALUES (1000177, 1000133, 1000004, 1000016, 1000679, 0, NULL, 1, 30000, 30000, 30000, 'd02c29a1-658a-403a-9f5c-3faa5c7f4630', '2024-09-25 14:51:51.650871', 1000069, '2024-09-25 14:51:51.650871', 1000069, 'Y', NULL, 1000693);
INSERT INTO pos.d_invoiceline VALUES (1000178, 1000133, 1000004, 1000016, 1000678, 0, NULL, 1, 30000, 30000, 30000, '5fdf5f18-7159-4248-a804-7cab40c4a3cb', '2024-09-25 14:51:51.651993', 1000069, '2024-09-25 14:51:51.651993', 1000069, 'Y', NULL, 1000694);
INSERT INTO pos.d_invoiceline VALUES (1000179, 1000133, 1000004, 1000016, 1000679, 0, NULL, 1, 30000, 30000, 30000, '6ede9caa-8c05-4329-a2d3-3b297509ed72', '2024-09-25 14:51:51.652936', 1000069, '2024-09-25 14:51:51.652937', 1000069, 'Y', NULL, 1000695);
INSERT INTO pos.d_invoiceline VALUES (1000180, 1000133, 1000004, 1000016, 1000678, 0, NULL, 1, 30000, 30000, 30000, '0d9d203c-cb47-462b-a1f3-d1b4c07c2bb6', '2024-09-25 14:51:51.653789', 1000069, '2024-09-25 14:51:51.653789', 1000069, 'Y', NULL, 1000696);
INSERT INTO pos.d_invoiceline VALUES (1000181, 1000135, 1000004, 1000016, 1000709, 0, NULL, 2, 330000, 660000, 660000, 'eddcc2df-b9c7-4eb7-b4e4-58ceff07e705', '2024-09-26 17:30:48.395199', 1000066, '2024-09-26 17:30:48.395199', 1000066, 'Y', NULL, 1000753);
INSERT INTO pos.d_invoiceline VALUES (1000182, 1000135, 1000004, 1000016, 1000710, 0, NULL, 2, 400000, 800000, 800000, 'f416dc69-dc89-4aa3-9b8a-2b6e554e1c64', '2024-09-26 17:30:48.396532', 1000066, '2024-09-26 17:30:48.396532', 1000066, 'Y', NULL, 1000754);
INSERT INTO pos.d_invoiceline VALUES (1000183, 1000135, 1000004, 1000016, 1000711, 0, NULL, 1, 200000, 200000, 200000, '5826b280-563d-4690-8c57-8069b10dc83b', '2024-09-26 17:30:48.397711', 1000066, '2024-09-26 17:30:48.397712', 1000066, 'Y', NULL, 1000755);
INSERT INTO pos.d_invoiceline VALUES (1000184, 1000135, 1000004, 1000016, 1000714, 0, NULL, 1, 200000, 200000, 200000, '72082bb3-a0a4-40d6-adc5-8892b9b02965', '2024-09-26 17:30:48.413351', 1000066, '2024-09-26 17:30:48.413351', 1000066, 'Y', NULL, 1000756);
INSERT INTO pos.d_invoiceline VALUES (1000185, 1000137, 1000004, 1000016, 1000709, 0, NULL, 2, 330000, 660000, 660000, '3469c834-b2aa-4e18-b49b-890326794d1d', '2024-09-26 17:30:52.586938', 1000066, '2024-09-26 17:30:52.586938', 1000066, 'Y', NULL, 1000753);
INSERT INTO pos.d_invoiceline VALUES (1000186, 1000137, 1000004, 1000016, 1000710, 0, NULL, 2, 400000, 800000, 800000, 'a26c9ce0-4fb2-4431-8390-272aa86498c2', '2024-09-26 17:30:52.587937', 1000066, '2024-09-26 17:30:52.587937', 1000066, 'Y', NULL, 1000754);
INSERT INTO pos.d_invoiceline VALUES (1000187, 1000137, 1000004, 1000016, 1000711, 0, NULL, 1, 200000, 200000, 200000, 'bb7358df-5023-40c6-8a8c-88c86a1fa26c', '2024-09-26 17:30:52.589097', 1000066, '2024-09-26 17:30:52.589097', 1000066, 'Y', NULL, 1000755);
INSERT INTO pos.d_invoiceline VALUES (1000188, 1000137, 1000004, 1000016, 1000714, 0, NULL, 1, 200000, 200000, 200000, 'ac7de703-6ea1-4c37-8d22-99212b8a8376', '2024-09-26 17:30:52.590033', 1000066, '2024-09-26 17:30:52.590033', 1000066, 'Y', NULL, 1000756);
INSERT INTO pos.d_invoiceline VALUES (1000189, 1000139, 1000004, 1000016, 1000709, 0, NULL, 2, 330000, 660000, 660000, 'b6984269-8882-4088-87ed-0893cf75eb52', '2024-09-26 17:30:55.844945', 1000066, '2024-09-26 17:30:55.844945', 1000066, 'Y', NULL, 1000753);
INSERT INTO pos.d_invoiceline VALUES (1000190, 1000139, 1000004, 1000016, 1000710, 0, NULL, 2, 400000, 800000, 800000, '25b09c34-d321-4de3-9d10-153368e58f6f', '2024-09-26 17:30:55.846136', 1000066, '2024-09-26 17:30:55.846136', 1000066, 'Y', NULL, 1000754);
INSERT INTO pos.d_invoiceline VALUES (1000191, 1000139, 1000004, 1000016, 1000711, 0, NULL, 1, 200000, 200000, 200000, 'f0c82fb9-393e-446d-8c8f-a0d060c35e84', '2024-09-26 17:30:55.847389', 1000066, '2024-09-26 17:30:55.84739', 1000066, 'Y', NULL, 1000755);
INSERT INTO pos.d_invoiceline VALUES (1000192, 1000139, 1000004, 1000016, 1000714, 0, NULL, 1, 200000, 200000, 200000, '4ba3ce46-4750-4f4b-b6a5-f6fc74687f3e', '2024-09-26 17:30:55.848618', 1000066, '2024-09-26 17:30:55.848618', 1000066, 'Y', NULL, 1000756);
INSERT INTO pos.d_invoiceline VALUES (1000193, 1000141, 1000004, 1000016, 1000709, 0, NULL, 2, 330000, 660000, 660000, '8b8f23c1-092e-4cab-bd73-5ae715ee4f33', '2024-09-26 17:30:57.184462', 1000066, '2024-09-26 17:30:57.184462', 1000066, 'Y', NULL, 1000753);
INSERT INTO pos.d_invoiceline VALUES (1000194, 1000141, 1000004, 1000016, 1000710, 0, NULL, 2, 400000, 800000, 800000, '4e76e59a-c84c-4024-90a2-f7b22bca391e', '2024-09-26 17:30:57.18582', 1000066, '2024-09-26 17:30:57.18582', 1000066, 'Y', NULL, 1000754);
INSERT INTO pos.d_invoiceline VALUES (1000195, 1000141, 1000004, 1000016, 1000711, 0, NULL, 1, 200000, 200000, 200000, 'b8d66092-cb20-4f39-b01c-e1f003d5d543', '2024-09-26 17:30:57.187001', 1000066, '2024-09-26 17:30:57.187001', 1000066, 'Y', NULL, 1000755);
INSERT INTO pos.d_invoiceline VALUES (1000196, 1000141, 1000004, 1000016, 1000714, 0, NULL, 1, 200000, 200000, 200000, '5743ab7f-7f55-4dd9-9ee8-1f136d6702df', '2024-09-26 17:30:57.189497', 1000066, '2024-09-26 17:30:57.189497', 1000066, 'Y', NULL, 1000756);
INSERT INTO pos.d_invoiceline VALUES (1000197, 1000143, 1000004, 1000016, 1000709, 0, NULL, 2, 330000, 660000, 660000, '7f01493f-08be-459b-bbfa-23e3c52a8449', '2024-09-26 17:33:25.45673', 1000066, '2024-09-26 17:33:25.45673', 1000066, 'Y', NULL, 1000745);
INSERT INTO pos.d_invoiceline VALUES (1000198, 1000143, 1000004, 1000016, 1000710, 0, NULL, 2, 400000, 800000, 800000, '304a8f17-3ef8-4e4a-b91c-3fe144339f3b', '2024-09-26 17:33:25.457886', 1000066, '2024-09-26 17:33:25.457886', 1000066, 'Y', NULL, 1000746);
INSERT INTO pos.d_invoiceline VALUES (1000199, 1000143, 1000004, 1000016, 1000711, 0, NULL, 1, 200000, 200000, 200000, '2f6f3ef6-744e-40cf-96ef-2ce10255c970', '2024-09-26 17:33:25.461469', 1000066, '2024-09-26 17:33:25.46147', 1000066, 'Y', NULL, 1000747);
INSERT INTO pos.d_invoiceline VALUES (1000200, 1000143, 1000004, 1000016, 1000714, 0, NULL, 1, 200000, 200000, 200000, '3ea6171b-ffce-4bac-9e20-949ceaf96cd1', '2024-09-26 17:33:25.462864', 1000066, '2024-09-26 17:33:25.462864', 1000066, 'Y', NULL, 1000748);
INSERT INTO pos.d_invoiceline VALUES (1000201, 1000143, 1000004, 1000016, 1000709, 0, NULL, 2, 330000, 660000, 660000, '6aff6804-bccc-40b6-b485-984bedff41af', '2024-09-26 17:33:25.46413', 1000066, '2024-09-26 17:33:25.464186', 1000066, 'Y', NULL, 1000749);
INSERT INTO pos.d_invoiceline VALUES (1000202, 1000143, 1000004, 1000016, 1000710, 0, NULL, 2, 400000, 800000, 800000, '20d05d6f-15a7-4e3e-a79b-0394af73b3cd', '2024-09-26 17:33:25.465534', 1000066, '2024-09-26 17:33:25.465534', 1000066, 'Y', NULL, 1000750);
INSERT INTO pos.d_invoiceline VALUES (1000203, 1000143, 1000004, 1000016, 1000711, 0, NULL, 1, 200000, 200000, 200000, 'e0319532-3a43-4cae-879b-fe0b6dd1f01f', '2024-09-26 17:33:25.466772', 1000066, '2024-09-26 17:33:25.466772', 1000066, 'Y', NULL, 1000751);
INSERT INTO pos.d_invoiceline VALUES (1000204, 1000143, 1000004, 1000016, 1000714, 0, NULL, 1, 200000, 200000, 200000, '0e963422-2f4c-4c86-857c-cb3b56b378d9', '2024-09-26 17:33:25.467984', 1000066, '2024-09-26 17:33:25.467984', 1000066, 'Y', NULL, 1000752);
INSERT INTO pos.d_invoiceline VALUES (1000205, 1000145, 1000004, 1000016, 1000709, 0, NULL, 2, 330000, 660000, 660000, '0fdb9f40-e960-497d-85d0-43ce5b4dc6d1', '2024-09-26 17:33:44.787461', 1000066, '2024-09-26 17:33:44.787461', 1000066, 'Y', NULL, 1000745);
INSERT INTO pos.d_invoiceline VALUES (1000206, 1000145, 1000004, 1000016, 1000710, 0, NULL, 2, 400000, 800000, 800000, '56aed27a-725f-4149-95d6-2bbf68595eb9', '2024-09-26 17:33:44.788205', 1000066, '2024-09-26 17:33:44.788205', 1000066, 'Y', NULL, 1000746);
INSERT INTO pos.d_invoiceline VALUES (1000207, 1000145, 1000004, 1000016, 1000711, 0, NULL, 1, 200000, 200000, 200000, 'fe5078f0-46bc-4d2e-adb1-d2da26984ed9', '2024-09-26 17:33:44.789079', 1000066, '2024-09-26 17:33:44.789079', 1000066, 'Y', NULL, 1000747);
INSERT INTO pos.d_invoiceline VALUES (1000208, 1000145, 1000004, 1000016, 1000714, 0, NULL, 1, 200000, 200000, 200000, 'ec9a24c5-2381-46e9-8e93-1c22a4440a66', '2024-09-26 17:33:44.789953', 1000066, '2024-09-26 17:33:44.789953', 1000066, 'Y', NULL, 1000748);
INSERT INTO pos.d_invoiceline VALUES (1000209, 1000145, 1000004, 1000016, 1000709, 0, NULL, 2, 330000, 660000, 660000, '4c8e3160-f6c6-47ed-9b47-6d0e61cf63e7', '2024-09-26 17:33:44.791133', 1000066, '2024-09-26 17:33:44.791133', 1000066, 'Y', NULL, 1000749);
INSERT INTO pos.d_invoiceline VALUES (1000210, 1000145, 1000004, 1000016, 1000710, 0, NULL, 2, 400000, 800000, 800000, '7db84b95-2a2f-44e9-96b6-19434234f8e1', '2024-09-26 17:33:44.792025', 1000066, '2024-09-26 17:33:44.792025', 1000066, 'Y', NULL, 1000750);
INSERT INTO pos.d_invoiceline VALUES (1000211, 1000145, 1000004, 1000016, 1000711, 0, NULL, 1, 200000, 200000, 200000, '362250cb-98b4-4118-8bfe-adc64e635e9e', '2024-09-26 17:33:44.792712', 1000066, '2024-09-26 17:33:44.792713', 1000066, 'Y', NULL, 1000751);
INSERT INTO pos.d_invoiceline VALUES (1000212, 1000145, 1000004, 1000016, 1000714, 0, NULL, 1, 200000, 200000, 200000, '35d48bc2-67e5-4ee0-bef2-dd5be03ce492', '2024-09-26 17:33:44.793619', 1000066, '2024-09-26 17:33:44.793619', 1000066, 'Y', NULL, 1000752);
INSERT INTO pos.d_invoiceline VALUES (1000213, 1000147, 1000004, 1000016, 1000709, 0, NULL, 2, 330000, 660000, 660000, '8024f749-7b45-408d-9150-341ac01debef', '2024-09-26 17:35:30.734651', 1000066, '2024-09-26 17:35:30.734651', 1000066, 'Y', NULL, 1000745);
INSERT INTO pos.d_invoiceline VALUES (1000214, 1000147, 1000004, 1000016, 1000710, 0, NULL, 2, 400000, 800000, 800000, 'a5f79e3e-0c0b-4590-9f87-03e72b454b24', '2024-09-26 17:35:30.735973', 1000066, '2024-09-26 17:35:30.735973', 1000066, 'Y', NULL, 1000746);
INSERT INTO pos.d_invoiceline VALUES (1000215, 1000147, 1000004, 1000016, 1000711, 0, NULL, 1, 200000, 200000, 200000, 'b5f1eff4-fbb1-425d-b590-d6c11c81d92e', '2024-09-26 17:35:30.737174', 1000066, '2024-09-26 17:35:30.737174', 1000066, 'Y', NULL, 1000747);
INSERT INTO pos.d_invoiceline VALUES (1000216, 1000147, 1000004, 1000016, 1000714, 0, NULL, 1, 200000, 200000, 200000, '3e69dde5-95c0-4f71-9eb2-658c75ce33dc', '2024-09-26 17:35:30.738338', 1000066, '2024-09-26 17:35:30.738338', 1000066, 'Y', NULL, 1000748);
INSERT INTO pos.d_invoiceline VALUES (1000217, 1000147, 1000004, 1000016, 1000709, 0, NULL, 2, 330000, 660000, 660000, 'a00ba2bf-8c7e-4e44-a04b-be5ca0d5d509', '2024-09-26 17:35:30.739661', 1000066, '2024-09-26 17:35:30.739661', 1000066, 'Y', NULL, 1000749);
INSERT INTO pos.d_invoiceline VALUES (1000218, 1000147, 1000004, 1000016, 1000710, 0, NULL, 2, 400000, 800000, 800000, '4af4ef0b-2395-4313-ba1f-e7dc7e59f8c2', '2024-09-26 17:35:30.741903', 1000066, '2024-09-26 17:35:30.741903', 1000066, 'Y', NULL, 1000750);
INSERT INTO pos.d_invoiceline VALUES (1000219, 1000147, 1000004, 1000016, 1000711, 0, NULL, 1, 200000, 200000, 200000, 'bcd2ae3d-19c9-4462-a05b-f25e5dc69f08', '2024-09-26 17:35:30.744524', 1000066, '2024-09-26 17:35:30.744524', 1000066, 'Y', NULL, 1000751);
INSERT INTO pos.d_invoiceline VALUES (1000220, 1000147, 1000004, 1000016, 1000714, 0, NULL, 1, 200000, 200000, 200000, 'f60bfea7-3f96-4a0a-b810-e9dd8c897988', '2024-09-26 17:35:30.745759', 1000066, '2024-09-26 17:35:30.745759', 1000066, 'Y', NULL, 1000752);
INSERT INTO pos.d_invoiceline VALUES (1000221, 1000149, 1000004, 1000016, 1000709, 0, NULL, 2, 330000, 660000, 660000, 'bb389b99-498d-45e4-98e4-6d014ede3b4e', '2024-09-26 17:35:36.543708', 1000066, '2024-09-26 17:35:36.543718', 1000066, 'Y', NULL, 1000745);
INSERT INTO pos.d_invoiceline VALUES (1000222, 1000149, 1000004, 1000016, 1000710, 0, NULL, 2, 400000, 800000, 800000, '2af5d1c5-1c7c-4bf2-86ff-3dd2de041be3', '2024-09-26 17:35:36.545076', 1000066, '2024-09-26 17:35:36.545077', 1000066, 'Y', NULL, 1000746);
INSERT INTO pos.d_invoiceline VALUES (1000223, 1000149, 1000004, 1000016, 1000711, 0, NULL, 1, 200000, 200000, 200000, '2e04a5ad-7f96-49ed-b5ae-cc7d7116e710', '2024-09-26 17:35:36.54616', 1000066, '2024-09-26 17:35:36.54616', 1000066, 'Y', NULL, 1000747);
INSERT INTO pos.d_invoiceline VALUES (1000224, 1000149, 1000004, 1000016, 1000714, 0, NULL, 1, 200000, 200000, 200000, '76198b06-17d6-44cb-8425-00a1c7144989', '2024-09-26 17:35:36.547266', 1000066, '2024-09-26 17:35:36.547266', 1000066, 'Y', NULL, 1000748);
INSERT INTO pos.d_invoiceline VALUES (1000225, 1000149, 1000004, 1000016, 1000709, 0, NULL, 2, 330000, 660000, 660000, 'f1bb80c4-fbe1-492f-a252-ac2e6c981f60', '2024-09-26 17:35:36.548407', 1000066, '2024-09-26 17:35:36.548407', 1000066, 'Y', NULL, 1000749);
INSERT INTO pos.d_invoiceline VALUES (1000226, 1000149, 1000004, 1000016, 1000710, 0, NULL, 2, 400000, 800000, 800000, '5842a2b9-638d-4cee-b40b-4c4b4d68098d', '2024-09-26 17:35:36.549593', 1000066, '2024-09-26 17:35:36.549593', 1000066, 'Y', NULL, 1000750);
INSERT INTO pos.d_invoiceline VALUES (1000227, 1000149, 1000004, 1000016, 1000711, 0, NULL, 1, 200000, 200000, 200000, '633a7700-627d-4f4b-9ef4-6f2c685af972', '2024-09-26 17:35:36.550943', 1000066, '2024-09-26 17:35:36.550943', 1000066, 'Y', NULL, 1000751);
INSERT INTO pos.d_invoiceline VALUES (1000228, 1000149, 1000004, 1000016, 1000714, 0, NULL, 1, 200000, 200000, 200000, 'd5fbc667-b4f1-439c-8769-1844f30a9533', '2024-09-26 17:35:36.552018', 1000066, '2024-09-26 17:35:36.552018', 1000066, 'Y', NULL, 1000752);
INSERT INTO pos.d_invoiceline VALUES (1000229, 1000151, 1000004, 1000016, 1000709, 0, NULL, 2, 330000, 660000, 660000, '684369fe-50a0-4358-89fa-2bdf3c5a6926', '2024-09-26 17:35:40.600444', 1000066, '2024-09-26 17:35:40.600444', 1000066, 'Y', NULL, 1000745);
INSERT INTO pos.d_invoiceline VALUES (1000230, 1000151, 1000004, 1000016, 1000710, 0, NULL, 2, 400000, 800000, 800000, 'a04f48de-caff-4e43-9f03-2cc3520258c0', '2024-09-26 17:35:40.601617', 1000066, '2024-09-26 17:35:40.601617', 1000066, 'Y', NULL, 1000746);
INSERT INTO pos.d_invoiceline VALUES (1000231, 1000151, 1000004, 1000016, 1000711, 0, NULL, 1, 200000, 200000, 200000, '89943106-94fe-4548-a1f1-b6d7d807aa19', '2024-09-26 17:35:40.602792', 1000066, '2024-09-26 17:35:40.602792', 1000066, 'Y', NULL, 1000747);
INSERT INTO pos.d_invoiceline VALUES (1000232, 1000151, 1000004, 1000016, 1000714, 0, NULL, 1, 200000, 200000, 200000, '02251666-15c5-4d70-9e42-8a2bab1e475f', '2024-09-26 17:35:40.604038', 1000066, '2024-09-26 17:35:40.604038', 1000066, 'Y', NULL, 1000748);
INSERT INTO pos.d_invoiceline VALUES (1000233, 1000151, 1000004, 1000016, 1000709, 0, NULL, 2, 330000, 660000, 660000, '41e210b1-7cf5-4fe8-8d8a-a226b40a355d', '2024-09-26 17:35:40.605254', 1000066, '2024-09-26 17:35:40.605254', 1000066, 'Y', NULL, 1000749);
INSERT INTO pos.d_invoiceline VALUES (1000234, 1000151, 1000004, 1000016, 1000710, 0, NULL, 2, 400000, 800000, 800000, '2b381f47-7445-441f-bb0c-da34854d03d8', '2024-09-26 17:35:40.606464', 1000066, '2024-09-26 17:35:40.606464', 1000066, 'Y', NULL, 1000750);
INSERT INTO pos.d_invoiceline VALUES (1000235, 1000151, 1000004, 1000016, 1000711, 0, NULL, 1, 200000, 200000, 200000, 'b29c9298-19b1-43df-b33c-77e9b4d08a43', '2024-09-26 17:35:40.607382', 1000066, '2024-09-26 17:35:40.607382', 1000066, 'Y', NULL, 1000751);
INSERT INTO pos.d_invoiceline VALUES (1000236, 1000151, 1000004, 1000016, 1000714, 0, NULL, 1, 200000, 200000, 200000, 'ef2a2d63-44b6-4ab9-99b7-14e9c11b2301', '2024-09-26 17:35:40.608271', 1000066, '2024-09-26 17:35:40.608271', 1000066, 'Y', NULL, 1000752);
INSERT INTO pos.d_invoiceline VALUES (1000237, 1000153, 1000004, 1000016, 1000709, 0, NULL, 2, 330000, 660000, 660000, '86b88f5f-7c86-4ab0-9806-34a3f2465971', '2024-09-26 17:36:00.106938', 1000066, '2024-09-26 17:36:00.106938', 1000066, 'Y', NULL, 1000745);
INSERT INTO pos.d_invoiceline VALUES (1000238, 1000153, 1000004, 1000016, 1000710, 0, NULL, 2, 400000, 800000, 800000, 'd7c3fd08-8efc-4ee2-876b-61e22366520d', '2024-09-26 17:36:00.10817', 1000066, '2024-09-26 17:36:00.10817', 1000066, 'Y', NULL, 1000746);
INSERT INTO pos.d_invoiceline VALUES (1000239, 1000153, 1000004, 1000016, 1000711, 0, NULL, 1, 200000, 200000, 200000, '6849edc3-f2fb-43f9-988b-d88b41958a51', '2024-09-26 17:36:00.109341', 1000066, '2024-09-26 17:36:00.109341', 1000066, 'Y', NULL, 1000747);
INSERT INTO pos.d_invoiceline VALUES (1000240, 1000153, 1000004, 1000016, 1000714, 0, NULL, 1, 200000, 200000, 200000, '1125c92c-4b9b-4ec9-a0af-9740dbebfe0e', '2024-09-26 17:36:00.110404', 1000066, '2024-09-26 17:36:00.110404', 1000066, 'Y', NULL, 1000748);
INSERT INTO pos.d_invoiceline VALUES (1000241, 1000153, 1000004, 1000016, 1000709, 0, NULL, 2, 330000, 660000, 660000, 'bb176459-a6c9-4232-96d6-0aa8b951cf53', '2024-09-26 17:36:00.111621', 1000066, '2024-09-26 17:36:00.111621', 1000066, 'Y', NULL, 1000749);
INSERT INTO pos.d_invoiceline VALUES (1000242, 1000153, 1000004, 1000016, 1000710, 0, NULL, 2, 400000, 800000, 800000, 'bda3f825-20c1-4859-91a3-3ebe129ecd29', '2024-09-26 17:36:00.112692', 1000066, '2024-09-26 17:36:00.112692', 1000066, 'Y', NULL, 1000750);
INSERT INTO pos.d_invoiceline VALUES (1000243, 1000153, 1000004, 1000016, 1000711, 0, NULL, 1, 200000, 200000, 200000, '30ab1ee8-08be-427b-8c26-ce497395d4bb', '2024-09-26 17:36:00.113877', 1000066, '2024-09-26 17:36:00.113877', 1000066, 'Y', NULL, 1000751);
INSERT INTO pos.d_invoiceline VALUES (1000244, 1000153, 1000004, 1000016, 1000714, 0, NULL, 1, 200000, 200000, 200000, '904d1f8c-f28e-4fe6-bbfb-82bb99899b9c', '2024-09-26 17:36:00.115162', 1000066, '2024-09-26 17:36:00.115162', 1000066, 'Y', NULL, 1000752);
INSERT INTO pos.d_invoiceline VALUES (1000245, 1000155, 1000004, 1000016, 1000709, 0, NULL, 2, 330000, 660000, 660000, 'd054e92a-7e20-44dc-8f8f-b2d945b58d9f', '2024-09-26 17:36:47.370862', 1000066, '2024-09-26 17:36:47.370863', 1000066, 'Y', NULL, 1000753);
INSERT INTO pos.d_invoiceline VALUES (1000246, 1000155, 1000004, 1000016, 1000710, 0, NULL, 2, 400000, 800000, 800000, '8a0a1364-3473-4863-abab-523ede5c4e36', '2024-09-26 17:36:47.37223', 1000066, '2024-09-26 17:36:47.37223', 1000066, 'Y', NULL, 1000754);
INSERT INTO pos.d_invoiceline VALUES (1000247, 1000155, 1000004, 1000016, 1000711, 0, NULL, 1, 200000, 200000, 200000, '887ff6ed-0ef9-4b5d-a5b0-bf5a9fb79a57', '2024-09-26 17:36:47.373504', 1000066, '2024-09-26 17:36:47.373505', 1000066, 'Y', NULL, 1000755);
INSERT INTO pos.d_invoiceline VALUES (1000248, 1000155, 1000004, 1000016, 1000714, 0, NULL, 1, 200000, 200000, 200000, '20c314db-8351-4e07-a8e6-e05a6156211f', '2024-09-26 17:36:47.374663', 1000066, '2024-09-26 17:36:47.374663', 1000066, 'Y', NULL, 1000756);
INSERT INTO pos.d_invoiceline VALUES (1000249, 1000157, 1000004, 1000016, 1000488, 0, NULL, 2, 189000, 378000, 378000, 'eedc8d0d-7b50-47ef-aece-e8708007b268', '2024-09-26 17:39:53.004563', 1000066, '2024-09-26 17:39:53.004563', 1000066, 'Y', NULL, 1000407);
INSERT INTO pos.d_invoiceline VALUES (1000250, 1000159, 1000004, 1000016, 1000488, 0, NULL, 2, 189000, 378000, 378000, '4d102522-2bb6-4d79-a0f4-65c25401b9ed', '2024-09-26 17:44:23.918533', 1000066, '2024-09-26 17:44:23.918533', 1000066, 'Y', NULL, 1000408);
INSERT INTO pos.d_invoiceline VALUES (1000251, 1000161, 1000004, 1000016, 1000608, 0, NULL, 1, 100, 100, 100, '277ac9ca-655a-4cdf-8dfb-58421fa882a1', '2024-09-26 17:48:45.52351', 1000066, '2024-09-26 17:48:45.52351', 1000066, 'Y', NULL, 1000348);
INSERT INTO pos.d_invoiceline VALUES (1000252, 1000161, 1000004, 1000016, 1000509, 0, NULL, 1, 20000, 20000, 20000, '3ac726f3-92a9-4daa-9305-8d8ca04b9b2a', '2024-09-26 17:48:45.524646', 1000066, '2024-09-26 17:48:45.524647', 1000066, 'Y', NULL, 1000347);
INSERT INTO pos.d_invoiceline VALUES (1000253, 1000161, 1000004, 1000016, 1000485, 0, NULL, 1, 189000, 189000, 189000, '9206952d-3c25-4def-985c-c826f76bdfc4', '2024-09-26 17:48:45.525639', 1000066, '2024-09-26 17:48:45.525639', 1000066, 'Y', NULL, 1000352);
INSERT INTO pos.d_invoiceline VALUES (1000254, 1000161, 1000004, 1000016, 1000422, 0, NULL, 1, 200000, 200000, 200000, '22f0290b-a4b3-4129-85e1-051f3b87c686', '2024-09-26 17:48:45.526565', 1000066, '2024-09-26 17:48:45.526565', 1000066, 'Y', NULL, 1000349);
INSERT INTO pos.d_invoiceline VALUES (1000255, 1000163, 1000004, 1000016, 1000608, 0, NULL, 1, 100, 100, 100, '3b254e3e-9c1a-486c-b628-abefd7f5962a', '2024-09-26 17:49:28.022301', 1000066, '2024-09-26 17:49:28.022301', 1000066, 'Y', NULL, 1000348);
INSERT INTO pos.d_invoiceline VALUES (1000256, 1000163, 1000004, 1000016, 1000509, 0, NULL, 1, 20000, 20000, 20000, '04887ecf-6095-40b4-a605-c5584d5b2888', '2024-09-26 17:49:28.02379', 1000066, '2024-09-26 17:49:28.02379', 1000066, 'Y', NULL, 1000347);
INSERT INTO pos.d_invoiceline VALUES (1000257, 1000163, 1000004, 1000016, 1000485, 0, NULL, 1, 189000, 189000, 189000, 'af60f7fe-64c8-470f-885a-99c6ee7b8c2a', '2024-09-26 17:49:28.025136', 1000066, '2024-09-26 17:49:28.025136', 1000066, 'Y', NULL, 1000352);
INSERT INTO pos.d_invoiceline VALUES (1000258, 1000163, 1000004, 1000016, 1000422, 0, NULL, 1, 200000, 200000, 200000, '76ccbdfe-0efc-4b03-9da5-559475b1ebd2', '2024-09-26 17:49:28.026323', 1000066, '2024-09-26 17:49:28.026323', 1000066, 'Y', NULL, 1000349);
INSERT INTO pos.d_invoiceline VALUES (1000259, 1000165, 1000004, 1000016, 1000644, 0, NULL, 3, 20000, 60000, 60000, '12c51787-09d6-4814-b272-2959c219d58d', '2024-09-26 17:50:23.400073', 1000066, '2024-09-26 17:50:23.400073', 1000066, 'Y', NULL, 1000474);
INSERT INTO pos.d_invoiceline VALUES (1000260, 1000165, 1000004, 1000016, 1000506, 0, NULL, 2, 20000, 40000, 40000, '248625d1-4a17-497a-9266-1e00e870ce1f', '2024-09-26 17:50:23.401113', 1000066, '2024-09-26 17:50:23.401113', 1000066, 'Y', NULL, 1000475);
INSERT INTO pos.d_invoiceline VALUES (1000261, 1000167, 1000004, 1000016, 1000715, 0, NULL, 1, 200000, 200000, 200000, '9a229344-0344-4ad4-8318-b9cc6f083954', '2024-09-26 17:58:50.478281', 1000066, '2024-09-26 17:58:50.478281', 1000066, 'Y', NULL, 1000761);
INSERT INTO pos.d_invoiceline VALUES (1000262, 1000167, 1000004, 1000016, 1000714, 0, NULL, 1, 200000, 200000, 200000, '8f194a46-3936-458c-8324-3fb8102be0a5', '2024-09-26 17:58:50.479526', 1000066, '2024-09-26 17:58:50.479526', 1000066, 'Y', NULL, 1000762);
INSERT INTO pos.d_invoiceline VALUES (1000263, 1000169, 1000004, 1000016, 1000715, 0, NULL, 1, 200000, 200000, 200000, 'ac95e786-d7f5-42a3-8122-17ef058cc25f', '2024-09-26 17:58:51.490997', 1000066, '2024-09-26 17:58:51.490998', 1000066, 'Y', NULL, 1000761);
INSERT INTO pos.d_invoiceline VALUES (1000264, 1000169, 1000004, 1000016, 1000714, 0, NULL, 1, 200000, 200000, 200000, 'd4a23f8e-8a53-4a2c-8063-722fff11cbc4', '2024-09-26 17:58:51.492207', 1000066, '2024-09-26 17:58:51.492207', 1000066, 'Y', NULL, 1000762);
INSERT INTO pos.d_invoiceline VALUES (1000265, 1000171, 1000004, 1000016, 1000715, 0, NULL, 1, 200000, 200000, 200000, '99580657-50f7-4b72-ac72-a109586fa603', '2024-09-26 18:00:12.657709', 1000066, '2024-09-26 18:00:12.657709', 1000066, 'Y', NULL, 1000761);
INSERT INTO pos.d_invoiceline VALUES (1000266, 1000171, 1000004, 1000016, 1000714, 0, NULL, 1, 200000, 200000, 200000, '1d6d3ea2-5fe8-4c6e-ace3-f0fca7898514', '2024-09-26 18:00:12.662633', 1000066, '2024-09-26 18:00:12.662633', 1000066, 'Y', NULL, 1000762);
INSERT INTO pos.d_invoiceline VALUES (1000267, 1000171, 1000004, 1000016, 1000715, 0, NULL, 1, 200000, 200000, 200000, 'e38276e5-7b3d-427c-ae9c-c9c5bd2f461e', '2024-09-26 18:00:12.663796', 1000066, '2024-09-26 18:00:12.663796', 1000066, 'Y', NULL, 1000765);
INSERT INTO pos.d_invoiceline VALUES (1000268, 1000171, 1000004, 1000016, 1000714, 0, NULL, 1, 200000, 200000, 200000, '8959405a-06e1-45d6-906b-4a883efae102', '2024-09-26 18:00:12.664779', 1000066, '2024-09-26 18:00:12.664779', 1000066, 'Y', NULL, 1000766);
INSERT INTO pos.d_invoiceline VALUES (1000269, 1000171, 1000004, 1000016, 1000715, 0, NULL, 1, 200000, 200000, 200000, 'baba0a53-84bd-4a3c-8002-f3d912ad4d96', '2024-09-26 18:00:12.666043', 1000066, '2024-09-26 18:00:12.666044', 1000066, 'Y', NULL, 1000763);
INSERT INTO pos.d_invoiceline VALUES (1000270, 1000171, 1000004, 1000016, 1000714, 0, NULL, 1, 200000, 200000, 200000, '1cf45e5e-1e5f-41ad-b8a1-07d120d74ade', '2024-09-26 18:00:12.666889', 1000066, '2024-09-26 18:00:12.666889', 1000066, 'Y', NULL, 1000764);
INSERT INTO pos.d_invoiceline VALUES (1000271, 1000173, 1000004, 1000016, 1000608, 0, NULL, 1, 200000, 200000, 200000, 'daea5891-a0c8-43ce-be1a-ad2cb2bacb71', '2024-09-26 18:02:44.504812', 1000066, '2024-09-26 18:02:44.504812', 1000066, 'Y', NULL, 1000383);
INSERT INTO pos.d_invoiceline VALUES (1000272, 1000173, 1000004, 1000016, 1000485, 0, NULL, 1, 189000, 189000, 189000, '3ae7a67e-00ae-4462-aab7-a2d528bb98f3', '2024-09-26 18:02:44.505842', 1000066, '2024-09-26 18:02:44.505842', 1000066, 'Y', NULL, 1000379);
INSERT INTO pos.d_invoiceline VALUES (1000273, 1000173, 1000004, 1000016, 1000428, 0, NULL, 1, 200000, 200000, 200000, 'c3fb7069-5018-4bf3-8208-810255cbc6be', '2024-09-26 18:02:44.506796', 1000066, '2024-09-26 18:02:44.506796', 1000066, 'Y', NULL, 1000380);
INSERT INTO pos.d_invoiceline VALUES (1000274, 1000175, 1000004, 1000016, 1000718, 0, NULL, 1, 1000, 1000, 1000, '9b1f7d80-ec6b-49f3-838f-e206201f7ca2', '2024-09-26 22:05:26.087662', 1000066, '2024-09-26 22:05:26.087663', 1000066, 'Y', NULL, 1000773);
INSERT INTO pos.d_invoiceline VALUES (1000275, 1000177, 1000004, 1000016, 1000709, 0, NULL, 1, 330000, 330000, 330000, 'c01a0887-cf3b-446f-aa72-4e578763c12d', '2024-09-27 09:28:38.399937', 1000066, '2024-09-27 09:28:38.399938', 1000066, 'Y', NULL, 1000775);
INSERT INTO pos.d_invoiceline VALUES (1000276, 1000181, 1000004, 1000016, 1000677, 0, NULL, 1, 30000, 30000, 30000, '47baa1ea-efd0-4f57-be94-d59c993c2059', '2024-09-27 09:43:39.405519', 1000066, '2024-09-27 09:43:39.405519', 1000066, 'Y', NULL, 1000723);
INSERT INTO pos.d_invoiceline VALUES (1000277, 1000181, 1000004, 1000016, 1000676, 0, NULL, 1, 15000, 15000, 15000, '5117d50b-7e7e-4f80-9681-2a26e8f91d95', '2024-09-27 09:43:39.406963', 1000066, '2024-09-27 09:43:39.406963', 1000066, 'Y', NULL, 1000724);
INSERT INTO pos.d_invoiceline VALUES (1000279, 1000185, 1000004, 1000016, 1000709, 0, NULL, 1, 330000, 330000, 330000, 'dd2f4dd3-dece-45b0-8cac-8e80b1507210', '2024-09-27 03:07:56.527248', 0, '2024-09-27 03:07:56.527249', 0, 'Y', NULL, 1000789);
INSERT INTO pos.d_invoiceline VALUES (1000278, 1000184, 1000004, 1000016, 1000709, 0, NULL, 1, 330000, 330000, 330000, '1b553cec-34ff-4616-98f4-e280622b40f9', '2024-09-27 03:07:56.527247', 0, '2024-09-27 03:07:56.527247', 0, 'Y', NULL, 1000789);
INSERT INTO pos.d_invoiceline VALUES (1000280, 1000187, 1000004, 1000016, 1000709, 0, NULL, 1, 330000, 330000, 330000, '8a93f114-964c-46f2-9666-b0028b42876b', '2024-09-27 10:19:13.300391', 1000066, '2024-09-27 10:19:13.300392', 1000066, 'Y', NULL, 1000789);
INSERT INTO pos.d_invoiceline VALUES (1000281, 1000187, 1000004, 1000016, 1000709, 0, NULL, 1, 330000, 330000, 330000, '21b5a7a1-cbef-4886-a0ba-532303594190', '2024-09-27 10:19:13.301509', 1000066, '2024-09-27 10:19:13.301509', 1000066, 'Y', NULL, 1000790);
INSERT INTO pos.d_invoiceline VALUES (1000282, 1000187, 1000004, 1000016, 1000709, 0, NULL, 1, 330000, 330000, 330000, '016dd1b9-8b56-4f51-a3e0-cb0dd6b980f1', '2024-09-27 10:19:13.302489', 1000066, '2024-09-27 10:19:13.302489', 1000066, 'Y', NULL, 1000791);
INSERT INTO pos.d_invoiceline VALUES (1000283, 1000187, 1000004, 1000016, 1000709, 0, NULL, 1, 330000, 330000, 330000, 'a562b23a-0764-4b75-ac3f-a0b6f5758325', '2024-09-27 10:19:13.303621', 1000066, '2024-09-27 10:19:13.303621', 1000066, 'Y', NULL, 1000792);
INSERT INTO pos.d_invoiceline VALUES (1000284, 1000187, 1000004, 1000016, 1000720, 0, NULL, 1, 2000, 2000, 2000, 'b44ea4df-85f4-4a84-bce2-852daf20303c', '2024-09-27 10:19:13.304675', 1000066, '2024-09-27 10:19:13.304675', 1000066, 'Y', NULL, 1000793);
INSERT INTO pos.d_invoiceline VALUES (1000285, 1000189, 1000004, 1000016, 1000680, 0, NULL, 1, 0, 0, 0, 'ffe6993a-dad2-4a2e-85bc-ed742ffe3088', '2024-09-27 10:19:34.243246', 1000066, '2024-09-27 10:19:34.243246', 1000066, 'Y', NULL, 1000715);
INSERT INTO pos.d_invoiceline VALUES (1000286, 1000189, 1000004, 1000016, 1000685, 0, NULL, 1, 0, 0, 0, '9a8a4227-3972-4865-bb8c-695d96e1d31e', '2024-09-27 10:19:34.244381', 1000066, '2024-09-27 10:19:34.244382', 1000066, 'Y', NULL, 1000716);
INSERT INTO pos.d_invoiceline VALUES (1000287, 1000189, 1000004, 1000016, 1000687, 0, NULL, 1, 0, 0, 0, '66ebd0cb-28a2-4fdd-b881-e7151f568a06', '2024-09-27 10:19:34.246596', 1000066, '2024-09-27 10:19:34.246596', 1000066, 'Y', NULL, 1000717);
INSERT INTO pos.d_invoiceline VALUES (1000288, 1000191, 1000004, 1000016, 1000690, 0, NULL, 1, 0, 0, 0, 'f7217492-df26-440c-a25d-afb19ac5785d', '2024-09-27 10:19:43.659886', 1000066, '2024-09-27 10:19:43.659886', 1000066, 'Y', NULL, 1000709);
INSERT INTO pos.d_invoiceline VALUES (1000289, 1000191, 1000004, 1000016, 1000693, 0, NULL, 1, 0, 0, 0, '79269f4c-5e35-40dc-9566-cb5a49b7cbad', '2024-09-27 10:19:43.660716', 1000066, '2024-09-27 10:19:43.660716', 1000066, 'Y', NULL, 1000710);
INSERT INTO pos.d_invoiceline VALUES (1000290, 1000191, 1000004, 1000016, 1000695, 0, NULL, 1, 0, 0, 0, '6092f46a-4108-4c85-b55d-13ec771c9bfe', '2024-09-27 10:19:43.661585', 1000066, '2024-09-27 10:19:43.661586', 1000066, 'Y', NULL, 1000711);
INSERT INTO pos.d_invoiceline VALUES (1000291, 1000191, 1000004, 1000016, 1000709, 0, NULL, 1, 330000, 330000, 330000, 'be3a8510-8712-4798-8af3-cdba56f39185', '2024-09-27 10:19:43.662462', 1000066, '2024-09-27 10:19:43.662463', 1000066, 'Y', NULL, 1000786);
INSERT INTO pos.d_invoiceline VALUES (1000292, 1000193, 1000004, 1000016, 1000677, 0, NULL, 1, 30000, 30000, 30000, 'be108b4c-88d0-4edf-91ce-e101f3b505f3', '2024-09-27 10:19:57.628871', 1000066, '2024-09-27 10:19:57.628871', 1000066, 'Y', NULL, 1000737);
INSERT INTO pos.d_invoiceline VALUES (1000293, 1000193, 1000004, 1000016, 1000678, 0, NULL, 1, 30000, 30000, 30000, '7b1f38ee-672b-407d-a270-402d1c368e64', '2024-09-27 10:19:57.631715', 1000066, '2024-09-27 10:19:57.631715', 1000066, 'Y', NULL, 1000738);
INSERT INTO pos.d_invoiceline VALUES (1000294, 1000195, 1000004, 1000016, 1000720, 0, NULL, 1, 2000, 2000, 2000, '8fa3899c-9de5-4ba5-8d5c-c21980d8325c', '2024-09-27 03:39:46.531826', 0, '2024-09-27 03:39:46.531827', 0, 'Y', NULL, 1000797);
INSERT INTO pos.d_invoiceline VALUES (1000295, 1000197, 1000004, 1000016, 1000720, 0, NULL, 1, 2000, 2000, 2000, '7560f6c6-7cc2-4417-bf4b-49d64068c16b', '2024-09-27 03:39:50.165256', 0, '2024-09-27 03:39:50.165256', 0, 'Y', NULL, 1000797);
INSERT INTO pos.d_invoiceline VALUES (1000296, 1000199, 1000004, 1000016, 1000720, 0, NULL, 1, 2000, 2000, 2000, 'f2586086-6d3c-4cae-a01c-db5a63e287b7', '2024-09-27 03:40:35.475783', 0, '2024-09-27 03:40:35.475784', 0, 'Y', NULL, 1000797);
INSERT INTO pos.d_invoiceline VALUES (1000297, 1000201, 1000004, 1000016, 1000720, 0, NULL, 1, 2000, 2000, 2000, 'dcf3c7f7-fe6e-4392-8500-a2305ef41e62', '2024-09-27 03:40:43.295339', 0, '2024-09-27 03:40:43.295339', 0, 'Y', NULL, 1000797);
INSERT INTO pos.d_invoiceline VALUES (1000298, 1000203, 1000004, 1000016, 1000720, 0, NULL, 1, 2000, 2000, 2000, 'ed22a609-5262-4f79-ad67-6c9a8d9cb00f', '2024-09-27 03:41:07.300166', 0, '2024-09-27 03:41:07.300166', 0, 'Y', NULL, 1000797);
INSERT INTO pos.d_invoiceline VALUES (1000299, 1000205, 1000004, 1000016, 1000720, 0, NULL, 1, 2000, 2000, 2000, '529a5af0-3464-4b0c-8802-83c619b1ea1c', '2024-09-27 03:46:32.450243', 0, '2024-09-27 03:46:32.450243', 0, 'Y', NULL, 1000798);
INSERT INTO pos.d_invoiceline VALUES (1000300, 1000207, 1000004, 1000016, 1000720, 0, NULL, 1, 2000, 2000, 2000, '0c4c00fd-bf5b-42ea-8f5e-a36805373365', '2024-09-27 03:46:36.061546', 0, '2024-09-27 03:46:36.061546', 0, 'Y', NULL, 1000798);
INSERT INTO pos.d_invoiceline VALUES (1000301, 1000209, 1000004, 1000016, 1000720, 0, NULL, 1, 2000, 2000, 2000, '296c68b6-02c7-4b23-b758-bbae9ab4358b', '2024-09-27 03:50:26.665647', 0, '2024-09-27 03:50:26.665647', 0, 'Y', NULL, 1000799);
INSERT INTO pos.d_invoiceline VALUES (1000302, 1000211, 1000004, 1000016, 1000720, 0, NULL, 1, 2000, 2000, 2000, 'c9444a35-6cad-45c1-83fa-dee466998d70', '2024-09-27 03:50:30.23153', 0, '2024-09-27 03:50:30.231531', 0, 'Y', NULL, 1000799);
INSERT INTO pos.d_invoiceline VALUES (1000303, 1000213, 1000004, 1000016, 1000720, 0, NULL, 1, 2000, 2000, 2000, 'bb170362-da3f-45db-8fa8-7b7dfdfb3694', '2024-09-27 04:06:29.579713', 0, '2024-09-27 04:06:29.579713', 0, 'Y', NULL, 1000800);
INSERT INTO pos.d_invoiceline VALUES (1000304, 1000215, 1000004, 1000016, 1000720, 0, NULL, 1, 2000, 2000, 2000, '74902eb4-2ea6-4e92-8045-fe888c1abeca', '2024-09-27 04:06:34.049149', 0, '2024-09-27 04:06:34.049149', 0, 'Y', NULL, 1000800);
INSERT INTO pos.d_invoiceline VALUES (1000305, 1000217, 1000004, 1000016, 1000718, 0, NULL, 1, 12100000, 12100000, 12100000, '2f463455-ea1a-4649-a31c-b43ab838c45e', '2024-09-27 11:10:28.300237', 1000066, '2024-09-27 11:10:28.300237', 1000066, 'Y', NULL, 1000802);
INSERT INTO pos.d_invoiceline VALUES (1000306, 1000217, 1000004, 1000016, 1000712, 0, NULL, 1, 200000, 200000, 200000, '0384ca1f-17b1-40cb-a899-ff8ca6e7a9e5', '2024-09-27 11:10:28.301412', 1000066, '2024-09-27 11:10:28.301412', 1000066, 'Y', NULL, 1000803);
INSERT INTO pos.d_invoiceline VALUES (1000307, 1000219, 1000004, 1000016, 1000720, 0, NULL, 1, 2000, 2000, 2000, '592b7962-377b-4bd3-90ea-2f0507805693', '2024-09-27 11:18:37.072115', 1000066, '2024-09-27 11:18:37.072115', 1000066, 'Y', NULL, 1000794);
INSERT INTO pos.d_invoiceline VALUES (1000308, 1000221, 1000004, 1000016, 1000720, 0, NULL, 2, 2000, 4000, 4000, '9d996c19-a479-4c63-b934-ea7cf55b9ea2', '2024-09-27 11:19:29.55631', 1000066, '2024-09-27 11:19:29.556311', 1000066, 'Y', NULL, 1000808);
INSERT INTO pos.d_invoiceline VALUES (1000309, 1000223, 1000004, 1000016, 1000720, 0, NULL, 2, 2000, 4000, 4000, 'd6b25815-8d08-4a88-a182-7f2a12591194', '2024-09-27 11:45:18.104068', 1000066, '2024-09-27 11:45:18.104068', 1000066, 'Y', NULL, 1000816);
INSERT INTO pos.d_invoiceline VALUES (1000310, 1000225, 1000004, 1000016, 1000720, 0, NULL, 2, 2000, 4000, 4000, 'cdde1dd0-f0b1-44b8-bcb8-632a23cfe98c', '2024-09-27 13:03:18.948297', 1000066, '2024-09-27 13:03:18.948297', 1000066, 'Y', NULL, 1000815);
INSERT INTO pos.d_invoiceline VALUES (1000311, 1000225, 1000004, 1000016, 1000716, 0, NULL, 1, 3000, 3000, 3000, 'b7377319-d89a-427f-8e2e-17a44fc3b18e', '2024-09-27 13:03:18.95045', 1000066, '2024-09-27 13:03:18.950451', 1000066, 'Y', NULL, 1000806);
INSERT INTO pos.d_invoiceline VALUES (1000312, 1000225, 1000004, 1000016, 1000718, 0, NULL, 1, 12100000, 12100000, 12100000, 'ce7dc64c-ebc8-458f-bc5c-e6675cdd6f95', '2024-09-27 13:03:18.951805', 1000066, '2024-09-27 13:03:18.951805', 1000066, 'Y', NULL, 1000807);
INSERT INTO pos.d_invoiceline VALUES (1000313, 1000227, 1000004, 1000016, 1000709, 0, NULL, 1, 330000, 330000, 330000, '9516fe15-1b98-4794-9672-134195dec1ba', '2024-09-27 13:03:47.035117', 1000066, '2024-09-27 13:03:47.035117', 1000066, 'Y', NULL, 1000776);
INSERT INTO pos.d_invoiceline VALUES (1000314, 1000229, 1000004, 1000016, 1000644, 0, NULL, 1, 20000, 20000, 20000, '7f24bbd3-6d16-474d-a43b-015bfda04ea1', '2024-09-27 13:38:52.077578', 1000066, '2024-09-27 13:38:52.077578', 1000066, 'Y', NULL, 1000424);
INSERT INTO pos.d_invoiceline VALUES (1000315, 1000229, 1000004, 1000016, 1000503, 0, NULL, 1, 16000, 16000, 16000, '4919880b-a793-4f29-b924-4839e130ca01', '2024-09-27 13:38:52.079522', 1000066, '2024-09-27 13:38:52.079522', 1000066, 'Y', NULL, 1000425);
INSERT INTO pos.d_invoiceline VALUES (1000316, 1000229, 1000004, 1000016, 1000643, 0, NULL, 1, 200000, 200000, 200000, '845c3eb3-cfad-4d29-8f6e-82c098a950cb', '2024-09-27 13:38:52.082381', 1000066, '2024-09-27 13:38:52.082381', 1000066, 'Y', NULL, 1000426);
INSERT INTO pos.d_invoiceline VALUES (1000317, 1000231, 1000004, 1000016, 1000509, 1000003, NULL, 2, 20000, 40000, 43200, '45fecebc-5021-4b9e-ba55-eac28a66b129', '2024-09-27 16:53:24.866402', 1000066, '2024-09-27 16:53:24.866403', 1000066, 'Y', NULL, 1000354);
INSERT INTO pos.d_invoiceline VALUES (1000318, 1000231, 1000004, 1000016, 1000488, 1000003, NULL, 1, 189000, 189000, 2079000, '73cdddc2-6bfa-4c71-9a7e-672920aa87c5', '2024-09-27 16:53:24.869277', 1000066, '2024-09-27 16:53:24.869277', 1000066, 'Y', NULL, 1000355);
INSERT INTO pos.d_invoiceline VALUES (1000319, 1000231, 1000004, 1000016, 1000440, 0, NULL, 1, 200000, 200000, 200000, '3ccd0712-ca01-4d0c-8347-1ba8fb2cf3b4', '2024-09-27 16:53:24.870694', 1000066, '2024-09-27 16:53:24.870694', 1000066, 'Y', NULL, 1000337);
INSERT INTO pos.d_invoiceline VALUES (1000320, 1000231, 1000004, 1000016, 1000509, 0, NULL, 2, 20000, 40000, 40000, '3f8997ec-adf9-45d5-8294-a130877dce1c', '2024-09-27 16:53:24.872139', 1000066, '2024-09-27 16:53:24.872139', 1000066, 'Y', NULL, 1000356);
INSERT INTO pos.d_invoiceline VALUES (1000321, 1000231, 1000004, 1000016, 1000488, 0, NULL, 1, 189000, 189000, 189000, '4d7a3ade-ccfd-427a-bd51-f3b0972167ef', '2024-09-27 16:53:24.874031', 1000066, '2024-09-27 16:53:24.87404', 1000066, 'Y', NULL, 1000357);
INSERT INTO pos.d_invoiceline VALUES (1000322, 1000233, 1000004, 1000016, 1000736, 0, NULL, 1, 30000, 30000, 30000, 'c6400941-1382-4e4a-9edc-b00e86a0eeb3', '2024-09-27 16:57:18.601669', 1000066, '2024-09-27 16:57:18.601669', 1000066, 'Y', NULL, 1000843);
INSERT INTO pos.d_invoiceline VALUES (1000323, 1000233, 1000004, 1000016, 1000735, 0, NULL, 1, 30000, 30000, 30000, '49477932-8e2c-4042-a7e7-7884334941f7', '2024-09-27 16:57:18.603128', 1000066, '2024-09-27 16:57:18.603128', 1000066, 'Y', NULL, 1000844);
INSERT INTO pos.d_invoiceline VALUES (1000324, 1000235, 1000004, 1000016, 1000509, 1000003, NULL, 2, 20000, 40000, 43200, 'a917c294-5395-4605-bcb8-ff9e5d959953', '2024-09-27 17:20:12.097218', 1000066, '2024-09-27 17:20:12.097218', 1000066, 'Y', NULL, 1000354);
INSERT INTO pos.d_invoiceline VALUES (1000325, 1000235, 1000004, 1000016, 1000488, 1000003, NULL, 1, 189000, 189000, 2079000, 'a6c5200d-ea0f-46b2-af51-342e270309f2', '2024-09-27 17:20:12.102002', 1000066, '2024-09-27 17:20:12.102002', 1000066, 'Y', NULL, 1000355);
INSERT INTO pos.d_invoiceline VALUES (1000326, 1000235, 1000004, 1000016, 1000440, 0, NULL, 1, 200000, 200000, 200000, 'f1eece5c-f5c3-4834-b8c8-a54b2f0f80e0', '2024-09-27 17:20:12.103489', 1000066, '2024-09-27 17:20:12.103489', 1000066, 'Y', NULL, 1000337);
INSERT INTO pos.d_invoiceline VALUES (1000327, 1000235, 1000004, 1000016, 1000509, 0, NULL, 2, 20000, 40000, 40000, '59bd95e5-2f3e-4c9f-a8f4-80f18dcb3848', '2024-09-27 17:20:12.105075', 1000066, '2024-09-27 17:20:12.105075', 1000066, 'Y', NULL, 1000356);
INSERT INTO pos.d_invoiceline VALUES (1000328, 1000235, 1000004, 1000016, 1000488, 0, NULL, 1, 189000, 189000, 189000, 'ff8b1320-fe41-4c0c-b3bd-0c353830f6fe', '2024-09-27 17:20:12.106383', 1000066, '2024-09-27 17:20:12.106383', 1000066, 'Y', NULL, 1000357);
INSERT INTO pos.d_invoiceline VALUES (1000329, 1000237, 1000004, 1000016, 1000678, 0, NULL, 1, 30000, 30000, 30000, 'e6dd137c-f56b-44ae-88ad-d37dd2148986', '2024-09-27 17:21:33.992529', 1000066, '2024-09-27 17:21:33.992529', 1000066, 'Y', NULL, 1000721);
INSERT INTO pos.d_invoiceline VALUES (1000330, 1000237, 1000004, 1000016, 1000644, 0, NULL, 4, 0, 0, 0, 'db6a6599-4da1-484f-b74a-6661edc8354e', '2024-09-27 17:21:33.994764', 1000066, '2024-09-27 17:21:33.994765', 1000066, 'Y', NULL, 1000472);
INSERT INTO pos.d_invoiceline VALUES (1000331, 1000237, 1000004, 1000016, 1000503, 0, NULL, 3, 0, 0, 0, 'a8e8685e-9d69-4df8-80a2-46234d074432', '2024-09-27 17:21:33.996893', 1000066, '2024-09-27 17:21:33.996893', 1000066, 'Y', NULL, 1000473);
INSERT INTO pos.d_invoiceline VALUES (1000332, 1000239, 1000004, 1000016, 1000720, 0, NULL, 1, 2000, 2000, 2000, '854caf98-2b23-4256-99fb-ea9f77f0baef', '2024-09-27 17:31:25.422532', 1000066, '2024-09-27 17:31:25.422533', 1000066, 'Y', NULL, 1000856);
INSERT INTO pos.d_invoiceline VALUES (1000333, 1000239, 1000004, 1000016, 1000720, 0, NULL, 1, 2000, 2000, 2000, '460a29ba-979e-4418-ab36-9526727d6002', '2024-09-27 17:31:25.42413', 1000066, '2024-09-27 17:31:25.42413', 1000066, 'Y', NULL, 1000857);
INSERT INTO pos.d_invoiceline VALUES (1000334, 1000239, 1000004, 1000016, 1000720, 0, NULL, 1, 2000, 2000, 2000, '42569ef9-1ca7-491b-9587-054782009b37', '2024-09-27 17:31:25.425657', 1000066, '2024-09-27 17:31:25.425657', 1000066, 'Y', NULL, 1000858);
INSERT INTO pos.d_invoiceline VALUES (1000335, 1000239, 1000004, 1000016, 1000726, 0, NULL, 1, 40000, 40000, 40000, 'badd3106-5091-461d-9761-9581e6b1a535', '2024-09-27 17:31:25.426927', 1000066, '2024-09-27 17:31:25.426927', 1000066, 'Y', NULL, 1000859);
INSERT INTO pos.d_invoiceline VALUES (1000336, 1000239, 1000004, 1000016, 1000720, 0, NULL, 1, 2000, 2000, 2000, '1c23c940-68c1-437f-9028-7d555bd6c55a', '2024-09-27 17:31:25.428307', 1000066, '2024-09-27 17:31:25.428307', 1000066, 'Y', NULL, 1000853);
INSERT INTO pos.d_invoiceline VALUES (1000337, 1000241, 1000004, 1000016, 1000720, 0, NULL, 1, 2000, 2000, 2000, '426140a6-229f-4edf-aaa2-6c8bc686657b', '2024-09-27 17:32:28.937288', 1000066, '2024-09-27 17:32:28.937289', 1000066, 'Y', NULL, 1000862);
INSERT INTO pos.d_invoiceline VALUES (1000338, 1000241, 1000004, 1000016, 1000720, 0, NULL, 1, 2000, 2000, 2000, '1a6f1b8a-ea9e-4b56-ac0c-bf93e71e10a8', '2024-09-27 17:32:28.939753', 1000066, '2024-09-27 17:32:28.939753', 1000066, 'Y', NULL, 1000860);
INSERT INTO pos.d_invoiceline VALUES (1000339, 1000241, 1000004, 1000016, 1000720, 0, NULL, 1, 2000, 2000, 2000, 'fabf4f69-9b88-48fa-8eb6-119cc52a524b', '2024-09-27 17:32:28.942769', 1000066, '2024-09-27 17:32:28.942769', 1000066, 'Y', NULL, 1000861);
INSERT INTO pos.d_invoiceline VALUES (1000340, 1000243, 1000004, 1000016, 1000720, 0, NULL, 1, 2000, 2000, 2000, '8c87d45b-d802-4e0f-ba71-f46f2ad4734f', '2024-09-27 17:35:12.43793', 1000066, '2024-09-27 17:35:12.43793', 1000066, 'Y', NULL, 1000863);
INSERT INTO pos.d_invoiceline VALUES (1000341, 1000243, 1000004, 1000016, 1000720, 0, NULL, 1, 2000, 2000, 2000, 'accb1361-fe50-415c-80d6-3dff1c2c6568', '2024-09-27 17:35:12.440064', 1000066, '2024-09-27 17:35:12.440065', 1000066, 'Y', NULL, 1000864);
INSERT INTO pos.d_invoiceline VALUES (1000342, 1000245, 1000004, 1000016, 1000720, 0, NULL, 1, 2000, 2000, 2000, '76ae075c-7d8a-4f19-88db-c5f5c0b07839', '2024-09-27 17:38:11.43217', 1000066, '2024-09-27 17:38:11.43217', 1000066, 'Y', NULL, 1000865);
INSERT INTO pos.d_invoiceline VALUES (1000343, 1000245, 1000004, 1000016, 1000720, 0, NULL, 1, 2000, 2000, 2000, '4660f332-d3e0-454c-b029-6515f8193a4a', '2024-09-27 17:38:11.433573', 1000066, '2024-09-27 17:38:11.433574', 1000066, 'Y', NULL, 1000866);
INSERT INTO pos.d_invoiceline VALUES (1000344, 1000247, 1000004, 1000016, 1000720, 0, NULL, 1, 2000, 2000, 2000, '22e34931-5d3e-44d9-97ed-e2825e84a3b6', '2024-09-27 17:39:53.928222', 1000066, '2024-09-27 17:39:53.928223', 1000066, 'Y', NULL, 1000867);
INSERT INTO pos.d_invoiceline VALUES (1000345, 1000247, 1000004, 1000016, 1000720, 0, NULL, 1, 2000, 2000, 2000, '2795734f-5abc-468a-9d9e-9dbc83531eeb', '2024-09-27 17:39:53.929542', 1000066, '2024-09-27 17:39:53.929542', 1000066, 'Y', NULL, 1000868);
INSERT INTO pos.d_invoiceline VALUES (1000346, 1000249, 1000004, 1000016, 1000720, 0, NULL, 1, 2000, 2000, 2000, '4c4c5387-4411-49af-91bb-35cd4812f8d0', '2024-09-27 10:40:50.025896', 0, '2024-09-27 10:40:50.025897', 0, 'Y', NULL, 1000869);
INSERT INTO pos.d_invoiceline VALUES (1000347, 1000251, 1000004, 1000016, 1000720, 0, NULL, 1, 2000, 2000, 2000, '8dfec0b6-e733-49a9-aa05-00772b33ad0c', '2024-09-27 10:40:53.970978', 0, '2024-09-27 10:40:53.970979', 0, 'Y', NULL, 1000869);
INSERT INTO pos.d_invoiceline VALUES (1000348, 1000253, 1000004, 1000016, 1000434, 0, NULL, 1, 200000, 200000, 200000, 'cd07f0a0-1063-4df7-924a-ed80d417f92d', '2024-09-30 03:12:32.017318', 0, '2024-09-30 03:12:32.017319', 0, 'Y', NULL, 1000494);
INSERT INTO pos.d_invoiceline VALUES (1000349, 1000253, 1000004, 1000016, 1000431, 0, NULL, 1, 200000, 200000, 200000, '89a8a2d8-280d-4cec-bf56-3edd8471dbe3', '2024-09-30 03:12:32.025273', 0, '2024-09-30 03:12:32.025273', 0, 'Y', NULL, 1000480);
INSERT INTO pos.d_invoiceline VALUES (1000350, 1000253, 1000004, 1000016, 1000392, 0, NULL, 9, 120000, 1080000, 1080000, '7dfa4d87-0e12-4e21-b6a6-78b0b87aca0b', '2024-09-30 03:12:32.036835', 0, '2024-09-30 03:12:32.036835', 0, 'Y', NULL, 1000481);
INSERT INTO pos.d_invoiceline VALUES (1000351, 1000253, 1000004, 1000016, 1000720, 0, NULL, 1, 2000, 2000, 2000, 'c53f5332-3d76-4ae5-9d6f-0dafec507f8f', '2024-09-30 03:12:32.045165', 0, '2024-09-30 03:12:32.045166', 0, 'Y', NULL, 1000879);
INSERT INTO pos.d_invoiceline VALUES (1000352, 1000255, 1000004, 1000016, 1000434, 0, NULL, 1, 200000, 200000, 200000, '85819068-ce72-4257-a7e9-8ac3a7e0a624', '2024-09-30 03:12:36.390694', 0, '2024-09-30 03:12:36.390695', 0, 'Y', NULL, 1000494);
INSERT INTO pos.d_invoiceline VALUES (1000353, 1000255, 1000004, 1000016, 1000431, 0, NULL, 1, 200000, 200000, 200000, '5bd31104-72bd-4c96-8829-bb402ef9fec0', '2024-09-30 03:12:36.399132', 0, '2024-09-30 03:12:36.399132', 0, 'Y', NULL, 1000480);
INSERT INTO pos.d_invoiceline VALUES (1000354, 1000255, 1000004, 1000016, 1000392, 0, NULL, 9, 120000, 1080000, 1080000, '946bdb40-1145-45cb-882d-0cb67b13d3c8', '2024-09-30 03:12:36.408319', 0, '2024-09-30 03:12:36.408319', 0, 'Y', NULL, 1000481);
INSERT INTO pos.d_invoiceline VALUES (1000355, 1000255, 1000004, 1000016, 1000720, 0, NULL, 1, 2000, 2000, 2000, '7a365d8f-81af-443e-8f87-00e7e3b32cf2', '2024-09-30 03:12:36.416411', 0, '2024-09-30 03:12:36.416411', 0, 'Y', NULL, 1000879);
INSERT INTO pos.d_invoiceline VALUES (1000356, 1000257, 1000004, 1000016, 1000733, 0, NULL, 1, 30000, 30000, 30000, 'fc78545b-64a7-4279-b034-a39f47f5bfc0', '2024-09-30 15:28:54.675327', 1000066, '2024-09-30 15:28:54.675327', 1000066, 'Y', NULL, 1000896);
INSERT INTO pos.d_invoiceline VALUES (1000357, 1000257, 1000004, 1000016, 1000734, 0, NULL, 1, 30000, 30000, 30000, '063f2090-d625-4a3e-9c99-eda09926c265', '2024-09-30 15:28:54.677151', 1000066, '2024-09-30 15:28:54.677151', 1000066, 'Y', NULL, 1000897);
INSERT INTO pos.d_invoiceline VALUES (1000358, 1000257, 1000004, 1000016, 1000736, 0, NULL, 1, 30000, 30000, 30000, 'd5aea552-7589-4d36-915f-83558d8d6d9a', '2024-09-30 15:28:54.678283', 1000066, '2024-09-30 15:28:54.678283', 1000066, 'Y', NULL, 1000898);
INSERT INTO pos.d_invoiceline VALUES (1000359, 1000259, 1000004, 1000016, 1000733, 0, NULL, 1, 30000, 30000, 30000, 'e4352654-93eb-4ffd-b773-722e8141078e', '2024-09-30 16:23:55.373775', 1000066, '2024-09-30 16:23:55.373775', 1000066, 'Y', NULL, 1000899);
INSERT INTO pos.d_invoiceline VALUES (1000360, 1000259, 1000004, 1000016, 1000736, 0, NULL, 1, 30000, 30000, 30000, '5305563f-5aaa-4705-8f2d-92afed0358d8', '2024-09-30 16:23:55.375138', 1000066, '2024-09-30 16:23:55.375138', 1000066, 'Y', NULL, 1000900);


--
-- TOC entry 5481 (class 0 OID 390871)
-- Dependencies: 319
-- Data for Name: d_kitchen_order; Type: TABLE DATA; Schema: pos; Owner: -
--

INSERT INTO pos.d_kitchen_order VALUES (1000152, 1000004, 1000016, 'KDS1000001', 1000690, 1000000, 1000006, '2024-09-25 00:00:00', 1000079, 999972, 1000032, 'KOS', 'Test', '2024-09-25 11:32:50.956696', 1000069, '2024-09-25 11:32:50.956696', 1000069, 'f2e6292c-a7b9-438c-a80f-d71b8ae2f3e2', 'Y', NULL, NULL, 'N');
INSERT INTO pos.d_kitchen_order VALUES (1000155, 1000004, 1000016, 'KDS1000155', 1000696, 1000000, 1000006, '2024-09-25 00:00:00', 1000079, 999972, 1000045, 'KOS', 'Test', '2024-09-25 11:40:16.782509', 1000069, '2024-09-25 11:40:16.782509', 1000069, '737720a7-0970-4654-910d-6bf386d5cb67', 'Y', NULL, NULL, 'N');
INSERT INTO pos.d_kitchen_order VALUES (1000154, 1000004, 1000016, 'KDS1000154', 1000694, 1000000, 1000006, '2024-09-25 00:00:00', 1000079, 999972, 1000038, 'KOS', 'Test', '2024-09-25 11:39:20.661995', 1000069, '2024-09-25 11:39:20.661996', 1000069, '7bd99f97-b0e5-476c-be1f-9017be350bfd', 'Y', NULL, NULL, 'N');
INSERT INTO pos.d_kitchen_order VALUES (1000153, 1000004, 1000016, 'KDS1000153', 1000692, 1000000, 1000006, '2024-09-25 00:00:00', 1000079, 999972, 1000037, 'KOS', 'Test', '2024-09-25 11:33:42.347463', 1000069, '2024-09-25 11:33:42.347463', 1000069, 'c7261883-7e7f-4f4b-9d90-b7d2e959ec61', 'Y', NULL, NULL, 'N');
INSERT INTO pos.d_kitchen_order VALUES (1000156, 1000004, 1000016, 'KDS1000156', 1000698, 1000000, 1000006, '2024-09-25 00:00:00', 1000079, 999972, 1000032, 'KOS', 'Test', '2024-09-25 11:43:53.497464', 1000069, '2024-09-25 11:43:53.497465', 1000069, 'aed15e47-ba36-4595-a1c6-921234d3b266', 'Y', NULL, NULL, 'N');
INSERT INTO pos.d_kitchen_order VALUES (1000157, 1000004, 1000016, 'KDS1000157', 1000700, 1000000, 1000006, '2024-09-25 00:00:00', 1000079, 999972, 1000032, 'KOS', 'Test', '2024-09-25 11:45:06.677252', 1000069, '2024-09-25 11:45:06.677252', 1000069, 'f0b4a7a8-199b-45a7-a066-fc48086b5ae4', 'Y', NULL, NULL, 'N');
INSERT INTO pos.d_kitchen_order VALUES (1000158, 1000004, 1000016, 'KDS1000158', 1000534, 1000000, 1000000, '2024-09-25 00:00:00', 1000042, 999976, 1000063, '', NULL, '2024-09-25 12:01:38.182831', 1000069, '2024-09-25 12:01:38.182832', 1000069, '99818a69-c522-4820-bd38-ed4535c734d5', 'Y', NULL, NULL, 'N');


--
-- TOC entry 5483 (class 0 OID 390892)
-- Dependencies: 321
-- Data for Name: d_kitchen_orderline; Type: TABLE DATA; Schema: pos; Owner: -
--

INSERT INTO pos.d_kitchen_orderline VALUES (1000198, 1000155, 1000004, 1000016, 'PRD', 1000680, 'Note', 1, NULL, NULL, NULL, 'Y', 'Des', '2024-09-25 11:40:16.786631', 1000069, '2024-10-01 22:38:51.44332', 1000066, '7e3c4dc7-2dd1-4f99-86a1-3a83e1fc5290', NULL, 1000712, 1000026);
INSERT INTO pos.d_kitchen_orderline VALUES (1000191, 1000152, 1000004, 1000016, 'WTP', 1000687, NULL, 2, NULL, NULL, NULL, 'Y', NULL, '2024-09-25 11:32:50.96053', 1000069, '2024-09-25 11:32:50.960531', 1000069, '4d2a0ab7-233e-482e-aeed-a922989aaa63', NULL, 1000705, NULL);
INSERT INTO pos.d_kitchen_orderline VALUES (1000193, 1000153, 1000004, 1000016, 'WTP', 1000693, NULL, 2, NULL, NULL, NULL, 'Y', NULL, '2024-09-25 11:33:42.350145', 1000069, '2024-09-25 11:33:42.350145', 1000069, '84b1eef3-a463-42e5-b1aa-c5785c0a192e', NULL, 1000707, NULL);
INSERT INTO pos.d_kitchen_orderline VALUES (1000201, 1000156, 1000004, 1000016, 'PRD', 1000680, 'Note', 1, NULL, NULL, NULL, 'Y', 'Des', '2024-09-25 11:43:53.498689', 1000069, '2024-10-01 07:34:06.781925', 1000066, 'ec461380-58be-421c-aa2b-3a848f8c5e3d', NULL, 1000715, 1000016);
INSERT INTO pos.d_kitchen_orderline VALUES (1000202, 1000156, 1000004, 1000016, 'BPR', 1000680, NULL, 2, NULL, NULL, NULL, 'Y', NULL, '2024-09-25 11:43:53.499771', 1000069, '2024-10-01 12:04:27.056996', 1000066, 'ed469f45-fed1-4244-bc5b-9e24320c004b', NULL, 1000716, 1000026);
INSERT INTO pos.d_kitchen_orderline VALUES (1000189, 1000152, 1000004, 1000016, 'PRD', 1000680, 'Note', 1, NULL, NULL, NULL, 'Y', 'Des', '2024-09-25 11:32:50.958481', 1000069, '2024-10-01 22:39:09.418688', 1000066, 'b66c551b-7749-4138-a4aa-69374ef21bb6', NULL, 1000703, 1000026);
INSERT INTO pos.d_kitchen_orderline VALUES (1000196, 1000154, 1000004, 1000016, 'PRD', 1000693, NULL, 2, NULL, NULL, NULL, 'Y', NULL, '2024-09-25 11:39:20.664858', 1000069, '2024-10-01 22:42:15.364034', 1000066, 'e52adea7-54e8-4774-8640-70afb8100700', NULL, 1000710, 1000027);
INSERT INTO pos.d_kitchen_orderline VALUES (1000192, 1000153, 1000004, 1000016, 'BPR', 1000690, 'Note', 1, NULL, NULL, NULL, 'Y', 'Des', '2024-09-25 11:33:42.348963', 1000069, '2024-10-01 22:42:39.128538', 1000066, '4f35962c-7ab1-4681-ad73-bac5415cbe34', NULL, 1000706, 1000028);
INSERT INTO pos.d_kitchen_orderline VALUES (1000195, 1000154, 1000004, 1000016, 'BPR', 1000690, 'Note', 1, NULL, NULL, NULL, 'Y', 'Des', '2024-09-25 11:39:20.663988', 1000069, '2024-10-01 22:42:39.129336', 1000066, 'd8e3d9cc-e199-4015-93ad-5451c7c516b0', NULL, 1000709, 1000028);
INSERT INTO pos.d_kitchen_orderline VALUES (1000190, 1000152, 1000004, 1000016, 'WTP', 1000685, NULL, 2, NULL, NULL, NULL, 'Y', NULL, '2024-09-25 11:32:50.959688', 1000069, '2024-09-25 14:00:04.89766', 1000069, '78ceda37-94d1-4731-a007-763fe0151578', NULL, 1000704, NULL);
INSERT INTO pos.d_kitchen_orderline VALUES (1000200, 1000155, 1000004, 1000016, 'WTP', 1000687, NULL, 2, NULL, NULL, NULL, 'Y', NULL, '2024-09-25 11:40:16.789956', 1000069, '2024-09-25 11:40:16.789957', 1000069, 'f9a53332-7875-40c3-9be2-623cf6316978', NULL, 1000714, NULL);
INSERT INTO pos.d_kitchen_orderline VALUES (1000199, 1000155, 1000004, 1000016, 'WTP', 1000685, NULL, 2, NULL, NULL, NULL, 'Y', NULL, '2024-09-25 11:40:16.788936', 1000069, '2024-09-25 11:40:16.788937', 1000069, '913e9f25-ac50-4bac-a87a-3f6870166fc5', NULL, 1000713, NULL);
INSERT INTO pos.d_kitchen_orderline VALUES (1000197, 1000154, 1000004, 1000016, 'WTP', 1000695, NULL, 2, NULL, NULL, NULL, 'Y', NULL, '2024-09-25 11:39:20.666656', 1000069, '2024-09-25 11:39:20.666657', 1000069, '21c40773-5344-45f8-9913-f00493f46159', NULL, 1000711, NULL);
INSERT INTO pos.d_kitchen_orderline VALUES (1000194, 1000153, 1000004, 1000016, 'WTP', 1000695, NULL, 2, NULL, NULL, NULL, 'Y', NULL, '2024-09-25 11:33:42.351291', 1000069, '2024-09-25 11:33:42.351291', 1000069, '188f2fee-b4d3-44b2-8d2f-6ff4c8229baf', NULL, 1000708, NULL);
INSERT INTO pos.d_kitchen_orderline VALUES (1000203, 1000156, 1000004, 1000016, 'PRD', 1000687, NULL, 2, NULL, NULL, NULL, 'Y', NULL, '2024-09-25 11:43:53.50076', 1000069, '2024-10-01 22:42:19.646572', 1000066, 'f1f22e58-f5bc-425c-b7ba-bca9815e5be6', NULL, 1000717, 1000025);
INSERT INTO pos.d_kitchen_orderline VALUES (1000205, 1000157, 1000004, 1000016, 'BPR', 1000693, NULL, 2, NULL, NULL, NULL, 'Y', NULL, '2024-09-25 11:45:06.679393', 1000069, '2024-10-02 10:21:53.182729', 1000066, '5742ed42-9d23-455d-a493-e06281f7cec6', NULL, 1000719, 1000029);
INSERT INTO pos.d_kitchen_orderline VALUES (1000208, 1000158, 1000004, 1000016, 'WTP', 1000503, NULL, 3, NULL, NULL, NULL, 'Y', '', '2024-09-25 12:01:38.186164', 1000069, '2024-09-25 12:01:38.186164', 1000069, 'd0514506-1041-4d67-93b1-be522bc0dcfa', NULL, 1000472, NULL);
INSERT INTO pos.d_kitchen_orderline VALUES (1000207, 1000158, 1000004, 1000016, 'WTP', 1000644, NULL, 4, NULL, NULL, NULL, 'Y', '', '2024-09-25 12:01:38.184719', 1000069, '2024-09-25 12:01:38.18472', 1000069, 'fe44adec-d42c-4ad4-a3ff-58268dcb68df', NULL, 1000472, NULL);
INSERT INTO pos.d_kitchen_orderline VALUES (1000209, 1000158, 1000004, 1000016, 'WTP', 1000678, NULL, 1, NULL, NULL, NULL, 'Y', '', '2024-09-25 12:01:38.18717', 1000069, '2024-09-25 12:01:38.18717', 1000069, '59132a8f-81e2-49d9-875c-bc2422bc682c', NULL, 1000472, NULL);
INSERT INTO pos.d_kitchen_orderline VALUES (1000206, 1000157, 1000004, 1000016, 'WTP', 1000695, NULL, 2, NULL, NULL, NULL, 'Y', NULL, '2024-09-25 11:45:06.680347', 1000069, '2024-09-25 11:45:06.680347', 1000069, '2d358966-1aa1-4637-9cbb-96269f3923e1', NULL, 1000720, NULL);
INSERT INTO pos.d_kitchen_orderline VALUES (1000204, 1000157, 1000004, 1000016, 'PRD', 1000690, 'Note', 1, NULL, NULL, NULL, 'Y', 'Des', '2024-09-25 11:45:06.678446', 1000069, '2024-10-01 09:51:36.107683', 1000066, '2e84ecc6-9f1e-47c4-86b2-c36b008e9689', NULL, 1000718, 1000022);


--
-- TOC entry 5399 (class 0 OID 385625)
-- Dependencies: 236
-- Data for Name: d_language; Type: TABLE DATA; Schema: pos; Owner: -
--



--
-- TOC entry 5400 (class 0 OID 385635)
-- Dependencies: 237
-- Data for Name: d_locator; Type: TABLE DATA; Schema: pos; Owner: -
--

INSERT INTO pos.d_locator VALUES (1000002, 1000016, 1000004, '2024-08-12 10:13:09.479545', 1000069, '2024-08-12 10:13:09.479545', 1000069, 'Y', 'L1', NULL, '10', '10', '10', 1000006, '35209962-4522-4b63-93e6-03eb30aadcf7', NULL);
INSERT INTO pos.d_locator VALUES (1000000, 0, 1000002, '2024-07-21 23:26:17.306435', 1000037, '2024-07-21 23:26:17.306435', 1000037, 'Y', 'code', NULL, '10', '10', '10', 1000003, '156a7490-7fe3-46c1-85d1-b196d5752fc8', NULL);


--
-- TOC entry 5487 (class 0 OID 390937)
-- Dependencies: 325
-- Data for Name: d_note; Type: TABLE DATA; Schema: pos; Owner: -
--

INSERT INTO pos.d_note VALUES (1000000, 1000002, 1000004, 1000016, 'Y', '30% ng', '30% ng', '2024-08-14 11:05:14.59281', 1000069, '2024-08-14 11:05:14.59281', 1000069, '6a9e49da-e28a-4cfb-b2a0-ca2c6b0d30cd', NULL);
INSERT INTO pos.d_note VALUES (1000001, 1000002, 1000004, 1000016, 'Y', '30% ng', '30% ng', '2024-08-15 10:07:20.497753', 1000069, '2024-08-15 10:07:20.497753', 1000069, '2441fbba-7e48-44bb-9b16-898124f2352a', '1000002');
INSERT INTO pos.d_note VALUES (1000005, 1000001, 1000004, 1000016, 'Y', 'test 2', NULL, '2024-08-21 14:02:02.177908', 1000069, '2024-08-27 14:54:08.817006', 1000069, '4a1ea983-411b-498b-9682-80522f936118', '1000017,1000018');
INSERT INTO pos.d_note VALUES (1000006, 1000006, 1000004, 1000016, 'Y', '30% Saa', NULL, '2024-08-29 11:55:42.003343', 1000069, '2024-08-29 11:56:15.952904', 1000069, 'ddd791ed-441c-4cb4-bfb0-e79296d71fac', '1000019');
INSERT INTO pos.d_note VALUES (1000008, 1000002, 1000004, 1000017, 'Y', '30% ng', '30% ng', '2024-09-26 11:05:34.768341', 1000069, '2024-09-26 11:05:34.768342', 1000069, 'c20f63df-5814-4291-abf1-85ced20d3544', '1000001,1000002');


--
-- TOC entry 5485 (class 0 OID 390919)
-- Dependencies: 323
-- Data for Name: d_note_group; Type: TABLE DATA; Schema: pos; Owner: -
--

INSERT INTO pos.d_note_group VALUES (1000002, 1000004, 1000016, 'Y', 'Sa 2', 'Sa', '2024-08-14 11:04:26.198612', 1000069, '2024-08-21 14:39:14.431429', 1000069, 'd243aa43-e01f-441e-9941-8af35558d708');
INSERT INTO pos.d_note_group VALUES (1000005, 1000004, 1000016, 'Y', 'Kem', 'Sa', '2024-08-21 14:48:37.934316', 1000069, '2024-08-21 14:48:37.934318', 1000069, '514e360b-c5d4-4396-b9e8-2056827ace44');
INSERT INTO pos.d_note_group VALUES (1000006, 1000004, 1000016, 'Y', 'Ph mai', NULL, '2024-08-21 14:50:04.426453', 1000069, '2024-08-21 14:50:04.426455', 1000069, '21d9cf63-e536-4b23-9843-e4e4319a35bf');
INSERT INTO pos.d_note_group VALUES (1000001, 1000004, 1000016, 'Y', 'ng 3', 'ng', '2024-08-14 11:03:55.669727', 1000069, '2024-08-21 14:53:02.619579', 1000069, '176e3a56-dc6c-4cda-9197-312e351fd153');
INSERT INTO pos.d_note_group VALUES (1000007, 1000004, 1000016, 'Y', 'Sa', NULL, '2024-08-29 11:55:15.517202', 1000069, '2024-08-29 11:55:15.517204', 1000069, '2a28275c-1c32-4d2d-8721-25afe8ff34e8');


--
-- TOC entry 5401 (class 0 OID 385645)
-- Dependencies: 238
-- Data for Name: d_notification; Type: TABLE DATA; Schema: pos; Owner: -
--



--
-- TOC entry 5402 (class 0 OID 385682)
-- Dependencies: 239
-- Data for Name: d_order; Type: TABLE DATA; Schema: pos; Owner: -
--

INSERT INTO pos.d_order VALUES (1000016, 1000002, 1000001, '000', 1000010, '0123456789', 'CO', 'WEB', 'N', 1000017, 999957, 1000037, 3, 'Y', '2024-07-25', '2024-07-25 03:16:30.802435', 1000037, '2024-07-25 03:16:30.802435', 1000037, 'John Doe', 13, NULL, NULL, 0, 'c40c8ce3-618d-4efe-8e3c-29785b7bdd7c', NULL, NULL);
INSERT INTO pos.d_order VALUES (1000017, 1000002, 1000001, '000', 1000010, '0123456789', 'CO', 'WEB', 'N', 1000017, 999957, 1000037, 3, 'Y', '2024-07-25', '2024-07-25 04:16:13.416352', 1000037, '2024-07-25 04:16:13.416352', 1000037, 'John Doe', 13, NULL, NULL, 0, '48c05b07-8fdd-49a3-b703-5c026058e8ae', NULL, NULL);
INSERT INTO pos.d_order VALUES (1000019, 1000002, 1000001, '000', 1000010, '0123456789', 'CO', 'WEB', 'N', 1000017, 999957, 1000037, 3, 'Y', '2024-07-29', '2024-07-29 04:38:20.377004', 1000037, '2024-07-29 04:38:20.377004', 1000037, 'John Doe', 13, NULL, NULL, 0, '9ed8cb88-4f2a-4b3f-a846-8e770401cda6', NULL, NULL);
INSERT INTO pos.d_order VALUES (1000023, 1000002, 1000001, '000', 1000010, '0123456789', 'CO', 'WEB', 'N', 1000017, 999957, 1000037, 3, 'Y', '2024-07-30', '2024-07-30 03:16:45.94057', 1000037, '2024-07-30 03:16:45.94057', 1000037, 'John Doe', 13, NULL, NULL, 0, '48902a4e-0a6c-4807-87bd-0ed12b6e2d53', NULL, NULL);
INSERT INTO pos.d_order VALUES (1000024, 1000002, 1000001, '000', 1000010, '0123456789', 'CO', 'WEB', 'N', 1000017, 999957, 1000037, 3, 'Y', '2024-07-30', '2024-07-30 03:24:35.494934', 1000037, '2024-07-30 03:24:35.494934', 1000037, 'John Doe', 13, NULL, NULL, 0, '958f6082-f2d7-48dd-b00e-d0936cd05259', NULL, NULL);
INSERT INTO pos.d_order VALUES (1000025, 1000002, 1000001, '000', 1000010, '0123456789', 'CO', 'WEB', 'N', 1000017, 999957, 1000037, 3, 'Y', '2024-07-30', '2024-07-30 03:25:08.084582', 1000037, '2024-07-30 03:25:08.084582', 1000037, 'John Doe', 13, NULL, NULL, 0, 'cc5007ec-0852-4764-a960-9564f41a95ee', NULL, NULL);
INSERT INTO pos.d_order VALUES (1000027, 1000002, 1000001, '000', 1000010, '0123456789', 'CO', 'WEB', 'N', 1000017, 999957, 1000037, 3, 'Y', '2024-07-31', '2024-07-31 10:56:35.681391', 1000037, '2024-07-31 10:56:35.681393', 1000037, 'John Doe', 13, NULL, NULL, 0, '85126e8f-be8a-48b3-9c61-d06d70c3c404', NULL, NULL);
INSERT INTO pos.d_order VALUES (1000028, 1000002, 1000001, '000', 1000010, '0123456789', 'CO', 'WEB', 'N', 1000017, 999957, 1000037, 3, 'Y', '2024-07-31', '2024-07-31 10:59:26.964678', 1000037, '2024-07-31 10:59:26.96468', 1000037, 'John Doe', 13, NULL, NULL, 0, 'ce2b70e2-d8a4-40ba-ba88-0aab349156a1', NULL, NULL);
INSERT INTO pos.d_order VALUES (1000029, 1000003, 1000001, '000', 1000010, '0123456789', 'CO', 'WEB', 'N', 1000017, 999957, 1000068, 3, 'Y', '2024-08-09', '2024-08-09 15:03:52.755382', 1000068, '2024-08-09 15:03:52.755386', 1000068, 'John Doe', 13, NULL, NULL, 0, '97408b3e-1fd4-47c6-8dc5-170c40ae63ad', NULL, NULL);
INSERT INTO pos.d_order VALUES (1000032, 1000004, 1000016, '000', 1000010, '0123456789', 'CO', 'web', 'N', 1000070, 0, 1000069, 1, 'Y', '2024-08-09', '2024-08-10 10:00:52.318829', 1000069, '2024-08-10 10:00:52.31883', 1000069, 'Nguyen Van A', 13, NULL, NULL, 0, 'b9c25263-736e-454e-b689-a7b27ad29cf9', NULL, NULL);
INSERT INTO pos.d_order VALUES (1000033, 1000004, 1000016, '000', 1000010, '0123456789', 'CO', 'web', 'N', 1000070, 0, 1000069, 1, 'Y', '2024-08-09', '2024-08-10 10:00:52.986566', 1000069, '2024-08-10 10:00:52.986566', 1000069, 'Nguyen Van A', 13, NULL, NULL, 0, 'a12adf22-1caa-4716-b734-2b5a2272962b', NULL, NULL);
INSERT INTO pos.d_order VALUES (1000034, 1000004, 1000016, '000', 1000010, '0123456789', 'CO', 'web', 'N', 0, 0, 1000069, 1, 'Y', '2024-08-09', '2024-08-10 10:58:37.678252', 1000069, '2024-08-10 10:58:37.678252', 1000069, 'Nguyen Van A', 13, NULL, NULL, 0, 'ceaaa183-0878-402e-afe8-d5855eaad3f1', NULL, NULL);
INSERT INTO pos.d_order VALUES (1000035, 1000004, 1000016, '000', 1000010, '0123456789', 'CO', 'web', 'N', 0, 0, 1000069, 1, 'Y', '2024-08-09', '2024-08-10 11:43:05.095197', 1000069, '2024-08-10 11:43:05.095198', 1000069, 'Nguyen Van A', 13, NULL, NULL, 0, '117d9734-3acd-4718-afe4-1b083eb0f646', NULL, NULL);
INSERT INTO pos.d_order VALUES (1000036, 1000004, 1000016, '000', 1000010, '0123456789', 'CO', 'web', 'N', 1000068, 0, 1000069, 1, 'Y', '2024-08-12', '2024-08-12 10:04:55.276888', 1000069, '2024-08-12 10:04:55.276892', 1000069, 'Nguyen Van A', 13, NULL, NULL, 0, 'c3003f38-8ff8-4a64-975d-165b2a2eaff3', NULL, NULL);
INSERT INTO pos.d_order VALUES (1000037, 1000004, 1000016, '000', 1000010, '0123456789', 'CO', 'web', 'N', 1000071, 0, 1000069, 1, 'Y', '2024-08-12', '2024-08-12 10:10:48.407855', 1000069, '2024-08-12 10:10:48.407857', 1000069, 'Nguyen Van A', 13, NULL, NULL, 0, 'ab633f40-2918-4bfc-bae4-6558e0d163a8', NULL, NULL);
INSERT INTO pos.d_order VALUES (1000038, 1000004, 1000016, '000', 1000010, '0123456789', 'CO', 'web', 'N', 1000071, 0, 1000069, 1, 'Y', '2024-08-12', '2024-08-12 10:11:12.648243', 1000069, '2024-08-12 10:11:12.648245', 1000069, 'Nguyen Van A', 13, NULL, NULL, 0, 'fae2d464-d11b-432e-9de2-d8e9975a092e', NULL, NULL);
INSERT INTO pos.d_order VALUES (1000039, 1000004, 1000016, '000', 1000010, '0123456789', 'CO', 'web', 'N', 1000071, 0, 1000069, 1, 'Y', '2024-08-12', '2024-08-12 10:19:11.069253', 1000069, '2024-08-12 10:19:11.069254', 1000069, 'Nguyen Van A', 13, NULL, NULL, 0, 'a0779b60-e76c-4477-a3bd-c5e41a90bf16', NULL, NULL);
INSERT INTO pos.d_order VALUES (1000040, 1000004, 1000016, '000', 1000010, '0123456789', 'CO', 'web', 'N', 1000071, 0, 1000069, 1, 'Y', '2024-08-12', '2024-08-12 10:23:20.042662', 1000069, '2024-08-12 10:23:20.042664', 1000069, 'Nguyen Van A', 13, NULL, NULL, 0, 'bd59deaf-6d48-4145-acfd-7d8ccf20ff04', NULL, NULL);
INSERT INTO pos.d_order VALUES (1000041, 1000004, 1000016, '000', 1000010, '0123456789', 'CO', 'web', 'N', 1000071, 0, 1000069, 1, 'Y', '2024-08-12', '2024-08-12 10:29:07.623318', 1000069, '2024-08-12 10:29:07.62332', 1000069, 'Nguyen Van A', 13, NULL, NULL, 0, '6b5d28d0-420d-4283-8c55-34ca805d8455', NULL, NULL);
INSERT INTO pos.d_order VALUES (1000042, 1000004, 1000016, '000', 1000010, '0123456789', 'CO', 'web', 'N', 1000071, 0, 1000069, 1, 'Y', '2024-08-12', '2024-08-12 10:29:38.114678', 1000069, '2024-08-12 10:29:38.114679', 1000069, 'Nguyen Van A', 13, NULL, NULL, 0, 'c007d93b-833b-4a6b-be45-e6692918fd43', NULL, NULL);
INSERT INTO pos.d_order VALUES (1000043, 1000004, 1000016, '000', 1000010, '0123456789', 'CO', 'web', 'N', 1000071, 0, 1000069, 1, 'Y', '2024-08-12', '2024-08-12 10:33:26.289245', 1000069, '2024-08-12 10:33:26.289247', 1000069, 'Nguyen Van A', 13, NULL, NULL, 0, 'c0ecbb7e-5e09-498e-863a-41b20d445a7b', NULL, NULL);
INSERT INTO pos.d_order VALUES (1000044, 1000004, 1000016, '000', 1000010, '0123456789', 'CO', 'web', 'N', 1000070, 0, 1000069, 1, 'Y', '2024-08-12', '2024-08-12 10:36:41.504886', 1000069, '2024-08-12 10:36:41.504888', 1000069, 'Nguyen Van A', 13, NULL, NULL, 0, 'f1f30e5e-055d-4ca1-b53d-b5426ca3fc2e', NULL, NULL);
INSERT INTO pos.d_order VALUES (1000045, 1000004, 1000016, '000', 1000010, '0123456789', 'CO', 'web', 'N', 1000070, 0, 1000069, 1, 'Y', '2024-08-12', '2024-08-12 10:38:20.292516', 1000069, '2024-08-12 10:38:20.292518', 1000069, 'Nguyen Van A', 13, NULL, NULL, 0, '3de58bb4-efcd-4e7b-b6b5-8dbac966b64b', NULL, NULL);
INSERT INTO pos.d_order VALUES (1000046, 1000004, 1000016, '000', 1000010, '0123456789', 'CO', 'web', 'N', 1000071, 0, 1000069, 1, 'Y', '2024-08-12', '2024-08-12 10:44:29.36241', 1000069, '2024-08-12 10:44:29.362411', 1000069, 'Nguyen Van A', 13, NULL, NULL, 0, 'c70f0c2e-5e43-4b15-ba2f-7fd4b3b8d739', NULL, NULL);
INSERT INTO pos.d_order VALUES (1000047, 1000004, 1000016, '000', 1000010, '0123456789', 'CO', 'web', 'N', 1000071, 0, 1000069, 1, 'Y', '2024-08-12', '2024-08-12 10:50:23.511412', 1000069, '2024-08-12 10:50:23.511413', 1000069, 'Nguyen Van A', 13, NULL, NULL, 0, '3b8e969d-0279-4874-a187-2aaf81668358', NULL, NULL);
INSERT INTO pos.d_order VALUES (1000048, 1000004, 1000016, '000', 1000010, '0123456789', 'CO', 'web', 'N', 1000071, 0, 1000069, 1, 'Y', '2024-08-12', '2024-08-12 10:51:02.620644', 1000069, '2024-08-12 10:51:02.620646', 1000069, 'Nguyen Van A', 13, NULL, NULL, 0, '3a5d18be-06ba-4414-bc1d-3804870ee528', NULL, NULL);
INSERT INTO pos.d_order VALUES (1000049, 1000004, 1000016, '000', 1000010, '0123456789', 'CO', 'web', 'N', 1000071, 0, 1000069, 1, 'Y', '2024-08-12', '2024-08-12 10:55:36.676542', 1000069, '2024-08-12 10:55:36.676542', 1000069, 'Nguyen Van A', 13, NULL, NULL, 0, '7c2f0898-d0c2-4acd-b5c7-b4515819afd7', NULL, NULL);
INSERT INTO pos.d_order VALUES (1000050, 1000004, 1000016, '000', 1000010, '0123456789', 'CO', 'web', 'N', 1000071, 0, 1000069, 1, 'Y', '2024-08-12', '2024-08-12 10:57:12.950146', 1000069, '2024-08-12 10:57:12.950146', 1000069, 'Nguyen Van A', 13, NULL, NULL, 0, 'fcc4467f-7de0-429f-b10e-ee5b40897d8c', NULL, NULL);
INSERT INTO pos.d_order VALUES (1000051, 1000004, 1000016, '000', 1000010, '0123456789', 'CO', 'web', 'N', 1000071, 0, 1000069, 1, 'Y', '2024-08-12', '2024-08-12 10:57:29.670961', 1000069, '2024-08-12 10:57:29.670961', 1000069, 'Nguyen Van A', 13, NULL, NULL, 0, 'dc697358-0e4c-4ca2-ad27-5e31c7b5bdf5', NULL, NULL);
INSERT INTO pos.d_order VALUES (1000052, 1000004, 1000016, '000', 1000010, '0123456789', 'CO', 'web', 'N', 1000071, 0, 1000069, 1, 'Y', '2024-08-12', '2024-08-12 10:58:53.801656', 1000069, '2024-08-12 10:58:53.801657', 1000069, 'Nguyen Van A', 13, NULL, NULL, 0, 'f8b77709-a5d8-439e-b3f4-5474359d4cc5', NULL, NULL);
INSERT INTO pos.d_order VALUES (1000053, 1000004, 1000016, '000', 1000010, '0123456789', 'CO', 'web', 'N', 1000071, 0, 1000069, 1, 'Y', '2024-08-12', '2024-08-12 10:59:07.94424', 1000069, '2024-08-12 10:59:07.944241', 1000069, 'Nguyen Van A', 13, NULL, NULL, 0, 'ddd1da7a-57ef-4cd9-ae36-6599e21565a5', NULL, NULL);
INSERT INTO pos.d_order VALUES (1000054, 1000004, 1000016, '000', 1000010, '0123456789', 'CO', 'web', 'N', 1000071, 0, 1000069, 1, 'Y', '2024-08-12', '2024-08-12 11:01:04.045076', 1000069, '2024-08-12 11:01:04.045077', 1000069, 'Nguyen Van A', 13, NULL, NULL, 0, '59cbd6ae-7936-44d7-8ecb-ed5dcd881858', NULL, NULL);
INSERT INTO pos.d_order VALUES (1000055, 1000004, 1000016, '000', 1000010, '0123456789', 'CO', 'web', 'N', 1000071, 0, 1000069, 1, 'Y', '2024-08-12', '2024-08-12 11:01:52.009945', 1000069, '2024-08-12 11:01:52.009946', 1000069, 'Nguyen Van A', 13, NULL, NULL, 0, 'c83398be-c5db-4f87-802d-6a148884354d', NULL, NULL);
INSERT INTO pos.d_order VALUES (1000056, 1000004, 1000016, '000', 1000010, '0123456789', 'CO', 'web', 'N', 0, 0, 1000069, 1, 'Y', '2024-08-12', '2024-08-12 11:07:40.183247', 1000069, '2024-08-12 11:07:40.183248', 1000069, 'Nguyen Van A', 13, NULL, NULL, 0, '32acce6d-ac44-465c-a9fc-10964056be6a', NULL, NULL);
INSERT INTO pos.d_order VALUES (1000057, 1000004, 1000016, '000', 1000010, '0123456789', 'CO', 'web', 'N', 1000071, 0, 1000069, 1, 'Y', '2024-08-12', '2024-08-12 11:09:01.997457', 1000069, '2024-08-12 11:09:01.997457', 1000069, 'Nguyen Van A', 13, NULL, NULL, 0, 'ac327251-2340-49e8-94a7-37c4a6b0e14c', NULL, NULL);
INSERT INTO pos.d_order VALUES (1000058, 1000004, 1000016, '000', 1000010, '0123456789', 'CO', 'web', 'N', 1000071, 0, 1000069, 1, 'Y', '2024-08-12', '2024-08-12 11:09:15.110867', 1000069, '2024-08-12 11:09:15.110867', 1000069, 'Nguyen Van A', 13, NULL, NULL, 0, '46fad338-93f5-4f18-9e72-c2efc9d33214', NULL, NULL);
INSERT INTO pos.d_order VALUES (1000059, 1000004, 1000016, '000', 1000010, '0123456789', 'CO', 'web', 'N', 1000071, 0, 1000069, 1, 'Y', '2024-08-12', '2024-08-12 11:09:57.402249', 1000069, '2024-08-12 11:09:57.402249', 1000069, 'Nguyen Van A', 13, NULL, NULL, 0, '9a2fde84-f309-45a5-b8bd-e0cb97c2cf48', NULL, NULL);
INSERT INTO pos.d_order VALUES (1000060, 1000004, 1000016, '000', 1000010, '0123456789', 'CO', 'web', 'N', 1000071, 0, 1000069, 1, 'Y', '2024-08-12', '2024-08-12 11:10:42.910655', 1000069, '2024-08-12 11:10:42.910656', 1000069, 'Nguyen Van A', 13, NULL, NULL, 0, '494d7dec-d6e4-4017-ab3c-32236b2b1ddd', NULL, NULL);
INSERT INTO pos.d_order VALUES (1000061, 1000004, 1000016, '000', 1000010, '0123456789', 'CO', 'web', 'N', 1000070, 0, 1000069, 1, 'Y', '2024-08-12', '2024-08-12 11:11:01.795216', 1000069, '2024-08-12 11:11:01.795217', 1000069, 'Nguyen Van A', 13, NULL, NULL, 0, '200c7e41-fa74-4c65-bd75-8198dd8ba9f2', NULL, NULL);
INSERT INTO pos.d_order VALUES (1000062, 1000004, 1000016, '000', 1000010, '0123456789', 'CO', 'web', 'N', 1000071, 0, 1000069, 1, 'Y', '2024-08-12', '2024-08-12 11:15:13.707213', 1000069, '2024-08-12 11:15:13.707236', 1000069, 'Nguyen Van A', 13, NULL, NULL, 0, 'adb4479b-bdc6-406a-b4cd-0dce12d48d16', NULL, NULL);
INSERT INTO pos.d_order VALUES (1000063, 1000004, 1000016, '000', 1000010, '0123456789', 'CO', 'web', 'N', 1000071, 0, 1000069, 1, 'Y', '2024-08-12', '2024-08-12 11:18:34.770431', 1000069, '2024-08-12 11:18:34.770431', 1000069, 'Nguyen Van A', 13, NULL, NULL, 0, 'ada40d83-ebc7-4526-8cb9-0cc5eee99e2f', NULL, NULL);
INSERT INTO pos.d_order VALUES (1000064, 1000004, 1000016, '000', 1000010, '0123456789', 'CO', 'web', 'N', 1000071, 0, 1000069, 1, 'Y', '2024-08-12', '2024-08-12 14:35:56.090117', 1000069, '2024-08-12 14:35:56.090117', 1000069, 'Nguyen Van A', 13, NULL, NULL, 0, 'a50b9ce0-951f-440b-ad47-798e88f0f099', NULL, NULL);
INSERT INTO pos.d_order VALUES (1000065, 1000004, 1000016, '000', 1000010, '0123456789', 'CO', 'web', 'N', 0, 0, 1000069, 1, 'Y', '2024-08-12', '2024-08-12 22:44:34.048832', 1000069, '2024-08-12 22:44:34.048833', 1000069, 'Nguyen Van A', 13, NULL, NULL, 0, '096a8357-0ac3-4546-b4cd-cea0fa50d876', NULL, NULL);
INSERT INTO pos.d_order VALUES (1000066, 1000004, 1000016, '000', 1000010, '0123456789', 'CO', 'web', 'N', 0, 0, 1000069, 1, 'Y', '2024-08-13', '2024-08-13 18:43:44.396378', 1000069, '2024-08-13 18:43:44.396379', 1000069, 'Nguyen Van A', 13, NULL, NULL, 0, '7e144456-9f4d-4c3f-b01a-7919e7f0c249', NULL, NULL);
INSERT INTO pos.d_order VALUES (1000067, 1000004, 1000016, '000', 1000010, '0123456789', 'CO', 'web', 'N', 0, 0, 1000069, 1, 'Y', '2024-08-14', '2024-08-14 11:24:36.663375', 1000069, '2024-08-14 11:24:36.663376', 1000069, 'Nguyen Van A', 13, NULL, NULL, 0, '1b05ed81-9efc-4bad-adaa-ad919839b80b', NULL, NULL);
INSERT INTO pos.d_order VALUES (1000068, 1000004, 1000016, '000', 1000010, '0123456789', 'CO', 'web', 'N', 1000070, 0, 1000069, 1, 'Y', '2024-08-14', '2024-08-14 11:26:10.249377', 1000069, '2024-08-14 11:26:10.249379', 1000069, 'Nguyen Van A', 13, NULL, NULL, 0, '8124a2c0-dc6e-49ea-8d7e-4ff6daf3ed04', NULL, NULL);
INSERT INTO pos.d_order VALUES (1000069, 1000004, 1000016, '000', 1000010, '0123456789', 'CO', 'web', 'N', 1000061, 0, 1000069, 1, 'Y', '2024-08-14', '2024-08-14 11:27:04.39005', 1000069, '2024-08-14 11:27:04.390052', 1000069, 'Nguyen Van A', 13, NULL, NULL, 0, 'f7e8cbd9-f670-4714-b3a8-8f1be23820ec', NULL, NULL);
INSERT INTO pos.d_order VALUES (1000070, 1000004, 1000016, '000', 1000010, '0123456789', 'CO', 'web', 'N', 0, 0, 1000069, 1, 'Y', '2024-08-14', '2024-08-14 23:12:30.102463', 1000069, '2024-08-14 23:12:30.102464', 1000069, 'Nguyen Van A', 13, NULL, NULL, 0, '41ac6446-575d-45af-abcc-c09b0d8acf7c', NULL, NULL);
INSERT INTO pos.d_order VALUES (1000071, 1000004, 1000016, '000', 1000010, '0123456789', 'CO', 'web', 'N', 1000066, 0, 1000069, 1, 'Y', '2024-08-15', '2024-08-15 16:14:23.715424', 1000069, '2024-08-15 16:14:23.715428', 1000069, 'Nguyen Van A', 13, NULL, NULL, 0, 'c7bac0b8-2ce8-46be-b1fb-89d7947b705d', NULL, NULL);
INSERT INTO pos.d_order VALUES (1000072, 1000004, 1000016, '000', 1000010, '0123456789', 'CO', 'web', 'N', 1000070, 0, 1000069, 1, 'Y', '2024-08-15', '2024-08-17 15:11:35.504647', 1000069, '2024-08-17 15:11:35.504649', 1000069, 'Nguyen Van A', 13, NULL, NULL, 0, '0ffd09a9-93c0-424b-a8a1-e976da6e1d8e', NULL, NULL);
INSERT INTO pos.d_order VALUES (1000073, 1000004, 1000016, '000', 1000010, '0123456789', 'CO', 'web', 'N', 0, 0, 1000069, 1, 'Y', '2024-08-24', '2024-08-24 12:12:47.321765', 1000069, '2024-08-24 12:12:47.321765', 1000069, 'Nguyen Van A', 13, NULL, NULL, 0, 'aca32efa-6e47-4c3b-9b0b-a09c4a3fc44b', NULL, NULL);
INSERT INTO pos.d_order VALUES (1000074, 1000004, 1000016, '000', 1000010, '0123456789', 'CO', 'web', 'N', 1000073, 0, 1000069, 1, 'Y', '2024-08-26', '2024-08-26 09:51:11.73705', 1000069, '2024-08-26 09:51:11.737052', 1000069, 'Nguyen Van A', 13, NULL, NULL, 0, '64941803-96c5-4835-bec0-9787990419ee', NULL, NULL);
INSERT INTO pos.d_order VALUES (1000075, 1000004, 1000016, '000', 1000010, '0123456789', 'CO', 'web', 'N', 1000074, 0, 1000069, 1, 'Y', '2024-08-26', '2024-08-26 09:51:35.664209', 1000069, '2024-08-26 09:51:35.664211', 1000069, 'Nguyen Van A', 13, NULL, NULL, 0, '9c78bb77-3caa-4f83-a484-57bf53266bcf', NULL, NULL);
INSERT INTO pos.d_order VALUES (1000076, 1000004, 1000016, '000', 1000010, '0123456789', 'CO', 'web', 'N', 1000077, 0, 1000069, 1, 'Y', '2024-08-27', '2024-08-27 10:27:47.265302', 1000069, '2024-08-27 10:27:47.265303', 1000069, 'Nguyen Van A', 13, NULL, NULL, 0, '2d37b065-f1d5-4441-b310-8cfeaaaef5fc', NULL, NULL);
INSERT INTO pos.d_order VALUES (1000077, 1000004, 1000016, '000', 1000010, '0123456789', 'CO', 'web', 'N', 1000071, 0, 1000069, 1, 'Y', '2024-08-27', '2024-08-27 12:03:16.512446', 1000069, '2024-08-27 12:03:16.512448', 1000069, 'Nguyen Van A', 13, NULL, NULL, 0, '7dc775c7-b789-4e40-af24-5a255b832319', NULL, NULL);
INSERT INTO pos.d_order VALUES (1000078, 1000004, 1000016, '000', 1000010, '0123456789', 'CO', 'web', 'N', 1000071, 0, 1000069, 1, 'Y', '2024-08-30', '2024-08-30 18:50:09.545064', 1000069, '2024-08-30 18:50:09.545064', 1000069, 'Nguyen Van A', 13, NULL, NULL, 0, '5f3f17a2-ee7b-40f5-9149-7641ae5f5ce5', NULL, NULL);


--
-- TOC entry 5403 (class 0 OID 385703)
-- Dependencies: 240
-- Data for Name: d_orderline; Type: TABLE DATA; Schema: pos; Owner: -
--

INSERT INTO pos.d_orderline VALUES (1000014, 1000016, 2, 30000, 60000, NULL, NULL, 1000002, 1000001, NULL, NULL, '2bab2089-9426-4bb5-b1fd-2e67ffdb2604', '2024-07-25 03:16:30.837533', 1000037, '2024-07-25 03:16:30.837533', 1000037, 1000087, 'Y');
INSERT INTO pos.d_orderline VALUES (1000015, 1000017, 2, 30000, 60000, NULL, NULL, 1000002, 1000001, NULL, NULL, '57b6cc85-2e19-4736-b612-7cfedc304418', '2024-07-25 04:16:13.432299', 1000037, '2024-07-25 04:16:13.432299', 1000037, 1000087, 'Y');
INSERT INTO pos.d_orderline VALUES (1000016, NULL, 2, 40000, 450000, NULL, NULL, 1000002, 1000001, NULL, NULL, '8594c2bd-96b0-45da-a04d-975a9c781749', '2024-07-29 03:52:07.821192', 1000037, '2024-07-29 03:52:07.821192', 1000037, 1000087, 'Y');
INSERT INTO pos.d_orderline VALUES (1000017, NULL, 2, 50000, 650000, NULL, NULL, 1000002, 1000001, NULL, NULL, '25fa9814-df34-455c-904d-92a5ff60498c', '2024-07-29 03:52:07.853581', 1000037, '2024-07-29 03:52:07.853581', 1000037, 1000087, 'Y');
INSERT INTO pos.d_orderline VALUES (1000018, NULL, 2, 40000, 450000, NULL, NULL, 1000002, 1000001, NULL, NULL, '267943ce-35ac-4776-b90b-525879354873', '2024-07-29 03:52:20.586184', 1000037, '2024-07-29 03:52:20.586184', 1000037, 1000087, 'Y');
INSERT INTO pos.d_orderline VALUES (1000019, NULL, 2, 50000, 650000, NULL, NULL, 1000002, 1000001, NULL, NULL, 'ceb80163-bf2a-484b-8bdc-bfe1dfb12b36', '2024-07-29 03:52:20.595962', 1000037, '2024-07-29 03:52:20.595962', 1000037, 1000087, 'Y');
INSERT INTO pos.d_orderline VALUES (1000020, NULL, 2, 40000, 450000, NULL, NULL, 1000002, 1000001, NULL, NULL, 'c1b45bf4-1417-4603-b99f-1f1ee55ae716', '2024-07-29 03:56:46.930092', 1000037, '2024-07-29 03:56:46.930092', 1000037, 1000087, 'Y');
INSERT INTO pos.d_orderline VALUES (1000021, NULL, 2, 50000, 650000, NULL, NULL, 1000002, 1000001, NULL, NULL, '7e81d14e-c826-4638-bcb1-7988c256f46b', '2024-07-29 03:56:46.949344', 1000037, '2024-07-29 03:56:46.949344', 1000037, 1000087, 'Y');
INSERT INTO pos.d_orderline VALUES (1000022, NULL, 2, 40000, 450000, NULL, NULL, 1000002, 1000001, NULL, NULL, 'af513dcd-ae41-4a06-b799-7d6fc6b995c4', '2024-07-29 04:02:20.561156', 1000037, '2024-07-29 04:02:20.561156', 1000037, 1000087, 'Y');
INSERT INTO pos.d_orderline VALUES (1000023, NULL, 2, 50000, 650000, NULL, NULL, 1000002, 1000001, NULL, NULL, 'd24a2855-0249-4e9e-bcc7-5fd7ad661524', '2024-07-29 04:02:20.57693', 1000037, '2024-07-29 04:02:20.57693', 1000037, 1000087, 'Y');
INSERT INTO pos.d_orderline VALUES (1000024, NULL, 2, 40000, 450000, NULL, NULL, 1000002, 1000001, NULL, NULL, '1da373c3-1751-4969-b717-f79450ea1834', '2024-07-29 04:06:04.224175', 1000037, '2024-07-29 04:06:04.224175', 1000037, 1000087, 'Y');
INSERT INTO pos.d_orderline VALUES (1000025, NULL, 2, 50000, 650000, NULL, NULL, 1000002, 1000001, NULL, NULL, '5b19c046-93ec-4925-8f9a-cbef5f64c411', '2024-07-29 04:06:04.232716', 1000037, '2024-07-29 04:06:04.232716', 1000037, 1000087, 'Y');
INSERT INTO pos.d_orderline VALUES (1000026, NULL, 2, 40000, 450000, NULL, NULL, 1000002, 1000001, NULL, NULL, '7543dd51-1ccb-4714-944e-2e6170f008cb', '2024-07-29 04:08:08.717289', 1000037, '2024-07-29 04:08:08.717289', 1000037, 1000087, 'Y');
INSERT INTO pos.d_orderline VALUES (1000027, NULL, 2, 50000, 650000, NULL, NULL, 1000002, 1000001, NULL, NULL, '1f8b21e1-338c-425a-9ce2-706a6a14e4d7', '2024-07-29 04:08:08.741994', 1000037, '2024-07-29 04:08:08.741994', 1000037, 1000087, 'Y');
INSERT INTO pos.d_orderline VALUES (1000028, NULL, 2, 40000, 450000, NULL, NULL, 1000002, 1000001, NULL, NULL, '89ed8398-e881-4eec-98d5-12e03d5552ef', '2024-07-29 04:10:50.103997', 1000037, '2024-07-29 04:10:50.103997', 1000037, 1000087, 'Y');
INSERT INTO pos.d_orderline VALUES (1000029, NULL, 2, 50000, 650000, NULL, NULL, 1000002, 1000001, NULL, NULL, '2262d99a-dd62-4195-b53b-bd0785f29ee9', '2024-07-29 04:10:50.125869', 1000037, '2024-07-29 04:10:50.125869', 1000037, 1000087, 'Y');
INSERT INTO pos.d_orderline VALUES (1000030, NULL, 2, 40000, 450000, NULL, NULL, 1000002, 1000001, NULL, NULL, '2c16c290-1a96-41d0-95f1-0d628331dca0', '2024-07-29 04:17:15.186203', 1000037, '2024-07-29 04:17:15.186203', 1000037, 1000087, 'Y');
INSERT INTO pos.d_orderline VALUES (1000031, NULL, 2, 50000, 650000, NULL, NULL, 1000002, 1000001, NULL, NULL, 'ae164d16-3672-4741-83be-e93a211803bd', '2024-07-29 04:17:15.19818', 1000037, '2024-07-29 04:17:15.19818', 1000037, 1000087, 'Y');
INSERT INTO pos.d_orderline VALUES (1000032, 1000016, 2, 40000, 450000, NULL, NULL, 1000002, 1000001, NULL, NULL, 'bfd897a1-9f72-49ac-907b-95c18e938f8f', '2024-07-29 04:18:33.779007', 1000037, '2024-07-29 04:18:33.779007', 1000037, 1000087, 'Y');
INSERT INTO pos.d_orderline VALUES (1000033, 1000016, 2, 50000, 650000, NULL, NULL, 1000002, 1000001, NULL, NULL, '57735aad-ca2c-4f14-89a4-91259dd2872b', '2024-07-29 04:18:33.803928', 1000037, '2024-07-29 04:18:33.803928', 1000037, 1000087, 'Y');
INSERT INTO pos.d_orderline VALUES (1000034, 1000016, 2, 40000, 450000, NULL, NULL, 1000002, 1000001, NULL, NULL, '23a2aa91-1b80-4e69-98ee-a7d459aec069', '2024-07-29 04:23:12.611939', 1000037, '2024-07-29 04:23:12.611939', 1000037, 1000087, 'Y');
INSERT INTO pos.d_orderline VALUES (1000035, 1000016, 2, 50000, 650000, NULL, NULL, 1000002, 1000001, NULL, NULL, 'a9b50f2b-4aa5-4d1d-92da-3079d1eb4de5', '2024-07-29 04:23:12.618734', 1000037, '2024-07-29 04:23:12.618734', 1000037, 1000087, 'Y');
INSERT INTO pos.d_orderline VALUES (1000036, 1000019, 2, 30000, 60000, NULL, NULL, 1000002, 1000001, NULL, NULL, '60e5057e-679a-4fe1-b927-3a904de3da1a', '2024-07-29 04:38:20.387092', 1000037, '2024-07-29 04:38:20.387092', 1000037, 1000087, 'Y');
INSERT INTO pos.d_orderline VALUES (1000040, 1000023, 2, 30000, 60000, NULL, NULL, 1000002, 1000001, NULL, NULL, '49af6c00-fc51-4de7-907f-2e06e11736d7', '2024-07-30 03:16:45.982576', 1000037, '2024-07-30 03:16:45.982576', 1000037, 1000087, 'Y');
INSERT INTO pos.d_orderline VALUES (1000041, 1000024, 2, 30000, 60000, NULL, NULL, 1000002, 1000001, NULL, NULL, 'd7fc0746-c413-450d-8b8c-6d44c9aa12c9', '2024-07-30 03:24:35.502935', 1000037, '2024-07-30 03:24:35.502935', 1000037, 1000087, 'Y');
INSERT INTO pos.d_orderline VALUES (1000042, 1000025, 2, 30000, 60000, NULL, NULL, 1000002, 1000001, NULL, NULL, 'd2597430-de37-42d0-9a1a-95a1cf0d6b6d', '2024-07-30 03:25:08.094672', 1000037, '2024-07-30 03:25:08.094672', 1000037, 1000087, 'Y');
INSERT INTO pos.d_orderline VALUES (1000044, 1000027, 2, 30000, 60000, NULL, NULL, 1000002, 1000001, NULL, NULL, 'c7585b16-a344-4fe0-94e8-b823a196fc50', '2024-07-31 10:56:35.684039', 1000037, '2024-07-31 10:56:35.68404', 1000037, 1000087, 'Y');
INSERT INTO pos.d_orderline VALUES (1000045, 1000028, 2, 30000, 60000, NULL, NULL, 1000002, 1000001, NULL, NULL, '7615548c-f04a-48aa-ab19-6b19beef3e01', '2024-07-31 10:59:26.966309', 1000037, '2024-07-31 10:59:26.966309', 1000037, 1000087, 'Y');
INSERT INTO pos.d_orderline VALUES (1000046, 1000029, 2, 30000, 60000, NULL, NULL, 1000003, 1000001, NULL, NULL, 'd0a6998e-67d8-4855-88d7-4f945bfebc23', '2024-08-09 15:03:52.796175', 1000068, '2024-08-09 15:03:52.796177', 1000068, 1000087, 'Y');
INSERT INTO pos.d_orderline VALUES (1000048, 1000032, 1, 100, 100, NULL, NULL, 1000004, 1000016, NULL, NULL, '7745a6b8-a2a7-4aa1-822d-66327ca94340', '2024-08-10 10:00:52.334689', 1000069, '2024-08-10 10:00:52.334691', 1000069, 1000140, 'Y');
INSERT INTO pos.d_orderline VALUES (1000049, 1000032, 1, 100, 100, NULL, NULL, 1000004, 1000016, NULL, NULL, '1349ead8-848c-465f-969a-a09b4dee95d4', '2024-08-10 10:00:52.343598', 1000069, '2024-08-10 10:00:52.343599', 1000069, 1000139, 'Y');
INSERT INTO pos.d_orderline VALUES (1000050, 1000032, 1, 100, 100, NULL, NULL, 1000004, 1000016, NULL, NULL, 'be03dee9-dc98-4393-8d71-2fea31e18537', '2024-08-10 10:00:52.348822', 1000069, '2024-08-10 10:00:52.348822', 1000069, 1000138, 'Y');
INSERT INTO pos.d_orderline VALUES (1000051, 1000032, 1, 100, 100, NULL, NULL, 1000004, 1000016, NULL, NULL, '9cad81da-3f24-4c8c-9644-0cf6dccec78a', '2024-08-10 10:00:52.354071', 1000069, '2024-08-10 10:00:52.354072', 1000069, 1000130, 'Y');
INSERT INTO pos.d_orderline VALUES (1000052, 1000033, 1, 100, 100, NULL, NULL, 1000004, 1000016, NULL, NULL, '163dc2e9-1732-4784-8d38-d4dc2d79bc0a', '2024-08-10 10:00:52.988131', 1000069, '2024-08-10 10:00:52.988132', 1000069, 1000140, 'Y');
INSERT INTO pos.d_orderline VALUES (1000053, 1000033, 1, 100, 100, NULL, NULL, 1000004, 1000016, NULL, NULL, 'e7c997bd-aa87-4e85-9bd9-fb4b962e96e4', '2024-08-10 10:00:52.993191', 1000069, '2024-08-10 10:00:52.993192', 1000069, 1000139, 'Y');
INSERT INTO pos.d_orderline VALUES (1000054, 1000033, 1, 100, 100, NULL, NULL, 1000004, 1000016, NULL, NULL, '299020c4-50bc-4f22-94a6-ede093bde9b3', '2024-08-10 10:00:52.998205', 1000069, '2024-08-10 10:00:52.998205', 1000069, 1000138, 'Y');
INSERT INTO pos.d_orderline VALUES (1000055, 1000033, 1, 100, 100, NULL, NULL, 1000004, 1000016, NULL, NULL, '43a6aab7-671d-4717-a238-4f65c84d736c', '2024-08-10 10:00:53.002654', 1000069, '2024-08-10 10:00:53.002654', 1000069, 1000130, 'Y');
INSERT INTO pos.d_orderline VALUES (1000056, 1000036, 1, 100, 100, NULL, NULL, 1000004, 1000016, NULL, NULL, '6af29649-7522-42ae-81dc-3bec12ecf67a', '2024-08-12 10:04:55.297659', 1000069, '2024-08-12 10:04:55.29766', 1000069, 1000139, 'Y');
INSERT INTO pos.d_orderline VALUES (1000057, 1000036, 1, 100, 100, NULL, NULL, 1000004, 1000016, NULL, NULL, '0b31e895-df3c-4f08-95c5-175278d881f0', '2024-08-12 10:04:55.302656', 1000069, '2024-08-12 10:04:55.302657', 1000069, 1000138, 'Y');
INSERT INTO pos.d_orderline VALUES (1000058, 1000037, 1, 100, 100, NULL, NULL, 1000004, 1000016, NULL, NULL, '7ebf4311-0204-462c-97fc-fc7bf5c1bf3a', '2024-08-12 10:10:48.412561', 1000069, '2024-08-12 10:10:48.412563', 1000069, 1000140, 'Y');
INSERT INTO pos.d_orderline VALUES (1000059, 1000037, 1, 100, 100, NULL, NULL, 1000004, 1000016, NULL, NULL, '375eca79-f621-4c68-9432-f9b56f8e6fa8', '2024-08-12 10:10:48.41719', 1000069, '2024-08-12 10:10:48.417191', 1000069, 1000139, 'Y');
INSERT INTO pos.d_orderline VALUES (1000060, 1000038, 1, 100, 100, NULL, NULL, 1000004, 1000016, NULL, NULL, 'dc0c35ef-fe38-4c6f-8b32-084af7632ae0', '2024-08-12 10:11:12.653403', 1000069, '2024-08-12 10:11:12.653404', 1000069, 1000140, 'Y');
INSERT INTO pos.d_orderline VALUES (1000061, 1000038, 1, 100, 100, NULL, NULL, 1000004, 1000016, NULL, NULL, 'e847de66-3c39-4950-9ea8-ba8447ccde88', '2024-08-12 10:11:12.657892', 1000069, '2024-08-12 10:11:12.657893', 1000069, 1000139, 'Y');
INSERT INTO pos.d_orderline VALUES (1000062, 1000039, 1, 100, 100, NULL, NULL, 1000004, 1000016, NULL, NULL, '1a0a1ed7-a6c1-4509-81c4-7d605691e633', '2024-08-12 10:19:11.075801', 1000069, '2024-08-12 10:19:11.075802', 1000069, 1000139, 'Y');
INSERT INTO pos.d_orderline VALUES (1000063, 1000039, 1, 100, 100, NULL, NULL, 1000004, 1000016, NULL, NULL, '130094dc-de19-42a2-bf4e-18f405268757', '2024-08-12 10:19:11.076735', 1000069, '2024-08-12 10:19:11.076736', 1000069, 1000138, 'Y');
INSERT INTO pos.d_orderline VALUES (1000064, 1000040, 1, 100, 100, NULL, NULL, 1000004, 1000016, NULL, NULL, '4c146bb5-f62e-4458-82fb-fe2f4b3ddc0e', '2024-08-12 10:23:20.048991', 1000069, '2024-08-12 10:23:20.048993', 1000069, 1000140, 'Y');
INSERT INTO pos.d_orderline VALUES (1000065, 1000040, 1, 100, 100, NULL, NULL, 1000004, 1000016, NULL, NULL, 'a8a3cf17-5e4c-4dee-9c04-b8ca08ea2065', '2024-08-12 10:23:20.054318', 1000069, '2024-08-12 10:23:20.05432', 1000069, 1000139, 'Y');
INSERT INTO pos.d_orderline VALUES (1000066, 1000041, 1, 100, 100, NULL, NULL, 1000004, 1000016, NULL, NULL, '61da4051-02aa-4c48-a3c2-91fcf49d3979', '2024-08-12 10:29:07.62789', 1000069, '2024-08-12 10:29:07.627891', 1000069, 1000139, 'Y');
INSERT INTO pos.d_orderline VALUES (1000067, 1000042, 1, 100, 100, NULL, NULL, 1000004, 1000016, NULL, NULL, '561d4953-8b6e-4c65-8c7e-cd684daa5932', '2024-08-12 10:29:38.119604', 1000069, '2024-08-12 10:29:38.119605', 1000069, 1000140, 'Y');
INSERT INTO pos.d_orderline VALUES (1000068, 1000043, 1, 100, 100, NULL, NULL, 1000004, 1000016, NULL, NULL, '705a718a-b192-48d6-b998-0c8b06908042', '2024-08-12 10:33:26.293762', 1000069, '2024-08-12 10:33:26.293763', 1000069, 1000139, 'Y');
INSERT INTO pos.d_orderline VALUES (1000069, 1000043, 1, 100, 100, NULL, NULL, 1000004, 1000016, NULL, NULL, '0efff169-8c7f-4117-ba1e-19a4478e2fcf', '2024-08-12 10:33:26.294716', 1000069, '2024-08-12 10:33:26.294717', 1000069, 1000138, 'Y');
INSERT INTO pos.d_orderline VALUES (1000070, 1000044, 1, 100, 100, NULL, NULL, 1000004, 1000016, NULL, NULL, '13ac3713-e1f2-4f66-af4a-4eec27d73883', '2024-08-12 10:36:41.506414', 1000069, '2024-08-12 10:36:41.506415', 1000069, 1000138, 'Y');
INSERT INTO pos.d_orderline VALUES (1000071, 1000045, 1, 100, 100, NULL, NULL, 1000004, 1000016, NULL, NULL, 'b2165d1a-5639-498b-bfd2-4cd4e346ea6f', '2024-08-12 10:38:20.29509', 1000069, '2024-08-12 10:38:20.295091', 1000069, 1000139, 'Y');
INSERT INTO pos.d_orderline VALUES (1000072, 1000046, 1, 100, 100, NULL, NULL, 1000004, 1000016, NULL, NULL, '301b660e-3be9-4993-a787-8877ee33abc7', '2024-08-12 10:44:29.367182', 1000069, '2024-08-12 10:44:29.367183', 1000069, 1000140, 'Y');
INSERT INTO pos.d_orderline VALUES (1000073, 1000047, 1, 100, 100, NULL, NULL, 1000004, 1000016, NULL, NULL, 'c68e05b8-ce8d-4b1d-a2f6-6615564870ae', '2024-08-12 10:50:23.516827', 1000069, '2024-08-12 10:50:23.516829', 1000069, 1000140, 'Y');
INSERT INTO pos.d_orderline VALUES (1000074, 1000047, 1, 100, 100, NULL, NULL, 1000004, 1000016, NULL, NULL, 'aafe16c6-91a2-4808-9ec1-4fe0eae328c2', '2024-08-12 10:50:23.521363', 1000069, '2024-08-12 10:50:23.521364', 1000069, 1000139, 'Y');
INSERT INTO pos.d_orderline VALUES (1000075, 1000048, 1, 100, 100, NULL, NULL, 1000004, 1000016, NULL, NULL, '4442bc05-298c-48b1-bada-d1a59e517cb4', '2024-08-12 10:51:02.625838', 1000069, '2024-08-12 10:51:02.625839', 1000069, 1000140, 'Y');
INSERT INTO pos.d_orderline VALUES (1000076, 1000048, 1, 100, 100, NULL, NULL, 1000004, 1000016, NULL, NULL, '0126634a-58f8-4c8b-9670-0d5c9bcefa2d', '2024-08-12 10:51:02.630271', 1000069, '2024-08-12 10:51:02.630273', 1000069, 1000139, 'Y');
INSERT INTO pos.d_orderline VALUES (1000077, 1000049, 1, 100, 100, NULL, NULL, 1000004, 1000016, NULL, NULL, 'b4dfc951-4181-46b8-af24-d496c72241e2', '2024-08-12 10:55:36.681673', 1000069, '2024-08-12 10:55:36.681674', 1000069, 1000139, 'Y');
INSERT INTO pos.d_orderline VALUES (1000078, 1000050, 1, 100, 100, NULL, NULL, 1000004, 1000016, NULL, NULL, '9efd67bc-b894-421d-a5ca-6b3fa3158016', '2024-08-12 10:57:12.952385', 1000069, '2024-08-12 10:57:12.952385', 1000069, 1000140, 'Y');
INSERT INTO pos.d_orderline VALUES (1000079, 1000051, 1, 100, 100, NULL, NULL, 1000004, 1000016, NULL, NULL, '9ba04f33-61ae-4a4b-a6b7-695365de280c', '2024-08-12 10:57:29.673929', 1000069, '2024-08-12 10:57:29.67393', 1000069, 1000139, 'Y');
INSERT INTO pos.d_orderline VALUES (1000080, 1000052, 1, 100, 100, NULL, NULL, 1000004, 1000016, NULL, NULL, 'c1bbc95c-0b3c-4ecd-b2c3-b3f098d6b9c4', '2024-08-12 10:58:53.80626', 1000069, '2024-08-12 10:58:53.806261', 1000069, 1000140, 'Y');
INSERT INTO pos.d_orderline VALUES (1000081, 1000053, 1, 100, 100, NULL, NULL, 1000004, 1000016, NULL, NULL, '5e5f785f-3df1-4e8a-a5df-9074b9bce3f9', '2024-08-12 10:59:07.945343', 1000069, '2024-08-12 10:59:07.945343', 1000069, 1000140, 'Y');
INSERT INTO pos.d_orderline VALUES (1000082, 1000054, 1, 100, 100, NULL, NULL, 1000004, 1000016, NULL, NULL, 'e73c8943-68d7-4c91-a1fd-345d0cc393e1', '2024-08-12 11:01:04.049864', 1000069, '2024-08-12 11:01:04.049865', 1000069, 1000140, 'Y');
INSERT INTO pos.d_orderline VALUES (1000083, 1000055, 1, 100, 100, NULL, NULL, 1000004, 1000016, NULL, NULL, 'f0bc5e59-a833-4877-b642-49a23088c4ce', '2024-08-12 11:01:52.01123', 1000069, '2024-08-12 11:01:52.011231', 1000069, 1000140, 'Y');
INSERT INTO pos.d_orderline VALUES (1000084, 1000056, 1, 100, 100, NULL, NULL, 1000004, 1000016, NULL, NULL, '5616f36b-caea-46b0-a1b7-2c1d4a9e2769', '2024-08-12 11:07:40.188671', 1000069, '2024-08-12 11:07:40.188671', 1000069, 1000140, 'Y');
INSERT INTO pos.d_orderline VALUES (1000085, 1000056, 1, 100, 100, NULL, NULL, 1000004, 1000016, NULL, NULL, 'de7631ad-8a30-48ab-8fd8-61226eabc200', '2024-08-12 11:07:40.193004', 1000069, '2024-08-12 11:07:40.193005', 1000069, 1000139, 'Y');
INSERT INTO pos.d_orderline VALUES (1000086, 1000057, 1, 100, 100, NULL, NULL, 1000004, 1000016, NULL, NULL, 'ab4d594e-65c0-450f-b751-0ff6dc616d21', '2024-08-12 11:09:02.002447', 1000069, '2024-08-12 11:09:02.002447', 1000069, 1000140, 'Y');
INSERT INTO pos.d_orderline VALUES (1000087, 1000058, 1, 100, 100, NULL, NULL, 1000004, 1000016, NULL, NULL, '99d1db3c-c301-4183-b68e-7b27d281c56d', '2024-08-12 11:09:15.112088', 1000069, '2024-08-12 11:09:15.112088', 1000069, 1000140, 'Y');
INSERT INTO pos.d_orderline VALUES (1000088, 1000059, 1, 100, 100, NULL, NULL, 1000004, 1000016, NULL, NULL, '8975ee61-4cde-4206-bb53-9d82fc6b6aca', '2024-08-12 11:09:57.407979', 1000069, '2024-08-12 11:09:57.40798', 1000069, 1000140, 'Y');
INSERT INTO pos.d_orderline VALUES (1000089, 1000060, 1, 100, 100, NULL, NULL, 1000004, 1000016, NULL, NULL, '66731f02-d6ae-4080-b18f-0e99a191a698', '2024-08-12 11:10:42.91517', 1000069, '2024-08-12 11:10:42.915171', 1000069, 1000140, 'Y');
INSERT INTO pos.d_orderline VALUES (1000090, 1000061, 1, 100, 100, NULL, NULL, 1000004, 1000016, NULL, NULL, '63f624a6-9525-4a77-b4fc-7583dcd20019', '2024-08-12 11:11:01.8002', 1000069, '2024-08-12 11:11:01.800201', 1000069, 1000140, 'Y');
INSERT INTO pos.d_orderline VALUES (1000091, 1000062, 1, 100, 100, NULL, NULL, 1000004, 1000016, NULL, NULL, 'c7b97dd3-3f2c-4793-9d3a-4ee1c579933d', '2024-08-12 11:15:13.71354', 1000069, '2024-08-12 11:15:13.71354', 1000069, 1000140, 'Y');
INSERT INTO pos.d_orderline VALUES (1000092, 1000063, 1, 100, 100, NULL, NULL, 1000004, 1000016, NULL, NULL, '657338f4-5f0d-4243-b046-36510b765c0d', '2024-08-12 11:18:34.776212', 1000069, '2024-08-12 11:18:34.776212', 1000069, 1000140, 'Y');
INSERT INTO pos.d_orderline VALUES (1000093, 1000064, 1, 100, 100, NULL, NULL, 1000004, 1000016, NULL, NULL, 'dd4acbbc-c0aa-4860-be10-79c0a3f5b04b', '2024-08-12 14:35:56.096482', 1000069, '2024-08-12 14:35:56.096482', 1000069, 1000139, 'Y');
INSERT INTO pos.d_orderline VALUES (1000094, 1000065, 1, 100, 100, NULL, NULL, 1000004, 1000016, NULL, NULL, 'c6985e97-5cce-4940-b83f-2b2efd4bd61b', '2024-08-12 22:44:34.055248', 1000069, '2024-08-12 22:44:34.055249', 1000069, 1000140, 'Y');
INSERT INTO pos.d_orderline VALUES (1000095, 1000065, 1, 100, 100, NULL, NULL, 1000004, 1000016, NULL, NULL, '9de3aebd-bbd7-49e8-9557-4de0f055e415', '2024-08-12 22:44:34.059881', 1000069, '2024-08-12 22:44:34.059881', 1000069, 1000139, 'Y');
INSERT INTO pos.d_orderline VALUES (1000096, 1000065, 1, 100, 100, NULL, NULL, 1000004, 1000016, NULL, NULL, 'bfc7000e-dc74-4153-b207-6a535291bdb7', '2024-08-12 22:44:34.064513', 1000069, '2024-08-12 22:44:34.064513', 1000069, 1000132, 'Y');
INSERT INTO pos.d_orderline VALUES (1000097, 1000065, 1, 100, 100, NULL, NULL, 1000004, 1000016, NULL, NULL, 'd2897d9d-e5c3-4848-8c03-6fbae50f30f0', '2024-08-12 22:44:34.06917', 1000069, '2024-08-12 22:44:34.06917', 1000069, 1000134, 'Y');
INSERT INTO pos.d_orderline VALUES (1000098, 1000066, 1, 100, 100, NULL, NULL, 1000004, 1000016, NULL, NULL, '1a98c1a9-5a87-4c3e-9ff8-61edc17142bd', '2024-08-13 18:43:44.407001', 1000069, '2024-08-13 18:43:44.407002', 1000069, 1000139, 'Y');
INSERT INTO pos.d_orderline VALUES (1000099, 1000066, 1, 100, 100, NULL, NULL, 1000004, 1000016, NULL, NULL, 'cc0249ba-6c27-49cf-be81-ee4cff2d623a', '2024-08-13 18:43:44.41126', 1000069, '2024-08-13 18:43:44.411261', 1000069, 1000138, 'Y');
INSERT INTO pos.d_orderline VALUES (1000100, 1000066, 1, 100, 100, NULL, NULL, 1000004, 1000016, NULL, NULL, '6e0533cc-61cc-4833-88b4-88e4e155ebc5', '2024-08-13 18:43:44.412309', 1000069, '2024-08-13 18:43:44.41231', 1000069, 1000130, 'Y');
INSERT INTO pos.d_orderline VALUES (1000101, 1000066, 1, 100, 100, NULL, NULL, 1000004, 1000016, NULL, NULL, 'f439ed1a-0588-40cd-bbac-dad0c5da47e5', '2024-08-13 18:43:44.413064', 1000069, '2024-08-13 18:43:44.413065', 1000069, 1000132, 'Y');
INSERT INTO pos.d_orderline VALUES (1000102, 1000067, 1, 100, 100, NULL, NULL, 1000004, 1000016, NULL, NULL, '0d365ed5-5c61-4bf4-8f91-a62ebb9e9bcf', '2024-08-14 11:24:36.670891', 1000069, '2024-08-14 11:24:36.670892', 1000069, 1000132, 'Y');
INSERT INTO pos.d_orderline VALUES (1000103, 1000067, 1, 100, 100, NULL, NULL, 1000004, 1000016, NULL, NULL, 'fea1a24b-d231-4af4-975c-36e06d5c5a59', '2024-08-14 11:24:36.67446', 1000069, '2024-08-14 11:24:36.674461', 1000069, 1000130, 'Y');
INSERT INTO pos.d_orderline VALUES (1000104, 1000067, 1, 100, 100, NULL, NULL, 1000004, 1000016, NULL, NULL, 'cc28cdf8-d4cb-4299-ab9d-11bf998c4cf7', '2024-08-14 11:24:36.675463', 1000069, '2024-08-14 11:24:36.675464', 1000069, 1000129, 'Y');
INSERT INTO pos.d_orderline VALUES (1000105, 1000068, 1, 100, 100, NULL, NULL, 1000004, 1000016, NULL, NULL, '5eb3cbc4-5743-4c57-a312-bc26c0363aed', '2024-08-14 11:26:10.251019', 1000069, '2024-08-14 11:26:10.25102', 1000069, 1000132, 'Y');
INSERT INTO pos.d_orderline VALUES (1000106, 1000068, 1, 100, 100, NULL, NULL, 1000004, 1000016, NULL, NULL, '1f52339c-9a0a-4037-9d8c-bba2bcc040dd', '2024-08-14 11:26:10.252089', 1000069, '2024-08-14 11:26:10.25209', 1000069, 1000108, 'Y');
INSERT INTO pos.d_orderline VALUES (1000107, 1000069, 4, 100, 400, NULL, NULL, 1000004, 1000016, NULL, NULL, '41aa354f-21db-436f-b04f-187c71e7b881', '2024-08-14 11:27:04.391693', 1000069, '2024-08-14 11:27:04.391694', 1000069, 1000138, 'Y');
INSERT INTO pos.d_orderline VALUES (1000108, 1000069, 2, 100, 200, NULL, NULL, 1000004, 1000016, NULL, NULL, '5c404b3f-cce6-416a-9238-c27ace75837b', '2024-08-14 11:27:04.392737', 1000069, '2024-08-14 11:27:04.392738', 1000069, 1000130, 'Y');
INSERT INTO pos.d_orderline VALUES (1000109, 1000070, 1, 100, 100, NULL, NULL, 1000004, 1000016, NULL, NULL, 'db5e0607-611c-4830-af1d-08ff6cab7c20', '2024-08-14 23:12:30.111169', 1000069, '2024-08-14 23:12:30.11117', 1000069, 1000119, 'Y');
INSERT INTO pos.d_orderline VALUES (1000110, 1000070, 1, 100, 100, NULL, NULL, 1000004, 1000016, NULL, NULL, '207ce99a-a5db-4514-a1b1-112c69529233', '2024-08-14 23:12:30.115009', 1000069, '2024-08-14 23:12:30.11501', 1000069, 1000132, 'Y');
INSERT INTO pos.d_orderline VALUES (1000111, 1000070, 1, 100, 100, NULL, NULL, 1000004, 1000016, NULL, NULL, '4b19aa84-1a22-4819-8374-a13d3628dbc0', '2024-08-14 23:12:30.115913', 1000069, '2024-08-14 23:12:30.115919', 1000069, 1000134, 'Y');
INSERT INTO pos.d_orderline VALUES (1000112, 1000071, 1, 100, 100, NULL, NULL, 1000004, 1000016, NULL, NULL, '9c57f78c-df6f-40d2-9748-f52329f22dfe', '2024-08-15 16:14:23.737779', 1000069, '2024-08-15 16:14:23.737781', 1000069, 1000138, 'Y');
INSERT INTO pos.d_orderline VALUES (1000113, 1000071, 1, 100, 100, NULL, NULL, 1000004, 1000016, NULL, NULL, '46fe0931-7819-493b-aee4-89f82d9d57ea', '2024-08-15 16:14:23.742217', 1000069, '2024-08-15 16:14:23.742218', 1000069, 1000136, 'Y');
INSERT INTO pos.d_orderline VALUES (1000114, 1000072, 1, 100, 100, NULL, NULL, 1000004, 1000016, NULL, NULL, '529b7a3e-0765-407a-8879-c324adf43b44', '2024-08-17 15:11:35.511643', 1000069, '2024-08-17 15:11:35.511645', 1000069, 1000140, 'Y');
INSERT INTO pos.d_orderline VALUES (1000115, 1000072, 1, 100, 100, NULL, NULL, 1000004, 1000016, NULL, NULL, '0d9c9e50-962f-4962-a759-697d879cf958', '2024-08-17 15:11:35.513728', 1000069, '2024-08-17 15:11:35.513775', 1000069, 1000139, 'Y');
INSERT INTO pos.d_orderline VALUES (1000116, 1000072, 1, 100, 100, NULL, NULL, 1000004, 1000016, NULL, NULL, '4aca5e9a-e3a0-4eb6-ae13-d815d3c5d8fe', '2024-08-17 15:11:35.514631', 1000069, '2024-08-17 15:11:35.514632', 1000069, 1000138, 'Y');
INSERT INTO pos.d_orderline VALUES (1000117, 1000072, 1, 100, 100, NULL, NULL, 1000004, 1000016, NULL, NULL, '9cbd73ad-b804-441b-861b-288b9dae8554', '2024-08-17 15:11:35.51549', 1000069, '2024-08-17 15:11:35.515491', 1000069, 1000130, 'Y');
INSERT INTO pos.d_orderline VALUES (1000118, 1000073, 1, 100, 100, NULL, NULL, 1000004, 1000016, NULL, NULL, 'e6ff3dc5-d4c1-4e53-92d6-ceee7872ad30', '2024-08-24 12:12:47.329543', 1000069, '2024-08-24 12:12:47.329543', 1000069, 1000107, 'Y');
INSERT INTO pos.d_orderline VALUES (1000119, 1000073, 1, 100, 100, NULL, NULL, 1000004, 1000016, NULL, NULL, 'e7e27334-0349-4b14-bd16-9e42b68382f8', '2024-08-24 12:12:47.332778', 1000069, '2024-08-24 12:12:47.332778', 1000069, 1000108, 'Y');
INSERT INTO pos.d_orderline VALUES (1000120, 1000073, 1, 100, 100, NULL, NULL, 1000004, 1000016, NULL, NULL, 'd9b7af1f-e659-404a-a801-5ef2d22b01fc', '2024-08-24 12:12:47.333642', 1000069, '2024-08-24 12:12:47.333642', 1000069, 1000139, 'Y');
INSERT INTO pos.d_orderline VALUES (1000121, 1000074, 3, 0, 0, NULL, NULL, 1000004, 1000016, NULL, NULL, '1fc094ad-8d44-463c-9ac0-b7ca0023a42a', '2024-08-26 09:51:11.743487', 1000069, '2024-08-26 09:51:11.743488', 1000069, 1000103, 'Y');
INSERT INTO pos.d_orderline VALUES (1000122, 1000074, 3, 0, 0, NULL, NULL, 1000004, 1000016, NULL, NULL, 'fd1db05c-b54a-40f0-b5ff-3d4a8a8c2693', '2024-08-26 09:51:11.747257', 1000069, '2024-08-26 09:51:11.747258', 1000069, 1000136, 'Y');
INSERT INTO pos.d_orderline VALUES (1000123, 1000074, 3, 0, 0, NULL, NULL, 1000004, 1000016, NULL, NULL, 'be14b741-9f55-4188-9398-cfb3cc8a8a16', '2024-08-26 09:51:11.748034', 1000069, '2024-08-26 09:51:11.748034', 1000069, 1000127, 'Y');
INSERT INTO pos.d_orderline VALUES (1000124, 1000074, 3, 0, 0, NULL, NULL, 1000004, 1000016, NULL, NULL, 'c4cb88c0-a30e-4689-8c4b-c3bcc73a6d22', '2024-08-26 09:51:11.748726', 1000069, '2024-08-26 09:51:11.748727', 1000069, 1000129, 'Y');
INSERT INTO pos.d_orderline VALUES (1000125, 1000074, 1, 0, 0, NULL, NULL, 1000004, 1000016, NULL, NULL, 'bd1a6d6a-5cd3-4a64-8d03-baa43c695d27', '2024-08-26 09:51:11.750253', 1000069, '2024-08-26 09:51:11.750254', 1000069, 1000139, 'Y');
INSERT INTO pos.d_orderline VALUES (1000126, 1000074, 1, 0, 0, NULL, NULL, 1000004, 1000016, NULL, NULL, '4e80d415-204e-4cff-91c2-242c4c759b9c', '2024-08-26 09:51:11.752016', 1000069, '2024-08-26 09:51:11.752017', 1000069, 1000119, 'Y');
INSERT INTO pos.d_orderline VALUES (1000127, 1000074, 1, 0, 0, NULL, NULL, 1000004, 1000016, NULL, NULL, 'e14aeb86-eaf4-4680-beac-ddabca8ed1c0', '2024-08-26 09:51:11.752747', 1000069, '2024-08-26 09:51:11.752748', 1000069, 1000107, 'Y');
INSERT INTO pos.d_orderline VALUES (1000128, 1000074, 1, 0, 0, NULL, NULL, 1000004, 1000016, NULL, NULL, '6444426e-d767-4f98-8725-09b8deae2baf', '2024-08-26 09:51:11.753445', 1000069, '2024-08-26 09:51:11.753446', 1000069, 1000140, 'Y');
INSERT INTO pos.d_orderline VALUES (1000129, 1000075, 3, 0, 0, NULL, NULL, 1000004, 1000016, NULL, NULL, '23f400b8-4f60-4c3a-872b-85637e6d9908', '2024-08-26 09:51:35.665308', 1000069, '2024-08-26 09:51:35.665309', 1000069, 1000103, 'Y');
INSERT INTO pos.d_orderline VALUES (1000130, 1000075, 3, 0, 0, NULL, NULL, 1000004, 1000016, NULL, NULL, '7ee8aaa8-0ebe-4214-84b9-c659243bf18f', '2024-08-26 09:51:35.666072', 1000069, '2024-08-26 09:51:35.666073', 1000069, 1000136, 'Y');
INSERT INTO pos.d_orderline VALUES (1000131, 1000075, 3, 0, 0, NULL, NULL, 1000004, 1000016, NULL, NULL, '734aab9d-4056-46ed-aae4-ec484539281d', '2024-08-26 09:51:35.666805', 1000069, '2024-08-26 09:51:35.666806', 1000069, 1000127, 'Y');
INSERT INTO pos.d_orderline VALUES (1000132, 1000075, 3, 0, 0, NULL, NULL, 1000004, 1000016, NULL, NULL, '80a39427-7a40-4734-9940-7b521b2e7903', '2024-08-26 09:51:35.669502', 1000069, '2024-08-26 09:51:35.669503', 1000069, 1000129, 'Y');
INSERT INTO pos.d_orderline VALUES (1000133, 1000075, 2, 0, 0, NULL, NULL, 1000004, 1000016, NULL, NULL, '1f4981ee-8f04-49ff-bdad-469ffb30b836', '2024-08-26 09:51:35.67066', 1000069, '2024-08-26 09:51:35.670661', 1000069, 1000139, 'Y');
INSERT INTO pos.d_orderline VALUES (1000134, 1000075, 2, 0, 0, NULL, NULL, 1000004, 1000016, NULL, NULL, '92fa3aab-396b-4a56-ae61-5f090d7f345e', '2024-08-26 09:51:35.671532', 1000069, '2024-08-26 09:51:35.671533', 1000069, 1000119, 'Y');
INSERT INTO pos.d_orderline VALUES (1000135, 1000075, 2, 0, 0, NULL, NULL, 1000004, 1000016, NULL, NULL, '73c74298-bd1e-4d78-9957-7a4d17113045', '2024-08-26 09:51:35.672425', 1000069, '2024-08-26 09:51:35.672426', 1000069, 1000107, 'Y');
INSERT INTO pos.d_orderline VALUES (1000136, 1000075, 2, 0, 0, NULL, NULL, 1000004, 1000016, NULL, NULL, '7f81a2ce-3004-41d3-803b-c98d37a78c66', '2024-08-26 09:51:35.674343', 1000069, '2024-08-26 09:51:35.674344', 1000069, 1000140, 'Y');
INSERT INTO pos.d_orderline VALUES (1000137, 1000076, 1, 0, 0, NULL, NULL, 1000004, 1000016, NULL, NULL, '6b4ab338-368f-4c9d-8776-3c037d3341fb', '2024-08-27 10:27:47.279215', 1000069, '2024-08-27 10:27:47.279217', 1000069, 1000152, 'Y');
INSERT INTO pos.d_orderline VALUES (1000138, 1000076, 1, 0, 0, NULL, NULL, 1000004, 1000016, NULL, NULL, '7a8a0359-d0e2-426d-ac13-24ba599c3e3f', '2024-08-27 10:27:47.284976', 1000069, '2024-08-27 10:27:47.284977', 1000069, 1000151, 'Y');
INSERT INTO pos.d_orderline VALUES (1000139, 1000077, 1, 0, 0, NULL, NULL, 1000004, 1000016, NULL, NULL, '764a7a22-3696-4c1d-b538-c24c54ca56bd', '2024-08-27 12:03:16.519638', 1000069, '2024-08-27 12:03:16.519639', 1000069, 1000152, 'Y');
INSERT INTO pos.d_orderline VALUES (1000140, 1000077, 1, 0, 0, NULL, NULL, 1000004, 1000016, NULL, NULL, '80a74791-07f7-42c9-b3fe-8c95bcc141a0', '2024-08-27 12:03:16.522733', 1000069, '2024-08-27 12:03:16.522735', 1000069, 1000151, 'Y');
INSERT INTO pos.d_orderline VALUES (1000141, 1000078, 1, 15000, 15000, NULL, NULL, 1000004, 1000016, NULL, NULL, '8c5000ba-cebb-4bdc-8933-a29e3f38ecd2', '2024-08-30 18:50:09.562419', 1000069, '2024-08-30 18:50:09.562419', 1000069, 1000356, 'Y');
INSERT INTO pos.d_orderline VALUES (1000142, 1000078, 1, 100, 100, NULL, NULL, 1000004, 1000016, NULL, NULL, 'de3554ac-261c-4599-933c-84d6b2065640', '2024-08-30 18:50:09.568448', 1000069, '2024-08-30 18:50:09.568448', 1000069, 1000138, 'Y');


--
-- TOC entry 5404 (class 0 OID 385716)
-- Dependencies: 241
-- Data for Name: d_org; Type: TABLE DATA; Schema: pos; Owner: -
--

INSERT INTO pos.d_org VALUES (1000001, '*', 'all', 1000002, NULL, NULL, '2024-07-09 08:46:28.023413', 0, '2024-07-09 08:46:28.023413', 'Y', '4cc5c642-a3fb-440f-9f59-1106c6c257d7', 0, NULL, NULL, NULL, NULL, NULL, NULL, 'N');
INSERT INTO pos.d_org VALUES (1000003, 'SG', 'Si Gn', 1000003, NULL, NULL, '2024-07-12 02:43:36.39605', 0, '2024-07-12 02:43:36.39605', 'Y', 'fe99e717-0650-423a-b18d-7c3d86630028', 0, NULL, NULL, NULL, NULL, NULL, NULL, 'N');
INSERT INTO pos.d_org VALUES (1000005, 'Osen', 'OnsenFuji', 1000002, NULL, NULL, '2024-07-22 02:58:28.040277', 0, '2024-07-22 02:58:28.040277', 'Y', 'c02d875e-c286-4968-ac31-f04bc06b04b5', 0, NULL, NULL, NULL, NULL, NULL, NULL, 'N');
INSERT INTO pos.d_org VALUES (1000004, 'HN', 'H Ni', 1000003, NULL, NULL, '2024-07-12 02:43:36.39605', 0, '2024-07-12 02:43:36.39605', 'Y', '', 0, NULL, NULL, NULL, NULL, NULL, NULL, 'N');
INSERT INTO pos.d_org VALUES (1000016, 'F&B_SG', 'Chi nhnh Si Gn', 1000004, 'H Ch Minh', NULL, '2024-08-04 12:03:24.721412', 1000069, '2024-08-04 12:03:24.721412', 'Y', '64a08bb1-00a2-4d8c-93e0-33cc41544f7f', 1000069, 'fbsaigon@gmail.com', '099', 'TPHCM', NULL, NULL, NULL, 'N');
INSERT INTO pos.d_org VALUES (1000019, 'F&B_SG', 'Chi nhnh H Ni', 1000004, 'H Ni', NULL, '2024-08-30 03:39:07.929593', 0, '2024-08-30 03:39:07.929593', 'Y', '01db7cb1-fe99-4510-860a-75fb6e18b29f', 0, 'fbhanoi@gmail.com', NULL, 'HN', NULL, NULL, NULL, 'N');
INSERT INTO pos.d_org VALUES (1000036, 'OFJT', 'TM KHONG THANH THY', 1000004, '', '?', '2024-09-21 14:28:06.851625', 1000069, '2024-09-21 14:28:06.851625', 'Y', '3ec2a406-7e9c-4af2-8e2b-d36d84e6aee8', 1000069, NULL, '', NULL, NULL, 1000460, NULL, 'N');
INSERT INTO pos.d_org VALUES (1000038, 'R001', 'DBIZ', 1000004, 'HK109, D n Wyndham Lynn Times Thanh Thy, x Bo Yn, huyn Thanh Thy, Tnh Ph Th, Vit Nam, Huyn Thanh Thu, Ph Th, Viet Nam', '0100109106-509', '2024-09-21 14:28:06.905972', 1000069, '2024-09-21 14:28:06.905972', 'Y', '16b7c3d4-250b-4ee6-bbcc-77814490739b', 1000069, NULL, '0971902297', NULL, NULL, 1000399, NULL, 'N');
INSERT INTO pos.d_org VALUES (0, '*', 'All', 1000004, NULL, NULL, '2024-08-04 04:45:45.047673', 0, '2024-08-04 04:45:45.047673', 'Y', '2a377c39-8c87-48ef-90ac-9668d3ae9147', 0, NULL, NULL, NULL, NULL, 0, NULL, 'N');
INSERT INTO pos.d_org VALUES (1000033, 'FBHQ', 'Vn Phng (HeadQuarter)', 1000004, 'HK109, D n Wyndham Lynn Times Thanh Thy, x Bo Yn, huyn Thanh Thy, Tnh Ph Th, Vit Nam, Viet Nam', '2601096684', '2024-09-21 14:28:06.630957', 1000069, '2024-09-26 22:32:36.835435', 'Y', '040445ce-b04a-44b7-82db-f3f452072669', 1000066, '', '', 'Quan 1', NULL, 1000400, NULL, 'N');
INSERT INTO pos.d_org VALUES (1000027, 'CN1000027', 'Ca hng 3', 1000009, ' Nng', NULL, '2024-09-12 06:58:40.551331', 1000071, '2024-09-12 06:58:40.551331', 'Y', '475e8fcc-513e-4bce-88f6-20952415d2e7', 1000071, 'T02HN@gmail.com', '099000', ' Nng', NULL, NULL, NULL, 'N');
INSERT INTO pos.d_org VALUES (1000026, 'CN1000023', 'Ca hng 2', 1000009, 'H Ni', NULL, '2024-09-12 06:57:24.460095', 1000071, '2024-09-12 06:57:24.460095', 'Y', 'eb5002a1-5912-4cb9-a28b-2c26d910eead', 1000071, 'T02HN@gmail.com', '099000', 'H Ni', NULL, NULL, NULL, 'N');
INSERT INTO pos.d_org VALUES (1000022, 'CN1000022', 'Ca hng 1', 1000009, 'H Ch Minh', NULL, '2024-09-11 04:26:30.893693', 0, '2024-09-11 04:26:30.893693', 'Y', '88b07d2c-9024-4ee3-9e03-2df22db4220c', 0, 'tonthep@gmail.com', NULL, 'H Ch Minh', NULL, NULL, NULL, 'N');
INSERT INTO pos.d_org VALUES (1000030, 'F&B QN', 'Chi nhnh Quy Nhn1', 1000004, 'Binh Dinh', NULL, '2024-09-16 15:11:28.713499', 1000069, '2024-09-16 16:03:34.329293', 'Y', 'bd9b11cb-cedc-48cc-a211-5ae86d055f5a', 1000069, 'hungnguyen.201102ak@gmail.com', NULL, 'GL', NULL, NULL, NULL, 'N');
INSERT INTO pos.d_org VALUES (1000021, 'F&B_GL', 'Chi nhnh Gia Lai', 1000004, 'Pleiku', NULL, '2024-09-04 15:54:58.678314', 1000069, '2024-09-17 15:25:13.347643', 'Y', '5cf01668-52f4-4e3d-9297-b06f9a000eca', 1000069, 'fbgl@gmail.com', '093564512', 'GL1', 'Thnh ph Pleiku', NULL, NULL, 'N');
INSERT INTO pos.d_org VALUES (1000020, 'F&B _DN', 'Chi nhnh  Nng', 1000004, 'Da Nang', NULL, '2024-09-04 15:49:29.280256', 1000069, '2024-09-17 15:27:20.862812', 'Y', '4a87b858-afae-4f6e-a45b-f6754bd5e3da', 1000069, 'hungnguyen.201102ak@gmail.com', '0935703991', 'N', 'Trung tm', NULL, NULL, 'N');
INSERT INTO pos.d_org VALUES (1000034, 'OFFB', 'DIGITAL BIZ', 1000004, 'HK109, D n Wyndham Lynn Times Thanh Thy, x Bo Yn, huyn Thanh Thy, Tnh Ph Th, Vit Nam, HK109, D n Wyndham Lynn Times Thanh Thy, Thanh thy, Ph Th, Viet Nam', '0100109106-509', '2024-09-21 14:28:06.801171', 1000069, '2024-09-21 14:28:06.801171', 'Y', '1de40390-31ad-4a9e-b326-58772bdedba2', 1000069, NULL, '02106279955', NULL, NULL, 1000398, NULL, 'Y');
INSERT INTO pos.d_org VALUES (1000035, 'OFJH', 'KHCH SN ONSEN FUJI', 1000004, '', '?', '2024-09-21 14:28:06.825061', 1000069, '2024-09-21 14:28:06.825061', 'Y', '31bdb1e2-6db3-4e7b-bb47-12a140471f3f', 1000069, NULL, '', NULL, NULL, 1000459, NULL, 'N');
INSERT INTO pos.d_org VALUES (1000037, 'ANPASO', 'CTY ANPASO', 1000004, '11D5 Khu bit th tho nguyn, Phng Long Thnh M, Thnh ph Th c, Tp. HCM, Viet Nam', '?', '2024-09-21 14:28:06.875016', 1000069, '2024-09-27 09:44:51.176904', 'Y', '4fbd3f66-bc9d-48ff-821c-ee02814c667e', 1000066, '', '', 'Thu duc', NULL, 1000490, NULL, 'N');


--
-- TOC entry 5553 (class 0 OID 550289)
-- Dependencies: 424
-- Data for Name: d_org_banner; Type: TABLE DATA; Schema: pos; Owner: -
--



--
-- TOC entry 5477 (class 0 OID 389549)
-- Dependencies: 315
-- Data for Name: d_partner_group; Type: TABLE DATA; Schema: pos; Owner: -
--

INSERT INTO pos.d_partner_group VALUES (1000011, 1000003, 0, 'Y', NULL, 'code', 'group name1', NULL, 'Y', '2024-07-30 15:51:12.040117', 1000068, '2024-07-30 15:51:12.040117', 1000068, 'ac132268-7c8b-4973-b8bd-6dd0a22089d1', NULL, 'N', NULL, NULL);
INSERT INTO pos.d_partner_group VALUES (1000012, 1000003, 0, 'Y', NULL, 'code', 'group name1', NULL, 'Y', '2024-07-31 10:50:54.806971', 1000068, '2024-07-31 10:50:54.806972', 1000068, 'c51fafb0-5fdb-4a67-af27-171082c51be2', NULL, 'N', NULL, NULL);
INSERT INTO pos.d_partner_group VALUES (1000013, 1000002, 1000001, 'Y', NULL, 'code', 'group name1', NULL, 'Y', '2024-07-31 11:04:58.590173', 1000037, '2024-07-31 11:04:58.590176', 1000037, 'b5f2cbba-be44-4bc9-ad63-bb096d75772e', NULL, 'N', NULL, NULL);
INSERT INTO pos.d_partner_group VALUES (1000014, 1000002, 1000001, 'Y', NULL, 'code', 'group name2', NULL, 'Y', '2024-07-31 11:11:27.426795', 1000037, '2024-07-31 11:11:27.426796', 1000037, '14457cc2-ad6f-447b-ac24-731b7f3b0454', NULL, 'N', NULL, NULL);
INSERT INTO pos.d_partner_group VALUES (1000015, 1000002, 1000001, 'N', NULL, 'code', 'group name vendor', NULL, 'Y', '2024-07-31 21:50:49.090758', 1000037, '2024-07-31 21:50:49.090763', 1000037, '080b7691-c8be-42a2-9333-d799b34b0104', NULL, 'N', NULL, NULL);
INSERT INTO pos.d_partner_group VALUES (1000016, 1000002, 1000001, 'Y', NULL, 'test', 'test', 'sdf', 'Y', '2024-08-01 17:24:11.173212', 1000037, '2024-08-01 17:24:11.173213', 1000037, 'b0fa850e-dce2-4b05-9cd0-34d30175c48d', NULL, 'N', NULL, NULL);
INSERT INTO pos.d_partner_group VALUES (1000017, 1000002, 1000001, 'Y', NULL, 'test2', 'test2', 'afs', 'Y', '2024-08-01 17:33:31.861228', 1000037, '2024-08-01 17:33:31.861228', 1000037, 'c414adfb-8cbd-408e-b53f-bf151cfc7a1a', NULL, 'N', NULL, NULL);
INSERT INTO pos.d_partner_group VALUES (1000018, 1000002, 1000001, 'Y', NULL, 't3', '3', '3', 'Y', '2024-08-01 17:38:02.948418', 1000037, '2024-08-01 17:38:02.948418', 1000037, '0db0e6eb-61b0-4c64-8810-9746acea9f5d', NULL, 'N', NULL, NULL);
INSERT INTO pos.d_partner_group VALUES (1000019, 1000002, 1000001, 'Y', NULL, '4', '4', '4', 'Y', '2024-08-01 17:40:30.351625', 1000037, '2024-08-01 17:40:30.351626', 1000037, '61ca1fd2-3e81-476a-ace9-f94b75c5f5ee', NULL, 'N', NULL, NULL);
INSERT INTO pos.d_partner_group VALUES (1000020, 1000002, 1000001, 'N', NULL, 'nhomNCC', 'nhomNCC', NULL, 'Y', '2024-08-02 11:57:47.509889', 1000037, '2024-08-02 11:57:47.50989', 1000037, 'f91e3da6-5476-462d-a5a1-383b01c366ec', NULL, 'N', NULL, NULL);
INSERT INTO pos.d_partner_group VALUES (1000021, 1000004, 1000016, 'Y', NULL, 'NV', 'Nhn Vin', NULL, 'Y', '2024-08-07 10:26:50.521323', 1000069, '2024-08-07 10:26:50.521323', 1000069, '5fffb371-4111-44a4-8822-43dad63513e1', NULL, 'N', NULL, NULL);
INSERT INTO pos.d_partner_group VALUES (1000022, 1000004, 1000016, 'Y', NULL, 'KH', 'Khch hng', NULL, 'Y', '2024-08-07 10:28:13.852776', 1000069, '2024-08-07 10:28:13.852776', 1000069, 'c669f1fc-5bef-4848-a859-05afa04d98f8', NULL, 'N', NULL, NULL);
INSERT INTO pos.d_partner_group VALUES (1000024, 1000004, 1000016, 'N', NULL, 'nhomncc', 'qwe', 'qwe', 'Y', '2024-08-12 17:21:37.093838', 1000069, '2024-08-12 17:21:37.093845', 1000069, '3c754909-1dbd-4a23-b574-48c8749e62e1', NULL, 'N', NULL, NULL);
INSERT INTO pos.d_partner_group VALUES (1000025, 1000004, 1000016, 'N', NULL, 'nhom ncc', 'nhom ncc', '123', 'Y', '2024-08-14 15:37:31.809115', 1000069, '2024-08-14 15:37:31.809116', 1000069, 'c47c2c53-0186-4694-89b3-d80061b1c8db', NULL, 'N', NULL, NULL);
INSERT INTO pos.d_partner_group VALUES (1000026, 1000004, 1000016, 'Y', NULL, '', 'Nhm VIPU', '', 'Y', '2024-08-21 09:51:23.936348', 1000069, '2024-08-21 09:51:23.936348', 1000069, 'f5c00771-632b-439f-943a-c6a583d93f3d', NULL, 'N', NULL, NULL);
INSERT INTO pos.d_partner_group VALUES (1000028, 1000004, 1000016, 'Y', NULL, 'HCMGROUP', 'Nhm  H Ch Minh', NULL, 'Y', '2024-08-27 16:11:30.587815', 1000069, '2024-08-27 16:11:30.587815', 1000069, '4878a534-b768-48a3-9288-4b7c7e1d5769', NULL, 'Y', NULL, NULL);
INSERT INTO pos.d_partner_group VALUES (1000029, 1000004, 1000016, 'Y', NULL, 'EATDBIZ', 'Nhm n ungDbiz', NULL, 'Y', '2024-08-28 08:29:36.529915', 1000069, '2024-08-28 08:29:36.529915', 1000069, 'd9f79b1d-a7eb-46e9-af8e-08aa5bd8b1f4', NULL, 'N', NULL, NULL);
INSERT INTO pos.d_partner_group VALUES (1000062, 1000009, 0, 'N', NULL, '1000003', 'Nh cung cp', NULL, 'Y', '2024-09-11 16:22:51.705894', 1000071, '2024-09-11 16:22:51.705894', 1000071, '3a0c8cc0-8191-472a-8026-e00e967d2d82', NULL, 'N', NULL, NULL);
INSERT INTO pos.d_partner_group VALUES (1000063, 1000009, 0, 'Y', NULL, '1000004', 'Khch hng doanh nghip', NULL, 'Y', '2024-09-11 17:40:53.588463', 1000071, '2024-09-11 17:40:53.588463', 1000071, 'df9542e0-5fc2-4edd-88a6-a6ad7cbc43fe', NULL, 'N', NULL, NULL);
INSERT INTO pos.d_partner_group VALUES (1000042, 1000004, 1000016, 'Y', NULL, '12112', 'Nhm Tuyn Quang', NULL, 'Y', '2024-09-06 09:03:47.560755', 1000069, '2024-09-06 09:03:47.560755', 1000069, '42a021a0-9ee8-4cec-b949-9e040db876d9', 10.00, 'N', NULL, NULL);
INSERT INTO pos.d_partner_group VALUES (1000096, 1000004, 0, 'N', NULL, 'NCC2', 'NCC2-Nhm cung cp nc ngoi ', NULL, 'N', '2024-09-24 23:51:19.481709', 1000069, '2024-09-24 23:51:19.481709', 1000069, '2991cbbc-62f7-4212-974f-f4cd31f3d963', NULL, NULL, NULL, 1001374);
INSERT INTO pos.d_partner_group VALUES (1000043, 1000004, 1000016, 'N', NULL, '1211', 'Nhm Tuyn Quang', NULL, 'Y', '2024-09-06 09:11:46.203329', 1000069, '2024-09-24 09:18:39.050838', 1000069, 'f29dedca-f646-4701-8bd5-97aac5bef1ff', 0.00, 'N', NULL, NULL);
INSERT INTO pos.d_partner_group VALUES (1000041, 1000004, 1000016, 'Y', NULL, '111', 'Nhm Hi Phng', NULL, 'Y', '2024-09-06 09:02:29.689349', 1000069, '2024-09-24 11:40:06.477822', 1000069, '2977d3fd-b7ac-43ae-8f6d-1f09ca52b5e0', NULL, 'N', NULL, NULL);
INSERT INTO pos.d_partner_group VALUES (1000060, 1000009, 0, 'Y', NULL, '1000001', 'Khch hng c nhn', NULL, 'Y', '2024-09-11 16:20:18.961739', 1000071, '2024-09-11 16:20:18.961739', 1000071, '8647e56a-c0a6-4f43-83e1-9f28dc10c1fb', NULL, 'N', NULL, NULL);
INSERT INTO pos.d_partner_group VALUES (1000061, 1000009, 0, 'Y', NULL, '1000002', 'Khch hng l', NULL, 'Y', '2024-09-11 16:20:31.260952', 1000071, '2024-09-11 16:20:31.260951', 1000071, '570aaac5-29c3-4808-a0d4-f03751f13ec9', NULL, 'N', NULL, NULL);
INSERT INTO pos.d_partner_group VALUES (1000097, 1000004, 0, 'N', NULL, 'NVCT', 'NVCT-Nhn vin ', NULL, 'N', '2024-09-24 23:51:19.501267', 1000069, '2024-09-24 23:51:19.501267', 1000069, '48a6bfec-f872-45f4-8c98-b18727d1295f', NULL, NULL, NULL, 1001373);
INSERT INTO pos.d_partner_group VALUES (1000098, 1000004, 0, 'N', NULL, 'NCC01', 'NCC01 - Nh cung cp trong nc', NULL, 'Y', '2024-09-24 23:51:19.52242', 1000069, '2024-09-24 23:51:19.52242', 1000069, '1921934a-1592-447e-ae51-21fbcde4406e', NULL, NULL, NULL, 1001387);
INSERT INTO pos.d_partner_group VALUES (1000081, 1000004, 0, 'N', NULL, 'CN', 'Ch nh', NULL, 'Y', '2024-09-24 23:51:18.089141', 1000069, '2024-09-24 23:51:18.089141', 1000069, 'd0dcb74a-3be9-417d-9c64-93ca78aee7a9', NULL, NULL, NULL, 1001435);
INSERT INTO pos.d_partner_group VALUES (1000082, 1000004, 0, 'Y', NULL, 'KH001', 'KH001 - Khch hng vng lai', NULL, 'Y', '2024-09-24 23:51:18.170605', 1000069, '2024-09-24 23:51:18.170605', 1000069, '036e70ae-ad85-46e7-b445-50ff4769f4f0', NULL, NULL, NULL, 1001388);
INSERT INTO pos.d_partner_group VALUES (1000083, 1000004, 0, 'Y', NULL, 'KH003', 'KH003 - Khch hng doanh nghip', NULL, 'Y', '2024-09-24 23:51:18.21113', 1000069, '2024-09-24 23:51:18.21113', 1000069, '35307331-b26e-4a72-83d3-9aedd91a2b27', NULL, NULL, NULL, 1001394);
INSERT INTO pos.d_partner_group VALUES (1000084, 1000004, 0, 'Y', NULL, 'KH004', 'KH004 - Khch hng ni b', NULL, 'Y', '2024-09-24 23:51:18.260232', 1000069, '2024-09-24 23:51:18.260232', 1000069, '2ec07dd3-1257-40a8-8b27-b52a23f1b859', NULL, NULL, NULL, 1001395);
INSERT INTO pos.d_partner_group VALUES (1000085, 1000004, 0, 'N', NULL, 'NVCT1', 'NVCT1-Nhn vin ', NULL, 'Y', '2024-09-24 23:51:18.295689', 1000069, '2024-09-24 23:51:18.295689', 1000069, '36737466-cd7b-4199-b429-b23e1ef7a5ad', NULL, NULL, NULL, 1001390);
INSERT INTO pos.d_partner_group VALUES (1000086, 1000004, 0, 'N', NULL, '1000001', 'Cng ty Q9', NULL, 'Y', '2024-09-24 23:51:18.331207', 1000069, '2024-09-24 23:51:18.331207', 1000069, '7f193dd3-0938-42da-a95c-ce1c317cc8d3', NULL, NULL, NULL, 1001436);
INSERT INTO pos.d_partner_group VALUES (1000087, 1000004, 0, 'N', NULL, 'Standard', 'Standard', NULL, 'N', '2024-09-24 23:51:18.377486', 1000069, '2024-09-24 23:51:18.377486', 1000069, '0b3aab0a-11d7-4bc5-a60e-beffefaa6d4c', NULL, NULL, NULL, 1001371);
INSERT INTO pos.d_partner_group VALUES (1000088, 1000004, 0, 'N', NULL, 'TX', 'TX-Ti x', NULL, 'N', '2024-09-24 23:51:18.420367', 1000069, '2024-09-24 23:51:18.420367', 1000069, '9e7e3b72-dd5c-4537-bf48-ecbbcf952aea', NULL, NULL, NULL, 1001375);
INSERT INTO pos.d_partner_group VALUES (1000089, 1000004, 0, 'N', NULL, 'NCC3', 'NCC3-Vay huy ng', NULL, 'N', '2024-09-24 23:51:19.33264', 1000069, '2024-09-24 23:51:19.33264', 1000069, '9ff939a7-46ff-4f8a-a8e4-7f177ecb6dc4', NULL, NULL, NULL, 1001376);
INSERT INTO pos.d_partner_group VALUES (1000090, 1000004, 0, 'N', NULL, 'DTNB', 'DTNB-Nhm ni b', NULL, 'N', '2024-09-24 23:51:19.359751', 1000069, '2024-09-24 23:51:19.359751', 1000069, 'ca88ec00-e0bc-47c4-a0ac-70eb2fcb123f', NULL, NULL, NULL, 1001381);
INSERT INTO pos.d_partner_group VALUES (1000091, 1000004, 0, 'Y', NULL, 'KH01', 'KH1-Khch hng l, vng lai', NULL, 'N', '2024-09-24 23:51:19.382289', 1000069, '2024-09-24 23:51:19.382289', 1000069, '1147ce67-43b0-401c-9184-162a75316be5', NULL, NULL, NULL, 1001377);
INSERT INTO pos.d_partner_group VALUES (1000092, 1000004, 0, 'Y', NULL, 'KH02', 'KH2-Cng ty l hnh', NULL, 'N', '2024-09-24 23:51:19.404597', 1000069, '2024-09-24 23:51:19.404597', 1000069, '3978d0d2-fbf7-4d0d-8ea3-93e74a51c5e5', NULL, NULL, NULL, 1001378);
INSERT INTO pos.d_partner_group VALUES (1000093, 1000004, 0, 'Y', NULL, 'KH03', 'KH3-Khch hng Doanh nghip', NULL, 'N', '2024-09-24 23:51:19.423144', 1000069, '2024-09-24 23:51:19.423144', 1000069, 'bf286f13-bc01-4f90-a920-de83b619dae3', NULL, NULL, NULL, 1001379);
INSERT INTO pos.d_partner_group VALUES (1000094, 1000004, 0, 'Y', NULL, 'KH04', 'KH4-Khch hng ni b', NULL, 'N', '2024-09-24 23:51:19.442198', 1000069, '2024-09-24 23:51:19.442198', 1000069, '34be3f7b-fdf4-4d5c-9dde-a7063a56d2cb', NULL, NULL, NULL, 1001380);
INSERT INTO pos.d_partner_group VALUES (1000095, 1000004, 0, 'N', NULL, 'NCC1', 'NCC1-Nh cung cp trong nc', NULL, 'N', '2024-09-24 23:51:19.46126', 1000069, '2024-09-24 23:51:19.46126', 1000069, '2e203190-f563-423d-b46d-44c9d6117f25', NULL, NULL, NULL, 1001372);
INSERT INTO pos.d_partner_group VALUES (1000099, 1000004, 0, 'N', NULL, 'NCC02', 'NCC02 - Nh cung cp ngoi nc', NULL, 'Y', '2024-09-24 23:51:19.541475', 1000069, '2024-09-24 23:51:19.541475', 1000069, 'fa20723d-b70c-4662-8215-07a1fe0817ed', NULL, NULL, NULL, 1001392);
INSERT INTO pos.d_partner_group VALUES (1000100, 1000004, 0, 'Y', NULL, 'KH002', 'KH002 - Khch hng c nhn', NULL, 'Y', '2024-09-24 23:51:19.560538', 1000069, '2024-09-24 23:51:19.560538', 1000069, '2e6ca8ec-eaa1-4eac-bf58-c587a57739ba', NULL, NULL, NULL, 1001393);
INSERT INTO pos.d_partner_group VALUES (1000102, 1000004, 0, 'N', NULL, 'NCC07', 'Nhm cung cp dch v', 'Chuyn cung cp dch v vn chuyn', 'Y', '2024-09-25 10:17:46.086129', 1000069, '2024-09-25 10:17:46.086129', 1000069, '9bcc5b51-c426-461a-a8b9-95610cec47bd', NULL, NULL, NULL, NULL);
INSERT INTO pos.d_partner_group VALUES (1000105, 1000004, 0, 'Y', NULL, 'KH006', 'Nhm KH hng Vng', 'KH thuc nhm ny c gim 12%', 'Y', '2024-09-25 10:26:07.90699', 1000069, '2024-09-25 10:27:06.248572', 1000069, 'adf35eb7-326d-475c-9723-417f05ee05fe', 12.00, NULL, NULL, NULL);
INSERT INTO pos.d_partner_group VALUES (1000106, 1000004, 0, 'N', NULL, 'NCC08', 'NCC TP.HCM', 'Chuyn cung cp NVL ti TP.HCM', 'Y', '2024-09-25 10:29:52.613539', 1000069, '2024-09-25 10:29:52.613539', 1000069, '500e8796-87c4-4af9-b8c1-3cca6c394645', NULL, NULL, NULL, NULL);
INSERT INTO pos.d_partner_group VALUES (1000110, 1000004, 0, 'N', NULL, 'BP1000109', 'sdf', NULL, 'Y', '2024-09-25 15:09:35.961329', 1000069, '2024-09-25 15:09:35.961329', 1000069, '45febfb3-3c57-48d2-8993-ae80952d457e', NULL, NULL, NULL, NULL);
INSERT INTO pos.d_partner_group VALUES (1000111, 1000004, 0, 'Y', NULL, 'sdf', 'sdf', NULL, 'Y', '2024-09-25 15:09:42.222051', 1000069, '2024-09-25 15:09:42.222051', 1000069, '2a1449d9-40aa-4cc8-8ff7-f1e2cc4d1eee', 123.00, NULL, NULL, NULL);
INSERT INTO pos.d_partner_group VALUES (1000112, 1000004, 0, 'N', NULL, 'sdf', 'sdf', NULL, 'Y', '2024-09-25 16:33:05.24588', 1000069, '2024-09-25 16:33:05.24588', 1000069, 'a003d65d-9ea7-4f0d-9164-732e67ef93dc', NULL, NULL, NULL, NULL);


--
-- TOC entry 5527 (class 0 OID 393709)
-- Dependencies: 369
-- Data for Name: d_pay_method; Type: TABLE DATA; Schema: pos; Owner: -
--

INSERT INTO pos.d_pay_method VALUES (1000011, 1000001, 1000004, 1000020, 'MBB QRCODE', 'MBB_QRCODE', 0, 'N', '2024-09-27 11:46:44.630086', 1000066, '2024-09-27 11:46:44.630087', 1000066, 'eb2c3431-5208-44de-8240-251097373271', 'Y');
INSERT INTO pos.d_pay_method VALUES (1000012, 1000001, 1000004, 1000020, 'MBB QRCODE', 'MBB_QRCODE1', 0, 'N', '2024-09-27 11:48:51.290048', 1000066, '2024-09-27 11:48:51.290048', 1000066, '2e755fc3-8acd-4dfa-ace0-38049d0c6562', 'Y');


--
-- TOC entry 5405 (class 0 OID 385728)
-- Dependencies: 242
-- Data for Name: d_payment; Type: TABLE DATA; Schema: pos; Owner: -
--

INSERT INTO pos.d_payment VALUES (1000002, 1000002, 1000001, 0, 1000010, NULL, 1000024, NULL, '2024-07-30', 13, 'CL', 20000, 1000016, '000', 'Y', '2024-07-30 10:58:15.429177', 1000037, '2024-07-30 10:58:15.429177', 1000037, '74f59be7-8299-4114-8de0-f05411058e96', NULL);
INSERT INTO pos.d_payment VALUES (1000003, 1000002, 1000001, 0, 1000010, NULL, 1000030, NULL, '2024-07-30', 13, 'CO', 25000, 1000024, '000', 'Y', '2024-07-30 03:24:35.547934', 1000037, '2024-07-30 03:24:35.547934', 1000037, '7995a095-a973-402a-8da6-6259f203e417', NULL);
INSERT INTO pos.d_payment VALUES (1000004, 1000002, 1000001, 0, 1000010, NULL, 1000031, NULL, '2024-07-30', 13, 'CO', 25000, 1000025, '000', 'Y', '2024-07-30 03:25:08.152686', 1000037, '2024-07-30 03:25:08.152686', 1000037, 'fed36547-dd97-4ca5-b63f-19976b6afa93', NULL);
INSERT INTO pos.d_payment VALUES (1000005, 1000002, 1000001, 0, 1000010, NULL, 1000031, NULL, '2024-07-30', 13, 'CO', 35000, 1000025, '000', 'Y', '2024-07-30 03:25:08.164264', 1000037, '2024-07-30 03:25:08.164264', 1000037, '46c96112-a5c8-4d31-a9c5-3121f9b967cf', NULL);
INSERT INTO pos.d_payment VALUES (1000006, 1000002, 1000001, 0, 1000010, NULL, 1000030, NULL, '2024-07-30', 13, 'CL', 20000, 1000016, '000', 'Y', '2024-07-30 04:19:48.59907', 1000037, '2024-07-30 04:19:48.59907', 1000037, 'dadbaf5e-a69c-4269-9fca-f6dada002649', NULL);
INSERT INTO pos.d_payment VALUES (1000007, 1000002, 1000001, 0, 1000010, NULL, 1000030, NULL, '2024-07-30', 13, 'CL', 20000, 1000016, '000', 'Y', '2024-07-30 06:28:55.853074', 1000037, '2024-07-30 06:28:55.853074', 1000037, 'f524cbf6-71c6-468d-9e20-8fea9d7d3932', NULL);
INSERT INTO pos.d_payment VALUES (1000008, 1000002, 1000001, 0, 1000010, NULL, 1000032, NULL, '2024-07-31', 13, 'CO', 25000, 1000027, '000', 'Y', '2024-07-31 10:56:36.090937', 1000037, '2024-07-31 10:56:36.090939', 1000037, 'b4b1b76e-4f1f-400e-9e11-8f6b3989e1f8', NULL);
INSERT INTO pos.d_payment VALUES (1000009, 1000002, 1000001, 0, 1000010, NULL, 1000032, NULL, '2024-07-31', 13, 'CO', 35000, 1000027, '000', 'Y', '2024-07-31 10:56:36.093856', 1000037, '2024-07-31 10:56:36.093857', 1000037, '839d22cd-4c77-4e5f-b766-5a98e30367dc', NULL);
INSERT INTO pos.d_payment VALUES (1000010, 1000002, 1000001, 0, 1000010, NULL, 1000033, NULL, '2024-07-31', 13, 'CO', 25000, 1000028, '000', 'Y', '2024-07-31 10:59:26.984011', 1000037, '2024-07-31 10:59:26.984013', 1000037, '2a6c0077-b397-4c36-96a5-70efd57bdd11', NULL);
INSERT INTO pos.d_payment VALUES (1000011, 1000002, 1000001, 0, 1000010, NULL, 1000033, NULL, '2024-07-31', 13, 'CO', 35000, 1000028, '000', 'Y', '2024-07-31 10:59:26.986088', 1000037, '2024-07-31 10:59:26.98609', 1000037, '7cbcae1f-01c4-4f25-ac24-3ccd522b9106', NULL);
INSERT INTO pos.d_payment VALUES (1000012, 1000003, 1000001, 0, 1000010, NULL, 1000034, NULL, '2024-08-09', 13, 'CO', 25000, 1000029, '000', 'Y', '2024-08-09 15:03:53.412495', 1000068, '2024-08-09 15:03:53.412498', 1000068, 'b48cbd9b-4728-4baa-8906-0696ae4079b5', NULL);
INSERT INTO pos.d_payment VALUES (1000013, 1000003, 1000001, 0, 1000010, NULL, 1000034, NULL, '2024-08-09', 13, 'CO', 35000, 1000029, '000', 'Y', '2024-08-09 15:03:53.424974', 1000068, '2024-08-09 15:03:53.424976', 1000068, '9ba5e37e-bb0a-4a0d-8067-dbabc5df7bda', NULL);
INSERT INTO pos.d_payment VALUES (1000016, 1000004, 1000016, 0, 1000010, NULL, 1000037, NULL, '2024-08-09', 13, 'CO', 25000, 1000032, '000', 'Y', '2024-08-10 10:00:52.654905', 1000069, '2024-08-10 10:00:52.654906', 1000069, 'a4249457-f672-459e-bf5f-c73208ca175a', NULL);
INSERT INTO pos.d_payment VALUES (1000017, 1000004, 1000016, 0, 1000010, NULL, 1000038, NULL, '2024-08-09', 13, 'CO', 25000, 1000033, '000', 'Y', '2024-08-10 10:00:53.058132', 1000069, '2024-08-10 10:00:53.058133', 1000069, 'ec7248d9-35ab-4b71-9482-6e1d42d06957', NULL);
INSERT INTO pos.d_payment VALUES (1000018, 1000004, 1000016, 0, 1000010, NULL, 1000039, NULL, '2024-08-09', 13, 'CO', 25000, 1000034, '000', 'Y', '2024-08-10 10:58:37.702719', 1000069, '2024-08-10 10:58:37.70272', 1000069, 'beaba94c-6601-458d-945d-338c6be41584', NULL);
INSERT INTO pos.d_payment VALUES (1000019, 1000004, 1000016, 0, 1000010, NULL, 1000040, NULL, '2024-08-09', 13, 'CO', 25000, 1000035, '000', 'Y', '2024-08-10 11:43:05.118111', 1000069, '2024-08-10 11:43:05.118113', 1000069, '408f2a90-fcd5-4956-8352-fb9f2ba73a50', NULL);
INSERT INTO pos.d_payment VALUES (1000020, 1000004, 1000016, 0, 1000010, NULL, 1000041, NULL, '2024-08-12', 13, 'CO', 25000, 1000036, '000', 'Y', '2024-08-12 10:04:55.885472', 1000069, '2024-08-12 10:04:55.885474', 1000069, 'fee65924-d8c4-456a-b29c-f1286cb70ee8', NULL);
INSERT INTO pos.d_payment VALUES (1000021, 1000004, 1000016, 0, 1000010, NULL, 1000042, NULL, '2024-08-12', 13, 'CO', 200, 1000037, '000', 'Y', '2024-08-12 10:10:48.45268', 1000069, '2024-08-12 10:10:48.452681', 1000069, '6ac97a95-3165-46ab-8ca3-b8602f14aa5b', NULL);
INSERT INTO pos.d_payment VALUES (1000022, 1000004, 1000016, 0, 1000010, NULL, 1000043, NULL, '2024-08-12', 13, 'CO', 200, 1000038, '000', 'Y', '2024-08-12 10:11:12.691586', 1000069, '2024-08-12 10:11:12.691587', 1000069, '128db8b0-1b48-488a-bfcd-3b71c95b2c38', NULL);
INSERT INTO pos.d_payment VALUES (1000023, 1000004, 1000016, 0, 1000010, NULL, 1000044, NULL, '2024-08-12', 13, 'CO', 200, 1000039, '000', 'Y', '2024-08-12 10:19:11.110392', 1000069, '2024-08-12 10:19:11.110394', 1000069, 'ceac864a-2c9d-4afa-b502-d84aaa461444', NULL);
INSERT INTO pos.d_payment VALUES (1000024, 1000004, 1000016, 0, 1000010, NULL, 1000045, NULL, '2024-08-12', 13, 'CO', 200, 1000040, '000', 'Y', '2024-08-12 10:23:20.08498', 1000069, '2024-08-12 10:23:20.084981', 1000069, '6343858d-9818-41b8-94f7-d850c4ea75c0', NULL);
INSERT INTO pos.d_payment VALUES (1000025, 1000004, 1000016, 0, 1000010, NULL, 1000046, NULL, '2024-08-12', 13, 'CO', 100, 1000041, '000', 'Y', '2024-08-12 10:29:07.65298', 1000069, '2024-08-12 10:29:07.652981', 1000069, '603c454b-e236-4582-a06a-878046697bb9', NULL);
INSERT INTO pos.d_payment VALUES (1000026, 1000004, 1000016, 0, 1000010, NULL, 1000047, NULL, '2024-08-12', 13, 'CO', 100, 1000042, '000', 'Y', '2024-08-12 10:29:38.140399', 1000069, '2024-08-12 10:29:38.1404', 1000069, 'f4127057-f7a4-45b6-a364-5b7f6177a616', NULL);
INSERT INTO pos.d_payment VALUES (1000027, 1000004, 1000016, 0, 1000010, NULL, 1000048, NULL, '2024-08-12', 13, 'CO', 200, 1000043, '000', 'Y', '2024-08-12 10:33:26.327064', 1000069, '2024-08-12 10:33:26.327065', 1000069, '47ae9e1b-766f-4ebf-8703-2b263e8ddcd8', NULL);
INSERT INTO pos.d_payment VALUES (1000028, 1000004, 1000016, 0, 1000010, NULL, 1000049, NULL, '2024-08-12', 13, 'CO', 100, 1000044, '000', 'Y', '2024-08-12 10:36:41.534121', 1000069, '2024-08-12 10:36:41.534122', 1000069, '5f2b5818-bfb6-42bc-967d-62fd15e9e068', NULL);
INSERT INTO pos.d_payment VALUES (1000029, 1000004, 1000016, 0, 1000010, NULL, 1000050, NULL, '2024-08-12', 13, 'CO', 100, 1000045, '000', 'Y', '2024-08-12 10:38:20.325693', 1000069, '2024-08-12 10:38:20.325694', 1000069, 'eb8948c3-4ecf-4339-aa5d-21b788c67042', NULL);
INSERT INTO pos.d_payment VALUES (1000030, 1000004, 1000016, 0, 1000010, NULL, 1000051, NULL, '2024-08-12', 13, 'CO', 100, 1000046, '000', 'Y', '2024-08-12 10:44:29.388314', 1000069, '2024-08-12 10:44:29.388315', 1000069, '8e13a10c-c618-4ad1-afa9-37218c368a6c', NULL);
INSERT INTO pos.d_payment VALUES (1000031, 1000004, 1000016, 0, 1000010, NULL, 1000052, NULL, '2024-08-12', 13, 'CO', 200, 1000047, '000', 'Y', '2024-08-12 10:50:23.552932', 1000069, '2024-08-12 10:50:23.552933', 1000069, '4fe4613f-2c9f-478e-86d6-14d67e1297ff', NULL);
INSERT INTO pos.d_payment VALUES (1000032, 1000004, 1000016, 0, 1000010, NULL, 1000053, NULL, '2024-08-12', 13, 'CO', 200, 1000048, '000', 'Y', '2024-08-12 10:51:02.659424', 1000069, '2024-08-12 10:51:02.659425', 1000069, '0ca130f5-4612-448e-8314-401d59def09a', NULL);
INSERT INTO pos.d_payment VALUES (1000033, 1000004, 1000016, 0, 1000010, NULL, 1000054, NULL, '2024-08-12', 13, 'CO', 100, 1000049, '000', 'Y', '2024-08-12 10:55:36.704522', 1000069, '2024-08-12 10:55:36.704545', 1000069, '5eca75f1-3d61-41f2-a68f-1af443e6cd6b', NULL);
INSERT INTO pos.d_payment VALUES (1000034, 1000004, 1000016, 0, 1000010, NULL, 1000055, NULL, '2024-08-12', 13, 'CO', 100, 1000050, '000', 'Y', '2024-08-12 10:57:12.972683', 1000069, '2024-08-12 10:57:12.972684', 1000069, '42bd087d-d22e-4116-970a-a7a3bebf8014', NULL);
INSERT INTO pos.d_payment VALUES (1000035, 1000004, 1000016, 0, 1000010, NULL, 1000056, NULL, '2024-08-12', 13, 'CO', 100, 1000051, '000', 'Y', '2024-08-12 10:57:29.710343', 1000069, '2024-08-12 10:57:29.710344', 1000069, '9d06023e-4f7b-4e75-993a-db1a8ca72460', NULL);
INSERT INTO pos.d_payment VALUES (1000036, 1000004, 1000016, 0, 1000010, NULL, 1000057, NULL, '2024-08-12', 13, 'CO', 100, 1000052, '000', 'Y', '2024-08-12 10:58:53.825584', 1000069, '2024-08-12 10:58:53.825585', 1000069, '1d32ae09-0e0a-4961-bcb0-6c134496ec95', NULL);
INSERT INTO pos.d_payment VALUES (1000037, 1000004, 1000016, 0, 1000010, NULL, 1000058, NULL, '2024-08-12', 13, 'CO', 100, 1000053, '000', 'Y', '2024-08-12 10:59:07.970559', 1000069, '2024-08-12 10:59:07.970559', 1000069, '43aa27fe-3249-43e7-b94e-3a35dc4e1130', NULL);
INSERT INTO pos.d_payment VALUES (1000038, 1000004, 1000016, 0, 1000010, NULL, 1000059, NULL, '2024-08-12', 13, 'CO', 100, 1000054, '000', 'Y', '2024-08-12 11:01:04.075416', 1000069, '2024-08-12 11:01:04.075417', 1000069, 'be0ddc89-a528-447b-80ea-2bddcb4f94b6', NULL);
INSERT INTO pos.d_payment VALUES (1000039, 1000004, 1000016, 0, 1000010, NULL, 1000060, NULL, '2024-08-12', 13, 'CO', 100, 1000055, '000', 'Y', '2024-08-12 11:01:52.036414', 1000069, '2024-08-12 11:01:52.036414', 1000069, 'c4aff7bf-54a0-4ac6-8095-33afc38c45f2', NULL);
INSERT INTO pos.d_payment VALUES (1000040, 1000004, 1000016, 0, 1000010, NULL, 1000061, NULL, '2024-08-12', 13, 'CO', 200, 1000056, '000', 'Y', '2024-08-12 11:07:40.223012', 1000069, '2024-08-12 11:07:40.223012', 1000069, '9d1a3aef-7179-4830-939e-b64bf0547a2e', NULL);
INSERT INTO pos.d_payment VALUES (1000041, 1000004, 1000016, 0, 1000010, NULL, 1000062, NULL, '2024-08-12', 13, 'CO', 100, 1000057, '000', 'Y', '2024-08-12 11:09:02.027852', 1000069, '2024-08-12 11:09:02.027852', 1000069, '3ac2b2c1-8f19-4172-9de7-43b3a3cb429c', NULL);
INSERT INTO pos.d_payment VALUES (1000042, 1000004, 1000016, 0, 1000010, NULL, 1000063, NULL, '2024-08-12', 13, 'CO', 100, 1000058, '000', 'Y', '2024-08-12 11:09:15.137215', 1000069, '2024-08-12 11:09:15.137215', 1000069, 'eb9f0c2c-98a3-4307-9526-1663d46d8d3a', NULL);
INSERT INTO pos.d_payment VALUES (1000043, 1000004, 1000016, 0, 1000010, NULL, 1000064, NULL, '2024-08-12', 13, 'CO', 100, 1000059, '000', 'Y', '2024-08-12 11:09:57.430168', 1000069, '2024-08-12 11:09:57.430169', 1000069, '1138bb91-fe0d-4acc-8ed7-27d4d285f25a', NULL);
INSERT INTO pos.d_payment VALUES (1000044, 1000004, 1000016, 0, 1000010, NULL, 1000065, NULL, '2024-08-12', 13, 'CO', 100, 1000060, '000', 'Y', '2024-08-12 11:10:42.937737', 1000069, '2024-08-12 11:10:42.937738', 1000069, 'd16107c6-fa59-4aeb-bad6-caf36e652c78', NULL);
INSERT INTO pos.d_payment VALUES (1000045, 1000004, 1000016, 0, 1000010, NULL, 1000066, NULL, '2024-08-12', 13, 'CO', 100, 1000061, '000', 'Y', '2024-08-12 11:11:01.816941', 1000069, '2024-08-12 11:11:01.816941', 1000069, 'ce8a0750-83ba-48c7-8242-f0fc9d90d072', NULL);
INSERT INTO pos.d_payment VALUES (1000046, 1000004, 1000016, 0, 1000010, NULL, 1000067, NULL, '2024-08-12', 13, 'CO', 100, 1000062, '000', 'Y', '2024-08-12 11:15:13.738545', 1000069, '2024-08-12 11:15:13.738545', 1000069, '4e4482ab-d1cb-4642-bf74-9bab337317ff', NULL);
INSERT INTO pos.d_payment VALUES (1000049, 1000004, 1000016, 0, 1000010, NULL, 1000070, NULL, '2024-08-12', 13, 'CO', 0, 1000065, '000', 'Y', '2024-08-12 22:44:34.109008', 1000069, '2024-08-12 22:44:34.109009', 1000069, '98fd0a12-7fca-4f3e-8cc3-59aaee467784', NULL);
INSERT INTO pos.d_payment VALUES (1000048, 1000004, 1000016, 0, NULL, 1000058, 1000069, NULL, '2024-08-12', 13, 'CO', 200, 1000064, '000', 'Y', '2024-08-12 14:35:56.110887', 1000069, '2024-08-12 14:35:56.110888', 1000069, '3b03134d-7103-42ce-88de-4611e57336a0', NULL);
INSERT INTO pos.d_payment VALUES (1000047, 1000004, 1000016, 0, NULL, 1000058, 1000068, NULL, '2024-08-12', 13, 'CO', 150, 1000063, '000', 'Y', '2024-08-12 11:18:34.801235', 1000069, '2024-08-12 11:18:34.801236', 1000069, '450b9ede-a769-4893-9662-2fe4087ac901', NULL);
INSERT INTO pos.d_payment VALUES (1000050, 1000004, 1000016, 0, 1000010, NULL, 1000071, NULL, '2024-08-12', 13, 'CO', 0, 1000066, '000', 'Y', '2024-08-13 18:43:45.215458', 1000069, '2024-08-13 18:43:45.215458', 1000069, '84b2e4f6-54ed-4d00-b36f-345bc4f982e9', NULL);
INSERT INTO pos.d_payment VALUES (1000051, 1000004, 1000016, 0, 1000010, NULL, 1000072, NULL, '2024-08-12', 13, 'CO', 0, 1000067, '000', 'Y', '2024-08-14 11:24:37.3876', 1000069, '2024-08-14 11:24:37.3876', 1000069, 'bd55e419-4977-49de-970c-0d3734a4adf3', NULL);
INSERT INTO pos.d_payment VALUES (1000052, 1000004, 1000016, 0, 1000010, NULL, 1000073, NULL, '2024-08-12', 13, 'CO', 200, 1000068, '000', 'Y', '2024-08-14 11:26:10.292538', 1000069, '2024-08-14 11:26:10.292539', 1000069, '62bb822b-3c51-4936-a4f8-c74aa55bedd8', NULL);
INSERT INTO pos.d_payment VALUES (1000053, 1000004, 1000016, 0, 1000010, NULL, 1000074, NULL, '2024-08-12', 13, 'CO', 0, 1000069, '000', 'Y', '2024-08-14 11:27:04.417646', 1000069, '2024-08-14 11:27:04.417646', 1000069, 'bd1dbaac-0ac3-42e1-b0fe-829fae03809a', NULL);
INSERT INTO pos.d_payment VALUES (1000054, 1000004, 1000016, 0, 1000010, NULL, 1000075, NULL, '2024-08-12', 13, 'CO', 0, 1000070, '000', 'Y', '2024-08-14 23:12:30.31151', 1000069, '2024-08-14 23:12:30.311511', 1000069, 'affe9cb3-0881-4b4c-b26b-8809eee0bce0', NULL);
INSERT INTO pos.d_payment VALUES (1000055, 1000004, 1000016, 0, 1000010, NULL, 1000076, NULL, '2024-08-12', 13, 'CO', 50000, 1000071, '000', 'Y', '2024-08-15 16:14:24.181167', 1000069, '2024-08-15 16:14:24.181167', 1000069, '5c2b8109-8701-457f-9525-aebfd33bf52e', NULL);
INSERT INTO pos.d_payment VALUES (1000056, 1000004, 1000016, 0, 1000010, NULL, 1000077, NULL, '2024-08-12', 13, 'CO', 0, 1000072, '000', 'Y', '2024-08-17 15:11:36.415061', 1000069, '2024-08-17 15:11:36.415061', 1000069, 'aa2b0575-0af7-4c5e-af37-38eb57397e39', NULL);
INSERT INTO pos.d_payment VALUES (1000057, 1000004, 1000016, 0, 1000010, NULL, 1000078, NULL, '2024-08-24', 13, 'CO', 0, 1000073, '000', 'Y', '2024-08-24 12:12:48.32186', 1000069, '2024-08-24 12:12:48.321864', 1000069, '002eafd7-8f53-4475-80a3-65cc4e3ffc82', NULL);
INSERT INTO pos.d_payment VALUES (1000058, 1000004, 1000016, 0, 1000010, NULL, 1000079, NULL, '2024-08-26', 13, 'CO', 0, 1000074, '000', 'Y', '2024-08-26 09:51:12.333887', 1000069, '2024-08-26 09:51:12.333888', 1000069, '56cab834-88b5-42ff-add3-d608cae5153c', NULL);
INSERT INTO pos.d_payment VALUES (1000059, 1000004, 1000016, 0, 1000010, NULL, 1000080, NULL, '2024-08-26', 13, 'CO', 0, 1000075, '000', 'Y', '2024-08-26 09:51:35.704394', 1000069, '2024-08-26 09:51:35.704395', 1000069, '6e9bcea8-ccf5-4992-9495-0c2cff3d20af', NULL);
INSERT INTO pos.d_payment VALUES (1000060, 1000004, 1000016, 0, 1000010, NULL, 1000081, NULL, '2024-08-26', 13, 'CO', 0, 1000076, '000', 'Y', '2024-08-27 10:27:48.284314', 1000069, '2024-08-27 10:27:48.284316', 1000069, '6d4e174c-2533-480d-9b46-9cd6ccaab002', NULL);
INSERT INTO pos.d_payment VALUES (1000061, 1000004, 1000016, 0, 1000010, NULL, 1000082, NULL, '2024-08-26', 13, 'CO', 0, 1000077, '000', 'Y', '2024-08-27 12:03:16.574169', 1000069, '2024-08-27 12:03:16.57417', 1000069, '0cccbaa7-e85c-4a94-a576-5a70aef24751', NULL);
INSERT INTO pos.d_payment VALUES (1000062, 1000004, 1000016, 0, 1000010, NULL, 1000083, NULL, '2024-08-26', 13, 'CO', 0, 1000078, '000', 'Y', '2024-08-30 18:50:10.906742', 1000069, '2024-08-30 18:50:10.906744', 1000069, '3b25db70-2a80-4eaf-a00f-b2503cfaf86d', NULL);
INSERT INTO pos.d_payment VALUES (1000064, 1000004, 1000016, 0, 1000085, NULL, 1000091, NULL, '2024-09-08', 13, 'COL', 25000, NULL, 'PAYMENT1000063', 'Y', '2024-09-08 17:32:59.405133', 1000069, '2024-09-08 17:32:59.405133', 1000069, 'bb1f4a88-929a-4e31-b400-1fc04853ee0f', 1000194);
INSERT INTO pos.d_payment VALUES (1000066, 1000004, 1000016, 0, 1000085, NULL, 1000091, NULL, '2024-09-08', 13, 'COL', 35000, NULL, 'PAYMENT1000065', 'Y', '2024-09-08 17:32:59.487137', 1000069, '2024-09-08 17:32:59.487137', 1000069, 'abc2500e-31d5-4a2e-b9aa-d4442a9efbdf', 1000194);
INSERT INTO pos.d_payment VALUES (1000068, 1000004, 1000016, 0, 1000085, NULL, 1000093, NULL, '2024-09-08', 13, 'COL', 25000, NULL, 'PAYMENT1000067', 'Y', '2024-09-08 17:45:09.280446', 1000069, '2024-09-08 17:45:09.280446', 1000069, 'ca2bf5d5-97c4-421d-8765-033144f6f6a4', 1000194);
INSERT INTO pos.d_payment VALUES (1000070, 1000004, 1000016, 0, 1000085, NULL, 1000093, NULL, '2024-09-08', 13, 'COL', 35000, NULL, 'PAYMENT1000069', 'Y', '2024-09-08 17:45:09.31086', 1000069, '2024-09-08 17:45:09.31086', 1000069, '6f1638bb-0674-4d55-9c8e-014df4670703', 1000194);
INSERT INTO pos.d_payment VALUES (1000072, 1000004, 1000016, 0, 1000085, NULL, 1000095, NULL, '2024-09-08', 13, 'COL', 25000, NULL, 'PAYMENT1000071', 'Y', '2024-09-08 17:52:41.876163', 1000069, '2024-09-08 17:52:41.876163', 1000069, '85b5f6f6-1b14-417b-b178-b6b366a0d095', 1000194);
INSERT INTO pos.d_payment VALUES (1000074, 1000004, 1000016, 0, 1000085, NULL, 1000095, NULL, '2024-09-08', 13, 'COL', 35000, NULL, 'PAYMENT1000073', 'Y', '2024-09-08 17:52:41.90786', 1000069, '2024-09-08 17:52:41.90786', 1000069, '320b0f13-5264-4d9c-8f6e-9ce76cad8bcb', 1000194);
INSERT INTO pos.d_payment VALUES (1000076, 0, 1000016, 0, 1000085, NULL, 1000097, NULL, '2024-09-08', 13, 'COL', 25000, NULL, 'PAYMENT1000075', 'Y', '2024-09-08 11:21:11.498938', 0, '2024-09-08 11:21:11.498939', 0, 'c1d18178-fd96-4f01-aca0-e749c55b489b', 1000198);
INSERT INTO pos.d_payment VALUES (1000078, 0, 1000016, 0, 1000085, NULL, 1000097, NULL, '2024-09-08', 13, 'COL', 35000, NULL, 'PAYMENT1000077', 'Y', '2024-09-08 11:21:11.526461', 0, '2024-09-08 11:21:11.526462', 0, 'eb8d0771-5f60-46ae-b947-14276f61de64', 1000198);
INSERT INTO pos.d_payment VALUES (1000080, 0, 1000016, 0, 1000085, NULL, 1000099, 9000000, '2024-09-09', 13, 'COL', 25000, NULL, 'PAYMENT1000079', 'Y', '2024-09-09 00:32:08.005665', 0, '2024-09-09 00:32:08.005665', 0, 'a0668ea1-c870-47ff-923b-97b7453d505e', 1000204);
INSERT INTO pos.d_payment VALUES (1000082, 0, 1000016, 0, 1000085, NULL, 1000099, 1000001, '2024-09-09', 13, 'COL', 35000, NULL, 'PAYMENT1000081', 'Y', '2024-09-09 00:32:08.027396', 0, '2024-09-09 00:32:08.027396', 0, '64ce968b-b631-416b-a582-115519c8b298', 1000204);
INSERT INTO pos.d_payment VALUES (1000084, 0, 1000016, 0, 1000085, NULL, 1000101, 9000000, '2024-09-09', 13, 'COL', 25000, NULL, 'PAYMENT1000083', 'Y', '2024-09-09 00:38:21.15569', 0, '2024-09-09 00:38:21.15569', 0, 'e5d889e0-4b57-45bd-be1e-f73d67988493', 1000204);
INSERT INTO pos.d_payment VALUES (1000086, 0, 1000016, 0, 1000085, NULL, 1000101, 1000001, '2024-09-09', 13, 'COL', 35000, NULL, 'PAYMENT1000085', 'Y', '2024-09-09 00:38:21.176111', 0, '2024-09-09 00:38:21.176111', 0, '0eb53e5d-d8a0-4921-8dc3-4a1cac5d3fb4', 1000204);
INSERT INTO pos.d_payment VALUES (1000088, 1000004, 1000016, 0, 1000085, NULL, 1000103, 9000000, '2024-09-09', 13, 'COL', 25000, NULL, 'PAYMENT1000087', 'Y', '2024-09-09 00:46:56.143572', 0, '2024-09-09 00:46:56.143572', 0, '9eec7a02-1da3-4ef9-88ea-c93a028ad2d4', 1000204);
INSERT INTO pos.d_payment VALUES (1000090, 1000004, 1000016, 0, 1000085, NULL, 1000103, 1000001, '2024-09-09', 13, 'COL', 35000, NULL, 'PAYMENT1000089', 'Y', '2024-09-09 00:46:56.159513', 0, '2024-09-09 00:46:56.159513', 0, 'de90adab-86cd-4474-aefd-7f089dcef85c', 1000204);
INSERT INTO pos.d_payment VALUES (1000092, 1000004, 1000016, 0, 1000085, NULL, 1000105, 9000000, '2024-09-09', 13, 'COL', 25000, NULL, 'PAYMENT1000091', 'Y', '2024-09-09 00:50:02.695303', 0, '2024-09-09 00:50:02.695303', 0, 'f2306c47-d797-4e0b-a4f0-b5ad51100f66', 1000204);
INSERT INTO pos.d_payment VALUES (1000094, 1000004, 1000016, 0, 1000085, NULL, 1000105, 1000001, '2024-09-09', 13, 'COL', 35000, NULL, 'PAYMENT1000093', 'Y', '2024-09-09 00:50:02.713142', 0, '2024-09-09 00:50:02.713142', 0, 'f44f3f84-8a4c-464e-ba31-609c7249a466', 1000204);
INSERT INTO pos.d_payment VALUES (1000096, 1000004, 1000016, 0, 1000085, NULL, 1000107, 9000000, '2024-09-09', 13, 'COL', 25000, NULL, 'PAYMENT1000095', 'Y', '2024-09-09 00:50:58.518289', 0, '2024-09-09 00:50:58.518289', 0, 'fdc4627c-ce7d-45d4-b4c3-fa245b1a00c5', 1000204);
INSERT INTO pos.d_payment VALUES (1000098, 1000004, 1000016, 0, 1000085, NULL, 1000107, 1000001, '2024-09-09', 13, 'COL', 35000, NULL, 'PAYMENT1000097', 'Y', '2024-09-09 00:50:58.533285', 0, '2024-09-09 00:50:58.533285', 0, 'a49ae7bb-8037-4b4a-b6a9-79eeb0eabc1a', 1000204);
INSERT INTO pos.d_payment VALUES (1000100, 1000004, 1000016, 0, NULL, NULL, 1000109, 1000001, '2024-09-18', 13, 'COM', 2000, NULL, 'PAYMENT1000099', 'Y', '2024-09-18 06:59:59.124624', 0, '2024-09-18 06:59:59.124625', 0, 'f775ca63-5b23-4fa4-bc62-8076a6885f0a', 1000489);
INSERT INTO pos.d_payment VALUES (1000102, 1000004, 1000016, 0, NULL, NULL, 1000111, 1000001, '2024-09-18', 13, 'COM', 2000, NULL, 'PAYMENT1000101', 'Y', '2024-09-18 07:02:11.193346', 0, '2024-09-18 07:02:11.193347', 0, '15d988e9-fa48-4492-9ebe-a682e8e77171', 1000489);
INSERT INTO pos.d_payment VALUES (1000104, 1000004, 1000016, 0, NULL, NULL, 1000113, 1000001, '2024-09-18', 13, 'COM', 2000, NULL, 'PAYMENT1000103', 'Y', '2024-09-18 07:18:09.382973', 0, '2024-09-18 07:18:09.382974', 0, '7d25a19e-fd67-444c-bba8-50fe39f74ad0', 1000489);
INSERT INTO pos.d_payment VALUES (1000106, 1000004, 1000016, 0, NULL, NULL, 1000115, 1000001, '2024-09-18', 13, 'COM', 2000, NULL, 'PAYMENT1000105', 'Y', '2024-09-18 07:30:04.183111', 0, '2024-09-18 07:30:04.183111', 0, 'ea0780d9-f752-4f57-a541-f8683de7cce9', 1000489);
INSERT INTO pos.d_payment VALUES (1000108, 1000004, 1000016, 0, NULL, NULL, 1000117, 1000001, '2024-09-18', 13, 'COM', 2000, NULL, 'PAYMENT1000107', 'Y', '2024-09-18 07:41:29.091787', 0, '2024-09-18 07:41:29.091787', 0, '5549bff1-03be-4662-97b0-9bc3c777ddde', 1000491);
INSERT INTO pos.d_payment VALUES (1000110, 1000004, 1000016, 0, NULL, NULL, 1000119, 1000001, '2024-09-18', 13, 'COM', 2000, NULL, 'PAYMENT1000109', 'Y', '2024-09-18 08:24:09.502799', 0, '2024-09-18 08:24:09.5028', 0, '5a167322-97c9-4d67-86d5-0a541693e48d', 1000493);
INSERT INTO pos.d_payment VALUES (1000112, 1000004, 1000016, 0, NULL, NULL, 1000121, 1000001, '2024-09-18', 13, 'COM', 2000, NULL, 'PAYMENT1000111', 'Y', '2024-09-18 08:26:10.693169', 0, '2024-09-18 08:26:10.693169', 0, '68cea754-d63c-410c-b2dd-e46c19f54d26', 1000495);
INSERT INTO pos.d_payment VALUES (1000114, 1000004, 1000016, 0, NULL, NULL, 1000123, 1000005, '2024-09-23', 13, 'COM', 189000, NULL, 'PAYMENT1000113', 'Y', '2024-09-23 10:53:27.959599', 1000069, '2024-09-23 10:53:27.959599', 1000069, 'e7e843a9-a803-402c-8b0d-206f1a85e860', 1000449);
INSERT INTO pos.d_payment VALUES (1000116, 1000004, 1000016, 0, NULL, NULL, 1000123, 1000005, '2024-09-23', 13, 'COM', 189000, NULL, 'PAYMENT1000115', 'Y', '2024-09-23 10:53:28.000446', 1000069, '2024-09-23 10:53:28.000447', 1000069, '9be7f968-f579-4404-a89d-7fefe8a55ac7', 1000449);
INSERT INTO pos.d_payment VALUES (1000118, 1000004, 1000016, 0, NULL, NULL, 1000125, 1000005, '2024-09-23', 13, 'COM', 189000, NULL, 'PAYMENT1000117', 'Y', '2024-09-23 10:54:50.770925', 1000069, '2024-09-23 10:54:50.770926', 1000069, '8a61c078-d405-408a-92a4-b9722fb3f710', 1000449);
INSERT INTO pos.d_payment VALUES (1000120, 1000004, 1000016, 0, NULL, NULL, 1000125, 1000005, '2024-09-23', 13, 'COM', 189000, NULL, 'PAYMENT1000119', 'Y', '2024-09-23 10:54:50.781542', 1000069, '2024-09-23 10:54:50.781542', 1000069, 'ca4cc809-4e0e-4740-88cd-3c40df7ba297', 1000449);
INSERT INTO pos.d_payment VALUES (1000122, 1000004, 1000016, 0, NULL, NULL, 1000127, 1000005, '2024-09-23', 13, 'COM', 40000, NULL, 'PAYMENT1000121', 'Y', '2024-09-23 11:21:21.184866', 1000069, '2024-09-23 11:21:21.184866', 1000069, 'a2993a96-7cf0-457b-8c6f-a5ea3b152719', 1000417);
INSERT INTO pos.d_payment VALUES (1000124, 1000004, 1000016, 0, NULL, NULL, 1000131, 1000005, '2024-09-23', 13, 'COM', 60000, NULL, 'PAYMENT1000123', 'Y', '2024-09-25 14:51:31.411662', 1000069, '2024-09-25 14:51:31.411663', 1000069, '483ba134-b855-47e5-bb9e-51322768ecd3', 1000704);
INSERT INTO pos.d_payment VALUES (1000126, 1000004, 1000016, 0, NULL, NULL, 1000133, 1000005, '2024-09-23', 13, 'COM', 60000, NULL, 'PAYMENT1000125', 'Y', '2024-09-25 14:51:51.666779', 1000069, '2024-09-25 14:51:51.666779', 1000069, '503665f2-f114-4b58-858e-1ec74eaf2074', 1000670);
INSERT INTO pos.d_payment VALUES (1000128, 1000004, 1000016, 0, NULL, NULL, 1000133, 1000005, '2024-09-23', 13, 'COM', 0, NULL, 'PAYMENT1000127', 'Y', '2024-09-25 14:51:51.674924', 1000069, '2024-09-25 14:51:51.674924', 1000069, '068c0ae8-7898-409d-ba03-93c6af4102ee', 1000670);
INSERT INTO pos.d_payment VALUES (1000130, 1000004, 1000016, 0, NULL, NULL, 1000135, 1000005, '2024-09-23', 13, 'COM', 1860000, NULL, 'PAYMENT1000129', 'Y', '2024-09-26 17:30:48.471769', 1000066, '2024-09-26 17:30:48.471769', 1000066, '4fda2ac0-1d04-4312-9e35-f90a8ea2a8fd', 1000738);
INSERT INTO pos.d_payment VALUES (1000132, 1000004, 1000016, 0, NULL, NULL, 1000137, 1000005, '2024-09-23', 13, 'COM', 1860000, NULL, 'PAYMENT1000131', 'Y', '2024-09-26 17:30:52.600483', 1000066, '2024-09-26 17:30:52.600483', 1000066, 'a58d425e-67f2-49db-9a6d-877041ec5cce', 1000738);
INSERT INTO pos.d_payment VALUES (1000134, 1000004, 1000016, 0, NULL, NULL, 1000139, 1000005, '2024-09-23', 13, 'COM', 1860000, NULL, 'PAYMENT1000133', 'Y', '2024-09-26 17:30:55.861608', 1000066, '2024-09-26 17:30:55.861608', 1000066, '5f9d1c61-a050-486e-9042-4fa59704de30', 1000738);
INSERT INTO pos.d_payment VALUES (1000136, 1000004, 1000016, 0, NULL, NULL, 1000141, 1000005, '2024-09-23', 13, 'COM', 1860000, NULL, 'PAYMENT1000135', 'Y', '2024-09-26 17:30:57.208415', 1000066, '2024-09-26 17:30:57.208415', 1000066, '35cc70d3-0fa1-4444-8778-a6ce591f8ebc', 1000738);
INSERT INTO pos.d_payment VALUES (1000138, 1000004, 1000016, 0, NULL, NULL, 1000151, 1000005, '2024-09-23', 13, 'COM', 1860000, NULL, 'PAYMENT1000137', 'Y', '2024-09-26 17:35:40.623484', 1000066, '2024-09-26 17:35:40.623484', 1000066, '079d2fce-8177-4dc8-af83-fcfc0bf2b54f', 1000708);
INSERT INTO pos.d_payment VALUES (1000140, 1000004, 1000016, 0, NULL, NULL, 1000153, 1000005, '2024-09-23', 13, 'COM', 1860000, NULL, 'PAYMENT1000139', 'Y', '2024-09-26 17:36:00.130882', 1000066, '2024-09-26 17:36:00.130882', 1000066, '6e5f11c7-935b-402b-91b7-5ac14e28123e', 1000708);
INSERT INTO pos.d_payment VALUES (1000142, 1000004, 1000016, 0, NULL, NULL, 1000155, 1000005, '2024-09-23', 13, 'COM', 1860000, NULL, 'PAYMENT1000141', 'Y', '2024-09-26 17:36:47.387796', 1000066, '2024-09-26 17:36:47.387796', 1000066, '317192b7-facd-4e36-98f8-87bb320c67e7', 1000738);
INSERT INTO pos.d_payment VALUES (1000144, 1000004, 1000016, 0, NULL, NULL, 1000157, 1000005, '2024-09-23', 13, 'COM', 378000, NULL, 'PAYMENT1000143', 'Y', '2024-09-26 17:39:53.017833', 1000066, '2024-09-26 17:39:53.017833', 1000066, 'b04772c6-c8be-463b-90d7-13f0f6ff0891', 1000618);
INSERT INTO pos.d_payment VALUES (1000146, 1000004, 1000016, 0, NULL, NULL, 1000159, 1000005, '2024-09-23', 13, 'COM', 378000, NULL, 'PAYMENT1000145', 'Y', '2024-09-26 17:44:23.926232', 1000066, '2024-09-26 17:44:23.926232', 1000066, '8b4ad0a2-1f89-4400-8e58-4b00e47863f6', 1000401);
INSERT INTO pos.d_payment VALUES (1000148, 1000004, 1000016, 0, NULL, NULL, 1000165, 1000005, '2024-09-23', 13, 'COM', 100000, NULL, 'PAYMENT1000147', 'Y', '2024-09-26 17:50:23.413348', 1000066, '2024-09-26 17:50:23.413348', 1000066, '461d1e33-0ab6-453d-b195-ddafc32a86a8', 1000536);
INSERT INTO pos.d_payment VALUES (1000150, 1000004, 1000016, 0, NULL, NULL, 1000167, 1000005, '2024-09-23', 13, 'COM', 400000, NULL, 'PAYMENT1000149', 'Y', '2024-09-26 17:58:50.493249', 1000066, '2024-09-26 17:58:50.493249', 1000066, 'b75e0cee-70dc-41e2-82af-1b2a780361d7', 1000662);
INSERT INTO pos.d_payment VALUES (1000152, 1000004, 1000016, 0, NULL, NULL, 1000169, 1000005, '2024-09-23', 13, 'COM', 400000, NULL, 'PAYMENT1000151', 'Y', '2024-09-26 17:58:51.49994', 1000066, '2024-09-26 17:58:51.499941', 1000066, '020951de-a36b-4a4a-9768-0f63fd5b5ded', 1000662);
INSERT INTO pos.d_payment VALUES (1000154, 1000004, 1000016, 0, NULL, NULL, 1000171, 1000005, '2024-09-23', 13, 'COM', 0, NULL, 'PAYMENT1000153', 'Y', '2024-09-26 18:00:12.678762', 1000066, '2024-09-26 18:00:12.678762', 1000066, 'd5c9e724-8beb-44ff-9005-368a1265693f', 1000662);
INSERT INTO pos.d_payment VALUES (1000156, 1000004, 1000016, 0, NULL, NULL, 1000173, 1000005, '2024-09-23', 13, 'COM', 589000, NULL, 'PAYMENT1000155', 'Y', '2024-09-26 18:02:44.51605', 1000066, '2024-09-26 18:02:44.51605', 1000066, '07d45b39-397f-4086-a516-ea37f40c5125', 1000499);
INSERT INTO pos.d_payment VALUES (1000158, 1000004, 1000016, 0, NULL, NULL, 1000175, 1000005, '2024-09-23', 13, 'COM', 1000, NULL, 'PAYMENT1000157', 'Y', '2024-09-26 22:05:26.099867', 1000066, '2024-09-26 22:05:26.099867', 1000066, '2f15a312-95ce-4ef7-9343-639d6b33d3d1', 1000764);
INSERT INTO pos.d_payment VALUES (1000160, 1000004, 1000016, 0, NULL, NULL, 1000177, 1000005, '2024-09-23', 13, 'COM', 12500000, NULL, 'PAYMENT1000159', 'Y', '2024-09-27 09:28:38.452194', 1000066, '2024-09-27 09:28:38.452194', 1000066, '0559c2cd-f676-43e7-9d8f-3817e344cb0a', 1000772);
INSERT INTO pos.d_payment VALUES (1000162, 1000004, 1000016, 0, NULL, NULL, 1000179, 1000005, '2024-09-23', 13, 'COM', 1200000, NULL, 'PAYMENT1000161', 'Y', '2024-09-27 09:30:51.521848', 1000066, '2024-09-27 09:30:51.521848', 1000066, '48d8c59c-c295-4547-8b8d-92f5013c555b', 1000766);
INSERT INTO pos.d_payment VALUES (1000164, 1000004, 1000016, 0, NULL, NULL, 1000181, 1000005, '2024-09-23', 13, 'COM', 45000, NULL, 'PAYMENT1000163', 'Y', '2024-09-27 09:43:39.421741', 1000066, '2024-09-27 09:43:39.421742', 1000066, '4c1cb3ee-0995-43a4-bfda-991aa351ff07', 1000612);
INSERT INTO pos.d_payment VALUES (1000167, 1000004, 1000016, 0, NULL, NULL, 1000184, 1000006, '2024-09-27', 13, 'COM', 2000, NULL, 'PAYMENT1000166', 'Y', '2024-09-27 03:07:56.837401', 0, '2024-09-27 03:07:56.837402', 0, 'e0568f1d-1928-415b-9be7-75d41114affe', 1000786);
INSERT INTO pos.d_payment VALUES (1000168, 1000004, 1000016, 0, NULL, NULL, 1000185, 1000006, '2024-09-27', 13, 'COM', 2000, NULL, 'PAYMENT1000165', 'Y', '2024-09-27 03:07:56.837281', 0, '2024-09-27 03:07:56.837281', 0, 'ed7d118e-1b2b-4940-9dff-02ec01c17253', 1000786);
INSERT INTO pos.d_payment VALUES (1000170, 1000004, 1000016, 0, NULL, NULL, 1000187, 1000006, '2024-09-23', 13, 'COM', 0, NULL, 'PAYMENT1000169', 'Y', '2024-09-27 10:19:13.327216', 1000066, '2024-09-27 10:19:13.327216', 1000066, 'fd36a71d-f185-4807-a5b7-aa203cd2d52e', 1000786);
INSERT INTO pos.d_payment VALUES (1000172, 1000004, 1000016, 0, 1000079, NULL, 1000189, 1000006, '2024-09-23', 13, 'COM', 0, NULL, 'PAYMENT1000171', 'Y', '2024-09-27 10:19:34.257496', 1000066, '2024-09-27 10:19:34.257496', 1000066, 'e6d77908-f316-421c-868e-9015b2dfb520', 1000698);
INSERT INTO pos.d_payment VALUES (1000174, 1000004, 1000016, 0, 1000079, NULL, 1000191, 1000006, '2024-09-23', 13, 'COM', 0, NULL, 'PAYMENT1000173', 'Y', '2024-09-27 10:19:43.67061', 1000066, '2024-09-27 10:19:43.67061', 1000066, '48ae55da-1e42-48f6-b848-ca08a72fc40a', 1000694);
INSERT INTO pos.d_payment VALUES (1000176, 1000004, 1000016, 0, NULL, NULL, 1000193, 1000006, '2024-09-23', 13, 'COM', 0, NULL, 'PAYMENT1000175', 'Y', '2024-09-27 10:19:57.638953', 1000066, '2024-09-27 10:19:57.638953', 1000066, '5128d673-9f3e-47f7-ac75-ce9715da4635', 1000722);
INSERT INTO pos.d_payment VALUES (1000178, 1000004, 1000016, 0, NULL, NULL, 1000195, 1000006, '2024-09-27', 13, 'COM', 2000, NULL, 'PAYMENT1000177', 'Y', '2024-09-27 03:39:46.588276', 0, '2024-09-27 03:39:46.588276', 0, '73dc640a-31ae-4eb0-aadc-61cf7e8af593', 1000794);
INSERT INTO pos.d_payment VALUES (1000180, 1000004, 1000016, 0, NULL, NULL, 1000197, 1000006, '2024-09-27', 13, 'COM', 2000, NULL, 'PAYMENT1000179', 'Y', '2024-09-27 03:39:50.21059', 0, '2024-09-27 03:39:50.210591', 0, '1a3265ea-36ea-4f29-90d9-d2aa4c02bb1d', 1000794);
INSERT INTO pos.d_payment VALUES (1000182, 1000004, 1000016, 0, NULL, NULL, 1000199, 1000006, '2024-09-27', 13, 'COM', 2000, NULL, 'PAYMENT1000181', 'Y', '2024-09-27 03:40:35.529734', 0, '2024-09-27 03:40:35.529734', 0, '988e54aa-277f-4c13-8aab-3a6bdbdb58a7', 1000794);
INSERT INTO pos.d_payment VALUES (1000184, 1000004, 1000016, 0, NULL, NULL, 1000201, 1000006, '2024-09-27', 13, 'COM', 2000, NULL, 'PAYMENT1000183', 'Y', '2024-09-27 03:40:43.34348', 0, '2024-09-27 03:40:43.34348', 0, '776485a7-9600-49a9-83f9-01680e7f7b9d', 1000794);
INSERT INTO pos.d_payment VALUES (1000186, 1000004, 1000016, 0, NULL, NULL, 1000203, 1000006, '2024-09-27', 13, 'COM', 2000, NULL, 'PAYMENT1000185', 'Y', '2024-09-27 03:41:07.348837', 0, '2024-09-27 03:41:07.348838', 0, '65bd9163-9750-479a-b241-2fd974341279', 1000794);
INSERT INTO pos.d_payment VALUES (1000188, 1000004, 1000016, 0, NULL, NULL, 1000205, 1000006, '2024-09-27', 13, 'COM', 2000, NULL, 'PAYMENT1000187', 'Y', '2024-09-27 03:46:32.511615', 0, '2024-09-27 03:46:32.511615', 0, '09859ecc-7ea9-4fe2-af75-e4e9d9fbda6f', 1000796);
INSERT INTO pos.d_payment VALUES (1000190, 1000004, 1000016, 0, NULL, NULL, 1000207, 1000006, '2024-09-27', 13, 'COM', 2000, NULL, 'PAYMENT1000189', 'Y', '2024-09-27 03:46:36.107221', 0, '2024-09-27 03:46:36.107221', 0, '905d98f4-5770-4743-9657-c80bd2f373ff', 1000796);
INSERT INTO pos.d_payment VALUES (1000192, 1000004, 1000016, 0, NULL, NULL, 1000209, 1000006, '2024-09-27', 13, 'COM', 2000, NULL, 'PAYMENT1000191', 'Y', '2024-09-27 03:50:26.716624', 0, '2024-09-27 03:50:26.716624', 0, '7a29ba6f-7761-4ce7-9fa6-602b05d9e4a1', 1000798);
INSERT INTO pos.d_payment VALUES (1000194, 1000004, 1000016, 0, NULL, NULL, 1000211, 1000006, '2024-09-27', 13, 'COM', 2000, NULL, 'PAYMENT1000193', 'Y', '2024-09-27 03:50:30.276592', 0, '2024-09-27 03:50:30.276592', 0, '3751bf82-8093-4942-8041-66e0e7f028e0', 1000798);
INSERT INTO pos.d_payment VALUES (1000196, 1000004, 1000016, 0, NULL, NULL, 1000213, 1000006, '2024-09-27', 13, 'COM', 2000, NULL, 'PAYMENT1000195', 'Y', '2024-09-27 04:06:29.787701', 0, '2024-09-27 04:06:29.787701', 0, '1b53d33e-ec0a-4dd5-a421-3cfc3cc24525', 1000800);
INSERT INTO pos.d_payment VALUES (1000198, 1000004, 1000016, 0, NULL, NULL, 1000215, 1000006, '2024-09-27', 13, 'COM', 2000, NULL, 'PAYMENT1000197', 'Y', '2024-09-27 04:06:34.247612', 0, '2024-09-27 04:06:34.247612', 0, '14bc91da-6073-4c58-a9e2-e315c1b32ddd', 1000800);
INSERT INTO pos.d_payment VALUES (1000200, 1000004, 1000016, 0, NULL, NULL, 1000219, 1000006, '2024-09-23', 13, 'COM', 2000, NULL, 'PAYMENT1000199', 'Y', '2024-09-27 11:18:37.086827', 1000066, '2024-09-27 11:18:37.086827', 1000066, 'cd62c25a-38a6-416d-aa49-48e917d4543b', 1000788);
INSERT INTO pos.d_payment VALUES (1000202, 1000004, 1000016, 0, NULL, NULL, 1000225, 1000006, '2024-09-27', 13, 'COM', 0, NULL, 'PAYMENT1000201', 'Y', '2024-09-27 13:03:19.017877', 1000066, '2024-09-27 13:03:19.017877', 1000066, '109cb4e8-5ca5-414e-9a0b-96d08e799eb2', 1000808);
INSERT INTO pos.d_payment VALUES (1000204, 1000004, 1000016, 0, NULL, NULL, 1000227, 1000006, '2024-09-27', 13, 'COM', 0, NULL, 'PAYMENT1000203', 'Y', '2024-09-27 13:03:47.083378', 1000066, '2024-09-27 13:03:47.083378', 1000066, '52ec2d8d-09e2-458c-8011-e32cc4f543a0', 1000774);
INSERT INTO pos.d_payment VALUES (1000206, 1000004, 1000016, 0, NULL, NULL, 1000229, 1000006, '2024-09-27', 13, 'COM', 0, NULL, 'PAYMENT1000205', 'Y', '2024-09-27 13:38:52.104139', 1000066, '2024-09-27 13:38:52.10414', 1000066, 'ac1fd3bd-0f82-490f-a513-63a428056db1', 1000511);
INSERT INTO pos.d_payment VALUES (1000208, 1000004, 1000016, 0, NULL, NULL, 1000231, 1000005, '2024-09-27', 13, 'COM', 429000, NULL, 'PAYMENT1000207', 'Y', '2024-09-27 16:53:24.900933', 1000066, '2024-09-27 16:53:24.900934', 1000066, '4d052645-358d-4cb5-abf3-d55fbff7b94a', 1000475);
INSERT INTO pos.d_payment VALUES (1000210, 1000004, 1000016, 0, NULL, NULL, 1000233, 1000005, '2024-09-27', 13, 'COM', 60000, NULL, 'PAYMENT1000209', 'Y', '2024-09-27 16:57:18.612625', 1000066, '2024-09-27 16:57:18.612625', 1000066, 'de99c2a5-497b-4cd1-acf4-0e52356f8806', 1000848);
INSERT INTO pos.d_payment VALUES (1000212, 1000004, 1000016, 0, NULL, NULL, 1000235, 1000005, '2024-09-27', 13, 'COM', 20000, NULL, 'PAYMENT1000211', 'Y', '2024-09-27 17:20:12.150266', 1000066, '2024-09-27 17:20:12.150266', 1000066, '4fe8be64-b5dd-4b57-a9f4-cd4778ca73e8', 1000475);
INSERT INTO pos.d_payment VALUES (1000214, 1000004, 1000016, 0, 1000085, NULL, 1000237, 1000006, '2024-09-27', 13, 'COM', 30000, NULL, 'PAYMENT1000213', 'Y', '2024-09-27 17:21:34.010755', 1000066, '2024-09-27 17:21:34.010755', 1000066, 'd18d1881-bc2a-4330-a12e-abb45d5718b9', 1000534);
INSERT INTO pos.d_payment VALUES (1000216, 1000004, 1000016, 0, NULL, NULL, 1000239, 1000006, '2024-09-27', 13, 'COM', 0, NULL, 'PAYMENT1000215', 'Y', '2024-09-27 17:31:25.469473', 1000066, '2024-09-27 17:31:25.469473', 1000066, 'f0c4cee9-0006-4f6a-8696-fda45b7bb5ed', 1000852);
INSERT INTO pos.d_payment VALUES (1000218, 1000004, 1000016, 0, NULL, NULL, 1000241, 1000006, '2024-09-27', 13, 'COM', 0, NULL, 'PAYMENT1000217', 'Y', '2024-09-27 17:32:28.954396', 1000066, '2024-09-27 17:32:28.954397', 1000066, '7aa14c84-08fe-4961-9fc4-d9f81a964b56', 1000830);
INSERT INTO pos.d_payment VALUES (1000220, 1000004, 1000016, 0, NULL, NULL, 1000243, 1000006, '2024-09-27', 13, 'COM', 0, NULL, 'PAYMENT1000219', 'Y', '2024-09-27 17:35:12.452166', 1000066, '2024-09-27 17:35:12.452167', 1000066, '667832e3-3703-409c-ad98-d01a6341592a', 1000856);
INSERT INTO pos.d_payment VALUES (1000222, 1000004, 1000016, 0, NULL, NULL, 1000245, 1000006, '2024-09-27', 13, 'COM', 2000, NULL, 'PAYMENT1000221', 'Y', '2024-09-27 17:38:11.442163', 1000066, '2024-09-27 17:38:11.442164', 1000066, '2b3f23c8-f2dc-42a9-882e-d85687a4c6b6', 1000858);
INSERT INTO pos.d_payment VALUES (1000224, 1000004, 1000016, 0, NULL, NULL, 1000247, 1000006, '2024-09-27', 13, 'COM', 0, NULL, 'PAYMENT1000223', 'Y', '2024-09-27 17:39:53.937694', 1000066, '2024-09-27 17:39:53.937694', 1000066, 'd1634566-ed4b-40fc-a080-443c55f3f63a', 1000860);
INSERT INTO pos.d_payment VALUES (1000226, 1000004, 1000016, 0, NULL, NULL, 1000249, 1000006, '2024-09-27', 13, 'COM', 2000, NULL, 'PAYMENT1000225', 'Y', '2024-09-27 10:40:50.215526', 0, '2024-09-27 10:40:50.215526', 0, '71bf7d1b-602d-4891-964c-5eb66e0633e0', 1000862);
INSERT INTO pos.d_payment VALUES (1000228, 1000004, 1000016, 0, NULL, NULL, 1000251, 1000006, '2024-09-27', 13, 'COM', 2000, NULL, 'PAYMENT1000227', 'Y', '2024-09-27 10:40:54.03184', 0, '2024-09-27 10:40:54.031841', 0, 'e6919b0f-f913-4ed1-b558-d011a8a2ca99', 1000862);
INSERT INTO pos.d_payment VALUES (1000230, 1000004, 1000016, 0, NULL, NULL, 1000253, 1000006, '2024-09-27', 13, 'COM', 2000, NULL, 'PAYMENT1000229', 'Y', '2024-09-30 03:12:32.207962', 0, '2024-09-30 03:12:32.207963', 0, '1ca0574f-8ab1-48ad-9ed5-535d9bac2c09', 1000542);
INSERT INTO pos.d_payment VALUES (1000232, 1000004, 1000016, 0, NULL, NULL, 1000255, 1000006, '2024-09-27', 13, 'COM', 2000, NULL, 'PAYMENT1000231', 'Y', '2024-09-30 03:12:36.501725', 0, '2024-09-30 03:12:36.501725', 0, '4b067f28-d145-4ff3-aa80-5620019e9d7d', 1000542);


--
-- TOC entry 5529 (class 0 OID 393764)
-- Dependencies: 371
-- Data for Name: d_paymethod_org; Type: TABLE DATA; Schema: pos; Owner: -
--

INSERT INTO pos.d_paymethod_org VALUES (1000010, 1000011, 1000004, 1000016, 'MB_SSGJSC', 'SSGJSC1', 'NdNgCLQ9Uo7C5qWyZbKWGyONavFUD06XIiDJvDBbi20cRCmcwnUvzDoaRljZsKax', '', '2024-09-27 11:46:45.198406', 1000066, '2024-09-27 11:46:45.198407', 1000066, 'd866b311-f519-416c-a001-a35c17725726', 'Y', 'SSGJSC');


--
-- TOC entry 5511 (class 0 OID 393129)
-- Dependencies: 349
-- Data for Name: d_pc_terminalaccess; Type: TABLE DATA; Schema: pos; Owner: -
--

INSERT INTO pos.d_pc_terminalaccess VALUES (1000135, 1000004, 1000038, 1000032, NULL, '2024-09-26 00:00:05.345415', 1000069, '2024-09-26 00:00:05.345415', 1000069, 'b0f00191-ca58-4fa3-a771-bb717740b52a', 'Y', 1000413);
INSERT INTO pos.d_pc_terminalaccess VALUES (1000136, 1000004, 1000038, 1000032, NULL, '2024-09-26 00:00:05.785815', 1000069, '2024-09-26 00:00:05.785815', 1000069, 'e4bfa3dc-2095-45e9-9047-a9624691343c', 'Y', 1000406);
INSERT INTO pos.d_pc_terminalaccess VALUES (1000137, 1000004, 1000038, 1000035, NULL, '2024-09-26 00:00:06.667493', 1000069, '2024-09-26 00:00:06.667493', 1000069, 'ef3a3dab-06e0-40fe-987f-1ef7e3b497e1', 'Y', 1000414);
INSERT INTO pos.d_pc_terminalaccess VALUES (1000138, 1000004, 1000038, 1000029, NULL, '2024-09-26 00:00:06.968128', 1000069, '2024-09-26 00:00:06.968128', 1000069, 'a1252085-1632-48bc-a9b3-45304a5a5c0a', 'Y', 1000414);
INSERT INTO pos.d_pc_terminalaccess VALUES (1000139, 1000004, 1000038, 1000032, NULL, '2024-09-26 00:00:07.049272', 1000069, '2024-09-26 00:00:07.049272', 1000069, '57aadb9a-a02a-43d9-95f4-3bf731c79a3a', 'Y', 1000414);
INSERT INTO pos.d_pc_terminalaccess VALUES (1000140, 1000004, 1000038, 1000036, NULL, '2024-09-26 00:00:07.255988', 1000069, '2024-09-26 00:00:07.255988', 1000069, '7675b1d0-779c-4b2d-8ff9-2e2ffa4a4c82', 'Y', 1000414);
INSERT INTO pos.d_pc_terminalaccess VALUES (1000141, 1000004, 1000038, 1000032, NULL, '2024-09-26 00:00:10.200914', 1000069, '2024-09-26 00:00:10.200914', 1000069, 'ac745c1c-0aae-49a3-907e-7e45e21546ca', 'Y', 1000415);
INSERT INTO pos.d_pc_terminalaccess VALUES (1000142, 1000004, 1000038, 1000032, NULL, '2024-09-26 00:00:12.165547', 1000069, '2024-09-26 00:00:12.165547', 1000069, 'ea3402e5-2e2a-4678-bc86-a9a87321f455', 'Y', 1000416);
INSERT INTO pos.d_pc_terminalaccess VALUES (1000143, 1000004, 1000038, 1000032, NULL, '2024-09-26 00:00:12.545252', 1000069, '2024-09-26 00:00:12.545252', 1000069, '07dd788b-5f99-42d6-be50-76deb0e94b22', 'Y', 1000411);
INSERT INTO pos.d_pc_terminalaccess VALUES (1000144, 1000004, 1000038, 1000036, NULL, '2024-09-26 00:00:12.615816', 1000069, '2024-09-26 00:00:12.615816', 1000069, '4a6f58ba-d6ec-4bf0-8e97-aee325a9296f', 'Y', 1000411);
INSERT INTO pos.d_pc_terminalaccess VALUES (1000145, 1000004, 1000038, 1000032, NULL, '2024-09-26 00:00:13.61352', 1000069, '2024-09-26 00:00:13.61352', 1000069, '9e85b816-b4f6-4baf-ab20-c7eb24ec22f6', 'Y', 1000412);
INSERT INTO pos.d_pc_terminalaccess VALUES (1000146, 1000004, 1000038, 1000036, NULL, '2024-09-26 00:00:13.676392', 1000069, '2024-09-26 00:00:13.676392', 1000069, 'd32620d3-fb9d-43fb-a3d2-a494eaddbdf2', 'Y', 1000412);
INSERT INTO pos.d_pc_terminalaccess VALUES (1000147, 1000004, 1000038, 1000032, NULL, '2024-09-26 00:34:04.902036', 1000069, '2024-09-26 00:34:04.902036', 1000069, '88b3980b-ebb6-4193-a662-89ed71c888de', 'Y', 1000413);
INSERT INTO pos.d_pc_terminalaccess VALUES (1000148, 1000004, 1000038, 1000032, NULL, '2024-09-26 00:34:05.219083', 1000069, '2024-09-26 00:34:05.219083', 1000069, 'f18e5aa2-007a-4cbd-b77b-a0c753070fee', 'Y', 1000406);
INSERT INTO pos.d_pc_terminalaccess VALUES (1000149, 1000004, 1000038, 1000035, NULL, '2024-09-26 00:34:05.67766', 1000069, '2024-09-26 00:34:05.67766', 1000069, '4fa2719f-0ebd-414c-8f5b-6c2908ed11f6', 'Y', 1000414);
INSERT INTO pos.d_pc_terminalaccess VALUES (1000150, 1000004, 1000038, 1000029, NULL, '2024-09-26 00:34:05.753426', 1000069, '2024-09-26 00:34:05.753426', 1000069, 'cd804b71-bbb0-4648-8f62-b7eefee583df', 'Y', 1000414);
INSERT INTO pos.d_pc_terminalaccess VALUES (1000151, 1000004, 1000038, 1000036, NULL, '2024-09-26 00:34:05.802422', 1000069, '2024-09-26 00:34:05.802422', 1000069, '77030dc6-a6a1-4ca0-8d33-212e7e416995', 'Y', 1000414);
INSERT INTO pos.d_pc_terminalaccess VALUES (1000152, 1000004, 1000038, 1000032, NULL, '2024-09-26 00:34:05.838831', 1000069, '2024-09-26 00:34:05.838831', 1000069, 'a700d002-1461-464a-b8b7-37ee213ef655', 'Y', 1000414);
INSERT INTO pos.d_pc_terminalaccess VALUES (1000153, 1000004, 1000038, 1000032, NULL, '2024-09-26 00:34:06.722524', 1000069, '2024-09-26 00:34:06.722524', 1000069, 'dc2e4c4e-958c-4ceb-9588-fc287aa733ca', 'Y', 1000415);
INSERT INTO pos.d_pc_terminalaccess VALUES (1000154, 1000004, 1000038, 1000032, NULL, '2024-09-26 00:34:08.413158', 1000069, '2024-09-26 00:34:08.413158', 1000069, 'c5e7d759-c7a4-4b87-a09e-b3c1fba3c6a1', 'Y', 1000416);
INSERT INTO pos.d_pc_terminalaccess VALUES (1000155, 1000004, 1000038, 1000032, NULL, '2024-09-26 00:34:08.811417', 1000069, '2024-09-26 00:34:08.811417', 1000069, '5f6abedb-cd6a-49eb-92b5-a7758e3b64f9', 'Y', 1000411);
INSERT INTO pos.d_pc_terminalaccess VALUES (1000156, 1000004, 1000038, 1000036, NULL, '2024-09-26 00:34:08.861966', 1000069, '2024-09-26 00:34:08.861966', 1000069, '0da27894-ed35-4cf2-9149-6a588bac7594', 'Y', 1000411);
INSERT INTO pos.d_pc_terminalaccess VALUES (1000157, 1000004, 1000038, 1000032, NULL, '2024-09-26 00:34:09.718924', 1000069, '2024-09-26 00:34:09.718924', 1000069, '3412c3c9-2d54-4219-a3e5-905fbd4aa4ce', 'Y', 1000412);
INSERT INTO pos.d_pc_terminalaccess VALUES (1000158, 1000004, 1000038, 1000036, NULL, '2024-09-26 00:34:09.759651', 1000069, '2024-09-26 00:34:09.759651', 1000069, '2dd4826b-9007-4ca2-a5b8-bb23be00341a', 'Y', 1000412);
INSERT INTO pos.d_pc_terminalaccess VALUES (1000159, 1000004, 1000038, 1000032, NULL, '2024-09-27 00:51:30.221263', 1000066, '2024-09-27 00:51:30.221263', 1000066, '5b7b2da2-6672-4da1-80e6-12a573fdfef9', 'Y', 1000413);
INSERT INTO pos.d_pc_terminalaccess VALUES (1000160, 1000004, 1000038, 1000032, NULL, '2024-09-27 00:51:30.256232', 1000066, '2024-09-27 00:51:30.256233', 1000066, '6bcd2db4-ddc0-4e98-9f60-32ee041b58ba', 'Y', 1000406);
INSERT INTO pos.d_pc_terminalaccess VALUES (1000161, 1000004, 1000038, 1000035, NULL, '2024-09-27 00:51:30.292729', 1000066, '2024-09-27 00:51:30.29273', 1000066, '3c7ab028-5eb3-41db-ab95-897efe802e98', 'Y', 1000414);
INSERT INTO pos.d_pc_terminalaccess VALUES (1000162, 1000004, 1000038, 1000029, NULL, '2024-09-27 00:51:30.325272', 1000066, '2024-09-27 00:51:30.325273', 1000066, '99747730-b667-4e91-9311-1c535ab60188', 'Y', 1000414);
INSERT INTO pos.d_pc_terminalaccess VALUES (1000163, 1000004, 1000038, 1000036, NULL, '2024-09-27 00:51:30.366221', 1000066, '2024-09-27 00:51:30.366222', 1000066, 'bf68bfb5-cd2e-4c53-b9a0-2238a7699c95', 'Y', 1000414);
INSERT INTO pos.d_pc_terminalaccess VALUES (1000164, 1000004, 1000038, 1000032, NULL, '2024-09-27 00:51:30.414084', 1000066, '2024-09-27 00:51:30.414084', 1000066, '24d85e8c-1b11-4af3-ba90-66cb2814acf0', 'Y', 1000414);
INSERT INTO pos.d_pc_terminalaccess VALUES (1000165, 1000004, 1000038, 1000032, NULL, '2024-09-27 00:51:30.448047', 1000066, '2024-09-27 00:51:30.448048', 1000066, 'c10dd3ef-fd74-493e-b83a-8a725cd96940', 'Y', 1000415);
INSERT INTO pos.d_pc_terminalaccess VALUES (1000166, 1000004, 1000038, 1000032, NULL, '2024-09-27 00:51:30.479631', 1000066, '2024-09-27 00:51:30.479632', 1000066, '8053a8b0-2eb9-40a3-a949-f3cc8b895f58', 'Y', 1000416);
INSERT INTO pos.d_pc_terminalaccess VALUES (1000167, 1000004, 1000038, 1000032, NULL, '2024-09-27 00:51:30.511459', 1000066, '2024-09-27 00:51:30.51146', 1000066, '32532962-ef5a-4752-8625-f99ef3b7b9b2', 'Y', 1000411);
INSERT INTO pos.d_pc_terminalaccess VALUES (1000168, 1000004, 1000038, 1000036, NULL, '2024-09-27 00:51:30.554375', 1000066, '2024-09-27 00:51:30.554376', 1000066, '769b7f2f-5cf0-4507-97ad-73c4b585e436', 'Y', 1000411);
INSERT INTO pos.d_pc_terminalaccess VALUES (1000169, 1000004, 1000038, 1000032, NULL, '2024-09-27 00:51:30.585303', 1000066, '2024-09-27 00:51:30.585303', 1000066, '8e02ee95-ac25-42e6-b94e-aa7b15578536', 'Y', 1000412);
INSERT INTO pos.d_pc_terminalaccess VALUES (1000170, 1000004, 1000038, 1000036, NULL, '2024-09-27 00:51:30.614538', 1000066, '2024-09-27 00:51:30.614538', 1000066, 'b582f0a5-95c2-4f62-86f4-b55230e7cf9b', 'Y', 1000412);


--
-- TOC entry 5549 (class 0 OID 409290)
-- Dependencies: 406
-- Data for Name: d_pos_closedcash; Type: TABLE DATA; Schema: pos; Owner: -
--



--
-- TOC entry 5406 (class 0 OID 385742)
-- Dependencies: 243
-- Data for Name: d_pos_order; Type: TABLE DATA; Schema: pos; Owner: -
--

INSERT INTO pos.d_pos_order VALUES (1000908, 1000004, 1000016, NULL, '', 'COM', 'POS', NULL, 1000164, 999975, 1000042, NULL, 'Y', '2024-09-30', '2024-09-30 15:28:52.176849', 1000066, '2024-09-30 15:28:54.803253', 1000066, 'Thanh NC', 'POS1000907', 1000000, NULL, 1000008, 'dbb61231-6198-49fd-84d9-ad87b1da9dd0', 90000, NULL, 'N', NULL, 1000008, NULL, NULL, 1000036, 'N', NULL, NULL, NULL, 'N', NULL, NULL, 90000, 1000002);
INSERT INTO pos.d_pos_order VALUES (1000910, 1000004, 1000016, NULL, '', 'DRA', 'POS', NULL, 1000162, 999972, 1000070, NULL, 'Y', '2024-09-30', '2024-09-30 16:23:06.960561', 1000066, '2024-09-30 16:23:06.960561', 1000066, 'Khch l', 'POS1000909', 1000000, NULL, 1000008, '5e96fa19-b5da-4450-ad95-98c4288111fd', 0, NULL, 'N', NULL, 1000008, NULL, NULL, 1000036, 'N', NULL, NULL, NULL, 'N', NULL, NULL, 0, 1000002);
INSERT INTO pos.d_pos_order VALUES (1000914, 1000004, 1000016, 0, '', 'DRA', 'POS', NULL, 1000162, 999972, 1000070, NULL, 'Y', '2024-10-02', '2024-10-02 01:46:51.24899', 1000066, '2024-10-02 01:46:51.24899', 1000066, 'Khch l', 'POS1000913', 1000000, NULL, 1000008, 'cd005558-b22b-4a28-b4bf-57fe199a75c2', 40000, NULL, 'N', NULL, 1000008, NULL, NULL, 1000039, 'N', NULL, NULL, NULL, 'N', NULL, NULL, 40000, 1000002);
INSERT INTO pos.d_pos_order VALUES (1000918, 1000004, 1000016, 0, '', 'DRA', 'POS', NULL, 1000162, 999972, 1000070, NULL, 'Y', '2024-10-02', '2024-10-02 02:06:49.025271', 1000066, '2024-10-02 02:06:49.025272', 1000066, 'Khch l', 'POS1000917', 1000000, NULL, 1000008, 'e6c9ad4b-a272-4679-89ce-253f82803a05', 0, NULL, 'N', NULL, 1000008, NULL, NULL, 1000039, 'N', NULL, NULL, NULL, 'N', NULL, NULL, 0, 1000002);
INSERT INTO pos.d_pos_order VALUES (1000904, 1000004, 1000016, 1000055, '0326647677', 'DRA', 'POS', NULL, 1000165, 1000165, 1000070, NULL, 'Y', '2024-09-30', '2024-09-30 06:44:20.369323', 1000066, '2024-10-02 02:16:19.683298', 1000066, 'Tuyt Nh', 'POS1000903', 1000000, NULL, 1000008, 'e731bceb-92d8-4000-8816-e45663afac89', 52000, NULL, 'N', NULL, 1000008, NULL, NULL, 1000039, 'N', NULL, NULL, NULL, 'N', NULL, NULL, 52000, 1000002);
INSERT INTO pos.d_pos_order VALUES (1000920, 1000004, 1000016, NULL, '', 'DRA', 'POS', NULL, 1000045, 999973, 1000070, NULL, 'Y', '2024-10-02', '2024-10-02 10:53:03.696377', 1000066, '2024-10-02 10:53:03.696378', 1000066, 'Khch l', 'POS1000919', 1000000, NULL, 1000008, '06a6a09c-4642-4c56-8aa7-753e637537fe', 50000, NULL, 'N', NULL, 1000008, NULL, NULL, 1000039, 'N', NULL, NULL, NULL, 'N', NULL, NULL, 50000, 1000002);
INSERT INTO pos.d_pos_order VALUES (1000922, 1000004, 1000016, NULL, '', 'DRA', 'POS', NULL, 1000045, 999973, 1000070, NULL, 'Y', '2024-10-02', '2024-10-02 10:53:20.520003', 1000066, '2024-10-02 10:53:20.520004', 1000066, 'Khch l', 'POS1000921', 1000000, NULL, 1000008, 'fd142c6c-0346-4005-a6e2-1d1f74f14aa2', 50000, NULL, 'N', NULL, 1000008, NULL, NULL, 1000039, 'N', NULL, NULL, NULL, 'N', NULL, NULL, 50000, 1000002);
INSERT INTO pos.d_pos_order VALUES (1000511, 1000004, 1000016, NULL, '00000000', 'COM', 'POS', NULL, 1000062, 1000062, 1000070, NULL, 'Y', '2024-09-19', '2024-09-19 22:26:27.126997', 1000069, '2024-09-27 13:38:52.124884', 1000066, 'Thanh NC', 'POS1000510', 1000000, NULL, 1000008, 'd8434197-31da-4c64-a4b0-7a176ae4c1b6', 236000, NULL, NULL, NULL, 1000008, NULL, NULL, 1000035, NULL, NULL, NULL, NULL, NULL, NULL, NULL, 236000, 1000002);
INSERT INTO pos.d_pos_order VALUES (1000924, 1000004, 1000016, NULL, '', 'DRA', 'POS', NULL, 1000073, 999972, 1000070, NULL, 'Y', '2024-10-02', '2024-10-02 10:58:47.841947', 1000066, '2024-10-02 10:58:47.841965', 1000066, 'Khch l', 'POS1000923', 1000000, NULL, 1000008, 'f7d5e568-47b8-470e-9868-dde8be5cb050', 0, NULL, 'N', NULL, 1000008, NULL, NULL, 1000039, 'N', NULL, NULL, NULL, 'N', NULL, NULL, 0, 1000002);
INSERT INTO pos.d_pos_order VALUES (1000534, 1000004, 1000016, 1000085, '00000000', 'COM', 'POS', 'N', 1000063, 1000063, 1000070, 3, 'Y', '2024-09-09', '2024-09-20 08:48:57.580329', 1000069, '2024-09-27 17:21:34.026218', 1000066, 'Thanh NC', 'POS1000533', 1000000, 1000007, 1000008, '1124a5de-4528-44b9-98e9-773638652e87', 30000, NULL, 'N', NULL, 1000008, NULL, NULL, 0, 'N', NULL, NULL, NULL, 'N', NULL, NULL, 30000, 1000002);
INSERT INTO pos.d_pos_order VALUES (1000483, 1000004, 1000016, NULL, '00000000', 'COM', 'POS', NULL, 1000070, 1000070, 1000070, NULL, 'Y', '2024-09-17', '2024-09-17 17:34:51.456229', 1000069, '2024-09-26 17:49:28.052249', 1000066, 'Thanh NC', 'POS1000481', 1000000, NULL, 1000008, 'e3d73749-44f6-4c79-8e95-87a66da5f9b7', 409100, NULL, NULL, NULL, 1000008, NULL, NULL, 1000034, NULL, NULL, NULL, NULL, NULL, NULL, NULL, 409100, 1000002);
INSERT INTO pos.d_pos_order VALUES (1000906, 1000004, 1000016, NULL, '', 'DRA', 'POS', NULL, 1000165, 999975, 1000070, NULL, 'Y', '2024-09-30', '2024-09-30 06:44:33.012197', 1000066, '2024-09-30 06:44:33.012198', 1000066, 'Khch l', 'POS1000905', 1000000, NULL, 1000008, '8920b517-f336-4732-826c-35c31e02b455', 52000, NULL, 'N', NULL, 1000008, NULL, NULL, 1000036, 'N', NULL, NULL, NULL, 'N', NULL, NULL, 52000, 1000002);
INSERT INTO pos.d_pos_order VALUES (1000700, 1000004, 1000016, 1000079, '00000000', 'DRA', 'POS', 'N', 1000078, 999972, 1000079, 3, 'Y', '2024-09-25', '2024-09-25 11:24:27.362051', 1000069, '2024-09-30 16:18:14.896071', 1000066, 'Thanh NC', 'POS1000699', 1000000, 1000013, 1000008, '857777ae-925f-4b70-af34-a78efe76d8cf', 0, NULL, 'N', NULL, 1000008, NULL, NULL, 1000036, 'N', NULL, NULL, NULL, 'N', NULL, NULL, 0, 1000002);
INSERT INTO pos.d_pos_order VALUES (1000912, 1000004, 1000016, NULL, '', 'COM', 'POS', NULL, 1000164, 999975, 1000042, NULL, 'Y', '2024-09-30', '2024-09-30 16:23:53.436017', 1000066, '2024-09-30 16:23:55.3996', 1000066, 'Thanh NC', 'POS1000911', 1000000, NULL, 1000008, '208c641f-625e-4063-aa94-d45bbf1ef803', 60000, NULL, 'N', NULL, 1000008, NULL, NULL, 1000036, 'N', NULL, NULL, NULL, 'N', NULL, NULL, 60000, 1000002);
INSERT INTO pos.d_pos_order VALUES (1000536, 1000004, 1000016, NULL, '00000000', 'COM', 'POS', NULL, 1000064, 1000064, 1000070, NULL, 'Y', '2024-09-20', '2024-09-20 08:55:00.671079', 1000069, '2024-09-26 17:50:23.425901', 1000066, 'Thanh NC', 'POS1000535', 1000000, NULL, 1000008, 'fba9dec6-4616-42a1-99ec-bce007787835', 100000, NULL, 'N', NULL, 1000008, NULL, NULL, 1000034, 'N', NULL, NULL, NULL, 'N', NULL, NULL, 100000, 1000002);
INSERT INTO pos.d_pos_order VALUES (1000916, 1000004, 1000016, 0, '', 'DRA', 'POS', NULL, 1000162, 999972, 1000070, NULL, 'Y', '2024-10-02', '2024-10-02 01:49:21.943149', 1000066, '2024-10-02 01:49:21.943152', 1000066, 'Khch l', 'POS1000915', 1000000, NULL, 1000008, 'e6656f7c-dedd-4268-8d1f-de6cd23f55fb', 40000, NULL, 'N', NULL, 1000008, NULL, NULL, 1000039, 'N', NULL, NULL, NULL, 'N', NULL, NULL, 40000, 1000002);
INSERT INTO pos.d_pos_order VALUES (1000692, 1000004, 1000016, 1000079, '00000000', 'DRA', 'WEB', 'N', 1000037, 999972, 1000079, 3, 'Y', '2024-09-25', '2024-09-25 11:21:16.884023', 1000069, '2024-09-25 11:21:16.884024', 1000069, 'Thanh NC', 'POS1000691', 1000000, 1000013, NULL, 'e7a822be-1166-485a-b860-9324f76be68d', NULL, NULL, 'N', NULL, NULL, NULL, NULL, NULL, 'N', NULL, NULL, NULL, 'N', NULL, NULL, NULL, 1000002);
INSERT INTO pos.d_pos_order VALUES (1000696, 1000004, 1000016, 1000079, '00000000', 'DRA', 'WEB', 'N', 1000045, 999972, 1000079, 3, 'Y', '2024-09-25', '2024-09-25 11:23:25.943137', 1000069, '2024-09-25 11:23:25.943137', 1000069, 'Thanh NC', 'POS1000695', 1000000, 1000013, NULL, '3b04fe90-e383-46ba-844b-c2bc1642dff2', NULL, NULL, 'N', NULL, NULL, NULL, NULL, NULL, 'N', NULL, NULL, NULL, 'N', NULL, NULL, NULL, 1000002);
INSERT INTO pos.d_pos_order VALUES (1000766, 1000004, 1000016, NULL, '', 'COM', 'POS', NULL, 1000074, 999977, 1000070, NULL, 'Y', '2024-09-26', '2024-09-26 22:33:21.765624', 1000066, '2024-09-27 09:30:51.539981', 1000066, 'Lu Sc Dn ', 'POS1000765', 1000000, NULL, 1000008, 'c9379b48-ffb9-4571-986a-28295aed0110', 0, NULL, 'N', NULL, 1000008, NULL, NULL, 1000034, 'N', NULL, NULL, NULL, 'N', NULL, NULL, 0, 1000002);
INSERT INTO pos.d_pos_order VALUES (1000704, 1000004, 1000016, NULL, '0099999988', 'COM', 'POS', NULL, 1000060, 1000060, 1000070, NULL, 'Y', '2024-09-25', '2024-09-25 14:51:14.003864', 1000069, '2024-09-25 14:51:31.457829', 1000069, 'Nguyn Hng Lam', 'POS1000703', 1000000, NULL, 1000008, 'd59dd979-776d-4c5c-9f6c-1bbae9fcb389', 60000, NULL, 'N', NULL, 1000008, NULL, NULL, 1000029, 'N', NULL, NULL, NULL, 'N', NULL, NULL, 60000, 1000002);
INSERT INTO pos.d_pos_order VALUES (1000475, 1000004, 1000016, NULL, '00000000', 'COM', 'POS', NULL, 1000070, 1000070, 1000070, NULL, 'Y', '2024-09-17', '2024-09-17 17:24:52.799012', 1000069, '2024-09-27 17:20:12.186308', 1000066, 'Thanh NC', 'POS1000474', 1000000, NULL, 1000008, '0977d51c-49d4-4259-8b55-5f2f66ca97ae', 429000, NULL, NULL, NULL, 1000008, NULL, NULL, 1000035, NULL, NULL, NULL, NULL, NULL, NULL, NULL, 429000, 1000002);
INSERT INTO pos.d_pos_order VALUES (1000612, 1000004, 1000016, NULL, '0099999988', 'COM', 'POS', NULL, 1000164, 1000164, 1000070, NULL, 'Y', '2024-09-23', '2024-09-23 11:43:00.780357', 1000069, '2024-09-27 09:43:39.438849', 1000066, 'Nguyn Hng Lam', 'POS1000611', 1000000, NULL, 1000008, 'f07d345c-26e8-4ff0-a453-fe8e9ee36b4f', 45000, NULL, 'N', NULL, 1000008, NULL, NULL, 1000034, 'N', NULL, NULL, NULL, 'N', NULL, NULL, 45000, 1000002);
INSERT INTO pos.d_pos_order VALUES (1000722, 1000004, 1000016, NULL, '', 'COM', 'POS', NULL, 1000055, 1000055, 1000070, NULL, 'Y', '2024-09-26', '2024-09-26 10:19:01.076595', 1000069, '2024-09-27 10:19:57.652622', 1000066, 'Khch l', 'POS1000721', 1000000, NULL, 1000008, 'e882e081-9a42-45c2-a1f8-a0e4fa044b18', 60000, NULL, 'N', NULL, 1000008, NULL, NULL, 0, 'N', NULL, NULL, NULL, 'N', NULL, NULL, 60000, 1000002);
INSERT INTO pos.d_pos_order VALUES (1000804, 1000004, 1000016, NULL, '222', 'COM', 'POS', NULL, 1000163, 999973, 1000042, NULL, 'Y', '2024-09-27', '2024-09-27 11:10:24.276649', 1000066, '2024-09-27 11:10:28.330188', 1000066, 'Thanh NC', 'POS1000803', 1000000, NULL, 1000008, '03ede0aa-94c0-44a6-ad98-4facee2e7510', 12300000, NULL, 'N', NULL, 1000008, NULL, NULL, 1000034, 'N', NULL, NULL, NULL, 'N', NULL, NULL, 12300000, 1000002);
INSERT INTO pos.d_pos_order VALUES (1000618, 1000004, 1000016, NULL, '', 'COM', 'POS', NULL, 1000074, 1000074, 1000070, NULL, 'Y', '2024-09-23', '2024-09-23 11:47:30.915634', 1000069, '2024-09-26 17:39:53.031007', 1000066, 'Khch l', 'POS1000617', 1000000, NULL, 1000008, '96bf02b5-fca1-42de-9c9c-974b00f2d851', 378000, NULL, 'N', NULL, 1000008, NULL, NULL, 1000034, 'N', NULL, NULL, NULL, 'N', NULL, NULL, 378000, 1000002);
INSERT INTO pos.d_pos_order VALUES (1000698, 1000004, 1000016, 1000079, '00000000', 'COM', 'POS', 'N', 1000047, 1000047, 1000070, 3, 'Y', '2024-09-25', '2024-09-25 11:23:35.338047', 1000069, '2024-09-27 10:19:34.268841', 1000066, 'Thanh NC', 'POS1000697', 1000000, 1000013, 1000008, '1c59881d-3783-4f87-9dd2-69f15de6dc38', 0, NULL, 'N', NULL, 1000008, NULL, NULL, 0, 'N', NULL, NULL, NULL, 'N', NULL, NULL, 0, 1000002);
INSERT INTO pos.d_pos_order VALUES (1000772, 1000004, 1000016, NULL, '', 'COM', 'POS', NULL, 1000164, 999975, 1000042, NULL, 'Y', '2024-09-26', '2024-09-26 23:19:13.687837', 1000066, '2024-09-27 09:28:38.498181', 1000066, 'Thanh NC', 'POS1000771', 1000000, NULL, 1000008, '1174b7d0-9519-4564-8596-ef04b8806ead', 330000, NULL, 'N', NULL, 1000008, NULL, NULL, 1000034, 'N', '00020101021238570010A000000727012700069704220113VQRQ0003dqtk20208QRIBFTTA530370454063300005802VN62190107NPS68690804CKPM63043BCF', NULL, NULL, 'N', NULL, NULL, 330000, 1000002);
INSERT INTO pos.d_pos_order VALUES (1000449, 1000004, 1000016, NULL, '00000000', 'COM', 'POS', NULL, 1000077, 1000077, 1000042, NULL, 'Y', '2024-09-17', '2024-09-17 16:41:04.810048', 1000069, '2024-09-23 10:53:28.033128', 1000069, 'Thanh NC', 'POS1000448', 1000000, NULL, NULL, 'd37f4ca3-9636-4197-9b55-9a73d6c666ef', 189000, NULL, NULL, NULL, 1000003, NULL, NULL, 1000010, NULL, '00020101021238570010A000000727012700069704220113VQRQ000398ls00208QRIBFTTA5303704540720790005802VN62190107NPS68690804CKPM6304574E', NULL, NULL, NULL, NULL, NULL, 189000, 1000002);
INSERT INTO pos.d_pos_order VALUES (1000417, 1000004, 1000016, NULL, '00000000', 'COM', 'POS', NULL, 1000077, 1000077, 1000042, NULL, 'Y', '2024-09-16', '2024-09-16 15:02:16.209716', 1000069, '2024-09-23 11:21:21.210025', 1000069, 'Thanh NC', 'POS1000415', 1000000, NULL, NULL, '65d4106a-a2ba-4f71-8e76-488965d4c9eb', 40000, NULL, NULL, NULL, 1000003, NULL, NULL, 1000010, NULL, '00020101021238570010A000000727012700069704220113VQRQ000398gfu0208QRIBFTTA53037045405400005802VN62190107NPS68690804CKPM6304CC7E', NULL, NULL, NULL, NULL, NULL, 40000, 1000002);
INSERT INTO pos.d_pos_order VALUES (1000690, 1000004, 1000016, 1000079, '00000000', 'DRA', 'WEB', 'N', 1000032, 999972, 1000079, 3, 'Y', '2024-09-25', '2024-09-25 11:20:46.167317', 1000069, '2024-09-25 11:20:46.167317', 1000069, 'Thanh NC', 'POS1000689', 1000000, 1000013, NULL, '03fa93d0-3746-48a3-89df-8de9a1e03c4c', NULL, NULL, 'N', NULL, NULL, NULL, NULL, NULL, 'N', NULL, NULL, NULL, 'N', NULL, NULL, NULL, 1000002);
INSERT INTO pos.d_pos_order VALUES (1000800, 1000004, 1000016, NULL, '', 'COM', 'POS', NULL, 1000076, 999972, 1000042, NULL, 'Y', '2024-09-27', '2024-09-27 11:05:52.619441', 1000066, '2024-09-27 04:06:34.362071', 0, 'Thanh NC', 'POS1000799', 1000000, NULL, 1000008, '12c5605d-9794-4e86-a39b-7ac2c82cb9c2', 2000, NULL, 'N', NULL, 1000008, NULL, NULL, 1000034, 'N', '00020101021238570010A000000727012700069704220113VQRQ0003dur9m0208QRIBFTTA5303704540420005802VN62190107NPS68690804CKPM6304DA4E', 'FT24271523088105', 1000034, 'N', NULL, NULL, 2000, 1000002);
INSERT INTO pos.d_pos_order VALUES (1000493, 1000004, 1000016, 1000085, '00000000', 'COM', 'POS', NULL, 1000065, 1000065, 1000042, NULL, 'Y', '2024-09-17', '2024-09-17 17:54:41.284108', 1000069, '2024-09-19 15:50:32.780624', 1000069, 'Thanh NC', 'POS1000492', 1000000, NULL, NULL, 'd54aede6-efbb-47c2-b194-aa8568cae1b6', 2221600, NULL, NULL, NULL, 1000003, NULL, NULL, 1000010, NULL, '00020101021238570010A000000727012700069704220113VQRQ00039b9f20208QRIBFTTA5303704540420005802VN62190107NPS68690804CKPM63046ADD', 'FT24262343595062', 1000020, NULL, NULL, NULL, 220000, 1000002);
INSERT INTO pos.d_pos_order VALUES (1000708, 1000004, 1000016, NULL, '', 'COM', 'POS', NULL, 1000162, 1000162, 1000070, NULL, 'Y', '2024-09-25', '2024-09-25 18:31:34.830969', 1000069, '2024-09-26 17:33:25.495309', 1000066, 'Khch l', 'POS1000707', 1000000, NULL, 1000008, '46f9338d-c5fa-4a11-92ef-5ccd5aab6a5f', 1860000, NULL, 'N', NULL, 1000008, NULL, NULL, 1000034, 'N', NULL, NULL, NULL, 'N', NULL, NULL, 1860000, 1000002);
INSERT INTO pos.d_pos_order VALUES (1000738, 1000004, 1000016, NULL, '', 'COM', 'POS', NULL, 1000162, 1000162, 1000070, NULL, 'Y', '2024-09-26', '2024-09-26 17:11:38.24022', 1000066, '2024-09-26 17:36:47.400773', 1000066, 'Khch l', 'POS1000737', 1000000, NULL, 1000008, '0df650b4-9b67-411e-9f80-eef1112bae9e', 1860000, NULL, 'N', NULL, 1000008, NULL, NULL, 1000034, 'N', NULL, NULL, NULL, 'N', NULL, NULL, 1860000, 1000002);
INSERT INTO pos.d_pos_order VALUES (1000495, 1000004, 1000016, 1000085, '00000000', 'COM', 'POS', NULL, 1000065, 1000065, 1000042, NULL, 'Y', '2024-09-17', '2024-09-17 17:54:41.384005', 1000069, '2024-09-19 15:50:32.780624', 1000069, 'Thanh NC', 'POS1000494', 1000000, NULL, NULL, '40a91b59-c5dc-4276-8790-78927334b2a6', 2221600, NULL, NULL, NULL, 1000003, NULL, NULL, 1000010, NULL, '00020101021238570010A000000727012700069704220113VQRQ00039bfa60208QRIBFTTA5303704540420005802VN62190107NPS68690804CKPM63041B78', 'FT24262777565653', 1000021, NULL, NULL, NULL, 220000, 1000002);
INSERT INTO pos.d_pos_order VALUES (1000499, 1000004, 1000016, NULL, '00000000', 'COM', 'POS', NULL, 1000069, 1000069, 1000070, NULL, 'Y', '2024-09-17', '2024-09-17 18:27:20.567274', 1000069, '2024-09-26 18:02:44.537289', 1000066, 'Thanh NC', 'POS1000498', 1000000, NULL, 1000008, '6a20d7ea-057c-4c6f-a0f1-a1227a95484f', 589000, NULL, NULL, NULL, 1000008, NULL, NULL, 1000034, NULL, NULL, NULL, NULL, NULL, NULL, NULL, 589000, 1000002);
INSERT INTO pos.d_pos_order VALUES (1000788, 1000004, 1000016, NULL, '00000000', 'COM', 'POS', NULL, 1000047, 1000047, 1000070, NULL, 'Y', '2024-09-27', '2024-09-27 10:23:37.280101', 1000066, '2024-09-27 11:18:37.096136', 1000066, 'Thanh NC', 'POS1000787', 1000000, NULL, 1000008, '5a0631b5-eaaf-44d8-b1d4-fdc70e8a5b4a', 2000, NULL, 'N', NULL, 1000008, NULL, NULL, 1000034, 'N', '00020101021238570010A000000727012700069704220113VQRQ0003du6c20208QRIBFTTA5303704540420005802VN62190107NPS68690804CKPM63045E78', NULL, NULL, 'N', NULL, NULL, 2000, 1000002);
INSERT INTO pos.d_pos_order VALUES (1000820, 1000004, 1000016, NULL, '', 'COM', 'POS', NULL, 1000164, 1000164, 1000070, NULL, 'Y', '2024-09-27', '2024-09-27 11:41:23.219259', 1000066, '2024-09-27 11:45:18.127588', 1000066, 'Khch l', 'POS1000819', 1000000, NULL, 1000008, '03dbb641-7531-4748-9453-ac7675f03ba9', 4000, NULL, 'N', NULL, 1000008, NULL, NULL, 1000035, 'N', NULL, NULL, NULL, 'N', NULL, NULL, 4000, 1000002);
INSERT INTO pos.d_pos_order VALUES (1000808, 1000004, 1000016, NULL, '', 'COM', 'POS', NULL, 1000164, 1000164, 1000070, NULL, 'Y', '2024-09-27', '2024-09-27 11:18:59.637582', 1000066, '2024-09-27 13:03:19.068088', 1000066, 'Khch l', 'POS1000807', 1000000, NULL, 1000008, '10fe3ce8-0918-4882-94ca-424daf5a282f', 12107000, NULL, 'N', NULL, 1000008, NULL, NULL, 1000035, 'N', NULL, NULL, NULL, 'N', NULL, NULL, 12107000, 1000002);
INSERT INTO pos.d_pos_order VALUES (1000694, 1000004, 1000016, 1000079, '00000000', 'COM', 'POS', 'N', 1000048, 1000048, 1000070, 3, 'Y', '2024-09-25', '2024-09-25 11:21:43.74319', 1000069, '2024-09-27 10:19:43.681811', 1000066, 'Thanh NC', 'POS1000693', 1000000, 1000013, 1000008, 'e1b797cc-1545-4a42-b79d-4003c437d21a', 330000, NULL, 'N', NULL, 1000008, NULL, NULL, 0, 'N', NULL, NULL, NULL, 'N', NULL, NULL, 330000, 1000002);
INSERT INTO pos.d_pos_order VALUES (1000401, 1000004, 1000016, NULL, '', 'COM', 'POS', NULL, 1000074, 1000074, 1000070, NULL, 'Y', '2024-09-13', '2024-09-13 14:13:20.886976', 1000069, '2024-09-26 17:44:23.94047', 1000066, 'Thanh NC', 'POS1000400', 1000000, NULL, 1000008, '5c6389d7-28e2-4451-a792-13c023b4902e', 378000, NULL, NULL, NULL, 1000008, NULL, NULL, 1000034, NULL, '00020101021238570010A000000727012700069704220113VQRQ0003994og0208QRIBFTTA5303704540741580005802VN62190107NPS68690804CKPM6304E4B2', NULL, NULL, NULL, NULL, NULL, 378000, 1000002);
INSERT INTO pos.d_pos_order VALUES (1000662, 1000004, 1000016, NULL, '', 'COM', 'POS', NULL, 1000162, 1000162, 1000070, NULL, 'Y', '2024-09-24', '2024-09-24 09:20:50.42932', 1000069, '2024-09-26 18:00:12.6954', 1000066, 'Khch l', 'POS1000661', 1000000, NULL, 1000008, '1ec3bc9e-931c-47a7-9de1-fa487cf1697f', 400000, NULL, 'N', NULL, 1000008, NULL, NULL, 1000034, 'N', NULL, NULL, NULL, 'N', NULL, NULL, 400000, 1000002);
INSERT INTO pos.d_pos_order VALUES (1000794, 1000004, 1000016, NULL, '00000000', 'COM', 'POS', NULL, 1000056, 999975, 1000042, NULL, 'Y', '2024-09-27', '2024-09-27 10:39:32.503335', 1000066, '2024-09-27 03:41:07.387055', 0, 'Thanh NC', 'POS1000793', 1000000, NULL, 1000008, '6c65a07e-f291-4c2d-9ff2-43f795fc59df', 2000, NULL, 'N', NULL, 1000008, NULL, NULL, 1000034, 'N', '00020101021238570010A000000727012700069704220113VQRQ0003dudc80208QRIBFTTA5303704540420005802VN62190107NPS68690804CKPM6304B747', 'FT24271768852901', 1000028, 'N', NULL, NULL, 2000, 1000002);
INSERT INTO pos.d_pos_order VALUES (1000798, 1000004, 1000016, NULL, '', 'COM', 'POS', NULL, 1000076, 999972, 1000042, NULL, 'Y', '2024-09-27', '2024-09-27 10:50:12.099438', 1000066, '2024-09-27 03:50:30.315991', 0, 'Thanh NC', 'POS1000797', 1000000, NULL, 1000008, '7547b665-60ef-4568-aafb-a16595e2de35', 2000, NULL, 'N', NULL, 1000008, NULL, NULL, 1000034, 'N', '00020101021238570010A000000727012700069704220113VQRQ0003dui7g0208QRIBFTTA5303704540420005802VN62190107NPS68690804CKPM6304E683', 'FT24271036950843', 1000032, 'N', NULL, NULL, 2000, 1000002);
INSERT INTO pos.d_pos_order VALUES (1000810, 1000004, 1000016, NULL, '00000000', 'COM', 'POS', NULL, 1000054, 1000054, 1000070, NULL, 'Y', '2024-09-27', '2024-09-27 11:19:24.171812', 1000066, '2024-09-27 11:19:29.569163', 1000066, 'Thanh NC', 'POS1000809', 1000000, NULL, 1000008, 'dcb59641-2c8d-48b3-99d2-924c4c9e821b', 4000, NULL, 'N', NULL, 1000008, NULL, NULL, 1000034, 'N', NULL, NULL, NULL, 'N', NULL, NULL, 4000, 1000002);
INSERT INTO pos.d_pos_order VALUES (1000764, 1000004, 1000016, NULL, '', 'COM', 'POS', NULL, 1000163, 999973, 1000042, NULL, 'Y', '2024-09-26', '2024-09-26 22:04:10.9378', 1000066, '2024-09-26 22:05:26.113255', 1000066, 'Thanh NC', 'POS1000763', 1000000, NULL, 1000008, 'e264b5ac-59fe-4c95-bb19-1cac7a40b16d', 1000, NULL, 'N', NULL, 1000008, NULL, NULL, 1000034, 'N', NULL, NULL, NULL, 'N', NULL, NULL, 1000, 1000002);
INSERT INTO pos.d_pos_order VALUES (1000848, 1000004, 1000016, NULL, '', 'COM', 'POS', NULL, 1000163, 999973, 1000042, NULL, 'Y', '2024-09-27', '2024-09-27 16:57:14.898025', 1000066, '2024-09-27 16:57:18.628704', 1000066, 'Thanh NC', 'POS1000847', 1000000, NULL, 1000008, 'd5090bf0-df3b-47c4-91fe-b3ee9fabe415', 60000, NULL, 'N', NULL, 1000008, NULL, NULL, 1000035, 'N', NULL, NULL, NULL, 'N', NULL, NULL, 60000, 1000002);
INSERT INTO pos.d_pos_order VALUES (1000796, 1000004, 1000016, NULL, '', 'COM', 'POS', NULL, 1000076, 999972, 1000042, NULL, 'Y', '2024-09-27', '2024-09-27 10:46:02.237879', 1000066, '2024-09-27 03:46:36.142556', 0, 'Thanh NC', 'POS1000795', 1000000, NULL, 1000008, '533dcd96-5096-4be4-bae4-855d79985192', 2000, NULL, 'N', NULL, 1000008, NULL, NULL, 1000034, 'N', '00020101021238570010A000000727012700069704220113VQRQ0003duh8a0208QRIBFTTA5303704540420005802VN62190107NPS68690804CKPM6304AD48', 'FT24271075054511', 1000030, 'N', NULL, NULL, 2000, 1000002);
INSERT INTO pos.d_pos_order VALUES (1000774, 1000004, 1000016, NULL, '', 'COM', 'POS', NULL, 1000165, 1000165, 1000070, NULL, 'Y', '2024-09-26', '2024-09-26 23:23:52.09869', 1000066, '2024-09-27 13:03:47.145748', 1000066, 'Thanh NC', 'POS1000773', 1000000, NULL, 1000008, '68c35b69-752b-45de-82f8-ab45225efd65', 330000, NULL, 'N', NULL, 1000008, NULL, NULL, 0, 'N', '00020101021238570010A000000727012700069704220113VQRQ0003dquhc0208QRIBFTTA530370454063300005802VN62190107NPS68690804CKPM6304B232', NULL, NULL, 'N', NULL, NULL, 330000, 1000002);
INSERT INTO pos.d_pos_order VALUES (1000786, 1000004, 1000016, NULL, '', 'COM', 'POS', NULL, 1000046, 1000046, 1000070, NULL, 'Y', '2024-09-27', '2024-09-27 10:03:53.18497', 1000066, '2024-09-27 10:19:13.344027', 1000066, '', 'POS1000785', 1000000, NULL, 1000008, '28283223-5102-43a5-92e7-2ee0dffe56e2', 2000, NULL, 'N', NULL, 1000008, NULL, NULL, 1000034, 'N', '00020101021238570010A000000727012700069704220113VQRQ0003dts500208QRIBFTTA5303704540420005802VN62190107NPS68690804CKPM630411F3', 'FT24271095655993', 1000023, 'N', NULL, NULL, 2000, 1000002);
INSERT INTO pos.d_pos_order VALUES (1000830, 1000004, 1000016, NULL, '', 'COM', 'POS', NULL, 1000165, 1000165, 1000070, NULL, 'Y', '2024-09-27', '2024-09-27 13:37:48.687704', 1000066, '2024-09-27 17:32:28.971347', 1000066, 'Tuyt Nh', 'POS1000829', 1000000, NULL, 1000008, '3562878d-f522-4bfe-bb18-6e7afd879a8c', 2000, NULL, 'N', NULL, 1000008, NULL, NULL, 0, 'N', NULL, NULL, NULL, 'N', NULL, NULL, 2000, 1000002);
INSERT INTO pos.d_pos_order VALUES (1000852, 1000004, 1000016, NULL, '', 'COM', 'POS', NULL, 1000165, 1000165, 1000070, NULL, 'Y', '2024-09-27', '2024-09-27 17:25:55.05719', 1000066, '2024-09-27 17:31:25.48473', 1000066, '', 'POS1000851', 1000000, NULL, 1000008, '6aa9525d-ebc0-4c97-8dc9-26dcfdea341f', 40000, NULL, 'N', NULL, 1000008, NULL, NULL, 1000035, 'N', NULL, NULL, NULL, 'N', NULL, NULL, 40000, 1000002);
INSERT INTO pos.d_pos_order VALUES (1000856, 1000004, 1000016, NULL, '', 'COM', 'POS', NULL, 1000165, 1000165, 1000070, NULL, 'Y', '2024-09-27', '2024-09-27 17:32:52.105432', 1000066, '2024-09-27 17:35:12.468603', 1000066, 'Khch l', 'POS1000855', 1000000, NULL, 1000008, 'c1d640f7-f154-4416-8a33-748886a6da54', 2000, NULL, 'N', NULL, 1000008, NULL, NULL, 1000035, 'N', NULL, NULL, NULL, 'N', NULL, NULL, 2000, 1000002);
INSERT INTO pos.d_pos_order VALUES (1000858, 1000004, 1000016, NULL, '', 'COM', 'POS', NULL, 1000165, 1000165, 1000070, NULL, 'Y', '2024-09-27', '2024-09-27 17:37:52.573823', 1000066, '2024-09-27 17:38:11.455647', 1000066, '', 'POS1000857', 1000000, NULL, 1000008, '471a61d2-df57-49c1-8abc-1ca4f5a07f5a', 2000, NULL, 'N', NULL, 1000008, NULL, NULL, 1000035, 'N', NULL, NULL, NULL, 'N', NULL, NULL, 2000, 1000002);
INSERT INTO pos.d_pos_order VALUES (1000860, 1000004, 1000016, NULL, '', 'COM', 'POS', NULL, 1000165, 1000165, 1000070, NULL, 'Y', '2024-09-27', '2024-09-27 17:39:43.238269', 1000066, '2024-09-27 17:39:53.953888', 1000066, '', 'POS1000859', 1000000, NULL, 1000008, '44d8fac1-3da5-48b3-8fce-0f3de41e5563', 2000, NULL, 'N', NULL, 1000008, NULL, NULL, 0, 'N', '00020101021238570010A000000727012700069704220113VQRQ0003e4ld60208QRIBFTTA5303704540420005802VN62190107NPS68690804CKPM63040704', NULL, NULL, 'N', NULL, NULL, 2000, 1000002);
INSERT INTO pos.d_pos_order VALUES (1000862, 1000004, 1000016, NULL, '', 'COM', 'POS', NULL, 1000165, 999975, 1000042, NULL, 'Y', '2024-09-27', '2024-09-27 17:40:27.641779', 1000066, '2024-09-27 10:40:54.07183', 0, 'Thanh NC', 'POS1000861', 1000000, NULL, 1000008, '9cd97b04-3c1b-4142-920b-91e6dce377e9', 2000, NULL, 'N', NULL, 1000008, NULL, NULL, 0, 'N', '00020101021238570010A000000727012700069704220113VQRQ0003e4lq60208QRIBFTTA5303704540420005802VN62190107NPS68690804CKPM63044EAE', 'FT24271812077790', 1000036, 'N', NULL, NULL, 2000, 1000002);
INSERT INTO pos.d_pos_order VALUES (1000542, 1000004, 1000016, NULL, '', 'COM', 'POS', NULL, 1000162, 1000162, 1000070, NULL, 'Y', '2024-09-20', '2024-09-20 10:14:05.177821', 1000069, '2024-09-30 03:12:36.544332', 0, '', 'POS1000541', 1000000, NULL, 1000008, '26725e75-d912-46dc-bfd0-734b91c0b696', 2000, NULL, 'N', NULL, 1000008, NULL, NULL, 1000036, 'N', '00020101021238570010A000000727012700069704220113VQRQAARHW24800208QRIBFTTA5303704540420005802VN62190107NPS68690804CKPM630484AE', 'FT24274802268394', 1000038, 'N', NULL, NULL, 2000, 1000002);


--
-- TOC entry 5407 (class 0 OID 385754)
-- Dependencies: 244
-- Data for Name: d_pos_orderline; Type: TABLE DATA; Schema: pos; Owner: -
--

INSERT INTO pos.d_pos_orderline VALUES (1000890, 1, 1000786, 1000004, 1000016, '2024-09-30 06:44:20.376703', 1000066, '2024-09-30 06:44:20.376704', 1000066, 1000904, '', '3f5d45cb-cc18-4701-bcd7-4225eb75dd7f', 'Y', 12000, NULL, 0, 0, NULL, NULL, 12000, 12000);
INSERT INTO pos.d_pos_orderline VALUES (1000891, 1, 1000785, 1000004, 1000016, '2024-09-30 06:44:20.385504', 1000066, '2024-09-30 06:44:20.385506', 1000066, 1000904, '', '8cb76ee3-aff9-47be-b859-bb2cf47f851e', 'Y', 20000, NULL, 0, 0, NULL, NULL, 20000, 20000);
INSERT INTO pos.d_pos_orderline VALUES (1000892, 1, 1000784, 1000004, 1000016, '2024-09-30 06:44:20.395449', 1000066, '2024-09-30 06:44:20.39545', 1000066, 1000904, '', '4a2ec236-b8e8-4c37-aee1-cd252b91c802', 'Y', 20000, NULL, 0, 0, NULL, NULL, 20000, 20000);
INSERT INTO pos.d_pos_orderline VALUES (1000896, 1, 1000733, 1000004, 1000016, '2024-09-30 15:28:52.198635', 1000066, '2024-09-30 15:28:52.198636', 1000066, 1000908, '', 'a37a33d0-9256-4386-b7d1-67cdd380cbf6', 'Y', 30000, NULL, 0, 0, NULL, NULL, 30000, 30000);
INSERT INTO pos.d_pos_orderline VALUES (1000897, 1, 1000734, 1000004, 1000016, '2024-09-30 15:28:52.200132', 1000066, '2024-09-30 15:28:52.200133', 1000066, 1000908, '', 'cc443f39-eb04-400b-a187-4754cfb41cad', 'Y', 30000, NULL, 0, 0, NULL, NULL, 30000, 30000);
INSERT INTO pos.d_pos_orderline VALUES (1000898, 1, 1000736, 1000004, 1000016, '2024-09-30 15:28:52.201039', 1000066, '2024-09-30 15:28:52.201039', 1000066, 1000908, '', '267c282d-ab66-447f-995b-d5abbf8165ca', 'Y', 30000, NULL, 0, 0, NULL, NULL, 30000, 30000);
INSERT INTO pos.d_pos_orderline VALUES (1000899, 1, 1000733, 1000004, 1000016, '2024-09-30 16:23:53.436925', 1000066, '2024-09-30 16:23:53.436925', 1000066, 1000912, '', '310c9f5f-2355-4555-8c90-62014470998d', 'Y', 30000, NULL, 0, 0, NULL, NULL, 30000, 30000);
INSERT INTO pos.d_pos_orderline VALUES (1000900, 1, 1000736, 1000004, 1000016, '2024-09-30 16:23:53.437898', 1000066, '2024-09-30 16:23:53.437898', 1000066, 1000912, '', '6838afe0-677c-4d92-9a63-dfb039e1b673', 'Y', 30000, NULL, 0, 0, NULL, NULL, 30000, 30000);
INSERT INTO pos.d_pos_orderline VALUES (1000901, 1, 1000785, 1000004, 1000016, '2024-10-02 01:46:51.25644', 1000066, '2024-10-02 01:46:51.256441', 1000066, 1000914, '', '48d59972-04e8-4626-881e-cdbbb0b81c05', 'Y', 20000, NULL, 0, 0, NULL, NULL, 20000, 20000);
INSERT INTO pos.d_pos_orderline VALUES (1000902, 1, 1000784, 1000004, 1000016, '2024-10-02 01:46:51.263381', 1000066, '2024-10-02 01:46:51.263381', 1000066, 1000914, '', '47caa876-3543-420b-8f20-47ad61603881', 'Y', 20000, NULL, 0, 0, NULL, NULL, 20000, 20000);
INSERT INTO pos.d_pos_orderline VALUES (1000905, 1, 1000763, 1000004, 1000016, '2024-10-02 10:53:03.704277', 1000066, '2024-10-02 10:53:03.704278', 1000066, 1000920, '', 'b1f0905d-a6b8-4067-a759-e0718d83a446', 'Y', 25000, NULL, 0, 0, NULL, NULL, 25000, 25000);
INSERT INTO pos.d_pos_orderline VALUES (1000906, 1, 1000762, 1000004, 1000016, '2024-10-02 10:53:03.705746', 1000066, '2024-10-02 10:53:03.705746', 1000066, 1000920, '', '3d5ad5f8-0ee4-401e-a759-a90a2afe98b6', 'Y', 25000, NULL, 0, 0, NULL, NULL, 25000, 25000);
INSERT INTO pos.d_pos_orderline VALUES (1000907, 1, 1000763, 1000004, 1000016, '2024-10-02 10:53:20.521175', 1000066, '2024-10-02 10:53:20.521175', 1000066, 1000922, '', 'b8f79bc5-f955-4dd2-adfe-f0c04a0689f7', 'Y', 25000, NULL, 0, 0, NULL, NULL, 25000, 25000);
INSERT INTO pos.d_pos_orderline VALUES (1000908, 1, 1000762, 1000004, 1000016, '2024-10-02 10:53:20.522147', 1000066, '2024-10-02 10:53:20.522148', 1000066, 1000922, '', '5ccb8704-b3bb-4fdc-ab64-5fd5067985cb', 'Y', 25000, NULL, 0, 0, NULL, NULL, 25000, 25000);
INSERT INTO pos.d_pos_orderline VALUES (1000721, 1, 1000678, 1000004, 1000016, '2024-09-25 12:01:37.996415', 1000069, '2024-09-25 12:01:37.996416', 1000069, 1000534, '', 'c1fb0e61-314d-4521-a7fe-245809818d8d', 'Y', 30000, NULL, 0, 0, NULL, NULL, 30000, 30000);
INSERT INTO pos.d_pos_orderline VALUES (1000424, 1, 1000644, 1000004, 1000016, '2024-09-19 22:26:27.201262', 1000069, '2024-09-27 13:38:48.709296', 1000066, 1000511, '', 'df4b2950-2207-49f7-a292-f83d496edbd4', 'Y', 20000, NULL, 0, 0, NULL, NULL, 20000, 20000);
INSERT INTO pos.d_pos_orderline VALUES (1000425, 1, 1000503, 1000004, 1000016, '2024-09-19 22:26:27.207601', 1000069, '2024-09-27 13:38:48.715271', 1000066, 1000511, '', '76078e70-7fa2-4b29-937f-74958d83a99f', 'Y', 16000, NULL, 0, 0, NULL, NULL, 16000, 16000);
INSERT INTO pos.d_pos_orderline VALUES (1000426, 1, 1000643, 1000004, 1000016, '2024-09-19 22:26:27.213529', 1000069, '2024-09-27 13:38:48.719077', 1000066, 1000511, '', '8c02b348-e8d1-4d94-a2e2-fcb29e047f44', 'Y', 200000, NULL, 0, 0, NULL, NULL, 200000, 200000);
INSERT INTO pos.d_pos_orderline VALUES (1000893, 1, 1000786, 1000004, 1000016, '2024-09-30 06:44:33.028211', 1000066, '2024-09-30 06:44:33.028211', 1000066, 1000906, '', 'eb0f3e08-f67b-450b-b7ec-70f96e5df09d', 'Y', 12000, NULL, 0, 0, NULL, NULL, 12000, 12000);
INSERT INTO pos.d_pos_orderline VALUES (1000894, 1, 1000785, 1000004, 1000016, '2024-09-30 06:44:33.043211', 1000066, '2024-09-30 06:44:33.043212', 1000066, 1000906, '', 'cb0d7083-d4a2-45b8-92c0-3d126b203f12', 'Y', 20000, NULL, 0, 0, NULL, NULL, 20000, 20000);
INSERT INTO pos.d_pos_orderline VALUES (1000895, 1, 1000784, 1000004, 1000016, '2024-09-30 06:44:33.058679', 1000066, '2024-09-30 06:44:33.05868', 1000066, 1000906, '', '8045003e-ec5d-4a0e-b332-c7ea7d936781', 'Y', 20000, NULL, 0, 0, NULL, NULL, 20000, 20000);
INSERT INTO pos.d_pos_orderline VALUES (1000903, 1, 1000785, 1000004, 1000016, '2024-10-02 01:49:21.950149', 1000066, '2024-10-02 01:49:21.95015', 1000066, 1000916, '', '35aa45f7-379b-43af-b10d-20a6e8022d9a', 'Y', 20000, NULL, 0, 0, NULL, NULL, 20000, 20000);
INSERT INTO pos.d_pos_orderline VALUES (1000904, 1, 1000784, 1000004, 1000016, '2024-10-02 01:49:21.95697', 1000066, '2024-10-02 01:49:21.956971', 1000066, 1000916, '', '73be65c8-328d-4a45-8bc1-593819b9a350', 'Y', 20000, NULL, 0, 0, NULL, NULL, 20000, 20000);
INSERT INTO pos.d_pos_orderline VALUES (1000862, 1, 1000720, 1000004, 1000016, '2024-09-27 17:32:26.825827', 1000066, '2024-09-27 17:32:26.825827', 1000066, 1000830, '', '02733fce-0bcc-42b8-9ab9-86e54b8f5103', 'Y', 2000, NULL, 0, 0, NULL, NULL, 2000, 2000);
INSERT INTO pos.d_pos_orderline VALUES (1000703, 1, 1000680, 1000004, 1000016, '2024-09-25 11:20:46.175295', 1000069, '2024-09-25 11:20:46.175295', 1000069, 1000690, '', 'a0ba564d-7573-4942-89ae-2c3a6bc5996c', 'Y', NULL, NULL, NULL, NULL, NULL, NULL, NULL, NULL);
INSERT INTO pos.d_pos_orderline VALUES (1000704, 1, 1000685, 1000004, 1000016, '2024-09-25 11:20:46.1833', 1000069, '2024-09-25 11:20:46.1833', 1000069, 1000690, '', 'd8136bea-4c9c-4413-95d4-477d64bf504d', 'Y', NULL, NULL, NULL, NULL, NULL, NULL, NULL, NULL);
INSERT INTO pos.d_pos_orderline VALUES (1000705, 1, 1000687, 1000004, 1000016, '2024-09-25 11:20:46.190799', 1000069, '2024-09-25 11:20:46.190799', 1000069, 1000690, '', '4c8dcbd4-67a8-4b60-b2c2-ea4b06002361', 'Y', NULL, NULL, NULL, NULL, NULL, NULL, NULL, NULL);
INSERT INTO pos.d_pos_orderline VALUES (1000472, 4, 1000644, 1000004, 1000016, '2024-09-20 08:48:57.675976', 1000069, '2024-09-25 12:01:37.989328', 1000069, 1000534, '', '0091c444-baae-4441-bab4-09df065a22ba', 'Y', 0, NULL, 0, 0, NULL, NULL, 0, 0);
INSERT INTO pos.d_pos_orderline VALUES (1000473, 3, 1000503, 1000004, 1000016, '2024-09-20 08:48:57.689732', 1000069, '2024-09-25 12:01:37.994151', 1000069, 1000534, '', 'f2ff29b0-0a9d-478b-87f6-68c4434c954d', 'Y', 0, NULL, 0, 0, NULL, NULL, 0, 0);
INSERT INTO pos.d_pos_orderline VALUES (1000723, 1, 1000677, 1000004, 1000016, '2024-09-25 14:47:39.896874', 1000069, '2024-09-25 14:47:39.896874', 1000069, 1000612, '', 'ec83fba7-c78e-43ad-b267-69ecd5c90136', 'Y', 30000, NULL, 0, 0, NULL, NULL, 30000, 30000);
INSERT INTO pos.d_pos_orderline VALUES (1000724, 1, 1000676, 1000004, 1000016, '2024-09-25 14:47:39.902438', 1000069, '2024-09-25 14:47:39.902438', 1000069, 1000612, 'exampleDescription', 'af56e311-b9d7-4952-a27f-b530fbe66e9e', 'Y', 15000, NULL, 0, 0, NULL, NULL, 15000, 15000);
INSERT INTO pos.d_pos_orderline VALUES (1000737, 1, 1000677, 1000004, 1000016, '2024-09-26 10:19:01.078315', 1000069, '2024-09-26 10:19:01.078319', 1000069, 1000722, '', '6426ac91-881e-45da-b2e8-7435ca9ef5ef', 'Y', 30000, NULL, 0, 0, NULL, NULL, 30000, 30000);
INSERT INTO pos.d_pos_orderline VALUES (1000738, 1, 1000678, 1000004, 1000016, '2024-09-26 10:19:01.079842', 1000069, '2024-09-26 10:19:01.079843', 1000069, 1000722, '', '4a89b18e-6726-419b-89ef-239d58cb68e3', 'Y', 30000, NULL, 0, 0, NULL, NULL, 30000, 30000);
INSERT INTO pos.d_pos_orderline VALUES (1000775, 1, 1000709, 1000004, 1000016, '2024-09-26 23:19:13.689409', 1000066, '2024-09-26 23:19:13.68941', 1000066, 1000772, '', '97232992-5559-4da6-92b4-676bc7dda147', 'Y', 330000, NULL, 0, 0, NULL, NULL, 330000, 330000);
INSERT INTO pos.d_pos_orderline VALUES (1000794, 1, 1000720, 1000004, 1000016, '2024-09-27 10:23:43.310974', 1000066, '2024-09-27 10:23:43.310974', 1000066, 1000788, '', 'e864d3f4-2123-4d86-a32f-212a45820e83', 'Y', 2000, NULL, 0, 0, NULL, NULL, 2000, 2000);
INSERT INTO pos.d_pos_orderline VALUES (1000816, 2, 1000720, 1000004, 1000016, '2024-09-27 11:41:23.220604', 1000066, '2024-09-27 11:41:23.220604', 1000066, 1000820, '', '2128381f-41dc-47d1-a546-2b985f45f0a7', 'Y', 2000, NULL, 0, 0, NULL, NULL, 4000, 4000);
INSERT INTO pos.d_pos_orderline VALUES (1000863, 1, 1000720, 1000004, 1000016, '2024-09-27 17:32:52.106748', 1000066, '2024-09-27 17:32:52.106748', 1000066, 1000856, '', 'd56f8687-f0e9-40d6-8026-c268fa3a5ebf', 'Y', 2000, NULL, 0, 0, NULL, NULL, 2000, 2000);
INSERT INTO pos.d_pos_orderline VALUES (1000864, 1, 1000720, 1000004, 1000016, '2024-09-27 17:34:44.976747', 1000066, '2024-09-27 17:34:44.976747', 1000066, 1000856, '', '70b173b5-f7a8-428c-b3ce-dbb984690ab6', 'Y', 2000, NULL, 0, 0, NULL, NULL, 2000, 2000);
INSERT INTO pos.d_pos_orderline VALUES (1000718, 1, 1000690, 1000004, 1000016, '2024-09-25 11:24:27.36527', 1000069, '2024-09-30 16:18:14.905643', 1000066, 1000700, '', 'f98635ae-c982-423a-b73b-ab5931a2ffcb', 'Y', 0, NULL, 0, 0, NULL, NULL, 0, 0);
INSERT INTO pos.d_pos_orderline VALUES (1000719, 1, 1000693, 1000004, 1000016, '2024-09-25 11:24:27.367778', 1000069, '2024-09-30 16:18:14.90867', 1000066, 1000700, '', 'eb07b0cc-62a1-49f5-8a6f-86494cd9a73b', 'Y', 0, NULL, 0, 0, NULL, NULL, 0, 0);
INSERT INTO pos.d_pos_orderline VALUES (1000720, 1, 1000695, 1000004, 1000016, '2024-09-25 11:24:27.369642', 1000069, '2024-09-30 16:18:14.911326', 1000066, 1000700, '', '815755fc-93ef-4b6d-9b05-3e07e7ee3f40', 'Y', 0, NULL, 0, 0, NULL, NULL, 0, 0);
INSERT INTO pos.d_pos_orderline VALUES (1000494, 1, 1000434, 1000004, 1000016, '2024-09-20 14:58:43.023281', 1000069, '2024-09-20 15:02:19.940984', 1000069, 1000542, 'Banh cuon thom ngon', 'e52733d8-ba0f-4dcf-92b4-d6689cabe24a', 'Y', 200000, NULL, 0, 0, NULL, NULL, 200000, 200000);
INSERT INTO pos.d_pos_orderline VALUES (1000706, 1, 1000690, 1000004, 1000016, '2024-09-25 11:21:16.906126', 1000069, '2024-09-25 11:21:16.906126', 1000069, 1000692, '', 'cafbe2ac-a820-4f06-8145-2aebcb8f5922', 'Y', NULL, NULL, NULL, NULL, NULL, NULL, NULL, NULL);
INSERT INTO pos.d_pos_orderline VALUES (1000707, 1, 1000693, 1000004, 1000016, '2024-09-25 11:21:16.908749', 1000069, '2024-09-25 11:21:16.908749', 1000069, 1000692, '', '18619982-7d36-41e4-8109-3610c1186b72', 'Y', NULL, NULL, NULL, NULL, NULL, NULL, NULL, NULL);
INSERT INTO pos.d_pos_orderline VALUES (1000708, 1, 1000695, 1000004, 1000016, '2024-09-25 11:21:16.911524', 1000069, '2024-09-25 11:21:16.911524', 1000069, 1000692, '', 'c8fbf1f3-ebc4-4416-90b6-1902ff06451f', 'Y', NULL, NULL, NULL, NULL, NULL, NULL, NULL, NULL);
INSERT INTO pos.d_pos_orderline VALUES (1000712, 1, 1000680, 1000004, 1000016, '2024-09-25 11:23:25.946151', 1000069, '2024-09-25 11:23:25.946151', 1000069, 1000696, '', '0bc2ea86-9ece-475b-866f-265a6850fbf9', 'Y', NULL, NULL, NULL, NULL, NULL, NULL, NULL, NULL);
INSERT INTO pos.d_pos_orderline VALUES (1000713, 1, 1000685, 1000004, 1000016, '2024-09-25 11:23:25.952008', 1000069, '2024-09-25 11:23:25.95201', 1000069, 1000696, '', 'ace31dec-b84d-498e-b0ca-162472a76acb', 'Y', NULL, NULL, NULL, NULL, NULL, NULL, NULL, NULL);
INSERT INTO pos.d_pos_orderline VALUES (1000714, 1, 1000687, 1000004, 1000016, '2024-09-25 11:23:25.953631', 1000069, '2024-09-25 11:23:25.953631', 1000069, 1000696, '', '247e8ff1-e985-4a0f-8037-0e75cef257fb', 'Y', NULL, NULL, NULL, NULL, NULL, NULL, NULL, NULL);
INSERT INTO pos.d_pos_orderline VALUES (1000474, 3, 1000644, 1000004, 1000016, '2024-09-20 08:55:00.679887', 1000069, '2024-09-26 17:50:14.728117', 1000066, 1000536, '', 'e2219039-7bad-4847-bf20-167c701bf6e3', 'Y', 20000, NULL, 0, 0, NULL, NULL, 60000, 60000);
INSERT INTO pos.d_pos_orderline VALUES (1000475, 2, 1000506, 1000004, 1000016, '2024-09-20 08:55:00.692878', 1000069, '2024-09-26 17:50:14.734421', 1000066, 1000536, '', '4a7d7847-7057-4c7c-aa9a-8ba4c384218a', 'Y', 20000, NULL, 0, 0, NULL, NULL, 40000, 40000);
INSERT INTO pos.d_pos_orderline VALUES (1000761, 1, 1000715, 1000004, 1000016, '2024-09-26 17:58:46.200403', 1000066, '2024-09-26 17:58:46.200404', 1000066, 1000662, '', '5b7e9718-a749-4432-ab1e-21f0603c85d3', 'Y', 200000, NULL, 0, 0, NULL, NULL, 200000, 200000);
INSERT INTO pos.d_pos_orderline VALUES (1000762, 1, 1000714, 1000004, 1000016, '2024-09-26 17:58:46.207071', 1000066, '2024-09-26 17:58:46.207072', 1000066, 1000662, '', 'ca1e18c2-18fc-4ddb-97d1-bf020aac61fa', 'Y', 200000, NULL, 0, 0, NULL, NULL, 200000, 200000);
INSERT INTO pos.d_pos_orderline VALUES (1000765, 1, 1000715, 1000004, 1000016, '2024-09-26 18:00:07.335682', 1000066, '2024-09-26 18:00:07.335682', 1000066, 1000662, '', '96b1c796-93a0-4ce5-b55f-5ac5e8c3033e', 'Y', 200000, NULL, 0, 0, NULL, NULL, 200000, 200000);
INSERT INTO pos.d_pos_orderline VALUES (1000766, 1, 1000714, 1000004, 1000016, '2024-09-26 18:00:07.34403', 1000066, '2024-09-26 18:00:07.344031', 1000066, 1000662, '', 'e0a5d713-31bd-44b1-97ac-0bff33956117', 'Y', 200000, NULL, 0, 0, NULL, NULL, 200000, 200000);
INSERT INTO pos.d_pos_orderline VALUES (1000797, 1, 1000720, 1000004, 1000016, '2024-09-27 10:39:32.505053', 1000066, '2024-09-27 10:39:32.505062', 1000066, 1000794, '', '39a751f4-bd64-47ce-bb89-772781b097d8', 'Y', 2000, NULL, 0, 0, NULL, NULL, 2000, 2000);
INSERT INTO pos.d_pos_orderline VALUES (1000799, 1, 1000720, 1000004, 1000016, '2024-09-27 10:50:12.100666', 1000066, '2024-09-27 10:50:12.100666', 1000066, 1000798, '', '00a768f7-9703-4683-ba04-54840c736f18', 'Y', 2000, NULL, 0, 0, NULL, NULL, 2000, 2000);
INSERT INTO pos.d_pos_orderline VALUES (1000815, 2, 1000720, 1000004, 1000016, '2024-09-27 11:38:30.464505', 1000066, '2024-09-27 11:38:30.464505', 1000066, 1000808, '', 'b6dc1e35-2880-495c-b70c-1897dbab7ce6', 'Y', 2000, NULL, 0, 0, NULL, NULL, 4000, 4000);
INSERT INTO pos.d_pos_orderline VALUES (1000727, 1, 1000678, 1000004, 1000016, '2024-09-25 14:51:14.005529', 1000069, '2024-09-25 14:51:14.005529', 1000069, 1000704, '', '2bbc3b94-9406-41cc-83e5-9c7800ee8f73', 'Y', 30000, NULL, 0, 0, NULL, NULL, 30000, 30000);
INSERT INTO pos.d_pos_orderline VALUES (1000728, 1, 1000677, 1000004, 1000016, '2024-09-25 14:51:14.007042', 1000069, '2024-09-25 14:51:14.007042', 1000069, 1000704, '', 'd97eaee1-8c5d-49e9-a865-251e0fe187e3', 'Y', 30000, NULL, 0, 0, NULL, NULL, 30000, 30000);
INSERT INTO pos.d_pos_orderline VALUES (1000729, 1, 1000678, 1000004, 1000016, '2024-09-25 14:51:26.5578', 1000069, '2024-09-25 14:51:26.557801', 1000069, 1000704, '', '5b78bfa5-197f-4ae1-b4cb-8f8a0652847d', 'Y', 30000, NULL, 0, 0, NULL, NULL, 30000, 30000);
INSERT INTO pos.d_pos_orderline VALUES (1000730, 1, 1000677, 1000004, 1000016, '2024-09-25 14:51:26.565017', 1000069, '2024-09-25 14:51:26.565017', 1000069, 1000704, '', 'c896b45c-5d8d-43c3-b57e-a6721303eb22', 'Y', 30000, NULL, 0, 0, NULL, NULL, 30000, 30000);
INSERT INTO pos.d_pos_orderline VALUES (1000763, 1, 1000715, 1000004, 1000016, '2024-09-26 17:59:41.947619', 1000066, '2024-09-26 17:59:41.947619', 1000066, 1000662, '', 'ddcceb72-f90d-4cb8-bf6f-d7f8d5d4c5de', 'Y', 200000, NULL, 0, 0, NULL, NULL, 200000, 200000);
INSERT INTO pos.d_pos_orderline VALUES (1000480, 1, 1000431, 1000004, 1000016, '2024-09-20 10:14:05.187273', 1000069, '2024-09-20 14:29:49.085328', 1000069, 1000542, 'Banh cuon thom ngon', 'f9a455ff-38ba-4681-b89a-658d98e17cea', 'Y', 200000, NULL, 0, 0, NULL, NULL, 200000, 200000);
INSERT INTO pos.d_pos_orderline VALUES (1000481, 9, 1000392, 1000004, 1000016, '2024-09-20 10:14:05.195418', 1000069, '2024-09-20 14:42:36.904278', 1000069, 1000542, 'Banh nong va thom', '6730785e-adb6-496b-96c2-371742c12c96', 'Y', 120000, NULL, 0, 0, NULL, NULL, 1080000, 1080000);
INSERT INTO pos.d_pos_orderline VALUES (1000764, 1, 1000714, 1000004, 1000016, '2024-09-26 17:59:41.951217', 1000066, '2024-09-26 17:59:41.951218', 1000066, 1000662, '', '5fa53573-f3d7-4640-bd42-807bf89df3b7', 'Y', 200000, NULL, 0, 0, NULL, NULL, 200000, 200000);
INSERT INTO pos.d_pos_orderline VALUES (1000715, 1, 1000680, 1000004, 1000016, '2024-09-25 11:23:35.339424', 1000069, '2024-09-27 10:19:31.443825', 1000066, 1000698, '', '18b9f4b7-3e30-4e4c-98c7-97733c1b8c78', 'Y', 0, NULL, 0, 0, NULL, NULL, 0, 0);
INSERT INTO pos.d_pos_orderline VALUES (1000716, 1, 1000685, 1000004, 1000016, '2024-09-25 11:23:35.340321', 1000069, '2024-09-27 10:19:31.44644', 1000066, 1000698, '', '4f70aa44-18f8-4173-aec5-a0b10e55ab56', 'Y', 0, NULL, 0, 0, NULL, NULL, 0, 0);
INSERT INTO pos.d_pos_orderline VALUES (1000717, 1, 1000687, 1000004, 1000016, '2024-09-25 11:23:35.341259', 1000069, '2024-09-27 10:19:31.448759', 1000066, 1000698, '', 'b50ee359-ae96-4e6e-b481-334863a8605b', 'Y', 0, NULL, 0, 0, NULL, NULL, 0, 0);
INSERT INTO pos.d_pos_orderline VALUES (1000709, 1, 1000690, 1000004, 1000016, '2024-09-25 11:21:43.74501', 1000069, '2024-09-27 10:19:41.384752', 1000066, 1000694, '', '1c2f3108-6827-4916-a138-621ca77939d4', 'Y', 0, NULL, 0, 0, NULL, NULL, 0, 0);
INSERT INTO pos.d_pos_orderline VALUES (1000710, 1, 1000693, 1000004, 1000016, '2024-09-25 11:21:43.74685', 1000069, '2024-09-27 10:19:41.387808', 1000066, 1000694, '', 'c14d8a84-8985-4390-9b1f-c45332913457', 'Y', 0, NULL, 0, 0, NULL, NULL, 0, 0);
INSERT INTO pos.d_pos_orderline VALUES (1000711, 1, 1000695, 1000004, 1000016, '2024-09-25 11:21:43.748226', 1000069, '2024-09-27 10:19:41.390659', 1000066, 1000694, '', '2a1874d3-5d49-46ef-a6d2-3acd6b586d9d', 'Y', 0, NULL, 0, 0, NULL, NULL, 0, 0);
INSERT INTO pos.d_pos_orderline VALUES (1000798, 1, 1000720, 1000004, 1000016, '2024-09-27 10:46:02.239532', 1000066, '2024-09-27 10:46:02.239532', 1000066, 1000796, '', '31cbb3f1-b31b-4381-a3af-eb3ed70e3b00', 'Y', 2000, NULL, 0, 0, NULL, NULL, 2000, 2000);
INSERT INTO pos.d_pos_orderline VALUES (1000856, 1, 1000720, 1000004, 1000016, '2024-09-27 17:27:17.784448', 1000066, '2024-09-27 17:27:17.784448', 1000066, 1000852, '', '34e27c88-ad3d-4df5-95f1-6311a607137e', 'Y', 2000, NULL, 0, 0, NULL, NULL, 2000, 2000);
INSERT INTO pos.d_pos_orderline VALUES (1000370, 1, 1000440, 1000004, 1000016, '2024-09-17 17:54:41.287843', 1000069, '2024-09-17 17:54:41.287844', 1000069, 1000493, 'Banh cuon thom ngon', '0cdde732-91fb-489a-b98c-e7554f15b559', 'Y', 200000, NULL, 1000003, 2000000, NULL, NULL, 200000, 2200000);
INSERT INTO pos.d_pos_orderline VALUES (1000403, 1, 1000488, 1000004, 1000016, '2024-09-18 11:26:15.663378', 1000069, '2024-09-23 08:27:20.213361', 1000069, 1000449, 'Cua dong siu ngon', 'fc84e9b7-9688-4df4-ad46-5700e7364bf8', 'Y', 189000, NULL, 0, 0, NULL, NULL, 189000, 189000);
INSERT INTO pos.d_pos_orderline VALUES (1000800, 1, 1000720, 1000004, 1000016, '2024-09-27 11:05:52.62104', 1000066, '2024-09-27 11:05:52.62104', 1000066, 1000800, '', '25a45890-601f-4f71-aa12-90d127055d2f', 'Y', 2000, NULL, 0, 0, NULL, NULL, 2000, 2000);
INSERT INTO pos.d_pos_orderline VALUES (1000802, 1, 1000718, 1000004, 1000016, '2024-09-27 11:10:24.280683', 1000066, '2024-09-27 11:10:24.280683', 1000066, 1000804, '', '5803560a-70dd-4e7b-8154-da0bd67f9b2a', 'Y', 12100000, NULL, 0, 0, NULL, NULL, 12100000, 12100000);
INSERT INTO pos.d_pos_orderline VALUES (1000803, 1, 1000712, 1000004, 1000016, '2024-09-27 11:10:24.281928', 1000066, '2024-09-27 11:10:24.281928', 1000066, 1000804, '', '2031af0a-c030-43cd-ba8a-69ad93fd4c50', 'Y', 200000, NULL, 0, 0, NULL, NULL, 200000, 200000);
INSERT INTO pos.d_pos_orderline VALUES (1000843, 1, 1000736, 1000004, 1000016, '2024-09-27 16:57:14.899831', 1000066, '2024-09-27 16:57:14.899831', 1000066, 1000848, '', 'f7f9b0d6-3b7e-4810-81b7-4afb0365fac7', 'Y', 30000, NULL, 0, 0, NULL, NULL, 30000, 30000);
INSERT INTO pos.d_pos_orderline VALUES (1000844, 1, 1000735, 1000004, 1000016, '2024-09-27 16:57:14.901174', 1000066, '2024-09-27 16:57:14.901175', 1000066, 1000848, '', '187e6d4b-9803-4b47-a133-9181618543bc', 'Y', 30000, NULL, 0, 0, NULL, NULL, 30000, 30000);
INSERT INTO pos.d_pos_orderline VALUES (1000857, 1, 1000720, 1000004, 1000016, '2024-09-27 17:29:35.651708', 1000066, '2024-09-27 17:29:35.651709', 1000066, 1000852, '', 'ceb5f3d8-2752-4253-be96-d512f76e3b61', 'Y', 2000, NULL, 0, 0, NULL, NULL, 2000, 2000);
INSERT INTO pos.d_pos_orderline VALUES (1000858, 1, 1000720, 1000004, 1000016, '2024-09-27 17:30:42.663149', 1000066, '2024-09-27 17:30:42.66315', 1000066, 1000852, '', '74bdfed9-fa6b-4f6c-80e0-df083975c1f6', 'Y', 2000, NULL, 0, 0, NULL, NULL, 2000, 2000);
INSERT INTO pos.d_pos_orderline VALUES (1000859, 1, 1000726, 1000004, 1000016, '2024-09-27 17:31:22.18529', 1000066, '2024-09-27 17:31:22.18529', 1000066, 1000852, '', '5ed38df8-0445-401f-b410-6fdd9b774f53', 'Y', 40000, NULL, 0, 0, NULL, NULL, 40000, 40000);
INSERT INTO pos.d_pos_orderline VALUES (1000860, 1, 1000720, 1000004, 1000016, '2024-09-27 17:31:37.318005', 1000066, '2024-09-27 17:31:37.318005', 1000066, 1000830, '', 'fd07fce7-2085-4dc5-9841-2f73992f1797', 'Y', 2000, NULL, 0, 0, NULL, NULL, 2000, 2000);
INSERT INTO pos.d_pos_orderline VALUES (1000861, 1, 1000720, 1000004, 1000016, '2024-09-27 17:32:05.24553', 1000066, '2024-09-27 17:32:05.24553', 1000066, 1000830, '', '67848a26-9b3b-425a-8268-f5329375f015', 'Y', 2000, NULL, 0, 0, NULL, NULL, 2000, 2000);
INSERT INTO pos.d_pos_orderline VALUES (1000348, 1, 1000608, 1000004, 1000016, '2024-09-17 17:34:51.476067', 1000069, '2024-09-25 09:01:24.365275', 1000069, 1000483, 'exampleDescription', '1a8af4bb-2737-4088-8e0f-f7f0a8b8d951', 'Y', 100, NULL, 0, 0, NULL, NULL, 100, 100);
INSERT INTO pos.d_pos_orderline VALUES (1000347, 1, 1000509, 1000004, 1000016, '2024-09-17 17:34:51.467104', 1000069, '2024-09-25 09:01:24.369848', 1000069, 1000483, '', '787c82b9-37da-4027-80aa-d0985e36e7f3', 'Y', 20000, NULL, 0, 0, NULL, NULL, 20000, 20000);
INSERT INTO pos.d_pos_orderline VALUES (1000352, 1, 1000485, 1000004, 1000016, '2024-09-17 17:35:54.806972', 1000069, '2024-09-25 09:01:24.373437', 1000069, 1000483, 'Cua dong siu ngon', '6aaf40d7-97b0-4c11-9ceb-e8a27f02ddb7', 'Y', 189000, NULL, 0, 0, NULL, NULL, 189000, 189000);
INSERT INTO pos.d_pos_orderline VALUES (1000349, 1, 1000422, 1000004, 1000016, '2024-09-17 17:34:51.478148', 1000069, '2024-09-25 09:01:24.376804', 1000069, 1000483, 'Banh cuon thom ngon', '5e6071c7-8126-4782-8c98-a1bb07562d63', 'Y', 200000, NULL, 0, 0, NULL, NULL, 200000, 200000);
INSERT INTO pos.d_pos_orderline VALUES (1000745, 2, 1000709, 1000004, 1000016, '2024-09-26 16:56:03.808303', 1000066, '2024-09-26 16:56:03.808303', 1000066, 1000708, '', '2d2ece48-817e-44b8-af11-847cef20f865', 'Y', 330000, NULL, 0, 0, NULL, NULL, 660000, 660000);
INSERT INTO pos.d_pos_orderline VALUES (1000746, 2, 1000710, 1000004, 1000016, '2024-09-26 16:56:03.814569', 1000066, '2024-09-26 16:56:03.814569', 1000066, 1000708, '', 'bcc14f68-66de-43f0-93e4-a69f7ca2b4c2', 'Y', 400000, NULL, 0, 0, NULL, NULL, 800000, 800000);
INSERT INTO pos.d_pos_orderline VALUES (1000747, 1, 1000711, 1000004, 1000016, '2024-09-26 16:56:03.817292', 1000066, '2024-09-26 16:56:03.817293', 1000066, 1000708, '', '0c8bfc8c-27c5-4db6-9d18-b90b725c3e3d', 'Y', 200000, NULL, 0, 0, NULL, NULL, 200000, 200000);
INSERT INTO pos.d_pos_orderline VALUES (1000354, 2, 1000509, 1000004, 1000016, '2024-09-17 17:43:09.913134', 1000069, '2024-09-17 17:43:09.913134', 1000069, 1000475, '', '6f3294ae-ccba-41e8-8c2a-12f819bb4883', 'Y', 20000, NULL, 1000003, 3200, NULL, NULL, 40000, 43200);
INSERT INTO pos.d_pos_orderline VALUES (1000355, 1, 1000488, 1000004, 1000016, '2024-09-17 17:43:09.924374', 1000069, '2024-09-17 17:43:09.924374', 1000069, 1000475, 'Cua dong siu ngon', '5fe47865-5722-4ba8-9e78-2f239e7f5b45', 'Y', 189000, NULL, 1000003, 1890000, NULL, NULL, 189000, 2079000);
INSERT INTO pos.d_pos_orderline VALUES (1000748, 1, 1000714, 1000004, 1000016, '2024-09-26 16:56:03.820139', 1000066, '2024-09-26 16:56:03.82014', 1000066, 1000708, '', '740d8d58-7f6e-49b9-8776-1ffb4085182a', 'Y', 200000, NULL, 0, 0, NULL, NULL, 200000, 200000);
INSERT INTO pos.d_pos_orderline VALUES (1000371, 1, 1000509, 1000004, 1000016, '2024-09-17 17:54:41.294174', 1000069, '2024-09-17 17:54:41.294174', 1000069, 1000493, '', '43dbb374-fafb-417d-a0c7-4cbbd483ec39', 'Y', 20000, NULL, 1000003, 1600, NULL, NULL, 20000, 21600);
INSERT INTO pos.d_pos_orderline VALUES (1000749, 2, 1000709, 1000004, 1000016, '2024-09-26 17:00:34.539324', 1000066, '2024-09-26 17:00:34.539325', 1000066, 1000708, '', '00422640-e14a-4807-8501-0da9d41ba2e2', 'Y', 330000, NULL, 0, 0, NULL, NULL, 660000, 660000);
INSERT INTO pos.d_pos_orderline VALUES (1000372, 1, 1000440, 1000004, 1000016, '2024-09-17 17:54:41.390309', 1000069, '2024-09-17 17:54:41.390309', 1000069, 1000495, 'Banh cuon thom ngon', '5c88d6f5-c80f-4852-8d98-11f65e452fe5', 'Y', 200000, NULL, 1000003, 2000000, NULL, NULL, 200000, 2200000);
INSERT INTO pos.d_pos_orderline VALUES (1000750, 2, 1000710, 1000004, 1000016, '2024-09-26 17:00:34.548905', 1000066, '2024-09-26 17:00:34.548906', 1000066, 1000708, '', '43905b0e-44cd-48a3-84f5-a9336cb4d8b9', 'Y', 400000, NULL, 0, 0, NULL, NULL, 800000, 800000);
INSERT INTO pos.d_pos_orderline VALUES (1000751, 1, 1000711, 1000004, 1000016, '2024-09-26 17:00:34.55377', 1000066, '2024-09-26 17:00:34.553772', 1000066, 1000708, '', 'd39e7f50-638f-47de-afe3-42ba6d84db8d', 'Y', 200000, NULL, 0, 0, NULL, NULL, 200000, 200000);
INSERT INTO pos.d_pos_orderline VALUES (1000752, 1, 1000714, 1000004, 1000016, '2024-09-26 17:00:34.557224', 1000066, '2024-09-26 17:00:34.557225', 1000066, 1000708, '', '47fa0d38-89d6-411c-bdea-95bedbdaa9c4', 'Y', 200000, NULL, 0, 0, NULL, NULL, 200000, 200000);
INSERT INTO pos.d_pos_orderline VALUES (1000337, 1, 1000440, 1000004, 1000016, '2024-09-17 17:24:52.896598', 1000069, '2024-09-26 20:37:38.910233', 1000066, 1000475, 'test 2', '121013f9-18f4-422a-89b3-253d0ca87e4c', 'Y', 200000, NULL, 0, 0, NULL, NULL, 200000, 200000);
INSERT INTO pos.d_pos_orderline VALUES (1000356, 2, 1000509, 1000004, 1000016, '2024-09-17 17:43:09.96272', 1000069, '2024-09-26 20:37:38.915013', 1000066, 1000475, 'test 2', '59c687b5-0ac3-4cb3-a8ba-77c445a21712', 'Y', 20000, NULL, 0, 0, NULL, NULL, 40000, 40000);
INSERT INTO pos.d_pos_orderline VALUES (1000357, 1, 1000488, 1000004, 1000016, '2024-09-17 17:43:09.96942', 1000069, '2024-09-26 20:37:38.918906', 1000066, 1000475, 'test 2', '6803615d-d82f-4fb5-bbed-c90d9d7edd9d', 'Y', 189000, NULL, 0, 0, NULL, NULL, 189000, 189000);
INSERT INTO pos.d_pos_orderline VALUES (1000773, 1, 1000718, 1000004, 1000016, '2024-09-26 22:04:10.947935', 1000066, '2024-09-26 22:04:10.947936', 1000066, 1000764, '', '9010eeea-79cf-4cef-80aa-758df192cb35', 'Y', 1000, NULL, 0, 0, NULL, NULL, 1000, 1000);
INSERT INTO pos.d_pos_orderline VALUES (1000789, 1, 1000709, 1000004, 1000016, '2024-09-27 10:03:53.18648', 1000066, '2024-09-27 10:03:53.18648', 1000066, 1000786, '', 'a2e2daad-87ef-4fa7-81cb-aa84c0e3cca1', 'Y', 330000, NULL, 0, 0, NULL, NULL, 330000, 330000);
INSERT INTO pos.d_pos_orderline VALUES (1000806, 1, 1000716, 1000004, 1000016, '2024-09-27 11:18:59.639121', 1000066, '2024-09-27 11:18:59.639121', 1000066, 1000808, '', '59290727-ecf2-4c5b-9469-fbcb514e6686', 'Y', 3000, NULL, 0, 0, NULL, NULL, 3000, 3000);
INSERT INTO pos.d_pos_orderline VALUES (1000807, 1, 1000718, 1000004, 1000016, '2024-09-27 11:18:59.640644', 1000066, '2024-09-27 11:18:59.640644', 1000066, 1000808, '', 'fb42fba8-6376-4a03-beba-4915525a1e13', 'Y', 12100000, NULL, 0, 0, NULL, NULL, 12100000, 12100000);
INSERT INTO pos.d_pos_orderline VALUES (1000407, 2, 1000488, 1000004, 1000016, '2024-09-18 11:56:09.492198', 1000069, '2024-09-23 11:47:30.921461', 1000069, 1000618, 'Cua dong siu ngon', '58b5709d-d828-45de-9b01-a62799a730f1', 'Y', 189000, NULL, 0, 0, NULL, NULL, 378000, 378000);
INSERT INTO pos.d_pos_orderline VALUES (1000373, 1, 1000509, 1000004, 1000016, '2024-09-17 17:54:41.401491', 1000069, '2024-09-17 17:54:41.401491', 1000069, 1000495, '', 'af2c9e00-ef99-47c7-9e91-73caa1e772e1', 'Y', 20000, NULL, 1000003, 1600, NULL, NULL, 20000, 21600);
INSERT INTO pos.d_pos_orderline VALUES (1000753, 2, 1000709, 1000004, 1000016, '2024-09-26 17:11:38.241528', 1000066, '2024-09-26 17:11:38.241529', 1000066, 1000738, '', '385031ec-871b-4311-a778-11cc925c83a5', 'Y', 330000, NULL, 0, 0, NULL, NULL, 660000, 660000);
INSERT INTO pos.d_pos_orderline VALUES (1000754, 2, 1000710, 1000004, 1000016, '2024-09-26 17:11:38.242592', 1000066, '2024-09-26 17:11:38.242592', 1000066, 1000738, '', '5a75016e-98f3-4abd-b266-2b5eeacbfc63', 'Y', 400000, NULL, 0, 0, NULL, NULL, 800000, 800000);
INSERT INTO pos.d_pos_orderline VALUES (1000755, 1, 1000711, 1000004, 1000016, '2024-09-26 17:11:38.243581', 1000066, '2024-09-26 17:11:38.243581', 1000066, 1000738, '', 'a0fafc2b-5ad3-41e9-bc58-ab7c74d48472', 'Y', 200000, NULL, 0, 0, NULL, NULL, 200000, 200000);
INSERT INTO pos.d_pos_orderline VALUES (1000756, 1, 1000714, 1000004, 1000016, '2024-09-26 17:11:38.244469', 1000066, '2024-09-26 17:11:38.24447', 1000066, 1000738, '', 'd586ff49-7eb0-40a2-a3e0-597b82b4963b', 'Y', 200000, NULL, 0, 0, NULL, NULL, 200000, 200000);
INSERT INTO pos.d_pos_orderline VALUES (1000408, 2, 1000488, 1000004, 1000016, '2024-09-18 11:57:47.590857', 1000069, '2024-09-26 17:44:07.759679', 1000066, 1000401, 'Cua dong siu ngon', '9b86c1a2-1099-4001-89f3-b774259ded1f', 'Y', 189000, NULL, 0, 0, NULL, NULL, 378000, 378000);
INSERT INTO pos.d_pos_orderline VALUES (1000383, 1, 1000608, 1000004, 1000016, '2024-09-17 18:38:58.330415', 1000069, '2024-09-26 18:02:40.276004', 1000066, 1000499, 'Banh cuon thom ngon', 'b5acafd8-c562-4877-81f2-4fc4a2ebf92c', 'Y', 200000, NULL, 0, 0, NULL, NULL, 200000, 200000);
INSERT INTO pos.d_pos_orderline VALUES (1000379, 1, 1000485, 1000004, 1000016, '2024-09-17 18:27:20.580677', 1000069, '2024-09-26 18:02:40.279866', 1000066, 1000499, 'Cua dong siu ngon', '163f6e43-c344-4085-af41-7f317b2ff638', 'Y', 189000, NULL, 0, 0, NULL, NULL, 189000, 189000);
INSERT INTO pos.d_pos_orderline VALUES (1000380, 1, 1000428, 1000004, 1000016, '2024-09-17 18:27:52.105006', 1000069, '2024-09-26 18:02:40.283042', 1000066, 1000499, 'Banh cuon thom ngon', '865315c8-dd7f-4518-8deb-0266ec6769d3', 'Y', 200000, NULL, 0, 0, NULL, NULL, 200000, 200000);
INSERT INTO pos.d_pos_orderline VALUES (1000776, 1, 1000709, 1000004, 1000016, '2024-09-26 23:23:52.101432', 1000066, '2024-09-26 23:23:52.101432', 1000066, 1000774, '', 'f6eb0ba3-e4a2-4e8f-9edb-43d806f993ea', 'Y', 330000, NULL, 0, 0, NULL, NULL, 330000, 330000);
INSERT INTO pos.d_pos_orderline VALUES (1000790, 1, 1000709, 1000004, 1000016, '2024-09-27 10:08:10.330226', 1000066, '2024-09-27 10:08:10.330226', 1000066, 1000786, '', '140e7b4d-5c76-408a-9577-3d72e6b26430', 'Y', 330000, NULL, 0, 0, NULL, NULL, 330000, 330000);
INSERT INTO pos.d_pos_orderline VALUES (1000791, 1, 1000709, 1000004, 1000016, '2024-09-27 10:09:10.276251', 1000066, '2024-09-27 10:09:10.276252', 1000066, 1000786, '', '15e001af-8ee9-47d4-af66-4d9755942428', 'Y', 330000, NULL, 0, 0, NULL, NULL, 330000, 330000);
INSERT INTO pos.d_pos_orderline VALUES (1000792, 1, 1000709, 1000004, 1000016, '2024-09-27 10:10:57.864385', 1000066, '2024-09-27 10:10:57.864385', 1000066, 1000786, '', '1afaabe4-db01-4c03-bea0-351c7a8207de', 'Y', 330000, NULL, 0, 0, NULL, NULL, 330000, 330000);
INSERT INTO pos.d_pos_orderline VALUES (1000793, 1, 1000720, 1000004, 1000016, '2024-09-27 10:16:17.838273', 1000066, '2024-09-27 10:16:17.838273', 1000066, 1000786, '', '7127da92-efea-4a6d-8271-4884a2255b8b', 'Y', 2000, NULL, 0, 0, NULL, NULL, 2000, 2000);
INSERT INTO pos.d_pos_orderline VALUES (1000808, 2, 1000720, 1000004, 1000016, '2024-09-27 11:19:24.173169', 1000066, '2024-09-27 11:19:24.17317', 1000066, 1000810, '', '70449e65-b5ec-4549-836e-db752d127bf3', 'Y', 2000, NULL, 0, 0, NULL, NULL, 4000, 4000);
INSERT INTO pos.d_pos_orderline VALUES (1000853, 1, 1000720, 1000004, 1000016, '2024-09-27 17:25:55.058965', 1000066, '2024-09-27 17:25:55.058965', 1000066, 1000852, '', '6178477b-ee0d-4a00-8333-aa776d1af6ef', 'Y', 2000, NULL, 0, 0, NULL, NULL, 2000, 2000);
INSERT INTO pos.d_pos_orderline VALUES (1000865, 1, 1000720, 1000004, 1000016, '2024-09-27 17:37:52.576038', 1000066, '2024-09-27 17:37:52.576046', 1000066, 1000858, '', 'f7b6e328-7a2f-4c0f-a116-ef53702f4518', 'Y', 2000, NULL, 0, 0, NULL, NULL, 2000, 2000);
INSERT INTO pos.d_pos_orderline VALUES (1000866, 1, 1000720, 1000004, 1000016, '2024-09-27 17:38:07.423813', 1000066, '2024-09-27 17:38:07.423813', 1000066, 1000858, '', '7a9af1c3-08db-4d0e-8bcf-f17c2d495bbf', 'Y', 2000, NULL, 0, 0, NULL, NULL, 2000, 2000);
INSERT INTO pos.d_pos_orderline VALUES (1000867, 1, 1000720, 1000004, 1000016, '2024-09-27 17:39:43.239524', 1000066, '2024-09-27 17:39:43.239525', 1000066, 1000860, '', 'f216da35-8596-4ce7-a7d8-d5f5ecd350f8', 'Y', 2000, NULL, 0, 0, NULL, NULL, 2000, 2000);
INSERT INTO pos.d_pos_orderline VALUES (1000868, 1, 1000720, 1000004, 1000016, '2024-09-27 17:39:51.383087', 1000066, '2024-09-27 17:39:51.383088', 1000066, 1000860, '', '70e9fae2-48f6-42ca-b85b-8c9d947f1118', 'Y', 2000, NULL, 0, 0, NULL, NULL, 2000, 2000);
INSERT INTO pos.d_pos_orderline VALUES (1000869, 1, 1000720, 1000004, 1000016, '2024-09-27 17:40:27.643198', 1000066, '2024-09-27 17:40:27.643199', 1000066, 1000862, '', 'dff153dd-e089-4702-8622-efdd096648a9', 'Y', 2000, NULL, 0, 0, NULL, NULL, 2000, 2000);
INSERT INTO pos.d_pos_orderline VALUES (1000879, 1, 1000720, 1000004, 1000016, '2024-09-30 03:10:28.447506', 1000066, '2024-09-30 03:10:28.447507', 1000066, 1000542, '', '08e61ec7-648f-4405-9421-3db9178fe1d8', 'Y', 2000, NULL, 0, 0, NULL, NULL, 2000, 2000);


--
-- TOC entry 5540 (class 0 OID 394786)
-- Dependencies: 392
-- Data for Name: d_pos_org_access; Type: TABLE DATA; Schema: pos; Owner: -
--

INSERT INTO pos.d_pos_org_access VALUES (1000070, 1000016, 1000008, 1000004, '2024-09-18 06:35:14.96859', 0, '2024-09-18 06:35:14.96859', 0, 'Y', '19f8c93e-2e9b-4be5-9135-57a472a49a69');
INSERT INTO pos.d_pos_org_access VALUES (1000079, 1000019, 1000003, 1000004, '2024-09-18 08:31:56.599358', 0, '2024-09-18 08:31:56.599358', 0, 'Y', 'a76d8e5f-010f-4f05-9030-b885aea08488');
INSERT INTO pos.d_pos_org_access VALUES (1000079, 1000030, 1000004, 1000004, '2024-09-18 08:31:56.599358', 0, '2024-09-18 08:31:56.599358', 0, 'Y', 'abb94b05-bd36-4cce-b497-fb001b1fe51f');
INSERT INTO pos.d_pos_org_access VALUES (1000176, 1000038, 1000035, 1000004, '2024-09-25 23:20:24.86404', 1000069, '2024-09-25 23:20:24.86404', 1000069, 'Y', '4de65d99-eb1b-4528-a4e5-53a4cca70ba1');
INSERT INTO pos.d_pos_org_access VALUES (1000177, 1000038, 1000035, 1000004, '2024-09-25 23:20:25.141815', 1000069, '2024-09-25 23:20:25.141815', 1000069, 'Y', '8f550060-3c06-40a4-bcf5-89d80dc7ac42');
INSERT INTO pos.d_pos_org_access VALUES (1000177, 1000038, 1000031, 1000004, '2024-09-25 23:20:25.202251', 1000069, '2024-09-25 23:20:25.202251', 1000069, 'Y', 'bb791880-1215-4532-91fd-c3bee089eb8a');
INSERT INTO pos.d_pos_org_access VALUES (1000177, 1000033, 1000035, 1000004, '2024-09-25 23:20:25.33208', 1000069, '2024-09-25 23:20:25.33208', 1000069, 'Y', 'cfa7b9b5-4d49-4183-9089-022f7fb59b67');
INSERT INTO pos.d_pos_org_access VALUES (1000177, 1000033, 1000031, 1000004, '2024-09-25 23:20:25.395076', 1000069, '2024-09-25 23:20:25.395076', 1000069, 'Y', 'ccea8f40-d0bc-46a0-a756-a3c162cf8a55');
INSERT INTO pos.d_pos_org_access VALUES (1000179, 1000038, 1000035, 1000004, '2024-09-25 23:20:25.942681', 1000069, '2024-09-25 23:20:25.942681', 1000069, 'Y', 'e796a974-642c-462f-b851-e097f961b24b');
INSERT INTO pos.d_pos_org_access VALUES (1000179, 1000038, 1000029, 1000004, '2024-09-25 23:20:26.017689', 1000069, '2024-09-25 23:20:26.017689', 1000069, 'Y', 'c2a36380-1758-44d0-bbe8-a06ae9712a48');
INSERT INTO pos.d_pos_org_access VALUES (1000179, 1000038, 1000021, 1000004, '2024-09-25 23:20:26.082784', 1000069, '2024-09-25 23:20:26.082784', 1000069, 'Y', '6b80efa4-88aa-484f-81f9-5b8c1ee6cf46');
INSERT INTO pos.d_pos_org_access VALUES (1000181, 1000038, 1000035, 1000004, '2024-09-25 23:20:26.519374', 1000069, '2024-09-25 23:20:26.519374', 1000069, 'Y', '1dbee5c3-daf2-4488-8859-57d7a77b2d03');
INSERT INTO pos.d_pos_org_access VALUES (1000181, 1000038, 1000031, 1000004, '2024-09-25 23:20:26.584892', 1000069, '2024-09-25 23:20:26.584892', 1000069, 'Y', 'ede85a35-a10f-4b91-81aa-6f628b66a6df');
INSERT INTO pos.d_pos_org_access VALUES (1000181, 1000038, 1000034, 1000004, '2024-09-25 23:20:26.621906', 1000069, '2024-09-25 23:20:26.621906', 1000069, 'Y', '6b18003a-3fef-48e0-9d10-89cfd5e294e9');
INSERT INTO pos.d_pos_org_access VALUES (1000181, 1000038, 1000032, 1000004, '2024-09-25 23:20:26.671426', 1000069, '2024-09-25 23:20:26.671426', 1000069, 'Y', '122212c3-711d-40f9-b46c-f837fa33675c');
INSERT INTO pos.d_pos_org_access VALUES (1000181, 1000038, 1000028, 1000004, '2024-09-25 23:20:26.721439', 1000069, '2024-09-25 23:20:26.721439', 1000069, 'Y', 'b5f79fd3-636a-48f3-a3b8-82238c98be1d');
INSERT INTO pos.d_pos_org_access VALUES (1000181, 1000038, 1000036, 1000004, '2024-09-25 23:20:26.763965', 1000069, '2024-09-25 23:20:26.763965', 1000069, 'Y', '0383f617-8faf-4ecf-9d23-d4d07734dd4f');
INSERT INTO pos.d_pos_org_access VALUES (1000181, 1000033, 1000035, 1000004, '2024-09-25 23:20:26.86038', 1000069, '2024-09-25 23:20:26.86038', 1000069, 'Y', '485416ba-488c-4fbd-b6c3-13e3a954671a');
INSERT INTO pos.d_pos_org_access VALUES (1000181, 1000033, 1000029, 1000004, '2024-09-25 23:20:26.911394', 1000069, '2024-09-25 23:20:26.911394', 1000069, 'Y', 'b01c9237-fdb1-4640-b225-88eee059f26d');
INSERT INTO pos.d_pos_org_access VALUES (1000181, 1000033, 1000021, 1000004, '2024-09-25 23:20:27.009945', 1000069, '2024-09-25 23:20:27.009945', 1000069, 'Y', 'e2db5759-93e8-401a-9291-6e920a96d32b');
INSERT INTO pos.d_pos_org_access VALUES (1000185, 1000038, 1000035, 1000004, '2024-09-25 23:20:28.492649', 1000069, '2024-09-25 23:20:28.492649', 1000069, 'Y', 'ad4b00ea-c68b-4ab5-894d-8200433eb7d4');


--
-- TOC entry 5507 (class 0 OID 393071)
-- Dependencies: 345
-- Data for Name: d_pos_payment; Type: TABLE DATA; Schema: pos; Owner: -
--

INSERT INTO pos.d_pos_payment VALUES (1000004, 1000004, 1000016, 1000093, 'CAS', 'TEST', 25000, NULL, NULL, NULL, '2024-09-05 17:34:58.573816', 1000069, '2024-09-05 17:34:58.573816', 1000069, 'e88b406c-8e03-4650-b375-f7b66409e324', 'Y', 'Y');
INSERT INTO pos.d_pos_payment VALUES (1000005, 1000004, 1000016, 1000093, 'BAN', 'TEST', 35000, NULL, NULL, NULL, '2024-09-05 17:34:58.57993', 1000069, '2024-09-05 17:34:58.57993', 1000069, 'cfd7012f-5bb6-4a08-bfe2-c851f39cb33f', 'Y', 'Y');
INSERT INTO pos.d_pos_payment VALUES (1000006, 1000004, 1000016, 1000090, 'CAS', 'TEST', 25000, NULL, NULL, NULL, '2024-09-05 11:07:42.907062', 1000069, '2024-09-05 11:07:42.90713', 1000069, '386ee8ff-9ef4-4d8e-83a1-2d4be8f84bb2', 'Y', 'Y');
INSERT INTO pos.d_pos_payment VALUES (1000007, 1000004, 1000016, 1000090, 'BAN', 'TEST', 35000, NULL, NULL, NULL, '2024-09-05 11:07:43.042743', 1000069, '2024-09-05 11:07:43.042744', 1000069, 'db11efb4-dae8-472c-bd67-45aaa9e37fb5', 'Y', 'Y');
INSERT INTO pos.d_pos_payment VALUES (1000008, 1000004, 1000016, 1000088, 'CAS', 'TEST', 25000, NULL, NULL, NULL, '2024-09-05 11:07:54.199346', 1000069, '2024-09-05 11:07:54.199355', 1000069, '9f99a381-1505-48af-bc10-070c5fa127fd', 'Y', 'Y');
INSERT INTO pos.d_pos_payment VALUES (1000009, 1000004, 1000016, 1000088, 'BAN', 'TEST', 35000, NULL, NULL, NULL, '2024-09-05 11:07:54.209565', 1000069, '2024-09-05 11:07:54.209568', 1000069, '84f407e8-180d-458d-b6ce-3b97f243977f', 'Y', 'Y');
INSERT INTO pos.d_pos_payment VALUES (1000010, 1000004, 1000016, 1000086, 'CAS', 'TEST', 25000, NULL, NULL, NULL, '2024-09-05 11:08:03.892404', 1000069, '2024-09-05 11:08:03.892406', 1000069, '259d1cf2-21cc-4ef0-8bf5-ae7f44bba54c', 'Y', 'Y');
INSERT INTO pos.d_pos_payment VALUES (1000011, 1000004, 1000016, 1000086, 'BAN', 'TEST', 35000, NULL, NULL, NULL, '2024-09-05 11:08:03.90016', 1000069, '2024-09-05 11:08:03.900164', 1000069, '99e1012c-439a-488e-87dc-7c8cc94bdda1', 'Y', 'Y');
INSERT INTO pos.d_pos_payment VALUES (1000012, 1000004, 1000016, 1000050, 'CAS', 'TEST', 25000, NULL, NULL, NULL, '2024-09-05 11:14:19.131173', 1000069, '2024-09-05 11:14:19.131175', 1000069, '3efe8600-7638-4a95-888a-c410c1ea666a', 'Y', 'Y');
INSERT INTO pos.d_pos_payment VALUES (1000013, 1000004, 1000016, 1000050, 'BAN', 'TEST', 35000, NULL, NULL, NULL, '2024-09-05 11:14:19.141005', 1000069, '2024-09-05 11:14:19.141007', 1000069, '09692f13-3fda-4488-9f8b-0584601aba00', 'Y', 'Y');
INSERT INTO pos.d_pos_payment VALUES (1000014, 1000004, 1000016, 1, 'CAS', 'TEST', 25000, NULL, NULL, NULL, '2024-09-05 12:03:12.772161', 1000069, '2024-09-05 12:03:12.772165', 1000069, '452a782d-ce45-4b11-ac61-b4bece989001', 'Y', 'Y');
INSERT INTO pos.d_pos_payment VALUES (1000015, 1000004, 1000016, 1, 'BAN', 'TEST', 35000, NULL, NULL, NULL, '2024-09-05 12:03:12.786807', 1000069, '2024-09-05 12:03:12.786809', 1000069, '8a47e406-ed8e-44f9-b356-c623956ed464', 'Y', 'Y');
INSERT INTO pos.d_pos_payment VALUES (1000016, 1000004, 1000016, 2, 'CAS', 'TEST', 25000, NULL, NULL, NULL, '2024-09-05 12:03:17.279923', 1000069, '2024-09-05 12:03:17.279924', 1000069, '932096ea-7b51-4a2d-9965-e1e5e74f0386', 'Y', 'Y');
INSERT INTO pos.d_pos_payment VALUES (1000017, 1000004, 1000016, 2, 'BAN', 'TEST', 35000, NULL, NULL, NULL, '2024-09-05 12:03:17.289639', 1000069, '2024-09-05 12:03:17.289641', 1000069, 'ba4bf2bf-98b1-482a-bf68-f8993abb887b', 'Y', 'Y');
INSERT INTO pos.d_pos_payment VALUES (1000018, 1000004, 1000016, 3, 'CAS', 'TEST', 25000, NULL, NULL, NULL, '2024-09-05 12:03:21.387964', 1000069, '2024-09-05 12:03:21.387967', 1000069, '9241c36e-523a-4c22-b8e3-5946a78a3605', 'Y', 'Y');
INSERT INTO pos.d_pos_payment VALUES (1000019, 1000004, 1000016, 3, 'BAN', 'TEST', 35000, NULL, NULL, NULL, '2024-09-05 12:03:21.400948', 1000069, '2024-09-05 12:03:21.40095', 1000069, '34a2ad89-b4ba-4087-8042-19d8bbd1ae10', 'Y', 'Y');
INSERT INTO pos.d_pos_payment VALUES (1000020, 1000004, 1000016, 4, 'CAS', 'TEST', 25000, NULL, NULL, NULL, '2024-09-05 12:03:32.972602', 1000069, '2024-09-05 12:03:32.972604', 1000069, 'd033eb4d-ee5a-4da5-b2eb-6960b67b179b', 'Y', 'Y');
INSERT INTO pos.d_pos_payment VALUES (1000021, 1000004, 1000016, 4, 'BAN', 'TEST', 35000, NULL, NULL, NULL, '2024-09-05 12:03:32.985208', 1000069, '2024-09-05 12:03:32.98521', 1000069, 'bfe1410f-32f5-4e1c-944d-ba8307495b53', 'Y', 'Y');
INSERT INTO pos.d_pos_payment VALUES (1000022, 1000004, 1000016, 5, 'CAS', 'TEST', 25000, NULL, NULL, NULL, '2024-09-05 12:03:36.318992', 1000069, '2024-09-05 12:03:36.318993', 1000069, '3fe86d0a-3fb0-4e4a-8b33-c0515d5cf68c', 'Y', 'Y');
INSERT INTO pos.d_pos_payment VALUES (1000023, 1000004, 1000016, 5, 'BAN', 'TEST', 35000, NULL, NULL, NULL, '2024-09-05 12:03:36.329497', 1000069, '2024-09-05 12:03:36.329498', 1000069, 'cf9be312-cdb3-4a59-b0af-fed075b99a5e', 'Y', 'Y');
INSERT INTO pos.d_pos_payment VALUES (1000024, 1000004, 1000016, 6, 'CAS', 'TEST', 25000, NULL, NULL, NULL, '2024-09-06 01:44:45.933198', 1000069, '2024-09-06 01:44:45.933202', 1000069, 'd69a8f64-1c3f-402e-982c-6a16889e9a28', 'Y', 'Y');
INSERT INTO pos.d_pos_payment VALUES (1000025, 1000004, 1000016, 6, 'BAN', 'TEST', 35000, NULL, NULL, NULL, '2024-09-06 01:44:45.944166', 1000069, '2024-09-06 01:44:45.944167', 1000069, 'b84e7e1b-0138-4bcb-8b46-404d7d037aff', 'Y', 'Y');
INSERT INTO pos.d_pos_payment VALUES (1000026, 1000004, 1000016, 7, 'CAS', 'TEST', 25000, NULL, NULL, NULL, '2024-09-06 02:46:48.444436', 1000069, '2024-09-06 02:46:48.444438', 1000069, '61cae924-2bfd-4844-ac37-952d10473d98', 'Y', 'Y');
INSERT INTO pos.d_pos_payment VALUES (1000027, 1000004, 1000016, 7, 'BAN', 'TEST', 35000, NULL, NULL, NULL, '2024-09-06 02:46:48.453625', 1000069, '2024-09-06 02:46:48.453626', 1000069, '13cfc406-46d2-4870-a8e2-cbb21033e6f9', 'Y', 'Y');
INSERT INTO pos.d_pos_payment VALUES (1000028, 1000004, 1000016, 8, 'CAS', 'TEST', 25000, NULL, NULL, NULL, '2024-09-06 02:53:15.363879', 1000069, '2024-09-06 02:53:15.363882', 1000069, '82d9816d-1097-42fd-a1f1-5e5a84035ef0', 'Y', 'Y');
INSERT INTO pos.d_pos_payment VALUES (1000029, 1000004, 1000016, 8, 'BAN', 'TEST', 35000, NULL, NULL, NULL, '2024-09-06 02:53:15.371986', 1000069, '2024-09-06 02:53:15.371988', 1000069, '55072ae7-1115-4be5-8ce8-bd7b08402b80', 'Y', 'Y');
INSERT INTO pos.d_pos_payment VALUES (1000030, 1000004, 1000016, 1000042, 'CAS', 'TEST', 25000, NULL, NULL, NULL, '2024-09-06 03:04:09.784775', 1000069, '2024-09-06 03:04:09.784777', 1000069, 'c0e6e24c-c69d-4613-9824-af7d2ceb610a', 'Y', 'Y');
INSERT INTO pos.d_pos_payment VALUES (1000031, 1000004, 1000016, 1000042, 'BAN', 'TEST', 35000, NULL, NULL, NULL, '2024-09-06 03:04:09.79382', 1000069, '2024-09-06 03:04:09.793821', 1000069, '54f4a7be-52eb-40ab-85dc-111634d82716', 'Y', 'Y');
INSERT INTO pos.d_pos_payment VALUES (1000032, 1000004, 1000016, 1000056, 'CAS', 'TEST', 25000, NULL, NULL, NULL, '2024-09-06 10:20:08.467482', 1000069, '2024-09-06 10:20:08.467482', 1000069, '0b12d074-94b7-4b89-a8d4-733f5705e7d8', 'Y', 'Y');
INSERT INTO pos.d_pos_payment VALUES (1000033, 1000004, 1000016, 1000056, 'BAN', 'TEST', 35000, NULL, NULL, NULL, '2024-09-06 10:20:08.49458', 1000069, '2024-09-06 10:20:08.49458', 1000069, '9cd7f0fa-9872-4b8c-a211-5619442216b3', 'Y', 'Y');
INSERT INTO pos.d_pos_payment VALUES (1000034, 1000004, 1000016, 1000062, 'CAS', 'TEST', 25000, NULL, NULL, NULL, '2024-09-06 10:21:33.141354', 1000069, '2024-09-06 10:21:33.141354', 1000069, '8c09b9a5-e9b8-416d-ad40-dea4ff12da8d', 'Y', 'Y');
INSERT INTO pos.d_pos_payment VALUES (1000035, 1000004, 1000016, 1000062, 'BAN', 'TEST', 35000, NULL, NULL, NULL, '2024-09-06 10:21:33.159348', 1000069, '2024-09-06 10:21:33.159348', 1000069, '72866c46-cba7-4911-8668-e3e5a3e5e133', 'Y', 'Y');
INSERT INTO pos.d_pos_payment VALUES (1000036, 1000004, 1000016, 1000294, 'CAS', 'TEST', 25000, NULL, NULL, NULL, '2024-09-08 08:16:41.841858', 1000069, '2024-09-08 08:16:41.84186', 1000069, 'b8675288-9216-42c3-b485-2dfef39404bd', 'Y', 'Y');
INSERT INTO pos.d_pos_payment VALUES (1000037, 1000004, 1000016, 1000294, 'BAN', 'TEST', 35000, NULL, NULL, NULL, '2024-09-08 08:16:41.852872', 1000069, '2024-09-08 08:16:41.852874', 1000069, '780dc50a-679f-48fb-a83e-974f7a0ffb98', 'Y', 'Y');
INSERT INTO pos.d_pos_payment VALUES (1000038, 1000004, 1000016, 1000194, 'CAS', 'TEST', 25000, NULL, NULL, NULL, '2024-09-08 17:32:59.447588', 1000069, '2024-09-08 17:32:59.447588', 1000069, 'ce90e3a2-c210-4984-bc2f-da019f05dd53', 'Y', 'Y');
INSERT INTO pos.d_pos_payment VALUES (1000039, 1000004, 1000016, 1000194, 'CAS', 'TEST', 35000, NULL, NULL, NULL, '2024-09-08 17:32:59.495149', 1000069, '2024-09-08 17:32:59.495149', 1000069, '48543253-5cf5-4534-aa0f-b45b487beb5e', 'Y', 'Y');
INSERT INTO pos.d_pos_payment VALUES (1000040, 1000004, 1000016, 1000194, 'CAS', 'TEST', 25000, NULL, NULL, NULL, '2024-09-08 17:45:09.285951', 1000069, '2024-09-08 17:45:09.285951', 1000069, 'b3e7b429-1dcb-4f01-a5c2-f125d1e26889', 'Y', 'Y');
INSERT INTO pos.d_pos_payment VALUES (1000041, 1000004, 1000016, 1000194, 'CAS', 'TEST', 35000, NULL, NULL, NULL, '2024-09-08 17:45:09.317412', 1000069, '2024-09-08 17:45:09.317412', 1000069, '3eabb4e1-d4e0-4d95-8fc7-100a0dc84f05', 'Y', 'Y');
INSERT INTO pos.d_pos_payment VALUES (1000042, 1000004, 1000016, 1000194, 'CAS', 'TEST', 25000, NULL, NULL, NULL, '2024-09-08 17:52:41.881161', 1000069, '2024-09-08 17:52:41.881161', 1000069, '5dc37c55-ff8f-423d-b73f-237c6b9107c1', 'Y', 'Y');
INSERT INTO pos.d_pos_payment VALUES (1000043, 1000004, 1000016, 1000194, 'CAS', 'TEST', 35000, NULL, NULL, NULL, '2024-09-08 17:52:41.91396', 1000069, '2024-09-08 17:52:41.91396', 1000069, '23cf4587-c0ec-43a1-8890-bedffee64624', 'Y', 'Y');
INSERT INTO pos.d_pos_payment VALUES (1000044, 1000004, 1000016, 1000196, 'CAS', 'TEST', 25000, NULL, NULL, NULL, '2024-09-08 11:16:59.033039', 1000069, '2024-09-08 11:16:59.033046', 1000069, '69337380-50bc-49c4-8f5f-2a3727e76150', 'Y', 'Y');
INSERT INTO pos.d_pos_payment VALUES (1000045, 1000004, 1000016, 1000196, 'BAN', 'TEST', 35000, NULL, NULL, NULL, '2024-09-08 11:16:59.176895', 1000069, '2024-09-08 11:16:59.176905', 1000069, '9aca92e6-de45-42df-a514-ddf67f8dcdab', 'Y', 'Y');
INSERT INTO pos.d_pos_payment VALUES (1000046, 1000004, 1000016, 1000198, 'CAS', 'TEST', 25000, NULL, NULL, NULL, '2024-09-08 11:18:27.580091', 1000069, '2024-09-08 11:18:27.580093', 1000069, '3c8a34d0-04df-480a-9ace-54ab4f7a1d05', 'Y', 'Y');
INSERT INTO pos.d_pos_payment VALUES (1000047, 1000004, 1000016, 1000198, 'BAN', 'TEST', 35000, NULL, NULL, NULL, '2024-09-08 11:18:27.588549', 1000069, '2024-09-08 11:18:27.588551', 1000069, '00ca89c6-e454-46f5-ac3c-6fc63562e723', 'Y', 'Y');
INSERT INTO pos.d_pos_payment VALUES (1000048, 1000004, 1000016, 1000204, 'CAS', 'TEST', 25000, NULL, NULL, NULL, '2024-09-09 00:24:04.126706', 1000069, '2024-09-09 00:24:04.126706', 1000069, '0dd02850-628b-4c53-9ba4-c07aa054a3ef', 'Y', 'Y');
INSERT INTO pos.d_pos_payment VALUES (1000049, 1000004, 1000016, 1000204, 'BAN', 'TEST', 35000, NULL, NULL, NULL, '2024-09-09 00:24:04.188527', 1000069, '2024-09-09 00:24:04.188527', 1000069, '59a8bd1b-774d-46e2-a2b5-a4b5ce206411', 'Y', 'Y');
INSERT INTO pos.d_pos_payment VALUES (1000050, 1000004, 1000016, 1000192, 'CAS', 'TEST', 25000, NULL, NULL, NULL, '2024-09-09 01:54:13.692907', 1000069, '2024-09-09 01:54:13.692907', 1000069, 'e296b1ce-dbf3-4639-bd6e-497eb7356aad', 'Y', 'Y');
INSERT INTO pos.d_pos_payment VALUES (1000051, 1000004, 1000016, 1000192, 'BAN', 'TEST', 35000, NULL, NULL, NULL, '2024-09-09 01:54:13.723298', 1000069, '2024-09-09 01:54:13.723298', 1000069, '6301187c-19a3-4c4f-a048-fe8fc10ab2ff', 'Y', 'Y');
INSERT INTO pos.d_pos_payment VALUES (1000052, 1000004, 1000016, 1000360, 'QRC', NULL, 2000, NULL, NULL, NULL, '2024-09-17 08:52:58.579821', 1000069, '2024-09-17 08:52:58.579822', 1000069, '74cb0783-eae8-4ba6-b55c-59566ff87268', 'Y', 'Y');
INSERT INTO pos.d_pos_payment VALUES (1000053, 1000004, 1000016, 1000421, 'QRC', '', 2000, NULL, NULL, NULL, '2024-09-17 09:49:17.929341', 1000069, '2024-09-17 09:49:17.929342', 1000069, 'a9178b59-9486-498c-bb2c-a7b149d58a51', 'Y', 'Y');
INSERT INTO pos.d_pos_payment VALUES (1000054, 1000004, 1000016, 1000405, 'QRC', '', 2000, NULL, NULL, NULL, '2024-09-17 10:00:42.049103', 1000069, '2024-09-17 10:00:42.049104', 1000069, '24cca9c9-c7bc-4a78-8f84-1ace251dc2ff', 'Y', 'Y');
INSERT INTO pos.d_pos_payment VALUES (1000055, 1000004, 1000016, 1000457, 'QRC', '', 40000, NULL, NULL, NULL, '2024-09-17 10:08:40.608816', 1000069, '2024-09-17 10:08:40.608816', 1000069, '1ecbe335-3327-4525-95c6-c37d096deb4f', 'Y', 'Y');
INSERT INTO pos.d_pos_payment VALUES (1000056, 1000004, 1000016, 1000459, 'QRC', '', 256000, NULL, NULL, NULL, '2024-09-17 10:20:23.243559', 1000069, '2024-09-17 10:20:23.24356', 1000069, '22a3b2cc-0fa0-4a51-8080-e7ecba3704e6', 'Y', 'Y');
INSERT INTO pos.d_pos_payment VALUES (1000057, 1000004, 1000016, 1000461, 'QRC', '', 243200, NULL, NULL, NULL, '2024-09-17 10:21:28.278758', 1000069, '2024-09-17 10:21:28.278759', 1000069, 'f211ee0d-44f1-4360-a4ef-73e487aba25b', 'Y', 'Y');
INSERT INTO pos.d_pos_payment VALUES (1000058, 1000004, 1000016, 1000463, 'QRC', '', 243200, NULL, NULL, NULL, '2024-09-17 10:23:25.168588', 1000069, '2024-09-17 10:23:25.168588', 1000069, '938dc9c7-a593-4a09-9b3f-a3ce7b7dfacb', 'Y', 'Y');
INSERT INTO pos.d_pos_payment VALUES (1000059, 1000004, 1000016, 1000457, 'QRC', '', 0, NULL, NULL, NULL, '2024-09-17 10:34:27.299538', 1000069, '2024-09-17 10:34:27.299538', 1000069, 'b579c4b6-a3fa-446d-9538-a313946ea961', 'Y', 'Y');
INSERT INTO pos.d_pos_payment VALUES (1000060, 1000004, 1000016, 1000362, 'QRC', '', 2000, NULL, NULL, NULL, '2024-09-18 02:32:52.050011', 1000069, '2024-09-18 02:32:52.050012', 1000069, 'c3e73269-7ee1-447f-a83d-017530f5e067', 'Y', 'Y');
INSERT INTO pos.d_pos_payment VALUES (1000061, 1000004, 1000016, 1000364, 'QRC', '', 2000, NULL, NULL, NULL, '2024-09-18 02:36:37.872638', 1000069, '2024-09-18 02:36:37.872639', 1000069, 'e311a314-18e7-4a2c-87b8-9cb67f331534', 'Y', 'Y');
INSERT INTO pos.d_pos_payment VALUES (1000062, 1000004, 1000016, 1000489, 'QRC', '', 2000, NULL, NULL, NULL, '2024-09-18 03:00:41.358537', 1000069, '2024-09-18 03:00:41.358537', 1000069, '16994e7b-b79f-401a-a3f6-bbea75af4a67', 'Y', 'Y');
INSERT INTO pos.d_pos_payment VALUES (1000063, 1000004, 1000016, 1000369, 'QRC', '', 2079000, NULL, NULL, NULL, '2024-09-18 03:27:59.094645', 1000069, '2024-09-18 03:27:59.094646', 1000069, 'd57015d6-78db-4431-ab18-ee43980f05c1', 'Y', 'Y');
INSERT INTO pos.d_pos_payment VALUES (1000064, 1000004, 1000016, 1000411, 'QRC', '', 43200, NULL, NULL, NULL, '2024-09-18 03:34:11.722892', 1000069, '2024-09-18 03:34:11.722892', 1000069, '321b38d7-c4aa-413e-b648-c6fbc854c019', 'Y', 'Y');
INSERT INTO pos.d_pos_payment VALUES (1000065, 1000004, 1000016, 1000501, 'QRC', '', 4589000, NULL, NULL, NULL, '2024-09-18 03:50:19.812159', 1000069, '2024-09-18 03:50:19.812159', 1000069, '3328e420-cfec-413e-af7c-a2a764df4966', 'Y', 'Y');
INSERT INTO pos.d_pos_payment VALUES (1000066, 1000004, 1000016, 1000403, 'QRC', '', 2200000, NULL, NULL, NULL, '2024-09-18 04:16:45.793544', 1000069, '2024-09-18 04:16:45.793545', 1000069, '8cf3fa1f-365f-45b6-bc29-bc3f06af0aa5', 'Y', 'Y');
INSERT INTO pos.d_pos_payment VALUES (1000067, 1000004, 1000016, 1000417, 'QRC', '', 40000, NULL, NULL, NULL, '2024-09-18 04:17:46.26786', 1000069, '2024-09-18 04:17:46.26786', 1000069, '605946ab-7434-4ed9-9941-53b8df96ed5c', 'Y', 'Y');
INSERT INTO pos.d_pos_payment VALUES (1000068, 1000004, 1000016, 1000451, 'QRC', '', 60000, NULL, NULL, NULL, '2024-09-18 04:25:05.113337', 1000069, '2024-09-18 04:25:05.113337', 1000069, '832e4f14-2e43-4eb5-839e-03f67763f8aa', 'Y', 'Y');
INSERT INTO pos.d_pos_payment VALUES (1000069, 1000004, 1000016, 1000449, 'QRC', '', 2079000, NULL, NULL, NULL, '2024-09-18 04:26:16.194685', 1000069, '2024-09-18 04:26:16.194685', 1000069, '0ea139e6-e65d-4820-8fea-e0b609ffff51', 'Y', 'Y');
INSERT INTO pos.d_pos_payment VALUES (1000070, 1000004, 1000016, 1000360, 'QRC', '', 0, NULL, NULL, NULL, '2024-09-18 04:48:35.222681', 1000069, '2024-09-18 04:48:35.222682', 1000069, 'bd5c5ada-30fe-4f77-949f-ae81553aca91', 'Y', 'Y');
INSERT INTO pos.d_pos_payment VALUES (1000071, 1000004, 1000016, 1000360, 'QRC', '', 0, NULL, NULL, NULL, '2024-09-18 04:48:35.253324', 1000069, '2024-09-18 04:48:35.253324', 1000069, 'fc6acdef-ac89-43b5-85ae-1611da2f7ca8', 'Y', 'Y');
INSERT INTO pos.d_pos_payment VALUES (1000072, 1000004, 1000016, 1000455, 'QRC', '', 2578000, NULL, NULL, NULL, '2024-09-18 04:50:20.957664', 1000069, '2024-09-18 04:50:20.957665', 1000069, '3a310705-7587-49e9-b232-c41c31c88e47', 'Y', 'Y');
INSERT INTO pos.d_pos_payment VALUES (1000073, 1000004, 1000016, 1000413, 'QRC', '', 2139000, NULL, NULL, NULL, '2024-09-18 04:52:50.522746', 1000069, '2024-09-18 04:52:50.522747', 1000069, 'cc056cbc-344d-40f7-8581-a1b91a875cd7', 'Y', 'Y');
INSERT INTO pos.d_pos_payment VALUES (1000074, 1000004, 1000016, 1000401, 'QRC', '', 4158000, NULL, NULL, NULL, '2024-09-18 04:56:09.940288', 1000069, '2024-09-18 04:56:09.940289', 1000069, '0e5bda91-0fd7-474c-af17-ce1cd2069e52', 'Y', 'Y');
INSERT INTO pos.d_pos_payment VALUES (1000075, 1000004, 1000016, 1000399, 'QRC', '', 43200, NULL, NULL, NULL, '2024-09-18 04:58:38.737433', 1000069, '2024-09-18 04:58:38.737433', 1000069, 'a8d7aac0-099b-4d34-9c38-3b8ee1e00a6b', 'Y', 'Y');
INSERT INTO pos.d_pos_payment VALUES (1000076, 1000004, 1000016, 1000387, 'QRC', '', 2295000, NULL, NULL, NULL, '2024-09-18 05:04:52.494385', 1000069, '2024-09-18 05:04:52.494386', 1000069, '20b0e869-c51a-40f0-9244-61b50c7cfca3', 'Y', 'Y');
INSERT INTO pos.d_pos_payment VALUES (1000077, 1000004, 1000016, 1000393, 'QRC', '', 43200, NULL, NULL, NULL, '2024-09-18 06:32:22.606736', 1000069, '2024-09-18 06:32:22.606736', 1000069, '841cfc1b-874a-45ff-9ea6-41504136deca', 'Y', 'Y');
INSERT INTO pos.d_pos_payment VALUES (1000078, 1000004, 1000016, 1000409, 'QRC', '', 40000, NULL, NULL, NULL, '2024-09-18 06:40:44.902964', 1000069, '2024-09-18 06:40:44.902965', 1000069, '89b097a6-3915-4aa6-a8a9-2c1d2e5156b8', 'Y', 'Y');
INSERT INTO pos.d_pos_payment VALUES (1000079, 1000004, 1000016, 1000491, 'QRC', '', 2000, NULL, NULL, NULL, '2024-09-18 07:31:53.519655', 1000069, '2024-09-18 07:31:53.519655', 1000069, 'b87cd38c-f4c4-4d8b-9f52-09faf0d62d93', 'Y', 'Y');
INSERT INTO pos.d_pos_payment VALUES (1000080, 1000004, 1000016, 1000493, 'QRC', '', 2000, NULL, NULL, NULL, '2024-09-18 08:10:06.406238', 1000069, '2024-09-18 08:10:06.406239', 1000069, '388fa331-75dc-4cfb-a900-8598b3b44c86', 'Y', 'Y');
INSERT INTO pos.d_pos_payment VALUES (1000081, 1000004, 1000016, 1000495, 'QRC', '', 2000, NULL, NULL, NULL, '2024-09-18 08:24:34.48831', 1000069, '2024-09-18 08:24:34.488311', 1000069, 'e454723a-b90f-4e38-a8e0-b18dae307f05', 'Y', 'Y');
INSERT INTO pos.d_pos_payment VALUES (1000082, 1000004, 1000016, 1000453, 'QRC', '', 378000, NULL, NULL, NULL, '2024-09-18 08:29:25.136155', 1000069, '2024-09-18 08:29:25.136156', 1000069, 'fdc0eeea-205d-4f35-b7f8-b17f72c6c38f', 'Y', 'Y');
INSERT INTO pos.d_pos_payment VALUES (1000083, 1000004, 1000016, 1000407, 'QRC', '', 20000, NULL, NULL, NULL, '2024-09-18 08:48:37.56686', 1000069, '2024-09-18 08:48:37.566862', 1000069, '1d7feef4-5140-492f-89f8-ac462532b414', 'Y', 'Y');
INSERT INTO pos.d_pos_payment VALUES (1000084, 1000004, 1000016, 1000507, 'QRC', '', 2609000, NULL, NULL, NULL, '2024-09-18 09:31:21.395763', 1000069, '2024-09-18 09:31:21.395764', 1000069, 'b434b70e-ecb0-4baa-a3fe-f5d6a44a5440', 'Y', 'Y');
INSERT INTO pos.d_pos_payment VALUES (1000085, 1000004, 1000016, 1000596, 'QRC', '', 800000, NULL, NULL, NULL, '2024-09-22 05:32:43.569943', 1000069, '2024-09-22 05:32:43.569944', 1000069, 'a05dd469-38f4-4cd3-b0d2-08b346431d33', 'Y', 'Y');
INSERT INTO pos.d_pos_payment VALUES (1000086, 1000004, 1000016, 1000449, 'QRC', '', 189000, NULL, NULL, NULL, '2024-09-23 10:53:27.967943', 1000069, '2024-09-23 10:53:27.967943', 1000069, 'c6f4496c-a026-42e0-ba5c-18f4297df24b', 'Y', 'Y');
INSERT INTO pos.d_pos_payment VALUES (1000087, 1000004, 1000016, 1000449, 'TRA', '', 189000, NULL, NULL, NULL, '2024-09-23 10:53:28.002067', 1000069, '2024-09-23 10:53:28.002068', 1000069, 'eaa26c94-5499-40c9-9a66-2fa759b59c1e', 'Y', 'Y');
INSERT INTO pos.d_pos_payment VALUES (1000088, 1000004, 1000016, 1000449, 'QRC', '', 189000, NULL, NULL, NULL, '2024-09-23 10:54:50.773', 1000069, '2024-09-23 10:54:50.773', 1000069, 'ff30938b-5f5e-412d-9659-2a93e31e6343', 'Y', 'Y');
INSERT INTO pos.d_pos_payment VALUES (1000089, 1000004, 1000016, 1000449, 'TRA', '', 189000, NULL, NULL, NULL, '2024-09-23 10:54:50.782955', 1000069, '2024-09-23 10:54:50.782955', 1000069, 'aa119df6-2292-4b8e-bb40-11ac0f00263f', 'Y', 'Y');
INSERT INTO pos.d_pos_payment VALUES (1000090, 1000004, 1000016, 1000417, 'TRA', '', 40000, NULL, NULL, NULL, '2024-09-23 11:21:21.187044', 1000069, '2024-09-23 11:21:21.187044', 1000069, 'f1c76975-e7f4-45cd-b3b5-5a5226a650b2', 'Y', 'Y');
INSERT INTO pos.d_pos_payment VALUES (1000093, 1000004, 1000016, 1000610, 'QRC', '', 0, NULL, NULL, NULL, '2024-09-23 07:53:51.988794', 1000069, '2024-09-23 07:53:51.988794', 1000069, '237bccf7-06b5-4f23-8d17-b4b032f6cc3c', 'Y', 'Y');
INSERT INTO pos.d_pos_payment VALUES (1000092, 1000004, 1000016, 1000610, 'QRC', '', 0, NULL, NULL, NULL, '2024-09-23 07:53:51.989398', 1000069, '2024-09-23 07:53:51.989398', 1000069, '347a75a9-3bda-4f93-8901-cd8dd228b901', 'Y', 'Y');
INSERT INTO pos.d_pos_payment VALUES (1000091, 1000004, 1000016, 1000610, 'QRC', '', 0, NULL, NULL, NULL, '2024-09-23 07:53:51.98932', 1000069, '2024-09-23 07:53:51.98932', 1000069, '19125044-ed46-4fdd-b414-d45b29dbf368', 'Y', 'Y');
INSERT INTO pos.d_pos_payment VALUES (1000095, 1000004, 1000016, 1000610, 'QRC', '', 0, NULL, NULL, NULL, '2024-09-23 07:53:51.989215', 1000069, '2024-09-23 07:53:51.989215', 1000069, '4630adad-89c6-4820-bc74-630b8b21e52e', 'Y', 'Y');
INSERT INTO pos.d_pos_payment VALUES (1000096, 1000004, 1000016, 1000610, 'QRC', '', 0, NULL, NULL, NULL, '2024-09-23 07:53:51.987756', 1000069, '2024-09-23 07:53:51.987756', 1000069, '732ab9b2-5488-493f-a8a1-0e1b55cde4e6', 'Y', 'Y');
INSERT INTO pos.d_pos_payment VALUES (1000094, 1000004, 1000016, 1000610, 'QRC', '', 0, NULL, NULL, NULL, '2024-09-23 07:53:51.989173', 1000069, '2024-09-23 07:53:51.989174', 1000069, 'c0c656a1-b68d-4b67-8f31-ad0e647fd0f8', 'Y', 'Y');
INSERT INTO pos.d_pos_payment VALUES (1000097, 1000004, 1000016, 1000610, 'QRC', '', 0, NULL, NULL, NULL, '2024-09-23 07:53:52.769067', 1000069, '2024-09-23 07:53:52.769067', 1000069, '3a1bfbc5-e661-4137-a781-0f242d225406', 'Y', 'Y');
INSERT INTO pos.d_pos_payment VALUES (1000098, 1000004, 1000016, 1000610, 'QRC', '', 0, NULL, NULL, NULL, '2024-09-23 07:53:52.940619', 1000069, '2024-09-23 07:53:52.94062', 1000069, 'a650f16e-3e01-4fb9-9489-25ecda1a0c98', 'Y', 'Y');
INSERT INTO pos.d_pos_payment VALUES (1000099, 1000004, 1000016, 1000610, 'QRC', '', 0, NULL, NULL, NULL, '2024-09-23 07:53:52.956855', 1000069, '2024-09-23 07:53:52.956855', 1000069, '0f5c92fc-36a6-4d9b-9a2d-87408785c60a', 'Y', 'Y');
INSERT INTO pos.d_pos_payment VALUES (1000100, 1000004, 1000016, 1000610, 'QRC', '', 0, NULL, NULL, NULL, '2024-09-23 07:53:53.068776', 1000069, '2024-09-23 07:53:53.068777', 1000069, '06d0dc0f-ab2a-4d61-ba10-5e0ab0d2dd06', 'Y', 'Y');
INSERT INTO pos.d_pos_payment VALUES (1000101, 1000004, 1000016, 1000610, 'QRC', '', 0, NULL, NULL, NULL, '2024-09-23 07:53:53.145611', 1000069, '2024-09-23 07:53:53.145611', 1000069, 'bb2d85f9-b1f8-4b12-90a3-e91624274115', 'Y', 'Y');
INSERT INTO pos.d_pos_payment VALUES (1000102, 1000004, 1000016, 1000610, 'QRC', '', 0, NULL, NULL, NULL, '2024-09-23 07:53:53.171417', 1000069, '2024-09-23 07:53:53.171417', 1000069, '546f044b-c38c-4c4b-b39b-160c7e330d1c', 'Y', 'Y');
INSERT INTO pos.d_pos_payment VALUES (1000103, 1000004, 1000016, 1000610, 'QRC', '', 0, NULL, NULL, NULL, '2024-09-23 07:53:53.22086', 1000069, '2024-09-23 07:53:53.22086', 1000069, 'ff0f9732-6e22-4c9d-a427-5ff6d1bec850', 'Y', 'Y');
INSERT INTO pos.d_pos_payment VALUES (1000104, 1000004, 1000016, 1000610, 'QRC', '', 0, NULL, NULL, NULL, '2024-09-23 07:53:53.384922', 1000069, '2024-09-23 07:53:53.384923', 1000069, '18d89ee1-a96f-47f9-8ff4-44ab3b3c51b2', 'Y', 'Y');
INSERT INTO pos.d_pos_payment VALUES (1000105, 1000004, 1000016, 1000610, 'QRC', '', 0, NULL, NULL, NULL, '2024-09-23 07:53:53.675684', 1000069, '2024-09-23 07:53:53.675685', 1000069, '657076cd-be88-44cb-860b-cff62189d381', 'Y', 'Y');
INSERT INTO pos.d_pos_payment VALUES (1000106, 1000004, 1000016, 1000610, 'QRC', '', 0, NULL, NULL, NULL, '2024-09-23 07:53:53.710028', 1000069, '2024-09-23 07:53:53.710028', 1000069, 'fa990b69-56f0-4c67-b6b8-841c89f3ec26', 'Y', 'Y');
INSERT INTO pos.d_pos_payment VALUES (1000107, 1000004, 1000016, 1000610, 'QRC', '', 0, NULL, NULL, NULL, '2024-09-23 07:53:53.746367', 1000069, '2024-09-23 07:53:53.746367', 1000069, '7e025f3c-76eb-4a56-8ec5-15550234005a', 'Y', 'Y');
INSERT INTO pos.d_pos_payment VALUES (1000108, 1000004, 1000016, 1000610, 'QRC', '', 0, NULL, NULL, NULL, '2024-09-23 07:53:53.946768', 1000069, '2024-09-23 07:53:53.946768', 1000069, '1cb8b9b4-e708-43fe-9811-0357601eb6be', 'Y', 'Y');
INSERT INTO pos.d_pos_payment VALUES (1000109, 1000004, 1000016, 1000610, 'QRC', '', 0, NULL, NULL, NULL, '2024-09-23 07:53:53.958509', 1000069, '2024-09-23 07:53:53.958509', 1000069, '9911bf07-a795-4c73-bca9-5e0a35cad0af', 'Y', 'Y');
INSERT INTO pos.d_pos_payment VALUES (1000110, 1000004, 1000016, 1000610, 'QRC', '', 0, NULL, NULL, NULL, '2024-09-23 07:53:54.083245', 1000069, '2024-09-23 07:53:54.083245', 1000069, '0b61ac41-f46b-49c9-a0e2-84aa0768c44e', 'Y', 'Y');
INSERT INTO pos.d_pos_payment VALUES (1000116, 1000004, 1000016, 1000610, 'QRC', '', 0, NULL, NULL, NULL, '2024-09-23 07:53:54.731748', 1000069, '2024-09-23 07:53:54.731748', 1000069, '57a7d970-2992-4740-9617-0a0242f757e3', 'Y', 'Y');
INSERT INTO pos.d_pos_payment VALUES (1000126, 1000004, 1000016, 1000610, 'QRC', '', 0, NULL, NULL, NULL, '2024-09-23 07:53:55.662933', 1000069, '2024-09-23 07:53:55.662933', 1000069, 'b54c02b9-faef-4e9c-b43c-a8008db87d18', 'Y', 'Y');
INSERT INTO pos.d_pos_payment VALUES (1000134, 1000004, 1000016, 1000610, 'QRC', '', 0, NULL, NULL, NULL, '2024-09-23 07:53:56.764131', 1000069, '2024-09-23 07:53:56.764131', 1000069, '595a9a70-eb71-4edf-b038-878ca5c05c57', 'Y', 'Y');
INSERT INTO pos.d_pos_payment VALUES (1000111, 1000004, 1000016, 1000610, 'QRC', '', 0, NULL, NULL, NULL, '2024-09-23 07:53:54.285956', 1000069, '2024-09-23 07:53:54.285956', 1000069, '348333ac-bfe7-472a-b906-1d74eb8f727d', 'Y', 'Y');
INSERT INTO pos.d_pos_payment VALUES (1000117, 1000004, 1000016, 1000610, 'QRC', '', 0, NULL, NULL, NULL, '2024-09-23 07:53:54.865624', 1000069, '2024-09-23 07:53:54.865624', 1000069, '0d3a9be9-5066-4f2c-9bb5-cd12b571baa9', 'Y', 'Y');
INSERT INTO pos.d_pos_payment VALUES (1000122, 1000004, 1000016, 1000610, 'QRC', '', 0, NULL, NULL, NULL, '2024-09-23 07:53:55.38766', 1000069, '2024-09-23 07:53:55.387661', 1000069, 'd41b615a-978c-4881-98cf-dcb30dc1ce66', 'Y', 'Y');
INSERT INTO pos.d_pos_payment VALUES (1000127, 1000004, 1000016, 1000610, 'QRC', '', 0, NULL, NULL, NULL, '2024-09-23 07:53:55.810363', 1000069, '2024-09-23 07:53:55.810363', 1000069, '1f0f8ad1-65d0-4982-a18b-4563acdaf8fd', 'Y', 'Y');
INSERT INTO pos.d_pos_payment VALUES (1000131, 1000004, 1000016, 1000610, 'QRC', '', 0, NULL, NULL, NULL, '2024-09-23 07:53:56.71175', 1000069, '2024-09-23 07:53:56.71175', 1000069, 'f333ca72-5e7e-474a-b904-923ade53b88b', 'Y', 'Y');
INSERT INTO pos.d_pos_payment VALUES (1000112, 1000004, 1000016, 1000610, 'QRC', '', 0, NULL, NULL, NULL, '2024-09-23 07:53:54.358326', 1000069, '2024-09-23 07:53:54.358327', 1000069, 'e39851a9-3f99-4807-a7f8-f55027fff955', 'Y', 'Y');
INSERT INTO pos.d_pos_payment VALUES (1000118, 1000004, 1000016, 1000610, 'QRC', '', 0, NULL, NULL, NULL, '2024-09-23 07:53:54.885601', 1000069, '2024-09-23 07:53:54.885601', 1000069, 'd70f2e68-76d9-4c68-bc28-19abd366eac4', 'Y', 'Y');
INSERT INTO pos.d_pos_payment VALUES (1000124, 1000004, 1000016, 1000610, 'QRC', '', 0, NULL, NULL, NULL, '2024-09-23 07:53:55.484421', 1000069, '2024-09-23 07:53:55.484422', 1000069, '4763178e-8672-4f7c-bac9-035e09aade6c', 'Y', 'Y');
INSERT INTO pos.d_pos_payment VALUES (1000128, 1000004, 1000016, 1000610, 'QRC', '', 0, NULL, NULL, NULL, '2024-09-23 07:53:55.906017', 1000069, '2024-09-23 07:53:55.906018', 1000069, 'c1c663f0-3ba1-4a28-871f-e8bce60fef14', 'Y', 'Y');
INSERT INTO pos.d_pos_payment VALUES (1000133, 1000004, 1000016, 1000610, 'QRC', '', 0, NULL, NULL, NULL, '2024-09-23 07:53:56.747576', 1000069, '2024-09-23 07:53:56.747576', 1000069, 'c0fd092b-ea86-4ecd-b84f-6e85c0e3089d', 'Y', 'Y');
INSERT INTO pos.d_pos_payment VALUES (1000113, 1000004, 1000016, 1000610, 'QRC', '', 0, NULL, NULL, NULL, '2024-09-23 07:53:54.420332', 1000069, '2024-09-23 07:53:54.420332', 1000069, 'e5d14ad9-a474-42d2-a849-584da6831dc6', 'Y', 'Y');
INSERT INTO pos.d_pos_payment VALUES (1000119, 1000004, 1000016, 1000610, 'QRC', '', 0, NULL, NULL, NULL, '2024-09-23 07:53:55.060502', 1000069, '2024-09-23 07:53:55.060503', 1000069, '068bbc44-06f5-416a-92b1-2ae69b5abd26', 'Y', 'Y');
INSERT INTO pos.d_pos_payment VALUES (1000125, 1000004, 1000016, 1000610, 'QRC', '', 0, NULL, NULL, NULL, '2024-09-23 07:53:55.659912', 1000069, '2024-09-23 07:53:55.659912', 1000069, '205e252c-3b5b-443f-9c72-2f38c9785f6d', 'Y', 'Y');
INSERT INTO pos.d_pos_payment VALUES (1000132, 1000004, 1000016, 1000610, 'QRC', '', 0, NULL, NULL, NULL, '2024-09-23 07:53:56.72741', 1000069, '2024-09-23 07:53:56.727411', 1000069, 'fed6141b-125d-4545-9b89-be16a2b3455a', 'Y', 'Y');
INSERT INTO pos.d_pos_payment VALUES (1000114, 1000004, 1000016, 1000610, 'QRC', '', 0, NULL, NULL, NULL, '2024-09-23 07:53:54.517277', 1000069, '2024-09-23 07:53:54.517277', 1000069, 'ef5235eb-a5d0-468c-8ee1-efb90d2bb05b', 'Y', 'Y');
INSERT INTO pos.d_pos_payment VALUES (1000121, 1000004, 1000016, 1000610, 'QRC', '', 0, NULL, NULL, NULL, '2024-09-23 07:53:55.263292', 1000069, '2024-09-23 07:53:55.263292', 1000069, 'e4b42065-b3f4-428a-a128-775033d154e7', 'Y', 'Y');
INSERT INTO pos.d_pos_payment VALUES (1000129, 1000004, 1000016, 1000610, 'QRC', '', 0, NULL, NULL, NULL, '2024-09-23 07:53:56.598089', 1000069, '2024-09-23 07:53:56.59809', 1000069, '7a5878c5-4bd4-4d9b-b790-656bdf100eba', 'Y', 'Y');
INSERT INTO pos.d_pos_payment VALUES (1000115, 1000004, 1000016, 1000610, 'QRC', '', 0, NULL, NULL, NULL, '2024-09-23 07:53:54.532375', 1000069, '2024-09-23 07:53:54.532376', 1000069, '5d558541-0016-4a30-bf40-fb007b3e4e3c', 'Y', 'Y');
INSERT INTO pos.d_pos_payment VALUES (1000120, 1000004, 1000016, 1000610, 'QRC', '', 0, NULL, NULL, NULL, '2024-09-23 07:53:55.106089', 1000069, '2024-09-23 07:53:55.106089', 1000069, '004a9e65-eace-4c64-a5a5-9c6b36204c03', 'Y', 'Y');
INSERT INTO pos.d_pos_payment VALUES (1000123, 1000004, 1000016, 1000610, 'QRC', '', 0, NULL, NULL, NULL, '2024-09-23 07:53:55.484494', 1000069, '2024-09-23 07:53:55.484495', 1000069, '944ece76-05b0-4025-8c46-91e0576ebba1', 'Y', 'Y');
INSERT INTO pos.d_pos_payment VALUES (1000130, 1000004, 1000016, 1000610, 'QRC', '', 0, NULL, NULL, NULL, '2024-09-23 07:53:56.596376', 1000069, '2024-09-23 07:53:56.596377', 1000069, '8c252f67-617d-420f-aef5-70379ea1cd91', 'Y', 'Y');
INSERT INTO pos.d_pos_payment VALUES (1000135, 1000004, 1000016, 1000624, 'QRC', '', 0, NULL, NULL, NULL, '2024-09-23 07:54:26.094391', 1000069, '2024-09-23 07:54:26.094392', 1000069, '88e2f8e1-cc6f-486d-8837-1ec113a216d2', 'Y', 'Y');
INSERT INTO pos.d_pos_payment VALUES (1000136, 1000004, 1000016, 1000624, 'QRC', '', 0, NULL, NULL, NULL, '2024-09-23 07:54:26.107427', 1000069, '2024-09-23 07:54:26.107429', 1000069, 'd0082bac-286f-4b7e-b784-167823290938', 'Y', 'Y');
INSERT INTO pos.d_pos_payment VALUES (1000137, 1000004, 1000016, 1000624, 'QRC', '', 0, NULL, NULL, NULL, '2024-09-23 07:54:26.100945', 1000069, '2024-09-23 07:54:26.100946', 1000069, '893d0d2b-dc8e-42ed-93e9-aede29917153', 'Y', 'Y');
INSERT INTO pos.d_pos_payment VALUES (1000138, 1000004, 1000016, 1000624, 'QRC', '', 0, NULL, NULL, NULL, '2024-09-23 07:54:26.142163', 1000069, '2024-09-23 07:54:26.142164', 1000069, '1eb48ece-c8f9-4aeb-870b-6e2b6d56d70e', 'Y', 'Y');
INSERT INTO pos.d_pos_payment VALUES (1000139, 1000004, 1000016, 1000624, 'QRC', '', 0, NULL, NULL, NULL, '2024-09-23 07:54:26.196036', 1000069, '2024-09-23 07:54:26.196037', 1000069, '5538f411-4a9d-4cac-8ff9-817c5138b8c0', 'Y', 'Y');
INSERT INTO pos.d_pos_payment VALUES (1000140, 1000004, 1000016, 1000624, 'QRC', '', 0, NULL, NULL, NULL, '2024-09-23 07:54:26.304278', 1000069, '2024-09-23 07:54:26.304278', 1000069, '6b4ba7b1-9bf9-4b45-949c-f3389532a982', 'Y', 'Y');
INSERT INTO pos.d_pos_payment VALUES (1000141, 1000004, 1000016, 1000624, 'QRC', '', 0, NULL, NULL, NULL, '2024-09-23 07:54:26.764208', 1000069, '2024-09-23 07:54:26.764209', 1000069, '234b94e1-caf1-4496-bb77-76ba2c4320d1', 'Y', 'Y');
INSERT INTO pos.d_pos_payment VALUES (1000142, 1000004, 1000016, 1000624, 'QRC', '', 0, NULL, NULL, NULL, '2024-09-23 07:54:26.768533', 1000069, '2024-09-23 07:54:26.768533', 1000069, '7a7c6383-8551-4bf8-ab69-29aa1a0c41f7', 'Y', 'Y');
INSERT INTO pos.d_pos_payment VALUES (1000143, 1000004, 1000016, 1000624, 'QRC', '', 0, NULL, NULL, NULL, '2024-09-23 07:54:26.872811', 1000069, '2024-09-23 07:54:26.872812', 1000069, 'f63dbc38-b345-4326-8167-a2f565ce061a', 'Y', 'Y');
INSERT INTO pos.d_pos_payment VALUES (1000144, 1000004, 1000016, 1000624, 'QRC', '', 0, NULL, NULL, NULL, '2024-09-23 07:54:26.890466', 1000069, '2024-09-23 07:54:26.890466', 1000069, '3d638b73-50cc-414f-bbab-631032c4d7ca', 'Y', 'Y');
INSERT INTO pos.d_pos_payment VALUES (1000145, 1000004, 1000016, 1000624, 'QRC', '', 0, NULL, NULL, NULL, '2024-09-23 07:54:26.89572', 1000069, '2024-09-23 07:54:26.89572', 1000069, '3a746851-3f55-4b5a-a405-a04bde112f57', 'Y', 'Y');
INSERT INTO pos.d_pos_payment VALUES (1000146, 1000004, 1000016, 1000624, 'QRC', '', 0, NULL, NULL, NULL, '2024-09-23 07:54:26.901375', 1000069, '2024-09-23 07:54:26.901375', 1000069, '060fd349-9c92-4a9d-b92c-35682d5b9fee', 'Y', 'Y');
INSERT INTO pos.d_pos_payment VALUES (1000147, 1000004, 1000016, 1000624, 'QRC', '', 0, NULL, NULL, NULL, '2024-09-23 07:54:27.318457', 1000069, '2024-09-23 07:54:27.318457', 1000069, '96f389e5-8e8d-4973-8ecc-c3cb26bf0f28', 'Y', 'Y');
INSERT INTO pos.d_pos_payment VALUES (1000148, 1000004, 1000016, 1000624, 'QRC', '', 0, NULL, NULL, NULL, '2024-09-23 07:54:27.353761', 1000069, '2024-09-23 07:54:27.353762', 1000069, '0d1eb383-b5b7-493a-bc80-c8334389102d', 'Y', 'Y');
INSERT INTO pos.d_pos_payment VALUES (1000149, 1000004, 1000016, 1000624, 'QRC', '', 0, NULL, NULL, NULL, '2024-09-23 07:54:27.407983', 1000069, '2024-09-23 07:54:27.407983', 1000069, '19fa14be-e664-462b-8073-029335bef986', 'Y', 'Y');
INSERT INTO pos.d_pos_payment VALUES (1000150, 1000004, 1000016, 1000624, 'QRC', '', 0, NULL, NULL, NULL, '2024-09-23 07:54:27.444623', 1000069, '2024-09-23 07:54:27.444624', 1000069, 'c643eebb-f31c-48f5-8ee2-84b49d02c709', 'Y', 'Y');
INSERT INTO pos.d_pos_payment VALUES (1000151, 1000004, 1000016, 1000624, 'QRC', '', 0, NULL, NULL, NULL, '2024-09-23 07:54:27.469605', 1000069, '2024-09-23 07:54:27.469605', 1000069, '27e77968-425a-40e1-b7eb-e4bb55f3a07d', 'Y', 'Y');
INSERT INTO pos.d_pos_payment VALUES (1000152, 1000004, 1000016, 1000624, 'QRC', '', 0, NULL, NULL, NULL, '2024-09-23 07:54:27.47218', 1000069, '2024-09-23 07:54:27.47218', 1000069, '543d3106-5083-4511-bb27-da0586e014d8', 'Y', 'Y');
INSERT INTO pos.d_pos_payment VALUES (1000153, 1000004, 1000016, 1000624, 'QRC', '', 0, NULL, NULL, NULL, '2024-09-23 07:54:27.934959', 1000069, '2024-09-23 07:54:27.934959', 1000069, '53ca6be1-f7c3-41e8-aadd-e4ea5d54a162', 'Y', 'Y');
INSERT INTO pos.d_pos_payment VALUES (1000154, 1000004, 1000016, 1000624, 'QRC', '', 0, NULL, NULL, NULL, '2024-09-23 07:54:27.947842', 1000069, '2024-09-23 07:54:27.947843', 1000069, '5ec427a5-5121-4506-90cd-4d984a72e4ab', 'Y', 'Y');
INSERT INTO pos.d_pos_payment VALUES (1000155, 1000004, 1000016, 1000624, 'QRC', '', 0, NULL, NULL, NULL, '2024-09-23 07:54:27.966954', 1000069, '2024-09-23 07:54:27.966954', 1000069, '10202337-c73b-4be6-acde-4e1d026860e4', 'Y', 'Y');
INSERT INTO pos.d_pos_payment VALUES (1000156, 1000004, 1000016, 1000624, 'QRC', '', 0, NULL, NULL, NULL, '2024-09-23 07:54:28.046914', 1000069, '2024-09-23 07:54:28.046915', 1000069, '5f8b83a9-a0d3-4719-96f0-d542085a51eb', 'Y', 'Y');
INSERT INTO pos.d_pos_payment VALUES (1000157, 1000004, 1000016, 1000624, 'QRC', '', 0, NULL, NULL, NULL, '2024-09-23 07:54:28.084146', 1000069, '2024-09-23 07:54:28.084146', 1000069, 'b6260326-f011-461e-9230-481a12a36bec', 'Y', 'Y');
INSERT INTO pos.d_pos_payment VALUES (1000158, 1000004, 1000016, 1000624, 'QRC', '', 0, NULL, NULL, NULL, '2024-09-23 07:54:28.139295', 1000069, '2024-09-23 07:54:28.139295', 1000069, 'a976bc7d-262e-4f03-be96-dc0038ed42cd', 'Y', 'Y');
INSERT INTO pos.d_pos_payment VALUES (1000159, 1000004, 1000016, 1000624, 'QRC', '', 0, NULL, NULL, NULL, '2024-09-23 07:54:28.411758', 1000069, '2024-09-23 07:54:28.411759', 1000069, 'bb296d28-fd11-45fe-a8de-db3309a2a3f8', 'Y', 'Y');
INSERT INTO pos.d_pos_payment VALUES (1000160, 1000004, 1000016, 1000624, 'QRC', '', 0, NULL, NULL, NULL, '2024-09-23 07:54:28.534807', 1000069, '2024-09-23 07:54:28.534807', 1000069, '6a2d27b1-daa7-41d1-a542-8717e5cef804', 'Y', 'Y');
INSERT INTO pos.d_pos_payment VALUES (1000161, 1000004, 1000016, 1000624, 'QRC', '', 0, NULL, NULL, NULL, '2024-09-23 07:54:28.565343', 1000069, '2024-09-23 07:54:28.565344', 1000069, '6f6348a5-b335-4c08-8e66-0eb467edfeb5', 'Y', 'Y');
INSERT INTO pos.d_pos_payment VALUES (1000162, 1000004, 1000016, 1000624, 'QRC', '', 0, NULL, NULL, NULL, '2024-09-23 07:54:28.576539', 1000069, '2024-09-23 07:54:28.576539', 1000069, '23c73ffb-c846-4ae4-8ef9-731967cfc5d2', 'Y', 'Y');
INSERT INTO pos.d_pos_payment VALUES (1000164, 1000004, 1000016, 1000624, 'QRC', '', 0, NULL, NULL, NULL, '2024-09-23 07:54:28.711218', 1000069, '2024-09-23 07:54:28.711219', 1000069, '5d631747-c21b-454a-8918-0d2dc59e4e2b', 'Y', 'Y');
INSERT INTO pos.d_pos_payment VALUES (1000163, 1000004, 1000016, 1000624, 'QRC', '', 0, NULL, NULL, NULL, '2024-09-23 07:54:28.711833', 1000069, '2024-09-23 07:54:28.711834', 1000069, '8916d287-8393-4f60-a961-a69487c02b7e', 'Y', 'Y');
INSERT INTO pos.d_pos_payment VALUES (1000165, 1000004, 1000016, 1000624, 'QRC', '', 0, NULL, NULL, NULL, '2024-09-23 07:54:28.865845', 1000069, '2024-09-23 07:54:28.865846', 1000069, '0db9c6f6-7fd8-4336-ae6e-2ae4c5608172', 'Y', 'Y');
INSERT INTO pos.d_pos_payment VALUES (1000166, 1000004, 1000016, 1000624, 'QRC', '', 0, NULL, NULL, NULL, '2024-09-23 07:54:28.96474', 1000069, '2024-09-23 07:54:28.96474', 1000069, 'db7bdb38-c648-4877-913f-bcd703ac09ac', 'Y', 'Y');
INSERT INTO pos.d_pos_payment VALUES (1000167, 1000004, 1000016, 1000624, 'QRC', '', 0, NULL, NULL, NULL, '2024-09-23 07:54:28.980266', 1000069, '2024-09-23 07:54:28.980266', 1000069, 'b24e3a8b-42e6-410d-9534-876cfcaff572', 'Y', 'Y');
INSERT INTO pos.d_pos_payment VALUES (1000168, 1000004, 1000016, 1000624, 'QRC', '', 0, NULL, NULL, NULL, '2024-09-23 07:54:29.179831', 1000069, '2024-09-23 07:54:29.179832', 1000069, 'ab2a4438-bc50-4f45-a07d-daab04739fd5', 'Y', 'Y');
INSERT INTO pos.d_pos_payment VALUES (1000169, 1000004, 1000016, 1000624, 'QRC', '', 0, NULL, NULL, NULL, '2024-09-23 07:54:29.197997', 1000069, '2024-09-23 07:54:29.197997', 1000069, '5bd97ea0-94f3-4188-8c7a-ff1752162388', 'Y', 'Y');
INSERT INTO pos.d_pos_payment VALUES (1000170, 1000004, 1000016, 1000624, 'QRC', '', 0, NULL, NULL, NULL, '2024-09-23 07:54:29.207535', 1000069, '2024-09-23 07:54:29.207535', 1000069, '60038d8c-4f44-40c0-bac8-1672cbc8a1c8', 'Y', 'Y');
INSERT INTO pos.d_pos_payment VALUES (1000171, 1000004, 1000016, 1000624, 'QRC', '', 0, NULL, NULL, NULL, '2024-09-23 07:54:29.339331', 1000069, '2024-09-23 07:54:29.339332', 1000069, '3d1d772a-a0bf-4693-aef4-b7347471bfd7', 'Y', 'Y');
INSERT INTO pos.d_pos_payment VALUES (1000172, 1000004, 1000016, 1000624, 'QRC', '', 0, NULL, NULL, NULL, '2024-09-23 07:54:29.447321', 1000069, '2024-09-23 07:54:29.447321', 1000069, '626409da-e8d4-410b-aab3-d3a5061cf92e', 'Y', 'Y');
INSERT INTO pos.d_pos_payment VALUES (1000173, 1000004, 1000016, 1000624, 'QRC', '', 0, NULL, NULL, NULL, '2024-09-23 07:54:29.485322', 1000069, '2024-09-23 07:54:29.485323', 1000069, 'a95abf36-0ca1-4cc9-81ef-873abc10ce2d', 'Y', 'Y');
INSERT INTO pos.d_pos_payment VALUES (1000174, 1000004, 1000016, 1000624, 'QRC', '', 0, NULL, NULL, NULL, '2024-09-23 07:54:29.643082', 1000069, '2024-09-23 07:54:29.643082', 1000069, '97c094ad-0333-4cfd-8b3c-075d6e29e850', 'Y', 'Y');
INSERT INTO pos.d_pos_payment VALUES (1000175, 1000004, 1000016, 1000624, 'QRC', '', 0, NULL, NULL, NULL, '2024-09-23 07:54:29.669949', 1000069, '2024-09-23 07:54:29.669949', 1000069, '29957777-9e1e-47f6-83be-e55f54fabdd6', 'Y', 'Y');
INSERT INTO pos.d_pos_payment VALUES (1000176, 1000004, 1000016, 1000624, 'QRC', '', 0, NULL, NULL, NULL, '2024-09-23 07:54:29.777328', 1000069, '2024-09-23 07:54:29.777328', 1000069, 'bdaf4788-26df-44fc-988a-7ffe921f9b25', 'Y', 'Y');
INSERT INTO pos.d_pos_payment VALUES (1000177, 1000004, 1000016, 1000624, 'QRC', '', 0, NULL, NULL, NULL, '2024-09-23 07:54:29.879839', 1000069, '2024-09-23 07:54:29.87984', 1000069, '1a881561-fb3c-4e3d-9328-3df3c12880e8', 'Y', 'Y');
INSERT INTO pos.d_pos_payment VALUES (1000178, 1000004, 1000016, 1000624, 'QRC', '', 0, NULL, NULL, NULL, '2024-09-23 07:54:29.959032', 1000069, '2024-09-23 07:54:29.959032', 1000069, '47f2b58e-e30d-4553-8ef0-230ba27d967e', 'Y', 'Y');
INSERT INTO pos.d_pos_payment VALUES (1000179, 1000004, 1000016, 1000624, 'QRC', '', 0, NULL, NULL, NULL, '2024-09-23 07:54:30.05332', 1000069, '2024-09-23 07:54:30.05332', 1000069, '834fd9a1-5d6f-4849-97ac-0b9ac2b59ab1', 'Y', 'Y');
INSERT INTO pos.d_pos_payment VALUES (1000181, 1000004, 1000016, 1000624, 'QRC', '', 0, NULL, NULL, NULL, '2024-09-23 07:54:30.185844', 1000069, '2024-09-23 07:54:30.185844', 1000069, '3eeb8f26-3b83-4889-ac43-3128a77ac3b3', 'Y', 'Y');
INSERT INTO pos.d_pos_payment VALUES (1000180, 1000004, 1000016, 1000624, 'QRC', '', 0, NULL, NULL, NULL, '2024-09-23 07:54:30.184299', 1000069, '2024-09-23 07:54:30.1843', 1000069, '97f1ea1c-b5c4-41d0-a732-0e9fbd1e60a4', 'Y', 'Y');
INSERT INTO pos.d_pos_payment VALUES (1000182, 1000004, 1000016, 1000624, 'QRC', '', 0, NULL, NULL, NULL, '2024-09-23 07:54:30.226967', 1000069, '2024-09-23 07:54:30.226967', 1000069, 'd33da3d4-c4f9-4f4d-91f7-fa9621fa5de7', 'Y', 'Y');
INSERT INTO pos.d_pos_payment VALUES (1000183, 1000004, 1000016, 1000624, 'QRC', '', 0, NULL, NULL, NULL, '2024-09-23 07:54:30.460288', 1000069, '2024-09-23 07:54:30.460288', 1000069, 'fc0b9a4b-3a20-4568-9ec9-7bf8afd98531', 'Y', 'Y');
INSERT INTO pos.d_pos_payment VALUES (1000184, 1000004, 1000016, 1000624, 'QRC', '', 0, NULL, NULL, NULL, '2024-09-23 07:54:30.464715', 1000069, '2024-09-23 07:54:30.464715', 1000069, '550a2d4e-34b6-4c5a-bdb1-3abddcb44355', 'Y', 'Y');
INSERT INTO pos.d_pos_payment VALUES (1000185, 1000004, 1000016, 1000624, 'QRC', '', 0, NULL, NULL, NULL, '2024-09-23 07:54:30.555756', 1000069, '2024-09-23 07:54:30.555757', 1000069, '21a5131e-9c65-4974-8540-dfc21694a714', 'Y', 'Y');
INSERT INTO pos.d_pos_payment VALUES (1000186, 1000004, 1000016, 1000624, 'QRC', '', 0, NULL, NULL, NULL, '2024-09-23 07:54:30.625174', 1000069, '2024-09-23 07:54:30.625175', 1000069, '9c01fbbe-876e-4c34-87a7-cde58405e3ba', 'Y', 'Y');
INSERT INTO pos.d_pos_payment VALUES (1000191, 1000004, 1000016, 1000624, 'QRC', '', 0, NULL, NULL, NULL, '2024-09-23 07:54:30.897489', 1000069, '2024-09-23 07:54:30.89749', 1000069, '468aaefc-a03d-4f77-b396-4c589160e040', 'Y', 'Y');
INSERT INTO pos.d_pos_payment VALUES (1000198, 1000004, 1000016, 1000624, 'QRC', '', 0, NULL, NULL, NULL, '2024-09-23 07:54:31.397889', 1000069, '2024-09-23 07:54:31.397889', 1000069, '87bc519c-05d0-43d3-bb9c-e5270204323a', 'Y', 'Y');
INSERT INTO pos.d_pos_payment VALUES (1000201, 1000004, 1000016, 1000624, 'QRC', '', 0, NULL, NULL, NULL, '2024-09-23 07:54:31.787586', 1000069, '2024-09-23 07:54:31.787587', 1000069, '150b577a-7783-40c8-b44c-c708321c15c1', 'Y', 'Y');
INSERT INTO pos.d_pos_payment VALUES (1000187, 1000004, 1000016, 1000624, 'QRC', '', 0, NULL, NULL, NULL, '2024-09-23 07:54:30.696563', 1000069, '2024-09-23 07:54:30.696564', 1000069, 'b4d3cc1c-2d2d-4a0b-82de-cf7f96eb2903', 'Y', 'Y');
INSERT INTO pos.d_pos_payment VALUES (1000192, 1000004, 1000016, 1000624, 'QRC', '', 0, NULL, NULL, NULL, '2024-09-23 07:54:31.05403', 1000069, '2024-09-23 07:54:31.05403', 1000069, '0cec081d-9c1e-4294-9acb-c55f674a19a2', 'Y', 'Y');
INSERT INTO pos.d_pos_payment VALUES (1000195, 1000004, 1000016, 1000624, 'QRC', '', 0, NULL, NULL, NULL, '2024-09-23 07:54:31.386946', 1000069, '2024-09-23 07:54:31.386946', 1000069, '856a832e-e47b-4199-b241-371abc77618b', 'Y', 'Y');
INSERT INTO pos.d_pos_payment VALUES (1000202, 1000004, 1000016, 1000624, 'QRC', '', 0, NULL, NULL, NULL, '2024-09-23 07:54:31.787062', 1000069, '2024-09-23 07:54:31.787063', 1000069, '3c1a75db-6e4d-4f5d-9424-235eeaeadc6d', 'Y', 'Y');
INSERT INTO pos.d_pos_payment VALUES (1000188, 1000004, 1000016, 1000624, 'QRC', '', 0, NULL, NULL, NULL, '2024-09-23 07:54:30.726271', 1000069, '2024-09-23 07:54:30.726271', 1000069, '414215fe-ed91-4415-b18e-5ff73f58f153', 'Y', 'Y');
INSERT INTO pos.d_pos_payment VALUES (1000193, 1000004, 1000016, 1000624, 'QRC', '', 0, NULL, NULL, NULL, '2024-09-23 07:54:31.148681', 1000069, '2024-09-23 07:54:31.148681', 1000069, 'ed01ea7a-48c2-4bb0-b44d-656e988465fd', 'Y', 'Y');
INSERT INTO pos.d_pos_payment VALUES (1000200, 1000004, 1000016, 1000624, 'QRC', '', 0, NULL, NULL, NULL, '2024-09-23 07:54:31.660017', 1000069, '2024-09-23 07:54:31.660017', 1000069, '4867490c-48d4-443f-a3eb-a68714f43ab5', 'Y', 'Y');
INSERT INTO pos.d_pos_payment VALUES (1000189, 1000004, 1000016, 1000624, 'QRC', '', 0, NULL, NULL, NULL, '2024-09-23 07:54:30.869279', 1000069, '2024-09-23 07:54:30.86928', 1000069, 'ffe05dff-cf3b-4a4d-9df3-83a8f2797da2', 'Y', 'Y');
INSERT INTO pos.d_pos_payment VALUES (1000197, 1000004, 1000016, 1000624, 'QRC', '', 0, NULL, NULL, NULL, '2024-09-23 07:54:31.394241', 1000069, '2024-09-23 07:54:31.394242', 1000069, 'c12dea17-35b7-4bc9-91db-b990b098b675', 'Y', 'Y');
INSERT INTO pos.d_pos_payment VALUES (1000190, 1000004, 1000016, 1000624, 'QRC', '', 0, NULL, NULL, NULL, '2024-09-23 07:54:30.879554', 1000069, '2024-09-23 07:54:30.879554', 1000069, '682cd131-d7f9-49dc-9663-88909ffbe1b3', 'Y', 'Y');
INSERT INTO pos.d_pos_payment VALUES (1000196, 1000004, 1000016, 1000624, 'QRC', '', 0, NULL, NULL, NULL, '2024-09-23 07:54:31.388459', 1000069, '2024-09-23 07:54:31.388459', 1000069, '9dc67d83-0d3d-4933-883a-e52ddfe0a5b7', 'Y', 'Y');
INSERT INTO pos.d_pos_payment VALUES (1000203, 1000004, 1000016, 1000624, 'QRC', '', 0, NULL, NULL, NULL, '2024-09-23 07:54:31.850882', 1000069, '2024-09-23 07:54:31.850883', 1000069, 'eb512771-67e6-4fa6-ab3a-e58424c11ff2', 'Y', 'Y');
INSERT INTO pos.d_pos_payment VALUES (1000194, 1000004, 1000016, 1000624, 'QRC', '', 0, NULL, NULL, NULL, '2024-09-23 07:54:31.190209', 1000069, '2024-09-23 07:54:31.190209', 1000069, '8d4a72b0-6c6a-4e62-a343-29ca471ceaa9', 'Y', 'Y');
INSERT INTO pos.d_pos_payment VALUES (1000199, 1000004, 1000016, 1000624, 'QRC', '', 0, NULL, NULL, NULL, '2024-09-23 07:54:31.656342', 1000069, '2024-09-23 07:54:31.656342', 1000069, '14553681-77f6-4765-bea8-aceb8cc842b7', 'Y', 'Y');
INSERT INTO pos.d_pos_payment VALUES (1000204, 1000004, 1000016, 1000626, 'QRC', '', 0, NULL, NULL, NULL, '2024-09-23 07:55:33.067706', 1000069, '2024-09-23 07:55:33.067706', 1000069, '60841459-072a-47d2-9e06-74022537e870', 'Y', 'Y');
INSERT INTO pos.d_pos_payment VALUES (1000205, 1000004, 1000016, 1000626, 'QRC', '', 0, NULL, NULL, NULL, '2024-09-23 07:55:33.08124', 1000069, '2024-09-23 07:55:33.08124', 1000069, '0f358c2b-c7aa-43bd-a968-bfbf51c2659b', 'Y', 'Y');
INSERT INTO pos.d_pos_payment VALUES (1000206, 1000004, 1000016, 1000626, 'QRC', '', 0, NULL, NULL, NULL, '2024-09-23 07:55:33.104712', 1000069, '2024-09-23 07:55:33.104712', 1000069, 'ccdcd460-6497-4731-bde2-b107508f9ca5', 'Y', 'Y');
INSERT INTO pos.d_pos_payment VALUES (1000207, 1000004, 1000016, 1000626, 'QRC', '', 0, NULL, NULL, NULL, '2024-09-23 07:55:33.109943', 1000069, '2024-09-23 07:55:33.109944', 1000069, '04353095-8fc5-4e76-9dcc-873afee6755b', 'Y', 'Y');
INSERT INTO pos.d_pos_payment VALUES (1000208, 1000004, 1000016, 1000626, 'QRC', '', 0, NULL, NULL, NULL, '2024-09-23 07:55:33.118929', 1000069, '2024-09-23 07:55:33.118929', 1000069, '303fd635-d752-4236-943e-2de0dc4253dc', 'Y', 'Y');
INSERT INTO pos.d_pos_payment VALUES (1000209, 1000004, 1000016, 1000626, 'QRC', '', 0, NULL, NULL, NULL, '2024-09-23 07:55:33.113911', 1000069, '2024-09-23 07:55:33.113911', 1000069, '74a03b86-8cce-4cc2-9888-9a9be986e71a', 'Y', 'Y');
INSERT INTO pos.d_pos_payment VALUES (1000210, 1000004, 1000016, 1000626, 'QRC', '', 0, NULL, NULL, NULL, '2024-09-23 07:55:33.488565', 1000069, '2024-09-23 07:55:33.488565', 1000069, 'dece6711-761c-44e1-b253-5da81bc3bc10', 'Y', 'Y');
INSERT INTO pos.d_pos_payment VALUES (1000211, 1000004, 1000016, 1000626, 'QRC', '', 0, NULL, NULL, NULL, '2024-09-23 07:55:33.546718', 1000069, '2024-09-23 07:55:33.546718', 1000069, '033f296d-3a5e-4d22-a687-7b02badd65e4', 'Y', 'Y');
INSERT INTO pos.d_pos_payment VALUES (1000212, 1000004, 1000016, 1000626, 'QRC', '', 0, NULL, NULL, NULL, '2024-09-23 07:55:33.551379', 1000069, '2024-09-23 07:55:33.551379', 1000069, 'a581ec0c-b721-4281-a43f-49c3ec1faf50', 'Y', 'Y');
INSERT INTO pos.d_pos_payment VALUES (1000213, 1000004, 1000016, 1000626, 'QRC', '', 0, NULL, NULL, NULL, '2024-09-23 07:55:33.560702', 1000069, '2024-09-23 07:55:33.560702', 1000069, 'e5ebd74d-2144-478e-a51b-228eb4f5da56', 'Y', 'Y');
INSERT INTO pos.d_pos_payment VALUES (1000214, 1000004, 1000016, 1000626, 'QRC', '', 0, NULL, NULL, NULL, '2024-09-23 07:55:33.602166', 1000069, '2024-09-23 07:55:33.602167', 1000069, 'd635e4e6-ed9c-4ec9-9d71-fdb12b1bb7c4', 'Y', 'Y');
INSERT INTO pos.d_pos_payment VALUES (1000215, 1000004, 1000016, 1000626, 'QRC', '', 0, NULL, NULL, NULL, '2024-09-23 07:55:33.629127', 1000069, '2024-09-23 07:55:33.629127', 1000069, '0de7b1e5-6672-4855-a730-3642b7785aaa', 'Y', 'Y');
INSERT INTO pos.d_pos_payment VALUES (1000216, 1000004, 1000016, 1000626, 'QRC', '', 0, NULL, NULL, NULL, '2024-09-23 07:55:33.909949', 1000069, '2024-09-23 07:55:33.909949', 1000069, '84ee9ed0-18d5-4483-b679-0112e59a15aa', 'Y', 'Y');
INSERT INTO pos.d_pos_payment VALUES (1000217, 1000004, 1000016, 1000626, 'QRC', '', 0, NULL, NULL, NULL, '2024-09-23 07:55:33.914732', 1000069, '2024-09-23 07:55:33.914732', 1000069, '8028a50c-e256-487f-b992-7d070dca01a3', 'Y', 'Y');
INSERT INTO pos.d_pos_payment VALUES (1000218, 1000004, 1000016, 1000626, 'QRC', '', 0, NULL, NULL, NULL, '2024-09-23 07:55:33.970937', 1000069, '2024-09-23 07:55:33.970938', 1000069, '8b4350ca-986c-49d9-a777-c9c604b1d2e1', 'Y', 'Y');
INSERT INTO pos.d_pos_payment VALUES (1000219, 1000004, 1000016, 1000626, 'QRC', '', 0, NULL, NULL, NULL, '2024-09-23 07:55:33.972743', 1000069, '2024-09-23 07:55:33.972743', 1000069, '5a93d711-e784-428e-85eb-d1e31ebdace4', 'Y', 'Y');
INSERT INTO pos.d_pos_payment VALUES (1000220, 1000004, 1000016, 1000626, 'QRC', '', 0, NULL, NULL, NULL, '2024-09-23 07:55:33.999794', 1000069, '2024-09-23 07:55:33.999795', 1000069, '5bb7c494-0b98-445d-8897-e6a4bb6a40c7', 'Y', 'Y');
INSERT INTO pos.d_pos_payment VALUES (1000221, 1000004, 1000016, 1000626, 'QRC', '', 0, NULL, NULL, NULL, '2024-09-23 07:55:34.008268', 1000069, '2024-09-23 07:55:34.008268', 1000069, '6be6acd5-5149-474b-b12e-80af019be8d9', 'Y', 'Y');
INSERT INTO pos.d_pos_payment VALUES (1000222, 1000004, 1000016, 1000626, 'QRC', '', 0, NULL, NULL, NULL, '2024-09-23 07:55:34.449383', 1000069, '2024-09-23 07:55:34.449384', 1000069, '0148a504-9121-495c-8e9c-041517e89314', 'Y', 'Y');
INSERT INTO pos.d_pos_payment VALUES (1000223, 1000004, 1000016, 1000626, 'QRC', '', 0, NULL, NULL, NULL, '2024-09-23 07:55:34.464811', 1000069, '2024-09-23 07:55:34.464811', 1000069, 'c560daf2-33d2-4157-83c9-fbe84d439794', 'Y', 'Y');
INSERT INTO pos.d_pos_payment VALUES (1000224, 1000004, 1000016, 1000626, 'QRC', '', 0, NULL, NULL, NULL, '2024-09-23 07:55:34.46617', 1000069, '2024-09-23 07:55:34.466171', 1000069, '74f70353-265e-4ffa-9b14-f47ea6337d9f', 'Y', 'Y');
INSERT INTO pos.d_pos_payment VALUES (1000225, 1000004, 1000016, 1000626, 'QRC', '', 0, NULL, NULL, NULL, '2024-09-23 07:55:34.49526', 1000069, '2024-09-23 07:55:34.495261', 1000069, 'f7b56ece-7ebe-49e2-9b50-a2a7d799905d', 'Y', 'Y');
INSERT INTO pos.d_pos_payment VALUES (1000226, 1000004, 1000016, 1000626, 'QRC', '', 0, NULL, NULL, NULL, '2024-09-23 07:55:34.528493', 1000069, '2024-09-23 07:55:34.528493', 1000069, '44d1dcc0-0c65-4a0f-96b9-078e2bf240ea', 'Y', 'Y');
INSERT INTO pos.d_pos_payment VALUES (1000227, 1000004, 1000016, 1000626, 'QRC', '', 0, NULL, NULL, NULL, '2024-09-23 07:55:34.605602', 1000069, '2024-09-23 07:55:34.605603', 1000069, 'b816dc88-fa5d-4977-a86f-8696fafcbcdc', 'Y', 'Y');
INSERT INTO pos.d_pos_payment VALUES (1000228, 1000004, 1000016, 1000626, 'QRC', '', 0, NULL, NULL, NULL, '2024-09-23 07:55:34.936702', 1000069, '2024-09-23 07:55:34.936703', 1000069, 'b8bafa0c-d4bb-47e2-82a4-cb5dfe4c656a', 'Y', 'Y');
INSERT INTO pos.d_pos_payment VALUES (1000229, 1000004, 1000016, 1000626, 'QRC', '', 0, NULL, NULL, NULL, '2024-09-23 07:55:34.951069', 1000069, '2024-09-23 07:55:34.95107', 1000069, '5a8f184f-9ccf-454e-ba57-e6513ac2c3f8', 'Y', 'Y');
INSERT INTO pos.d_pos_payment VALUES (1000230, 1000004, 1000016, 1000626, 'QRC', '', 0, NULL, NULL, NULL, '2024-09-23 07:55:34.980192', 1000069, '2024-09-23 07:55:34.980193', 1000069, '269a5212-cd31-4675-b84f-8f4c727cbbbd', 'Y', 'Y');
INSERT INTO pos.d_pos_payment VALUES (1000231, 1000004, 1000016, 1000626, 'QRC', '', 0, NULL, NULL, NULL, '2024-09-23 07:55:34.985882', 1000069, '2024-09-23 07:55:34.985883', 1000069, 'e7080d62-c55d-4e06-9e61-6b8181baab54', 'Y', 'Y');
INSERT INTO pos.d_pos_payment VALUES (1000232, 1000004, 1000016, 1000626, 'QRC', '', 0, NULL, NULL, NULL, '2024-09-23 07:55:35.020438', 1000069, '2024-09-23 07:55:35.020439', 1000069, '5ce120e2-a6dc-4e78-a77a-e7af96265e3c', 'Y', 'Y');
INSERT INTO pos.d_pos_payment VALUES (1000233, 1000004, 1000016, 1000626, 'QRC', '', 0, NULL, NULL, NULL, '2024-09-23 07:55:35.041553', 1000069, '2024-09-23 07:55:35.041553', 1000069, 'b05a47a3-efe6-4a0b-8659-c26eaf0e5f1a', 'Y', 'Y');
INSERT INTO pos.d_pos_payment VALUES (1000234, 1000004, 1000016, 1000626, 'QRC', '', 0, NULL, NULL, NULL, '2024-09-23 07:55:35.435639', 1000069, '2024-09-23 07:55:35.43564', 1000069, 'dfbc8ec8-2e4a-4ff0-aee0-ded181c316b3', 'Y', 'Y');
INSERT INTO pos.d_pos_payment VALUES (1000235, 1000004, 1000016, 1000626, 'QRC', '', 0, NULL, NULL, NULL, '2024-09-23 07:55:35.44118', 1000069, '2024-09-23 07:55:35.44118', 1000069, '6c0b4e36-3841-4d60-9f3b-b8c6b43a140c', 'Y', 'Y');
INSERT INTO pos.d_pos_payment VALUES (1000236, 1000004, 1000016, 1000626, 'QRC', '', 0, NULL, NULL, NULL, '2024-09-23 07:55:35.465909', 1000069, '2024-09-23 07:55:35.46591', 1000069, '72e03d3f-11f6-4ec9-8aed-b13e7f23b2c9', 'Y', 'Y');
INSERT INTO pos.d_pos_payment VALUES (1000237, 1000004, 1000016, 1000626, 'QRC', '', 0, NULL, NULL, NULL, '2024-09-23 07:55:35.467642', 1000069, '2024-09-23 07:55:35.467643', 1000069, '30a4adea-9292-48ce-9755-2e85088340e2', 'Y', 'Y');
INSERT INTO pos.d_pos_payment VALUES (1000238, 1000004, 1000016, 1000626, 'QRC', '', 0, NULL, NULL, NULL, '2024-09-23 07:55:35.48356', 1000069, '2024-09-23 07:55:35.483561', 1000069, '040be6cf-f797-4edb-914c-1db104e7ffb2', 'Y', 'Y');
INSERT INTO pos.d_pos_payment VALUES (1000239, 1000004, 1000016, 1000626, 'QRC', '', 0, NULL, NULL, NULL, '2024-09-23 07:55:35.552541', 1000069, '2024-09-23 07:55:35.552541', 1000069, '6c66822f-59b0-4606-9b7b-7f2ce709e0a8', 'Y', 'Y');
INSERT INTO pos.d_pos_payment VALUES (1000240, 1000004, 1000016, 1000626, 'QRC', '', 0, NULL, NULL, NULL, '2024-09-23 07:55:35.795984', 1000069, '2024-09-23 07:55:35.795984', 1000069, 'de2853ce-020a-4418-b49a-82bc601e63e6', 'Y', 'Y');
INSERT INTO pos.d_pos_payment VALUES (1000241, 1000004, 1000016, 1000626, 'QRC', '', 0, NULL, NULL, NULL, '2024-09-23 07:55:35.811892', 1000069, '2024-09-23 07:55:35.811893', 1000069, '4a835f58-a1b5-4c73-9cfb-3fd6c93016b6', 'Y', 'Y');
INSERT INTO pos.d_pos_payment VALUES (1000242, 1000004, 1000016, 1000626, 'QRC', '', 0, NULL, NULL, NULL, '2024-09-23 07:55:35.832716', 1000069, '2024-09-23 07:55:35.832716', 1000069, '9177fff3-1381-4a95-8946-f2aecd310ad0', 'Y', 'Y');
INSERT INTO pos.d_pos_payment VALUES (1000243, 1000004, 1000016, 1000626, 'QRC', '', 0, NULL, NULL, NULL, '2024-09-23 07:55:35.898484', 1000069, '2024-09-23 07:55:35.898484', 1000069, '311af70e-9378-4ee5-be6f-4d6b69528895', 'Y', 'Y');
INSERT INTO pos.d_pos_payment VALUES (1000244, 1000004, 1000016, 1000626, 'QRC', '', 0, NULL, NULL, NULL, '2024-09-23 07:55:35.914375', 1000069, '2024-09-23 07:55:35.914375', 1000069, '8d1a1b0a-ce16-4f73-a1f3-b6688c24e2fd', 'Y', 'Y');
INSERT INTO pos.d_pos_payment VALUES (1000245, 1000004, 1000016, 1000626, 'QRC', '', 0, NULL, NULL, NULL, '2024-09-23 07:55:35.966609', 1000069, '2024-09-23 07:55:35.966609', 1000069, '96a7ea2c-12cd-4128-9a17-4039fb02c285', 'Y', 'Y');
INSERT INTO pos.d_pos_payment VALUES (1000246, 1000004, 1000016, 1000626, 'QRC', '', 0, NULL, NULL, NULL, '2024-09-23 07:55:36.156885', 1000069, '2024-09-23 07:55:36.156885', 1000069, '96061e43-75eb-4402-96d5-794602828393', 'Y', 'Y');
INSERT INTO pos.d_pos_payment VALUES (1000247, 1000004, 1000016, 1000626, 'QRC', '', 0, NULL, NULL, NULL, '2024-09-23 07:55:36.197719', 1000069, '2024-09-23 07:55:36.19772', 1000069, '6ac145e2-c254-480c-9d43-16af4206beea', 'Y', 'Y');
INSERT INTO pos.d_pos_payment VALUES (1000248, 1000004, 1000016, 1000626, 'QRC', '', 0, NULL, NULL, NULL, '2024-09-23 07:55:36.322723', 1000069, '2024-09-23 07:55:36.322724', 1000069, 'e4407f8a-949b-4de2-a020-b11761d65f48', 'Y', 'Y');
INSERT INTO pos.d_pos_payment VALUES (1000249, 1000004, 1000016, 1000626, 'QRC', '', 0, NULL, NULL, NULL, '2024-09-23 07:55:36.362631', 1000069, '2024-09-23 07:55:36.362632', 1000069, '17d1a153-575d-47d0-93cd-7bb23662aa78', 'Y', 'Y');
INSERT INTO pos.d_pos_payment VALUES (1000250, 1000004, 1000016, 1000626, 'QRC', '', 0, NULL, NULL, NULL, '2024-09-23 07:55:36.364747', 1000069, '2024-09-23 07:55:36.364747', 1000069, '520e395c-28b1-43c1-bf27-0a353c9b371d', 'Y', 'Y');
INSERT INTO pos.d_pos_payment VALUES (1000251, 1000004, 1000016, 1000626, 'QRC', '', 0, NULL, NULL, NULL, '2024-09-23 07:55:36.406701', 1000069, '2024-09-23 07:55:36.406702', 1000069, 'e1ef0faf-1bbf-4105-8f4f-cd25d8ea9027', 'Y', 'Y');
INSERT INTO pos.d_pos_payment VALUES (1000252, 1000004, 1000016, 1000626, 'QRC', '', 0, NULL, NULL, NULL, '2024-09-23 07:55:36.519532', 1000069, '2024-09-23 07:55:36.519532', 1000069, '947fb8b0-29b5-4c2f-96a2-17485fba4e58', 'Y', 'Y');
INSERT INTO pos.d_pos_payment VALUES (1000253, 1000004, 1000016, 1000626, 'QRC', '', 0, NULL, NULL, NULL, '2024-09-23 07:55:36.731236', 1000069, '2024-09-23 07:55:36.731237', 1000069, 'eca44b25-98f1-4ace-a808-c338afa2f4c7', 'Y', 'Y');
INSERT INTO pos.d_pos_payment VALUES (1000254, 1000004, 1000016, 1000626, 'QRC', '', 0, NULL, NULL, NULL, '2024-09-23 07:55:36.750271', 1000069, '2024-09-23 07:55:36.750271', 1000069, 'edc97dce-531e-41f3-957c-371cbdde16dd', 'Y', 'Y');
INSERT INTO pos.d_pos_payment VALUES (1000255, 1000004, 1000016, 1000626, 'QRC', '', 0, NULL, NULL, NULL, '2024-09-23 07:55:36.787606', 1000069, '2024-09-23 07:55:36.787606', 1000069, 'fccbda63-639a-4edc-855e-95d036d6c23f', 'Y', 'Y');
INSERT INTO pos.d_pos_payment VALUES (1000256, 1000004, 1000016, 1000626, 'QRC', '', 0, NULL, NULL, NULL, '2024-09-23 07:55:36.794937', 1000069, '2024-09-23 07:55:36.794937', 1000069, '5d444c79-2c8e-4899-9aa5-f32ce730f754', 'Y', 'Y');
INSERT INTO pos.d_pos_payment VALUES (1000257, 1000004, 1000016, 1000626, 'QRC', '', 0, NULL, NULL, NULL, '2024-09-23 07:55:36.82136', 1000069, '2024-09-23 07:55:36.82136', 1000069, '48e83c2f-eedc-4c52-a1db-2371af7438df', 'Y', 'Y');
INSERT INTO pos.d_pos_payment VALUES (1000258, 1000004, 1000016, 1000626, 'QRC', '', 0, NULL, NULL, NULL, '2024-09-23 07:55:36.915523', 1000069, '2024-09-23 07:55:36.915523', 1000069, '2dd2efc5-50bc-46c2-ae98-090fd1c46227', 'Y', 'Y');
INSERT INTO pos.d_pos_payment VALUES (1000259, 1000004, 1000016, 1000628, 'QRC', '', 0, NULL, NULL, NULL, '2024-09-23 07:56:20.611212', 1000069, '2024-09-23 07:56:20.611212', 1000069, 'ccfe397a-a8bf-49e7-bc97-eccfc3ea80b1', 'Y', 'Y');
INSERT INTO pos.d_pos_payment VALUES (1000260, 1000004, 1000016, 1000704, 'CAS', '', 60000, NULL, NULL, NULL, '2024-09-25 14:51:31.416039', 1000069, '2024-09-25 14:51:31.416039', 1000069, '0e3a6a53-0616-4336-aa40-95f8991811d4', 'Y', 'Y');
INSERT INTO pos.d_pos_payment VALUES (1000261, 1000004, 1000016, 1000670, 'CAS', '', 60000, NULL, NULL, NULL, '2024-09-25 14:51:51.668191', 1000069, '2024-09-25 14:51:51.668191', 1000069, '8caf5b8d-288f-420d-ac21-4b0834d5e2d0', 'Y', 'Y');
INSERT INTO pos.d_pos_payment VALUES (1000262, 1000004, 1000016, 1000670, 'BAN', '', 0, NULL, NULL, NULL, '2024-09-25 14:51:51.676147', 1000069, '2024-09-25 14:51:51.676148', 1000069, 'e7324df7-8fe6-439b-9d92-423fbbec2494', 'Y', 'Y');
INSERT INTO pos.d_pos_payment VALUES (1000263, 1000004, 1000016, 1000738, 'CAS', '', 1860000, NULL, NULL, NULL, '2024-09-26 17:30:48.474015', 1000066, '2024-09-26 17:30:48.474016', 1000066, 'a3f30ec6-a16c-4f4c-b21a-521a45108857', 'Y', 'Y');
INSERT INTO pos.d_pos_payment VALUES (1000264, 1000004, 1000016, 1000738, 'CAS', '', 1860000, NULL, NULL, NULL, '2024-09-26 17:30:52.601522', 1000066, '2024-09-26 17:30:52.601523', 1000066, '943edcea-f708-4ebc-9b09-2965695ddb7e', 'Y', 'Y');
INSERT INTO pos.d_pos_payment VALUES (1000265, 1000004, 1000016, 1000738, 'CAS', '', 1860000, NULL, NULL, NULL, '2024-09-26 17:30:55.865711', 1000066, '2024-09-26 17:30:55.865711', 1000066, '312ae147-b965-4dd9-b8e7-78b9df9a61f6', 'Y', 'Y');
INSERT INTO pos.d_pos_payment VALUES (1000266, 1000004, 1000016, 1000738, 'CAS', '', 1860000, NULL, NULL, NULL, '2024-09-26 17:30:57.209875', 1000066, '2024-09-26 17:30:57.209875', 1000066, '53cd6282-9631-48a3-a360-6801d41eec8f', 'Y', 'Y');
INSERT INTO pos.d_pos_payment VALUES (1000267, 1000004, 1000016, 1000708, 'CAS', '', 1860000, NULL, NULL, NULL, '2024-09-26 17:35:40.624826', 1000066, '2024-09-26 17:35:40.624826', 1000066, 'b1b6cd15-d47e-450b-a774-6eb653fd452d', 'Y', 'Y');
INSERT INTO pos.d_pos_payment VALUES (1000268, 1000004, 1000016, 1000708, 'CAS', '', 1860000, NULL, NULL, NULL, '2024-09-26 17:36:00.132201', 1000066, '2024-09-26 17:36:00.132202', 1000066, 'bbf2e4b6-c1a8-4670-a6e9-e610f4ebcbff', 'Y', 'Y');
INSERT INTO pos.d_pos_payment VALUES (1000269, 1000004, 1000016, 1000738, 'CAS', '', 1860000, NULL, NULL, NULL, '2024-09-26 17:36:47.388894', 1000066, '2024-09-26 17:36:47.388894', 1000066, '401e2926-e54d-41c7-958a-9705f516357a', 'Y', 'Y');
INSERT INTO pos.d_pos_payment VALUES (1000270, 1000004, 1000016, 1000618, 'CAS', '', 378000, NULL, NULL, NULL, '2024-09-26 17:39:53.019378', 1000066, '2024-09-26 17:39:53.019378', 1000066, '134e459f-961c-4738-8c43-c07e08fa21ef', 'Y', 'Y');
INSERT INTO pos.d_pos_payment VALUES (1000271, 1000004, 1000016, 1000401, 'CAS', '', 378000, NULL, NULL, NULL, '2024-09-26 17:44:23.9271', 1000066, '2024-09-26 17:44:23.927101', 1000066, '2fcbf1ed-a87c-461a-8857-221cbd2ad2b9', 'Y', 'Y');
INSERT INTO pos.d_pos_payment VALUES (1000272, 1000004, 1000016, 1000536, 'CAS', '', 100000, NULL, NULL, NULL, '2024-09-26 17:50:23.414398', 1000066, '2024-09-26 17:50:23.414399', 1000066, '79e0e72a-40e3-4793-8620-9751f8e6daba', 'Y', 'Y');
INSERT INTO pos.d_pos_payment VALUES (1000273, 1000004, 1000016, 1000662, 'QRC', '', 400000, NULL, NULL, NULL, '2024-09-26 17:58:50.494752', 1000066, '2024-09-26 17:58:50.494752', 1000066, 'b2ec7c81-e631-49fd-b877-ee7251d80508', 'Y', 'Y');
INSERT INTO pos.d_pos_payment VALUES (1000274, 1000004, 1000016, 1000662, 'QRC', '', 400000, NULL, NULL, NULL, '2024-09-26 17:58:51.501175', 1000066, '2024-09-26 17:58:51.501176', 1000066, '0749ae9c-fdf9-4b25-b805-9aa1fb4762c0', 'Y', 'Y');
INSERT INTO pos.d_pos_payment VALUES (1000275, 1000004, 1000016, 1000662, 'QRC', '', 0, NULL, NULL, NULL, '2024-09-26 18:00:12.68133', 1000066, '2024-09-26 18:00:12.68133', 1000066, 'c1663e40-56cd-4ff9-9f5f-d19947e99ba6', 'Y', 'Y');
INSERT INTO pos.d_pos_payment VALUES (1000276, 1000004, 1000016, 1000499, 'CAS', '', 589000, NULL, NULL, NULL, '2024-09-26 18:02:44.520799', 1000066, '2024-09-26 18:02:44.520799', 1000066, '6deabaa1-f9f4-4c39-91e7-9714c694b0ff', 'Y', 'Y');
INSERT INTO pos.d_pos_payment VALUES (1000277, 1000004, 1000016, 1000764, 'QRC', '', 1000, NULL, NULL, NULL, '2024-09-26 22:05:26.10126', 1000066, '2024-09-26 22:05:26.101261', 1000066, '11a5104c-5ea7-4a81-bdbc-764d9011e251', 'Y', 'Y');
INSERT INTO pos.d_pos_payment VALUES (1000278, 1000004, 1000016, 1000664, 'QRC', '', 60000, NULL, NULL, NULL, '2024-09-26 16:12:25.290572', 1000066, '2024-09-26 16:12:25.290572', 1000066, 'abebfc75-4d06-4e28-b738-9085c1eb467e', 'Y', 'Y');
INSERT INTO pos.d_pos_payment VALUES (1000279, 1000004, 1000016, 1000772, 'QRC', '', 330000, NULL, NULL, NULL, '2024-09-26 16:19:27.933107', 1000066, '2024-09-26 16:19:27.933108', 1000066, '686e32ee-46a1-4dda-9f6f-7d0ebecac464', 'Y', 'Y');
INSERT INTO pos.d_pos_payment VALUES (1000280, 1000004, 1000016, 1000774, 'QRC', '', 330000, NULL, NULL, NULL, '2024-09-26 16:23:55.109957', 1000066, '2024-09-26 16:23:55.109957', 1000066, '564cff16-9327-496b-9910-998cb5855c9d', 'Y', 'Y');
INSERT INTO pos.d_pos_payment VALUES (1000281, 1000004, 1000016, 1000702, 'QRC', '', 330000, NULL, NULL, NULL, '2024-09-26 16:25:43.879385', 1000066, '2024-09-26 16:25:43.879386', 1000066, '5ca47453-6e8b-4d3b-9f79-509fc5b1c323', 'Y', 'Y');
INSERT INTO pos.d_pos_payment VALUES (1000282, 1000004, 1000016, 1000776, 'QRC', '', 330000, NULL, NULL, NULL, '2024-09-26 16:27:31.146653', 1000066, '2024-09-26 16:27:31.146654', 1000066, '3d86bfb9-a0a0-41ca-9e20-d318aa3cac7f', 'Y', 'Y');
INSERT INTO pos.d_pos_payment VALUES (1000283, 1000004, 1000016, 1000778, 'QRC', '', 330000, NULL, NULL, NULL, '2024-09-26 16:34:19.77973', 1000066, '2024-09-26 16:34:19.77973', 1000066, 'f27d85cf-51d2-4fc6-af74-6caeba0002b0', 'Y', 'Y');
INSERT INTO pos.d_pos_payment VALUES (1000284, 1000004, 1000016, 1000772, 'CAS', '', 12500000, NULL, NULL, NULL, '2024-09-27 09:28:38.453693', 1000066, '2024-09-27 09:28:38.453693', 1000066, '0575cd93-5615-4cdb-9fe1-889b9207bb2b', 'Y', 'Y');
INSERT INTO pos.d_pos_payment VALUES (1000285, 1000004, 1000016, 1000766, 'BAN', '', 1200000, NULL, NULL, NULL, '2024-09-27 09:30:51.522986', 1000066, '2024-09-27 09:30:51.522986', 1000066, '91ff4e1a-cc96-4692-a558-8e88c563f0fd', 'Y', 'Y');
INSERT INTO pos.d_pos_payment VALUES (1000286, 1000004, 1000016, 1000612, 'CAS', '', 45000, NULL, NULL, NULL, '2024-09-27 09:43:39.423048', 1000066, '2024-09-27 09:43:39.423048', 1000066, '689b4b80-08ad-479f-9f39-a2ee17265996', 'Y', 'Y');
INSERT INTO pos.d_pos_payment VALUES (1000287, 1000004, 1000016, 1000786, 'QRC', '', 2000, NULL, NULL, NULL, '2024-09-27 03:04:02.418475', 1000066, '2024-09-27 03:04:02.418475', 1000066, '696bf18a-5922-4877-acc7-7459786fb8a0', 'Y', 'Y');
INSERT INTO pos.d_pos_payment VALUES (1000288, 1000004, 1000016, 1000786, 'FRE', '', 0, NULL, NULL, NULL, '2024-09-27 10:19:13.328957', 1000066, '2024-09-27 10:19:13.328958', 1000066, 'ee9c60f7-0f83-49d9-a1c1-45dca2e4a4da', 'Y', 'Y');
INSERT INTO pos.d_pos_payment VALUES (1000289, 1000004, 1000016, 1000698, 'FRE', '', 0, NULL, NULL, NULL, '2024-09-27 10:19:34.259037', 1000066, '2024-09-27 10:19:34.259038', 1000066, 'b4d74a08-54d8-489b-970e-7ed493a894b4', 'Y', 'Y');
INSERT INTO pos.d_pos_payment VALUES (1000290, 1000004, 1000016, 1000694, 'FRE', '', 0, NULL, NULL, NULL, '2024-09-27 10:19:43.671818', 1000066, '2024-09-27 10:19:43.671819', 1000066, '35042070-9fd1-4da6-bfb4-763bfa6897a4', 'Y', 'Y');
INSERT INTO pos.d_pos_payment VALUES (1000291, 1000004, 1000016, 1000722, 'FRE', '', 0, NULL, NULL, NULL, '2024-09-27 10:19:57.640103', 1000066, '2024-09-27 10:19:57.640103', 1000066, '5efff321-0219-48af-b19e-4e3c9973da7b', 'Y', 'Y');
INSERT INTO pos.d_pos_payment VALUES (1000292, 1000004, 1000016, 1000788, 'QRC', '', 2000, NULL, NULL, NULL, '2024-09-27 03:23:45.868954', 1000066, '2024-09-27 03:23:45.868955', 1000066, '0ed39640-5d8f-4bed-894f-29b04ce16388', 'Y', 'Y');
INSERT INTO pos.d_pos_payment VALUES (1000293, 1000004, 1000016, 1000790, 'QRC', '', 2000, NULL, NULL, NULL, '2024-09-27 03:31:29.971374', 1000066, '2024-09-27 03:31:29.971375', 1000066, 'd696917c-8770-47b6-b2e3-24b6b853057a', 'Y', 'Y');
INSERT INTO pos.d_pos_payment VALUES (1000294, 1000004, 1000016, 1000792, 'QRC', '', 2000, NULL, NULL, NULL, '2024-09-27 03:36:46.908607', 1000066, '2024-09-27 03:36:46.908607', 1000066, '058dc513-7a45-46cb-8b3e-593b71626721', 'Y', 'Y');
INSERT INTO pos.d_pos_payment VALUES (1000295, 1000004, 1000016, 1000794, 'QRC', '', 2000, NULL, NULL, NULL, '2024-09-27 03:39:34.926219', 1000066, '2024-09-27 03:39:34.92622', 1000066, '6eeb46b4-74be-4940-89f8-8bcbf7b9b8ec', 'Y', 'Y');
INSERT INTO pos.d_pos_payment VALUES (1000296, 1000004, 1000016, 1000796, 'QRC', '', 2000, NULL, NULL, NULL, '2024-09-27 03:46:07.068093', 1000066, '2024-09-27 03:46:07.068093', 1000066, 'ea443660-bf11-430f-a279-93b31f921d5a', 'Y', 'Y');
INSERT INTO pos.d_pos_payment VALUES (1000297, 1000004, 1000016, 1000798, 'QRC', '', 2000, NULL, NULL, NULL, '2024-09-27 03:50:14.915187', 1000066, '2024-09-27 03:50:14.915187', 1000066, 'c7c3a756-b132-4da8-83ce-97143af8c6bf', 'Y', 'Y');
INSERT INTO pos.d_pos_payment VALUES (1000298, 1000004, 1000016, 1000800, 'QRC', '', 2000, NULL, NULL, NULL, '2024-09-27 04:05:58.069052', 1000066, '2024-09-27 04:05:58.069052', 1000066, '49dc2ccb-0346-4154-bf85-a76911f29d93', 'Y', 'Y');
INSERT INTO pos.d_pos_payment VALUES (1000299, 1000004, 1000016, 1000802, 'QRC', '', 2000, NULL, NULL, NULL, '2024-09-27 04:07:32.09972', 1000066, '2024-09-27 04:07:32.09972', 1000066, '7207c40b-2ff5-4a7c-8304-73d7c2b4c751', 'Y', 'Y');
INSERT INTO pos.d_pos_payment VALUES (1000300, 1000004, 1000016, 1000806, 'QRC', '', 12102000, NULL, NULL, NULL, '2024-09-27 04:27:11.84827', 1000066, '2024-09-27 04:27:11.848271', 1000066, '7954bd4a-11e3-42be-bdec-8f5699f01633', 'Y', 'Y');
INSERT INTO pos.d_pos_payment VALUES (1000301, 1000004, 1000016, 1000784, 'QRC', '', 2000, NULL, NULL, NULL, '2024-09-27 04:28:54.783354', 1000066, '2024-09-27 04:28:54.783354', 1000066, '87622f00-4b03-4454-a4fc-e5c4fc53fcfc', 'Y', 'Y');
INSERT INTO pos.d_pos_payment VALUES (1000302, 1000004, 1000016, 1000808, 'FRE', '', 0, NULL, NULL, NULL, '2024-09-27 13:03:19.024455', 1000066, '2024-09-27 13:03:19.024455', 1000066, '64d2222e-ed5a-4a4d-b80e-157eb688e55a', 'Y', 'Y');
INSERT INTO pos.d_pos_payment VALUES (1000303, 1000004, 1000016, 1000774, 'FRE', '', 0, NULL, NULL, NULL, '2024-09-27 13:03:47.095907', 1000066, '2024-09-27 13:03:47.095907', 1000066, '99594752-cd28-43c4-96ff-040eabc5d461', 'Y', 'Y');
INSERT INTO pos.d_pos_payment VALUES (1000304, 1000004, 1000016, 1000511, 'FRE', '', 0, NULL, NULL, NULL, '2024-09-27 13:38:52.107487', 1000066, '2024-09-27 13:38:52.107487', 1000066, '79e889f1-2ae6-43da-b74b-806344854e2a', 'Y', 'Y');
INSERT INTO pos.d_pos_payment VALUES (1000305, 1000004, 1000016, 1000475, 'CAS', '', 429000, NULL, NULL, NULL, '2024-09-27 16:53:24.903795', 1000066, '2024-09-27 16:53:24.903795', 1000066, 'c3bafa03-5efd-43b0-bb1a-71e957662446', 'Y', 'Y');
INSERT INTO pos.d_pos_payment VALUES (1000306, 1000004, 1000016, 1000848, 'CAS', '', 60000, NULL, NULL, NULL, '2024-09-27 16:57:18.613948', 1000066, '2024-09-27 16:57:18.613948', 1000066, 'c0327a20-2997-464d-9e44-d1545d86efa5', 'Y', 'Y');
INSERT INTO pos.d_pos_payment VALUES (1000307, 1000004, 1000016, 1000475, 'CAS', '', 20000, NULL, NULL, NULL, '2024-09-27 17:20:12.151966', 1000066, '2024-09-27 17:20:12.151966', 1000066, 'c7031825-0a80-4a24-86eb-c6b9ee49b048', 'Y', 'Y');
INSERT INTO pos.d_pos_payment VALUES (1000308, 1000004, 1000016, 1000534, 'QRC', '', 30000, NULL, NULL, NULL, '2024-09-27 17:21:34.012488', 1000066, '2024-09-27 17:21:34.012488', 1000066, '4a399862-992b-46bb-84d6-99d6175e724e', 'Y', 'Y');
INSERT INTO pos.d_pos_payment VALUES (1000309, 1000004, 1000016, 1000852, 'FRE', '', 0, NULL, NULL, NULL, '2024-09-27 17:31:25.470942', 1000066, '2024-09-27 17:31:25.470943', 1000066, '46682bc6-191f-490b-a872-501138981fed', 'Y', 'Y');
INSERT INTO pos.d_pos_payment VALUES (1000310, 1000004, 1000016, 1000830, 'FRE', '', 0, NULL, NULL, NULL, '2024-09-27 17:32:28.956104', 1000066, '2024-09-27 17:32:28.956105', 1000066, '91857bb1-1820-45d2-a017-eb04edfc26a5', 'Y', 'Y');
INSERT INTO pos.d_pos_payment VALUES (1000311, 1000004, 1000016, 1000856, 'FRE', '', 0, NULL, NULL, NULL, '2024-09-27 17:35:12.454043', 1000066, '2024-09-27 17:35:12.454043', 1000066, '4861bc52-2ee2-4df3-8956-d14d21ebcfff', 'Y', 'Y');
INSERT INTO pos.d_pos_payment VALUES (1000312, 1000004, 1000016, 1000858, 'QRC', '', 2000, NULL, NULL, NULL, '2024-09-27 17:38:11.443502', 1000066, '2024-09-27 17:38:11.443502', 1000066, '6a4ed493-d44f-4446-b2c4-e6f95badf8a4', 'Y', 'Y');
INSERT INTO pos.d_pos_payment VALUES (1000313, 1000004, 1000016, 1000854, 'QRC', '', 2000, NULL, NULL, NULL, '2024-09-27 10:39:12.25363', 1000066, '2024-09-27 10:39:12.253631', 1000066, '024620dd-20c2-4c49-a926-24cb9df049f3', 'Y', 'Y');
INSERT INTO pos.d_pos_payment VALUES (1000314, 1000004, 1000016, 1000860, 'QRC', '', 2000, NULL, NULL, NULL, '2024-09-27 10:39:45.931176', 1000066, '2024-09-27 10:39:45.931177', 1000066, 'fc140029-9f53-46e1-890c-ce5162a11040', 'Y', 'Y');
INSERT INTO pos.d_pos_payment VALUES (1000316, 1000004, 1000016, 1000862, 'QRC', '', 2000, NULL, NULL, NULL, '2024-09-27 10:40:29.924707', 1000066, '2024-09-27 10:40:29.924707', 1000066, 'da21f65c-9f14-43f3-a66e-1f81c70900be', 'Y', 'Y');
INSERT INTO pos.d_pos_payment VALUES (1000315, 1000004, 1000016, 1000860, 'FRE', '', 0, NULL, NULL, NULL, '2024-09-27 17:39:53.939022', 1000066, '2024-09-27 17:39:53.939022', 1000066, '284752f7-1161-4b6b-9c30-086c021f38ec', 'Y', 'Y');
INSERT INTO pos.d_pos_payment VALUES (1000317, 1000004, 1000016, 1000826, 'QRC', '', 0, NULL, NULL, NULL, '2024-09-29 04:42:46.704614', 1000066, '2024-09-29 04:42:46.704615', 1000066, 'a150d226-d3be-4ff5-9df3-018d8ed72860', 'Y', 'Y');
INSERT INTO pos.d_pos_payment VALUES (1000318, 1000004, 1000016, 1000676, 'QRC', '', 50000, NULL, NULL, NULL, '2024-09-30 03:08:15.402287', 1000066, '2024-09-30 03:08:15.402287', 1000066, '145c6f90-ed35-4b50-a8e3-203732953cca', 'Y', 'Y');
INSERT INTO pos.d_pos_payment VALUES (1000319, 1000004, 1000016, 1000542, 'QRC', '', 2000, NULL, NULL, NULL, '2024-09-30 03:10:48.502871', 1000066, '2024-09-30 03:10:48.502872', 1000066, 'deaf95cc-b851-4a61-bd1d-3b87e7100f56', 'Y', 'Y');


--
-- TOC entry 5509 (class 0 OID 393099)
-- Dependencies: 347
-- Data for Name: d_pos_taxline; Type: TABLE DATA; Schema: pos; Owner: -
--

INSERT INTO pos.d_pos_taxline VALUES (1000012, 1000004, 1000016, 1000192, 1000003, 2000, 220000, NULL, '2024-09-08 16:51:36.425018', 1000069, '2024-09-08 16:51:36.425018', 1000069, '9abacca2-3c81-450a-bd7a-82200936bd7b', 'Y');
INSERT INTO pos.d_pos_taxline VALUES (1000021, 1000004, 1000016, 1000194, 1000003, 2000, 200000, NULL, '2024-09-08 17:21:34.6905', 1000069, '2024-09-08 17:21:34.6905', 1000069, '460f25b8-ce2c-4923-9df3-60f2d5cd3cce', 'Y');
INSERT INTO pos.d_pos_taxline VALUES (1000022, 1000004, 1000016, 1000194, 1000003, 2000, 200000, NULL, '2024-09-08 17:22:54.838977', 1000069, '2024-09-08 17:22:54.838977', 1000069, '8361fcd9-07d9-4c3d-858b-a6bbd6f41e52', 'Y');
INSERT INTO pos.d_pos_taxline VALUES (1000033, 1000004, 1000016, 1000194, 1000003, 2000, 200000, NULL, '2024-09-08 17:32:12.194206', 1000069, '2024-09-08 17:32:12.194206', 1000069, '1e149052-7b0e-433f-9baf-1d87c837781b', 'Y');
INSERT INTO pos.d_pos_taxline VALUES (1000034, 1000004, 1000016, 1000194, 1000003, 2000, 200000, NULL, '2024-09-08 17:45:09.007766', 1000069, '2024-09-08 17:45:09.007766', 1000069, '65022dd3-8211-45c9-b42d-d740e8dee7c7', 'Y');
INSERT INTO pos.d_pos_taxline VALUES (1000035, 1000004, 1000016, 1000194, 1000003, 2000, 200000, NULL, '2024-09-08 17:52:41.8026', 1000069, '2024-09-08 17:52:41.8026', 1000069, '6f81f9f9-1770-46ef-ac89-fb491ffe6119', 'Y');
INSERT INTO pos.d_pos_taxline VALUES (1000036, 0, 1000016, 1000198, 1000003, 2000, 200000, NULL, '2024-09-08 11:21:10.526529', 0, '2024-09-08 11:21:10.52653', 0, '4aefdc52-1cf5-436e-b3ec-472086efc82d', 'Y');
INSERT INTO pos.d_pos_taxline VALUES (1000038, 0, 1000016, 1000204, 1000003, 2000, 200000, NULL, '2024-09-09 00:32:07.812092', 0, '2024-09-09 00:32:07.812092', 0, '983c3916-00ec-46e6-92f6-d35ff5ae3a4e', 'Y');
INSERT INTO pos.d_pos_taxline VALUES (1000039, 0, 1000016, 1000204, 1000003, 2000, 200000, NULL, '2024-09-09 00:38:21.043489', 0, '2024-09-09 00:38:21.043489', 0, '11ad4953-dfa3-442f-8735-7d2f8462ada5', 'Y');
INSERT INTO pos.d_pos_taxline VALUES (1000040, 1000004, 1000016, 1000204, 1000003, 2000, 200000, NULL, '2024-09-09 00:46:55.857352', 0, '2024-09-09 00:46:55.857352', 0, '7510d9fe-0a41-41a3-8a41-8a21f8740742', 'Y');
INSERT INTO pos.d_pos_taxline VALUES (1000041, 1000004, 1000016, 1000204, 1000003, 2000, 200000, NULL, '2024-09-09 00:50:02.435413', 0, '2024-09-09 00:50:02.435413', 0, '7d683f1f-c146-4c9c-a3e8-02e966e81166', 'Y');
INSERT INTO pos.d_pos_taxline VALUES (1000042, 1000004, 1000016, 1000204, 1000003, 2000, 200000, NULL, '2024-09-09 00:50:58.400716', 0, '2024-09-09 00:50:58.400716', 0, '011fbaa2-079c-4cdc-8978-3cb7337e9474', 'Y');
INSERT INTO pos.d_pos_taxline VALUES (1000045, 1000004, 1000016, 1000489, 1000003, 2001600, 220000, NULL, '2024-09-18 07:02:10.980252', 0, '2024-09-18 07:02:10.980254', 0, 'dfa36abf-8a87-4ae5-a239-57b268eab7a9', 'Y');
INSERT INTO pos.d_pos_taxline VALUES (1000046, 1000004, 1000016, 1000489, 1000003, 2001600, 220000, NULL, '2024-09-18 07:18:08.422799', 0, '2024-09-18 07:18:08.422801', 0, '9e6e79c4-b9ba-49e7-a3b2-bab93b1d606c', 'Y');
INSERT INTO pos.d_pos_taxline VALUES (1000047, 1000004, 1000016, 1000489, 1000003, 2001600, 220000, NULL, '2024-09-18 07:30:03.274969', 0, '2024-09-18 07:30:03.274971', 0, '7dda3de9-c2e1-465d-9c1e-4e8c7408ad2a', 'Y');
INSERT INTO pos.d_pos_taxline VALUES (1000048, 1000004, 1000016, 1000491, 1000003, 2001600, 220000, NULL, '2024-09-18 07:41:28.893444', 0, '2024-09-18 07:41:28.893445', 0, '883d41b4-477c-4f4b-979f-30c68a00da47', 'Y');
INSERT INTO pos.d_pos_taxline VALUES (1000049, 1000004, 1000016, 1000493, 1000003, 2001600, 220000, NULL, '2024-09-18 08:24:08.706471', 0, '2024-09-18 08:24:08.706472', 0, 'c7c85c13-a51e-42ad-9d63-9df6e42aa321', 'Y');
INSERT INTO pos.d_pos_taxline VALUES (1000050, 1000004, 1000016, 1000495, 1000003, 2001600, 220000, NULL, '2024-09-18 08:26:10.511649', 0, '2024-09-18 08:26:10.511652', 0, '70fae662-e954-4fa9-a940-444e4620f522', 'Y');
INSERT INTO pos.d_pos_taxline VALUES (1000051, 1000004, 1000016, 1000449, 0, 0, 189000, NULL, '2024-09-23 10:53:26.695637', 1000069, '2024-09-23 10:53:26.695637', 1000069, '692a2fac-ec79-4f1a-995a-bc00a8a4ad4b', 'Y');
INSERT INTO pos.d_pos_taxline VALUES (1000052, 1000004, 1000016, 1000449, 0, 0, 189000, NULL, '2024-09-23 10:54:50.696074', 1000069, '2024-09-23 10:54:50.696074', 1000069, 'e7cfd29f-a32d-4c48-8ca8-a40f44795d16', 'Y');
INSERT INTO pos.d_pos_taxline VALUES (1000053, 1000004, 1000016, 1000704, 0, 0, 60000, NULL, '2024-09-25 14:51:15.514515', 1000069, '2024-09-25 14:51:15.514515', 1000069, 'b3c4b5c5-61ea-4b1b-98c7-45ae51b5c2d2', 'Y');
INSERT INTO pos.d_pos_taxline VALUES (1000054, 1000004, 1000016, 1000704, 0, 0, 120000, NULL, '2024-09-25 14:51:31.350415', 1000069, '2024-09-25 14:51:31.350416', 1000069, '72f0f2c8-b4f5-41cc-b0c6-396a8f1d65bf', 'Y');
INSERT INTO pos.d_pos_taxline VALUES (1000055, 1000004, 1000016, 1000670, 0, 0, 120000, NULL, '2024-09-25 14:51:51.61204', 1000069, '2024-09-25 14:51:51.612041', 1000069, '8e5f2239-574d-4a2c-b319-a658ffa200e6', 'Y');
INSERT INTO pos.d_pos_taxline VALUES (1000056, 1000004, 1000016, 1000738, 0, 0, 1860000, NULL, '2024-09-26 17:30:48.299073', 1000066, '2024-09-26 17:30:48.299074', 1000066, '18c8bc55-b2d3-4eda-abbe-7bb170c9f921', 'Y');
INSERT INTO pos.d_pos_taxline VALUES (1000057, 1000004, 1000016, 1000738, 0, 0, 1860000, NULL, '2024-09-26 17:30:51.907944', 1000066, '2024-09-26 17:30:51.907945', 1000066, '00de0b35-bc13-43d4-9400-f4b7f637d2d0', 'Y');
INSERT INTO pos.d_pos_taxline VALUES (1000058, 1000004, 1000016, 1000738, 0, 0, 1860000, NULL, '2024-09-26 17:30:55.809923', 1000066, '2024-09-26 17:30:55.809924', 1000066, '3992b6dd-2849-4a78-b7eb-4cfd875d45f2', 'Y');
INSERT INTO pos.d_pos_taxline VALUES (1000059, 1000004, 1000016, 1000738, 0, 0, 1860000, NULL, '2024-09-26 17:30:57.151675', 1000066, '2024-09-26 17:30:57.151676', 1000066, '762eb189-fa89-4795-abfc-53b1f7974971', 'Y');
INSERT INTO pos.d_pos_taxline VALUES (1000060, 1000004, 1000016, 1000708, 0, 0, 3720000, NULL, '2024-09-26 17:33:25.415655', 1000066, '2024-09-26 17:33:25.415656', 1000066, '6c916413-3350-404b-8a86-7ddc2e8ef03f', 'Y');
INSERT INTO pos.d_pos_taxline VALUES (1000061, 1000004, 1000016, 1000708, 0, 0, 3720000, NULL, '2024-09-26 17:33:44.569168', 1000066, '2024-09-26 17:33:44.569168', 1000066, '4523ab96-b912-473d-a802-e6cc8b10b30e', 'Y');
INSERT INTO pos.d_pos_taxline VALUES (1000062, 1000004, 1000016, 1000708, 0, 0, 3720000, NULL, '2024-09-26 17:35:30.69042', 1000066, '2024-09-26 17:35:30.69042', 1000066, 'a08dd074-33f3-45e0-808e-19163a1bdbb1', 'Y');
INSERT INTO pos.d_pos_taxline VALUES (1000063, 1000004, 1000016, 1000708, 0, 0, 3720000, NULL, '2024-09-26 17:35:36.496311', 1000066, '2024-09-26 17:35:36.496311', 1000066, '8566d5da-8d8c-49c9-80b9-6d0b5acf70b8', 'Y');
INSERT INTO pos.d_pos_taxline VALUES (1000064, 1000004, 1000016, 1000708, 0, 0, 3720000, NULL, '2024-09-26 17:35:40.555293', 1000066, '2024-09-26 17:35:40.555293', 1000066, '0fe0a51e-1cc7-4ed9-a5a6-815560a07def', 'Y');
INSERT INTO pos.d_pos_taxline VALUES (1000065, 1000004, 1000016, 1000708, 0, 0, 3720000, NULL, '2024-09-26 17:35:59.998831', 1000066, '2024-09-26 17:35:59.998831', 1000066, 'a621b0a0-0619-4f3a-88e3-4a69fb69a893', 'Y');
INSERT INTO pos.d_pos_taxline VALUES (1000066, 1000004, 1000016, 1000738, 0, 0, 1860000, NULL, '2024-09-26 17:36:47.331901', 1000066, '2024-09-26 17:36:47.331901', 1000066, '5ebb24d8-a80a-4e41-a77c-e6176a47eb13', 'Y');
INSERT INTO pos.d_pos_taxline VALUES (1000067, 1000004, 1000016, 1000618, 0, 0, 378000, NULL, '2024-09-26 17:39:52.965697', 1000066, '2024-09-26 17:39:52.965697', 1000066, 'd86db2cf-091b-4209-bde2-b45d6acf662d', 'Y');
INSERT INTO pos.d_pos_taxline VALUES (1000068, 1000004, 1000016, 1000401, 0, 0, 378000, NULL, '2024-09-26 17:44:23.878388', 1000066, '2024-09-26 17:44:23.878389', 1000066, '47120b79-a096-4f74-b221-f0471bcf40cf', 'Y');
INSERT INTO pos.d_pos_taxline VALUES (1000069, 1000004, 1000016, 1000483, 0, 0, 409100, NULL, '2024-09-26 17:48:45.275224', 1000066, '2024-09-26 17:48:45.275225', 1000066, '67618b0c-d83a-43ff-9c23-c78878d63a3a', 'Y');
INSERT INTO pos.d_pos_taxline VALUES (1000070, 1000004, 1000016, 1000483, 0, 0, 409100, NULL, '2024-09-26 17:49:27.974215', 1000066, '2024-09-26 17:49:27.974216', 1000066, '618e3900-8231-4173-94cf-b4555a00c7a4', 'Y');
INSERT INTO pos.d_pos_taxline VALUES (1000071, 1000004, 1000016, 1000536, 0, 0, 100000, NULL, '2024-09-26 17:50:23.335947', 1000066, '2024-09-26 17:50:23.335948', 1000066, '64f19ffb-3248-4e58-84db-d6fb36256802', 'Y');
INSERT INTO pos.d_pos_taxline VALUES (1000072, 1000004, 1000016, 1000662, 0, 0, 400000, NULL, '2024-09-26 17:58:50.384028', 1000066, '2024-09-26 17:58:50.384029', 1000066, '25494505-7b36-4015-85fc-118094d14a22', 'Y');
INSERT INTO pos.d_pos_taxline VALUES (1000073, 1000004, 1000016, 1000662, 0, 0, 400000, NULL, '2024-09-26 17:58:51.447231', 1000066, '2024-09-26 17:58:51.447231', 1000066, 'aecc20c4-ff80-4b58-add4-ae74893c5f46', 'Y');
INSERT INTO pos.d_pos_taxline VALUES (1000074, 1000004, 1000016, 1000662, 0, 0, 1200000, NULL, '2024-09-26 18:00:12.616779', 1000066, '2024-09-26 18:00:12.61678', 1000066, '6f3484be-ef66-44e1-b8ba-6336b8e5c12e', 'Y');
INSERT INTO pos.d_pos_taxline VALUES (1000075, 1000004, 1000016, 1000499, 0, 0, 589000, NULL, '2024-09-26 18:02:44.456944', 1000066, '2024-09-26 18:02:44.456944', 1000066, 'c73d3062-c36c-453c-a09a-67d1e4312287', 'Y');
INSERT INTO pos.d_pos_taxline VALUES (1000076, 1000004, 1000016, 1000764, 0, 0, 1000, NULL, '2024-09-26 22:05:24.811581', 1000066, '2024-09-26 22:05:24.811582', 1000066, 'f13bb8dd-0abe-438f-9e70-db72f94b9640', 'Y');
INSERT INTO pos.d_pos_taxline VALUES (1000077, 1000004, 1000016, 1000772, 0, 0, 330000, NULL, '2024-09-27 09:28:38.227047', 1000066, '2024-09-27 09:28:38.227048', 1000066, '4a6cff19-5118-4277-a516-e87b51251bdb', 'Y');
INSERT INTO pos.d_pos_taxline VALUES (1000078, 1000004, 1000016, 1000612, 0, 0, 45000, NULL, '2024-09-27 09:43:39.344602', 1000066, '2024-09-27 09:43:39.344602', 1000066, '0928c0fa-fb55-4586-a44f-81cb63ebdb59', 'Y');
INSERT INTO pos.d_pos_taxline VALUES (1000080, 1000004, 1000016, 1000786, 0, 0, 330000, NULL, '2024-09-27 03:07:55.588603', 0, '2024-09-27 03:07:55.588603', 0, '12525db2-05b7-4f88-af09-f65fa1efd0d8', 'Y');
INSERT INTO pos.d_pos_taxline VALUES (1000079, 1000004, 1000016, 1000786, 0, 0, 330000, NULL, '2024-09-27 03:07:54.345689', 0, '2024-09-27 03:07:54.34569', 0, '67079324-d290-44f8-8d24-d25b06262a66', 'Y');
INSERT INTO pos.d_pos_taxline VALUES (1000081, 1000004, 1000016, 1000786, 0, 0, 1322000, NULL, '2024-09-27 10:19:12.728707', 1000066, '2024-09-27 10:19:12.728707', 1000066, '53560db8-5c00-462c-9f7f-8b368c0085db', 'Y');
INSERT INTO pos.d_pos_taxline VALUES (1000082, 1000004, 1000016, 1000698, 0, 0, 0, NULL, '2024-09-27 10:19:34.186526', 1000066, '2024-09-27 10:19:34.186527', 1000066, '382bbbfe-9264-405d-8a26-45759015f899', 'Y');
INSERT INTO pos.d_pos_taxline VALUES (1000083, 1000004, 1000016, 1000694, 0, 0, 330000, NULL, '2024-09-27 10:19:43.621427', 1000066, '2024-09-27 10:19:43.621428', 1000066, '1e31c762-b22f-459d-a7cd-5ef47b4f746f', 'Y');
INSERT INTO pos.d_pos_taxline VALUES (1000084, 1000004, 1000016, 1000722, 0, 0, 60000, NULL, '2024-09-27 10:19:57.584098', 1000066, '2024-09-27 10:19:57.584098', 1000066, '733ac550-0d51-409f-9683-79091d60ce4f', 'Y');
INSERT INTO pos.d_pos_taxline VALUES (1000085, 1000004, 1000016, 1000794, 0, 0, 2000, NULL, '2024-09-27 03:39:46.428079', 0, '2024-09-27 03:39:46.42808', 0, 'e139ba2f-79a3-467e-921b-f0bfbca4f483', 'Y');
INSERT INTO pos.d_pos_taxline VALUES (1000086, 1000004, 1000016, 1000794, 0, 0, 2000, NULL, '2024-09-27 03:39:50.072177', 0, '2024-09-27 03:39:50.072178', 0, '1333824d-511b-48fd-a659-bda94775c29a', 'Y');
INSERT INTO pos.d_pos_taxline VALUES (1000087, 1000004, 1000016, 1000794, 0, 0, 2000, NULL, '2024-09-27 03:40:35.355393', 0, '2024-09-27 03:40:35.355395', 0, 'a0c422fc-a471-419f-b53e-24a650966447', 'Y');
INSERT INTO pos.d_pos_taxline VALUES (1000088, 1000004, 1000016, 1000794, 0, 0, 2000, NULL, '2024-09-27 03:40:43.181238', 0, '2024-09-27 03:40:43.181239', 0, '913c5eb2-0b64-4ac6-bef1-fcbe757a2abf', 'Y');
INSERT INTO pos.d_pos_taxline VALUES (1000089, 1000004, 1000016, 1000794, 0, 0, 2000, NULL, '2024-09-27 03:41:07.193962', 0, '2024-09-27 03:41:07.193963', 0, '36c88f3e-ff15-4fe5-9065-09d8519b8b26', 'Y');
INSERT INTO pos.d_pos_taxline VALUES (1000090, 1000004, 1000016, 1000796, 0, 0, 2000, NULL, '2024-09-27 03:46:32.346008', 0, '2024-09-27 03:46:32.346009', 0, '65cb3f78-c573-4f3b-9935-a4e7b1fc345e', 'Y');
INSERT INTO pos.d_pos_taxline VALUES (1000091, 1000004, 1000016, 1000796, 0, 0, 2000, NULL, '2024-09-27 03:46:35.973748', 0, '2024-09-27 03:46:35.973755', 0, '5f2134e7-1952-424e-9531-b1bc9ff91cb9', 'Y');
INSERT INTO pos.d_pos_taxline VALUES (1000092, 1000004, 1000016, 1000798, 0, 0, 2000, NULL, '2024-09-27 03:50:26.568434', 0, '2024-09-27 03:50:26.568435', 0, '511302cf-2358-4f76-91a4-e06a584f5386', 'Y');
INSERT INTO pos.d_pos_taxline VALUES (1000093, 1000004, 1000016, 1000798, 0, 0, 2000, NULL, '2024-09-27 03:50:30.145555', 0, '2024-09-27 03:50:30.145556', 0, 'd533273f-04bd-4eef-b0c7-71d7e0f9d4d2', 'Y');
INSERT INTO pos.d_pos_taxline VALUES (1000094, 1000004, 1000016, 1000800, 0, 0, 2000, NULL, '2024-09-27 04:06:29.224807', 0, '2024-09-27 04:06:29.224808', 0, '04657d2e-6a6e-4d70-9ee5-3eb60c8cb89f', 'Y');
INSERT INTO pos.d_pos_taxline VALUES (1000095, 1000004, 1000016, 1000800, 0, 0, 2000, NULL, '2024-09-27 04:06:33.712004', 0, '2024-09-27 04:06:33.712005', 0, 'fc2e388c-036a-4ad2-939d-fce2d0808c9b', 'Y');
INSERT INTO pos.d_pos_taxline VALUES (1000096, 1000004, 1000016, 1000804, 0, 0, 12300000, NULL, '2024-09-27 11:10:28.254108', 1000066, '2024-09-27 11:10:28.254108', 1000066, '9225c049-896c-48c6-9a7a-f9da1a9887b3', 'Y');
INSERT INTO pos.d_pos_taxline VALUES (1000097, 1000004, 1000016, 1000788, 0, 0, 2000, NULL, '2024-09-27 11:18:36.613351', 1000066, '2024-09-27 11:18:36.613352', 1000066, 'ccad6a15-edb7-4243-bd8b-42711fef1925', 'Y');
INSERT INTO pos.d_pos_taxline VALUES (1000098, 1000004, 1000016, 1000810, 0, 0, 4000, NULL, '2024-09-27 11:19:29.500328', 1000066, '2024-09-27 11:19:29.500329', 1000066, '2465c789-c3eb-4d9e-9a2f-34e42c1b08c7', 'Y');
INSERT INTO pos.d_pos_taxline VALUES (1000099, 1000004, 1000016, 1000820, 0, 0, 4000, NULL, '2024-09-27 11:45:18.04895', 1000066, '2024-09-27 11:45:18.048951', 1000066, '5128cfe6-79f5-4337-8ad5-3de3dd6ddab9', 'Y');
INSERT INTO pos.d_pos_taxline VALUES (1000100, 1000004, 1000016, 1000808, 0, 0, 12107000, NULL, '2024-09-27 13:03:17.951585', 1000066, '2024-09-27 13:03:17.951585', 1000066, 'c8e65b5e-72d2-4ec4-a94a-31c1fca3056e', 'Y');
INSERT INTO pos.d_pos_taxline VALUES (1000101, 1000004, 1000016, 1000774, 0, 0, 330000, NULL, '2024-09-27 13:03:46.666818', 1000066, '2024-09-27 13:03:46.666818', 1000066, 'c3959054-c59a-40ac-bbe5-d06e754c4ea2', 'Y');
INSERT INTO pos.d_pos_taxline VALUES (1000102, 1000004, 1000016, 1000511, 0, 0, 236000, NULL, '2024-09-27 13:38:52.003731', 1000066, '2024-09-27 13:38:52.003731', 1000066, 'd0bbd09c-4026-497c-81f7-1b8445043879', 'Y');
INSERT INTO pos.d_pos_taxline VALUES (1000103, 1000004, 1000016, 1000475, 0, 0, 429000, NULL, '2024-09-27 16:53:24.776257', 1000066, '2024-09-27 16:53:24.776258', 1000066, '85281d08-af3a-472d-8e6d-43b07a4d6994', 'Y');
INSERT INTO pos.d_pos_taxline VALUES (1000104, 1000004, 1000016, 1000475, 1000003, 1893200, 229000, NULL, '2024-09-27 16:53:24.778344', 1000066, '2024-09-27 16:53:24.778345', 1000066, '8550e5ef-cf4e-4e87-bbc7-63b66f65775d', 'Y');
INSERT INTO pos.d_pos_taxline VALUES (1000105, 1000004, 1000016, 1000848, 0, 0, 60000, NULL, '2024-09-27 16:57:18.549173', 1000066, '2024-09-27 16:57:18.549173', 1000066, '5cf0f29c-58ed-4689-b137-9cfc5a5b692b', 'Y');
INSERT INTO pos.d_pos_taxline VALUES (1000106, 1000004, 1000016, 1000475, 0, 0, 429000, NULL, '2024-09-27 17:20:12.01316', 1000066, '2024-09-27 17:20:12.01316', 1000066, '4a78e25c-9e78-474f-ba39-d657f9e5080d', 'Y');
INSERT INTO pos.d_pos_taxline VALUES (1000107, 1000004, 1000016, 1000475, 1000003, 1893200, 229000, NULL, '2024-09-27 17:20:12.015293', 1000066, '2024-09-27 17:20:12.015294', 1000066, 'a14fee0f-c16f-4514-a356-bffa6bc39cae', 'Y');
INSERT INTO pos.d_pos_taxline VALUES (1000108, 1000004, 1000016, 1000534, 0, 0, 30000, NULL, '2024-09-27 17:21:33.948143', 1000066, '2024-09-27 17:21:33.948144', 1000066, '2852d183-a465-4587-a161-fd50cee45fe1', 'Y');
INSERT INTO pos.d_pos_taxline VALUES (1000109, 1000004, 1000016, 1000852, 0, 0, 48000, NULL, '2024-09-27 17:31:25.347505', 1000066, '2024-09-27 17:31:25.347506', 1000066, 'd1a83aa6-c57e-433f-afe7-1f4efb6b3df0', 'Y');
INSERT INTO pos.d_pos_taxline VALUES (1000110, 1000004, 1000016, 1000830, 0, 0, 6000, NULL, '2024-09-27 17:32:28.884724', 1000066, '2024-09-27 17:32:28.884724', 1000066, '356d6a56-2fe2-485b-8643-4704bf76c796', 'Y');
INSERT INTO pos.d_pos_taxline VALUES (1000111, 1000004, 1000016, 1000856, 0, 0, 4000, NULL, '2024-09-27 17:35:12.391465', 1000066, '2024-09-27 17:35:12.391466', 1000066, '288c7717-b7d7-48ba-8280-03ecd430e14c', 'Y');
INSERT INTO pos.d_pos_taxline VALUES (1000112, 1000004, 1000016, 1000858, 0, 0, 4000, NULL, '2024-09-27 17:38:11.397044', 1000066, '2024-09-27 17:38:11.397045', 1000066, 'a060d60b-67cd-40f5-adad-6fe22400a521', 'Y');
INSERT INTO pos.d_pos_taxline VALUES (1000113, 1000004, 1000016, 1000860, 0, 0, 4000, NULL, '2024-09-27 17:39:53.878884', 1000066, '2024-09-27 17:39:53.878884', 1000066, 'bc1b80b4-f62b-4f90-9baf-ed95feded698', 'Y');
INSERT INTO pos.d_pos_taxline VALUES (1000114, 1000004, 1000016, 1000862, 0, 0, 2000, NULL, '2024-09-27 10:40:48.103716', 0, '2024-09-27 10:40:48.103717', 0, '452b91ab-00e4-43a8-b536-eef6ccf210cc', 'Y');
INSERT INTO pos.d_pos_taxline VALUES (1000115, 1000004, 1000016, 1000862, 0, 0, 2000, NULL, '2024-09-27 10:40:53.860876', 0, '2024-09-27 10:40:53.860877', 0, '8317cf06-aade-447d-aa0c-8a1cd5ec15c7', 'Y');
INSERT INTO pos.d_pos_taxline VALUES (1000116, 1000004, 1000016, 1000542, 0, 0, 1482000, NULL, '2024-09-30 03:12:31.840301', 0, '2024-09-30 03:12:31.840303', 0, '8becc5b1-e61a-442c-bbbf-d351b00140a2', 'Y');
INSERT INTO pos.d_pos_taxline VALUES (1000117, 1000004, 1000016, 1000542, 0, 0, 1482000, NULL, '2024-09-30 03:12:36.275334', 0, '2024-09-30 03:12:36.275335', 0, 'eae527b2-9b40-41bb-a356-7b6b1a7fa3e3', 'Y');
INSERT INTO pos.d_pos_taxline VALUES (1000118, 1000004, 1000016, 1000908, 0, 0, 90000, NULL, '2024-09-30 15:28:54.007488', 1000066, '2024-09-30 15:28:54.007489', 1000066, '3cfd7915-7146-45a1-b6f3-5046a88668cb', 'Y');
INSERT INTO pos.d_pos_taxline VALUES (1000119, 1000004, 1000016, 1000912, 0, 0, 60000, NULL, '2024-09-30 16:23:55.329165', 1000066, '2024-09-30 16:23:55.329166', 1000066, 'f7ac006d-f997-4200-b8cc-535bbac562bd', 'Y');


--
-- TOC entry 5497 (class 0 OID 392879)
-- Dependencies: 335
-- Data for Name: d_pos_terminal; Type: TABLE DATA; Schema: pos; Owner: -
--

INSERT INTO pos.d_pos_terminal VALUES (1000021, 1000004, 1000038, 'POS06', NULL, NULL, 1000005, 'N', 1000013, 1000006, 1000005, '', 0, 'N', '', 0, 1000006, '2024-09-21 16:21:14.063139', 1000069, '2024-09-21 16:27:18.297859', 1000069, 'c9d417d0-9ea7-4503-9d99-d12797556399', 'Y', 1000002);
INSERT INTO pos.d_pos_terminal VALUES (1000034, 1000004, 1000038, 'POS-HOL', NULL, NULL, 1000005, 'N', 1000013, 1000006, 1000005, '', 0, 'N', '', 0, 1000026, '2024-09-21 16:21:22.301878', 1000069, '2024-09-21 16:27:18.657028', 1000069, '0f6fb719-e2c8-4148-9439-b6b97f39c89c', 'Y', 1000002);
INSERT INTO pos.d_pos_terminal VALUES (1000018, 1000004, 1000038, 'POS20', NULL, NULL, 1000005, 'N', 1000013, 1000006, 1000005, '', 0, 'N', '', 0, 1000020, '2024-09-21 16:21:10.79924', 1000069, '2024-09-21 16:27:18.192631', 1000069, '2ba2dc5a-62f9-44f7-88ef-d0c06acd3a5b', 'Y', 1000002);
INSERT INTO pos.d_pos_terminal VALUES (1000020, 1000004, 1000038, 'POS05', NULL, NULL, 1000005, 'N', 1000013, 1000006, 1000005, '', 0, 'N', '', 0, 1000005, '2024-09-21 16:21:13.355964', 1000069, '2024-09-21 16:27:18.273255', 1000069, '52d2b3f8-f32e-4636-9761-5f74dfba39f3', 'Y', 1000002);
INSERT INTO pos.d_pos_terminal VALUES (1000019, 1000004, 1000038, 'POS21', NULL, NULL, 1000005, 'N', 1000013, 1000006, 1000005, '', 0, 'N', '', 0, 1000021, '2024-09-21 16:21:12.31381', 1000069, '2024-09-21 16:27:18.231625', 1000069, 'e720b543-f589-47fe-90b6-5956d9c41196', 'Y', 1000002);
INSERT INTO pos.d_pos_terminal VALUES (1000028, 1000004, 1000038, 'POS-TEST SYNC DATA THEO DB', NULL, NULL, 1000005, 'N', 1000013, 1000006, 1000005, '1', 0, 'N', '', 0, 1000027, '2024-09-21 16:21:22.128118', 1000069, '2024-09-21 16:27:18.493307', 1000069, '6cc6a5ef-9612-4852-ae99-17f36f0a9fa5', 'Y', 1000002);
INSERT INTO pos.d_pos_terminal VALUES (1000026, 1000004, 1000038, 'POS04', NULL, NULL, 1000005, 'N', 1000013, 1000006, 1000005, '', 0, 'N', '', 0, 1000004, '2024-09-21 16:21:19.959844', 1000069, '2024-09-21 16:27:18.43854', 1000069, 'f5ebd31c-1ec5-4cf3-b150-63a8291e7304', 'Y', 1000002);
INSERT INTO pos.d_pos_terminal VALUES (1000008, 1000004, 1000016, 'im bn 2', NULL, 1000070, 1000005, NULL, 1000013, 1000006, 1000006, '123', 1234, 'N', 'Y', 1000001, NULL, '2024-09-17 09:34:59.725182', 1000069, '2024-09-27 09:31:58.461687', 1000066, '970f526f-0659-4d8a-bc1b-cde392c4e8e5', 'Y', 1000002);
INSERT INTO pos.d_pos_terminal VALUES (1000024, 1000004, 1000038, 'POS-OFFB', NULL, NULL, 1000005, 'N', 1000013, 1000006, 1000005, '', 0, 'N', '', 0, 1000008, '2024-09-21 16:21:15.73643', 1000069, '2024-09-21 16:27:18.38262', 1000069, '59d733dd-22ec-4ddb-8802-ac21a7dbf8d9', 'Y', 1000002);
INSERT INTO pos.d_pos_terminal VALUES (1000025, 1000004, 1000038, 'POS17', NULL, NULL, 1000005, 'N', 1000013, 1000006, 1000005, '', 0, 'N', '', 0, 1000017, '2024-09-21 16:21:16.45606', 1000069, '2024-09-21 16:27:18.40854', 1000069, 'b85fa66b-ea2f-448b-856c-31fdd352cc3c', 'Y', 1000002);
INSERT INTO pos.d_pos_terminal VALUES (1000010, 1000004, 1000016, 'im bn 1', NULL, 1000069, 1000005, NULL, 1000013, 1000006, 1000005, '23232', 33232, 'Y', 'Y', 1000001, NULL, '2024-09-18 10:45:21.538225', 1000069, '2024-09-18 10:45:21.53823', 1000069, '1a4e580d-d688-4549-b7ee-2256c4ddd1bf', 'Y', 1000002);
INSERT INTO pos.d_pos_terminal VALUES (1000027, 1000004, 1000038, 'POS18', NULL, NULL, 1000005, 'N', 1000013, 1000006, 1000005, '', 0, 'N', '', 0, 1000018, '2024-09-21 16:21:22.093765', 1000069, '2024-09-21 16:27:18.468629', 1000069, 'f7ac341d-b954-4798-9f3d-8cabc327e585', 'Y', 1000002);
INSERT INTO pos.d_pos_terminal VALUES (1000031, 1000004, 1000038, 'POS03', NULL, NULL, 1000005, 'N', 1000013, 1000006, 1000005, '123.123.123.123', 0, 'N', '', 0, 1000003, '2024-09-21 16:21:22.215796', 1000069, '2024-09-21 16:27:18.579964', 1000069, 'b33aa234-3915-438e-bad5-5a10ac162915', 'Y', 1000002);
INSERT INTO pos.d_pos_terminal VALUES (1000029, 1000004, 1000038, 'POS02', NULL, NULL, 1000005, 'N', 1000013, 1000006, 1000005, '', 0, 'N', '', 0, 1000002, '2024-09-21 16:21:22.160799', 1000069, '2024-09-21 16:27:18.520265', 1000069, '034c368d-dd80-4b4f-9c55-4dcfead2ae16', 'Y', 1000002);
INSERT INTO pos.d_pos_terminal VALUES (1000004, 1000004, 1000016, 'Main POS Terminal', 'POS terminal located at the main counter', 1234, 1000005, 'Y', 1000013, 1000006, 1000005, '192.168.1.100', 9100, 'N', 'Y', 1617, 1819, '2024-09-13 11:29:23.73611', 1000069, '2024-09-13 11:29:23.736118', 1000069, '29489941-1281-40fa-9242-23f3475ec067', 'Y', 1000002);
INSERT INTO pos.d_pos_terminal VALUES (1000005, 1000009, 1000016, 'Main POS Terminal', 'POS terminal located at the main counter', 1234, 1000005, 'Y', 1000013, 1000006, 1000005, '192.168.1.100', 9100, 'N', 'Y', 1617, 1819, '2024-09-16 10:06:16.202556', 1000071, '2024-09-16 10:06:16.202556', 1000071, '98484925-9192-4c2f-a334-f7e872c0cfd2', 'Y', 1000002);
INSERT INTO pos.d_pos_terminal VALUES (1000003, 1000004, 1000016, 'Main POS Terminal', 'POS terminal located at the main counter', NULL, 1000005, 'Y', 1000013, 1000006, 1000005, '192.168.1.100', 9100, 'N', 'Y', 2000000, 1819, '2024-09-06 16:54:03.361169', 1000069, '2024-09-06 16:54:03.361169', 1000069, '6fb40192-0be6-4878-9551-34d77f8ad0b1', 'Y', 1000002);
INSERT INTO pos.d_pos_terminal VALUES (1000036, 1000004, 1000038, 'POS ROOM SERVICE', NULL, 1000178, 1000001, 'N', 1000013, 1000006, 1000001, '1222224442', 0, 'Y', 'N', 1000001, 1000029, '2024-09-21 16:21:22.352776', 1000069, '2024-09-27 12:02:52.189517', 1000066, '79660eb6-35c2-4cd2-8c88-c4a59482307c', 'Y', 1000002);
INSERT INTO pos.d_pos_terminal VALUES (1000023, 1000004, 1000038, 'POS09', NULL, NULL, 1000005, 'N', 1000013, 1000006, 1000005, '', 0, 'N', '', 0, 1000009, '2024-09-21 16:21:15.198536', 1000069, '2024-09-21 16:27:18.350828', 1000069, 'e83b821c-c83b-4a4d-a0ae-e9451380c5ab', 'Y', 1000002);
INSERT INTO pos.d_pos_terminal VALUES (1000009, 1000004, 1000016, 'im bn 31', NULL, 1000070, 1000005, NULL, 1000013, 1000006, 1000005, '123', 123, 'Y', 'Y', 1000001, NULL, '2024-09-17 14:10:35.853632', 1000069, '2024-09-17 14:19:59.019964', 1000069, '5d92c723-f2f9-4922-94e8-0d62be08c874', 'Y', 1000002);
INSERT INTO pos.d_pos_terminal VALUES (1000032, 1000004, 1000038, 'POS-RES', NULL, NULL, 1000005, 'Y', 1000013, 1000006, 1000005, '192.168.110.94', 0, 'Y', '', 0, 1000025, '2024-09-21 16:21:22.243877', 1000069, '2024-09-21 16:27:18.604023', 1000069, '30713781-ecd9-428a-8937-fbbc9542ab4a', 'Y', 1000002);
INSERT INTO pos.d_pos_terminal VALUES (1000035, 1000004, 1000038, 'POS THE RICE', NULL, NULL, 1000005, 'N', 1000013, 1000006, 1000005, '192.168.102.10', 0, 'N', '', 0, 1000001, '2024-09-21 16:21:22.32688', 1000069, '2024-09-21 16:27:18.684774', 1000069, 'c3df7949-59e2-4962-8e00-9cc4f5fa79d8', 'Y', 1000002);
INSERT INTO pos.d_pos_terminal VALUES (1000022, 1000004, 1000038, 'POS07', NULL, NULL, 1000005, 'N', 1000013, 1000006, 1000005, '', 0, 'N', '', 0, 1000007, '2024-09-21 16:21:14.584251', 1000069, '2024-09-21 16:27:18.324864', 1000069, 'e342a2aa-7d4f-490e-a3b6-a7f056beb0df', 'Y', 1000002);
INSERT INTO pos.d_pos_terminal VALUES (1000033, 1000004, 1000037, 'ANPASO', NULL, NULL, 1000005, 'N', 1000013, 1000006, 1000005, '192.168.1.1', 0, 'N', '', 0, 1000032, '2024-09-21 16:21:22.273875', 1000069, '2024-09-21 16:27:18.631021', 1000069, '7f3de344-5d08-49e6-8fc8-315358135694', 'Y', 1000002);
INSERT INTO pos.d_pos_terminal VALUES (1000030, 1000004, 1000038, 'POS17', NULL, NULL, 1000005, 'N', 1000013, 1000006, 1000005, '111', 0, 'N', '', 0, 1000028, '2024-09-21 16:21:22.1898', 1000069, '2024-09-21 16:27:18.553267', 1000069, '492c0c41-5168-4d14-8b9b-06b4a985ba19', 'Y', 1000002);


--
-- TOC entry 5471 (class 0 OID 388752)
-- Dependencies: 309
-- Data for Name: d_pricelist; Type: TABLE DATA; Schema: pos; Owner: -
--

INSERT INTO pos.d_pricelist VALUES (1000059, 1000004, 0, 'tt', 'Y', '2024-09-19 00:00:00', '2024-09-25 00:00:00', 'Y', '2024-09-18 15:18:46.615725', 1000069, '2024-09-18 15:18:46.615726', 1000069, '37026caf-2289-4447-87e6-9a5bea37c36c', 'N', NULL, NULL, 'N');
INSERT INTO pos.d_pricelist VALUES (1000013, 1000004, 0, 'Bng gi chung', 'Y', '2024-09-02 00:00:00', '2024-09-30 00:00:00', 'Y', '2024-08-29 10:18:38.172948', 0, '2024-09-18 11:29:07.700524', 1000069, '239baae8-a2ee-4427-8590-076b40bb641c', 'Y', NULL, NULL, 'N');
INSERT INTO pos.d_pricelist VALUES (1000058, 1000004, 0, 'new 32', 'Y', '2024-09-20 00:00:00', '2024-09-21 00:00:00', 'Y', '2024-09-17 16:39:43.170666', 1000069, '2024-09-18 15:35:53.807296', 1000069, '3b251ba8-6559-4dd1-b0fa-a29a5f4a156b', 'N', NULL, NULL, 'N');
INSERT INTO pos.d_pricelist VALUES (1000045, 1000004, 0, 'Bng gi 05 - 09 - 2024', 'Y', '2024-09-05 00:00:00', '2024-09-30 00:00:00', 'Y', '2024-09-05 06:36:24.562672', 1000069, '2024-09-05 06:36:24.562672', 1000069, '85023acd-c7a7-4ffd-aca3-1bf898175c21', 'N', NULL, NULL, 'N');
INSERT INTO pos.d_pricelist VALUES (1000046, 1000004, 0, 'Bng gi 01 - 09 - 2024', 'Y', '2024-09-01 00:00:00', '2024-09-30 00:00:00', 'Y', '2024-09-05 06:37:34.070505', 1000069, '2024-09-05 06:37:34.070505', 1000069, 'b0dd85c9-71c2-4cd9-ac6b-d247480b3d66', 'N', NULL, NULL, 'N');
INSERT INTO pos.d_pricelist VALUES (1000047, 1000004, 0, 'Bng gi 02 - 09 - 2024', 'Y', '2024-09-02 00:00:00', '2024-09-30 00:00:00', 'Y', '2024-09-05 06:37:39.198124', 1000069, '2024-09-05 06:37:39.198124', 1000069, 'c70b3f4c-9e4d-4edf-8b6f-2a938e0eedc7', 'N', NULL, NULL, 'N');
INSERT INTO pos.d_pricelist VALUES (1000048, 1000004, 0, 'a', 'Y', '2024-09-06 00:00:00', '2024-09-10 00:00:00', 'Y', '2024-09-06 15:41:48.564904', 1000069, '2024-09-06 15:41:48.564907', 1000069, '8a37aed4-881b-45f7-b47f-89b3ca1d84fe', 'N', NULL, NULL, 'N');
INSERT INTO pos.d_pricelist VALUES (1000049, 1000009, 0, 'Bng gi chung', 'Y', '2024-07-11 15:56:06', '2024-09-11 15:56:13', 'Y', '2024-09-11 08:51:29.979942', 0, '2024-09-11 08:51:29.979942', 0, '93202a8b-2c26-4c18-8d04-71ee24a028d4', 'Y', NULL, NULL, 'N');
INSERT INTO pos.d_pricelist VALUES (1000050, 1000004, 0, 'tt', 'Y', '2024-09-13 00:00:00', '2024-09-14 00:00:00', 'Y', '2024-09-12 16:23:13.345153', 1000069, '2024-09-12 16:23:13.345153', 1000069, 'e0eae533-32ea-4015-ae21-544ebf4f52f3', 'N', NULL, NULL, 'N');
INSERT INTO pos.d_pricelist VALUES (1000051, 1000004, 0, 'tt', 'Y', '2024-09-13 00:00:00', '2024-09-17 00:00:00', 'Y', '2024-09-12 18:11:15.143868', 1000069, '2024-09-12 18:11:15.143868', 1000069, 'd02c1eda-eb5b-4861-9b0a-631041611689', 'N', NULL, NULL, 'N');
INSERT INTO pos.d_pricelist VALUES (1000056, 1000004, 0, 'new', 'Y', '2024-09-17 00:00:00', '2024-09-19 00:00:00', 'Y', '2024-09-17 16:25:39.714919', 1000069, '2024-09-17 16:25:39.71492', 1000069, '81c7157f-e737-4043-b888-a09fd8b4fa9e', 'N', NULL, NULL, 'N');
INSERT INTO pos.d_pricelist VALUES (1000057, 1000004, 0, 'new 2', 'Y', '2024-09-17 00:00:00', '2024-09-19 00:00:00', 'Y', '2024-09-17 16:34:02.428085', 1000069, '2024-09-17 16:34:02.428087', 1000069, '8d1b6379-c408-470a-b038-8426a9b07ce5', 'N', NULL, NULL, 'N');


--
-- TOC entry 5475 (class 0 OID 388792)
-- Dependencies: 313
-- Data for Name: d_pricelist_org; Type: TABLE DATA; Schema: pos; Owner: -
--

INSERT INTO pos.d_pricelist_org VALUES (1000047, 1000045, 1000004, 1000016, NULL, 'Y', '2024-09-05 06:36:24.574239', 1000069, '2024-09-05 06:36:24.574239', 1000069, '1b32f820-5464-4653-baa0-b4bd26fc43bf');
INSERT INTO pos.d_pricelist_org VALUES (1000048, 1000046, 1000004, 1000016, NULL, 'Y', '2024-09-05 06:37:34.077537', 1000069, '2024-09-05 06:37:34.077537', 1000069, '7dbd1603-4c55-4ae2-87b6-a5402d2ad5af');
INSERT INTO pos.d_pricelist_org VALUES (1000050, 1000047, 1000004, 1000016, NULL, 'Y', '2024-09-05 06:45:17.642755', 1000069, '2024-09-05 06:45:17.642755', 1000069, 'caeefc74-a5f1-4ac5-b95e-1677790c42f2');
INSERT INTO pos.d_pricelist_org VALUES (1000051, 1000047, 1000004, 1000019, NULL, 'Y', '2024-09-05 06:45:17.64843', 1000069, '2024-09-05 06:45:17.64843', 1000069, '4510cf4b-1184-4aea-842e-eed6b60c7bc1');
INSERT INTO pos.d_pricelist_org VALUES (1000052, 1000047, 1000004, 1000020, NULL, 'Y', '2024-09-05 06:45:17.655466', 1000069, '2024-09-05 06:45:17.655466', 1000069, '5b549689-1224-4815-9902-720be19c099d');
INSERT INTO pos.d_pricelist_org VALUES (1000053, 1000047, 1000004, 1000021, NULL, 'Y', '2024-09-05 06:45:17.660851', 1000069, '2024-09-05 06:45:17.660851', 1000069, 'f4db3067-d60a-48ea-b8d5-45b6cd801c38');
INSERT INTO pos.d_pricelist_org VALUES (1000058, 1000013, 1000004, 1000016, NULL, 'Y', '2024-09-18 11:29:07.645392', 1000069, '2024-09-18 11:29:07.645392', 1000069, '328ef8c1-ab5b-4f61-bdfe-3c076570eef5');
INSERT INTO pos.d_pricelist_org VALUES (1000059, 1000013, 1000004, 1000019, NULL, 'Y', '2024-09-18 11:29:07.657852', 1000069, '2024-09-18 11:29:07.657852', 1000069, 'bc21f43e-7899-48f9-9f51-7d1c2aa00943');
INSERT INTO pos.d_pricelist_org VALUES (1000060, 1000013, 1000004, 1000021, NULL, 'Y', '2024-09-18 11:29:07.669152', 1000069, '2024-09-18 11:29:07.669153', 1000069, '6823a11c-a6c3-47ac-a27d-4b6cdb3b9c2c');
INSERT INTO pos.d_pricelist_org VALUES (1000061, 1000013, 1000004, 1000020, NULL, 'Y', '2024-09-18 11:29:07.673999', 1000069, '2024-09-18 11:29:07.674', 1000069, 'b6077659-543d-450b-8a2e-4271dccbd993');


--
-- TOC entry 5473 (class 0 OID 388771)
-- Dependencies: 311
-- Data for Name: d_pricelist_product; Type: TABLE DATA; Schema: pos; Owner: -
--

INSERT INTO pos.d_pricelist_product VALUES (1000260, 1000004, 0, 1000643, 'Y', 100000, NULL, 200000, 0, '2024-09-18 23:24:42.594357', 1000069, '2024-09-18 23:24:42.594359', 1000069, '3a773cd1-7a42-438a-8e26-bfed92a42f2c', 1000013);
INSERT INTO pos.d_pricelist_product VALUES (1000261, 1000004, 0, 1000644, 'Y', 15000, NULL, 20000, 0, '2024-09-18 23:36:56.493106', 1000069, '2024-09-18 23:36:56.493108', 1000069, '925d0939-83b1-4dac-ba23-6cbc0dbbb207', 1000013);
INSERT INTO pos.d_pricelist_product VALUES (1000228, 1000004, 0, 1000506, 'Y', 10000, 20000, 16000, 0, '2024-09-18 13:49:33.461165', 1000069, '2024-09-18 14:53:04.078362', 1000069, 'e7fb4cbf-1d78-45b9-827d-9f38f7749466', 1000050);
INSERT INTO pos.d_pricelist_product VALUES (1000229, 1000004, 0, 1000353, 'Y', 10000, 15000, 12000.0, 0, '2024-09-18 13:49:45.784023', 1000069, '2024-09-18 14:53:15.239948', 1000069, 'acb89082-4eeb-4683-a575-9dfa9eb8270f', 1000050);
INSERT INTO pos.d_pricelist_product VALUES (1000233, 1000004, 0, 1000503, 'Y', 10000, 20000, 16000.0, 0, '2024-09-18 14:43:18.847201', 1000069, '2024-09-18 14:53:15.240016', 1000069, 'e53ebf57-8a4c-4d4e-b051-f4df12f65dbf', 1000050);
INSERT INTO pos.d_pricelist_product VALUES (1000236, 1000004, 0, 1000506, 'Y', 10000, 20000, 20000, 0, '2024-09-18 15:32:12.954268', 1000069, '2024-09-18 15:32:12.954268', 1000069, '39dfa94e-c308-4564-961c-415a6c44ec3f', 1000059);
INSERT INTO pos.d_pricelist_product VALUES (1000237, 1000004, 0, 1000503, 'Y', 10000, 20000, 20000, 0, '2024-09-18 15:32:16.363608', 1000069, '2024-09-18 15:32:16.363608', 1000069, 'd2bec82c-f3f8-4bbf-badc-8dad689af0d4', 1000059);
INSERT INTO pos.d_pricelist_product VALUES (1000238, 1000004, 0, 1000621, 'Y', 10000, NULL, 15000, 0, '2024-09-18 21:18:35.27178', 1000069, '2024-09-18 21:18:35.27178', 1000069, '1c52a135-914a-41bd-b89d-0933450f37d4', 1000013);
INSERT INTO pos.d_pricelist_product VALUES (1000239, 1000004, 0, 1000622, 'Y', 10000, NULL, 15000, 0, '2024-09-18 21:18:35.452139', 1000069, '2024-09-18 21:18:35.452139', 1000069, '53f66efa-cd43-4682-9726-7ecb0831b89d', 1000013);
INSERT INTO pos.d_pricelist_product VALUES (1000240, 1000004, 0, 1000623, 'Y', 10000, NULL, 15000, 0, '2024-09-18 21:18:35.516557', 1000069, '2024-09-18 21:18:35.516557', 1000069, '6e9c186a-0b1a-40f1-9cf5-ce1de2892546', 1000013);
INSERT INTO pos.d_pricelist_product VALUES (1000242, 1000004, 0, 1000625, 'Y', 10000, NULL, 15000, 0, '2024-09-18 21:53:32.356455', 1000069, '2024-09-18 21:53:32.356458', 1000069, 'f49fe7cd-328f-4c9a-8d8b-38846a70ac5a', 1000013);
INSERT INTO pos.d_pricelist_product VALUES (1000243, 1000004, 0, 1000626, 'Y', 10000, NULL, 15000, 0, '2024-09-18 21:53:32.428593', 1000069, '2024-09-18 21:53:32.428607', 1000069, 'a87f6da2-fa44-43e0-a2f1-c45356a5f85e', 1000013);
INSERT INTO pos.d_pricelist_product VALUES (1000244, 1000004, 0, 1000627, 'Y', 10000, NULL, 15000, 0, '2024-09-18 21:53:32.483008', 1000069, '2024-09-18 21:53:32.48301', 1000069, '8299e873-321b-498b-9b08-80d924bada17', 1000013);
INSERT INTO pos.d_pricelist_product VALUES (1000278, 1000004, 0, 1000661, 'Y', 10000, NULL, 15000, 0, '2024-09-19 11:20:59.537595', 1000069, '2024-09-19 11:20:59.537597', 1000069, '6848c70c-b8a8-427d-8c19-69186da40e2e', 1000013);
INSERT INTO pos.d_pricelist_product VALUES (1000279, 1000004, 0, 1000662, 'Y', 10000, NULL, 15000, 0, '2024-09-19 11:20:59.608404', 1000069, '2024-09-19 11:20:59.608406', 1000069, '03935871-e4ce-4687-85e0-d0e61476133f', 1000013);
INSERT INTO pos.d_pricelist_product VALUES (1000280, 1000004, 0, 1000663, 'Y', 10000, NULL, 15000, 0, '2024-09-19 11:20:59.655398', 1000069, '2024-09-19 11:20:59.6554', 1000069, 'afd8c258-96ed-4873-af6c-e49b7b84cfe1', 1000013);
INSERT INTO pos.d_pricelist_product VALUES (1000287, 1000004, 0, 1000670, 'Y', 20000, NULL, 30000, 0, '2024-09-19 11:27:15.495905', 1000069, '2024-09-19 11:27:15.495907', 1000069, '6c4f74ba-207f-4997-ab8f-730696717a31', 1000013);
INSERT INTO pos.d_pricelist_product VALUES (1000110, 1000004, 0, 1000383, 'Y', 100000, NULL, 120000, 0, '2024-09-04 09:23:01.453249', 1000069, '2024-09-04 11:48:20.224823', 1000069, 'b453e5ca-1611-4ab1-aa0a-5fcd82af20a4', 1000013);
INSERT INTO pos.d_pricelist_product VALUES (1000074, 1000004, 0, 1000111, 'Y', 50, NULL, 20050, 0, '2024-08-30 08:36:41.829773', 0, '2024-09-04 11:48:20.225425', 1000069, 'f1b017db-7d0c-48f5-990d-97da0811f4bd', 1000013);
INSERT INTO pos.d_pricelist_product VALUES (1000075, 1000004, 0, 1000138, 'Y', 50, NULL, 20050, 0, '2024-08-30 08:36:41.900032', 0, '2024-09-04 11:48:20.225519', 1000069, '1991dda1-8f83-42d1-b9ca-5bb70e8be0ad', 1000013);
INSERT INTO pos.d_pricelist_product VALUES (1000073, 1000004, 0, 1000140, 'Y', 50, NULL, 20050, 0, '2024-08-30 08:36:41.758959', 0, '2024-09-04 11:48:20.225565', 1000069, '1568a56b-e942-40ac-b121-b858cb96e28f', 1000013);
INSERT INTO pos.d_pricelist_product VALUES (1000089, 1000004, 0, 1000136, 'Y', 50, NULL, 20050, 0, '2024-08-30 03:06:22.476435', 0, '2024-09-04 11:48:20.225621', 1000069, 'b6f8b969-1d66-4e2b-a427-42ed8bd02a77', 1000013);
INSERT INTO pos.d_pricelist_product VALUES (1000090, 1000004, 0, 1000127, 'Y', 50, NULL, 20050, 0, '2024-08-30 03:06:22.476435', 0, '2024-09-04 11:48:20.225655', 1000069, 'cf536b9a-8e04-446a-b5bf-5173413c48b0', 1000013);
INSERT INTO pos.d_pricelist_product VALUES (1000091, 1000004, 0, 1000129, 'Y', 50, NULL, 20050, 0, '2024-08-30 03:06:22.476435', 0, '2024-09-04 11:48:20.225687', 1000069, 'f7c176cf-4117-4d69-bd35-95c33026af6b', 1000013);
INSERT INTO pos.d_pricelist_product VALUES (1000092, 1000004, 0, 1000130, 'Y', 50, NULL, 20050, 0, '2024-08-30 03:06:22.476435', 0, '2024-09-04 11:48:20.22572', 1000069, '3be53fc2-9f0f-4e4f-9f44-5b9c137dfa36', 1000013);
INSERT INTO pos.d_pricelist_product VALUES (1000093, 1000004, 0, 1000132, 'Y', 50, NULL, 20050, 0, '2024-08-30 03:06:22.476435', 0, '2024-09-04 11:48:20.225775', 1000069, 'd6aa8435-e13c-4db2-b756-6366d1374451', 1000013);
INSERT INTO pos.d_pricelist_product VALUES (1000094, 1000004, 0, 1000134, 'Y', 50, NULL, 20050, 0, '2024-08-30 03:06:22.476435', 0, '2024-09-04 11:48:20.225876', 1000069, 'fd494918-23a6-4f9d-8d98-fe4cd10c86c0', 1000013);
INSERT INTO pos.d_pricelist_product VALUES (1000095, 1000004, 0, 1000103, 'Y', 50000, NULL, 70000, 0, '2024-08-30 03:06:22.476435', 0, '2024-09-04 11:48:20.225909', 1000069, 'd50e3d5f-7fc5-44c5-a059-08fcfe6c2dd8', 1000013);
INSERT INTO pos.d_pricelist_product VALUES (1000096, 1000004, 0, 1000119, 'Y', 50, NULL, 20050, 0, '2024-08-30 03:06:22.476435', 0, '2024-09-04 11:48:20.22594', 1000069, 'e42b0ef0-50cb-4b08-90a3-70f298dc60f2', 1000013);
INSERT INTO pos.d_pricelist_product VALUES (1000097, 1000004, 0, 1000113, 'Y', 50, NULL, 20050, 0, '2024-08-30 03:06:22.476435', 0, '2024-09-04 11:48:20.225974', 1000069, '20c8c1b8-f52c-4138-81e1-70250152b3dc', 1000013);
INSERT INTO pos.d_pricelist_product VALUES (1000098, 1000004, 0, 1000108, 'Y', 50, NULL, 20050, 0, '2024-08-30 03:06:22.476435', 0, '2024-09-04 11:48:20.226005', 1000069, 'f20eae45-70e4-4b8b-9c35-f05a2d57d6c1', 1000013);
INSERT INTO pos.d_pricelist_product VALUES (1000099, 1000004, 0, 1000106, 'Y', 50, NULL, 20050, 0, '2024-08-30 03:06:22.476435', 0, '2024-09-04 11:48:20.226035', 1000069, '66b6b954-0ac5-4ce4-9d74-72b0ba5a1caa', 1000013);
INSERT INTO pos.d_pricelist_product VALUES (1000080, 1000004, 0, 1000356, 'Y', 10000, 15000, 15000, 0, '2024-08-30 08:44:10.373867', 1000069, '2024-08-30 08:44:10.373867', 1000069, 'e5c109cc-b97e-4655-ac6c-3f0bcc662825', 1000013);
INSERT INTO pos.d_pricelist_product VALUES (1000079, 1000004, 0, 1000353, 'Y', 10000, 15000, 15000, 0, '2024-08-30 08:44:10.329457', 1000069, '2024-08-30 08:44:10.329457', 1000069, 'e852f3f0-e492-4226-b500-491ec82c0892', 1000013);
INSERT INTO pos.d_pricelist_product VALUES (1000081, 1000004, 0, 1000359, 'Y', 10000, 15000, 15000, 0, '2024-08-30 08:44:10.397987', 1000069, '2024-08-30 08:44:10.397987', 1000069, 'afe236f9-cfea-48db-a324-451d765c1f9b', 1000013);
INSERT INTO pos.d_pricelist_product VALUES (1000100, 1000004, 0, 1000112, 'Y', 50, NULL, 20050, 0, '2024-08-30 03:06:22.476435', 0, '2024-09-04 11:48:20.226597', 1000069, '31f5f22e-ce1a-4ecc-9fdd-a0a830fd2f97', 1000013);
INSERT INTO pos.d_pricelist_product VALUES (1000101, 1000004, 0, 1000107, 'Y', 50, NULL, 20050, 0, '2024-08-30 03:06:22.476435', 0, '2024-09-04 11:48:20.226671', 1000069, 'affd1997-4575-47c2-b116-ba9eb05c55ae', 1000013);
INSERT INTO pos.d_pricelist_product VALUES (1000102, 1000004, 0, 1000105, 'Y', 50, NULL, 20050, 0, '2024-08-30 03:06:22.476435', 0, '2024-09-04 11:48:20.226731', 1000069, 'f193318b-df55-43bc-9d45-96f4629c62ff', 1000013);
INSERT INTO pos.d_pricelist_product VALUES (1000104, 1000004, 0, 1000109, 'Y', 50, NULL, 20050, 0, '2024-08-30 03:06:22.476435', 0, '2024-09-04 11:48:20.226789', 1000069, '38a4b557-0c3d-4e91-b376-5c6c5691755a', 1000013);
INSERT INTO pos.d_pricelist_product VALUES (1000108, 1000004, 0, 1000377, 'Y', 100000, NULL, 120000, 0, '2024-09-03 22:22:20.643603', 1000069, '2024-09-04 11:48:20.226815', 1000069, '9796c2c9-c26f-424e-8acf-781775133f27', 1000013);
INSERT INTO pos.d_pricelist_product VALUES (1000109, 1000004, 0, 1000380, 'Y', 100000, NULL, 120000, 0, '2024-09-03 22:22:20.763773', 1000069, '2024-09-04 11:48:20.226842', 1000069, '704ece79-1f52-446a-a6f0-981f55c4c972', 1000013);
INSERT INTO pos.d_pricelist_product VALUES (1000111, 1000004, 0, 1000386, 'Y', 100000, NULL, 120000, 0, '2024-09-04 09:23:01.506634', 1000069, '2024-09-04 11:48:20.226868', 1000069, 'bffe547a-c3f4-4129-a96f-56697010a12f', 1000013);
INSERT INTO pos.d_pricelist_product VALUES (1000112, 1000004, 0, 1000389, 'Y', 100000, NULL, 120000, 0, '2024-09-04 09:23:01.51609', 1000069, '2024-09-04 11:48:20.226897', 1000069, '2110c633-f900-4abc-b5c5-df60481401d6', 1000013);
INSERT INTO pos.d_pricelist_product VALUES (1000113, 1000004, 0, 1000392, 'Y', 100000, NULL, 120000, 0, '2024-09-04 09:47:43.911829', 1000069, '2024-09-04 11:48:20.226927', 1000069, 'ca0043fa-742a-43ae-8261-e5b94e2e1a79', 1000013);
INSERT INTO pos.d_pricelist_product VALUES (1000114, 1000004, 0, 1000395, 'Y', 100000, NULL, 120000, 0, '2024-09-04 09:47:43.969142', 1000069, '2024-09-04 11:48:20.226967', 1000069, 'e8d7cb08-4b3d-4acf-8622-d25f15c7542c', 1000013);
INSERT INTO pos.d_pricelist_product VALUES (1000115, 1000004, 0, 1000398, 'Y', 100000, NULL, 120000, 0, '2024-09-04 09:47:43.981981', 1000069, '2024-09-04 11:48:20.226993', 1000069, '7bd2955d-95da-4817-aa74-fb1c0ec86445', 1000013);
INSERT INTO pos.d_pricelist_product VALUES (1000116, 1000004, 0, 1000401, 'Y', 10000, NULL, 30000, 0, '2024-09-04 09:49:27.132154', 1000069, '2024-09-04 11:48:20.227018', 1000069, '155e74ca-69c3-4292-94ae-93de08b6ac45', 1000013);
INSERT INTO pos.d_pricelist_product VALUES (1000117, 1000004, 0, 1000404, 'Y', 10000, NULL, 30000, 0, '2024-09-04 09:49:27.14401', 1000069, '2024-09-04 11:48:20.227042', 1000069, '58466a3e-ba54-4918-a580-7f4a89df2458', 1000013);
INSERT INTO pos.d_pricelist_product VALUES (1000118, 1000004, 0, 1000139, 'Y', 10000, NULL, 30000, 0, '2024-09-04 04:38:56.859959', 1000069, '2024-09-04 11:48:20.227066', 1000069, '9225e8a3-05ca-4880-a7e2-6358704c7d96', 1000013);
INSERT INTO pos.d_pricelist_product VALUES (1000119, 1000004, 0, 1000368, 'Y', 10000, NULL, 30000, 0, '2024-09-04 04:38:56.859959', 1000069, '2024-09-04 11:48:20.22709', 1000069, '1aabd71b-73b7-4f15-bcd0-7ac192f3bd4c', 1000013);
INSERT INTO pos.d_pricelist_product VALUES (1000120, 1000004, 0, 1000371, 'Y', 10000, NULL, 30000, 0, '2024-09-04 04:38:56.859959', 1000069, '2024-09-04 11:48:20.227143', 1000069, 'a04e1e81-2587-4075-a598-e581f116d085', 1000013);
INSERT INTO pos.d_pricelist_product VALUES (1000121, 1000004, 0, 1000374, 'Y', 10000, NULL, 30000, 0, '2024-09-04 04:38:56.859959', 1000069, '2024-09-04 11:48:20.227226', 1000069, '63f34120-424a-4c0c-bf54-9c52770bab7d', 1000013);
INSERT INTO pos.d_pricelist_product VALUES (1000174, 1000009, 0, 1000536, 'Y', 20000, NULL, 43000, 0, '2024-09-11 16:32:36.65858', 1000071, '2024-09-11 16:32:36.658582', 1000071, 'd4ae90a0-c32e-4dd7-be11-e6239591f97e', 1000049);
INSERT INTO pos.d_pricelist_product VALUES (1000190, 1000009, 0, 1000565, 'Y', 30000, NULL, 45000, 0, '2024-09-11 17:59:37.360786', 1000071, '2024-09-11 17:59:37.360786', 1000071, '446f0a40-963e-4987-8898-af8cf26ca289', 1000049);
INSERT INTO pos.d_pricelist_product VALUES (1000191, 1000009, 0, 1000568, 'Y', 40000, NULL, 120000, 0, '2024-09-11 18:10:24.900583', 1000071, '2024-09-11 18:10:24.900584', 1000071, 'b418ddfc-33d0-41e3-b372-af4b80fcda82', 1000049);
INSERT INTO pos.d_pricelist_product VALUES (1000215, 1000004, 0, 1000562, 'Y', 40000, NULL, 56000, NULL, '2024-09-17 09:40:22.923173', 0, '2024-09-17 09:40:22.923173', 0, '4f737e14-8057-4430-b0e7-315573a5d304', 1000013);
INSERT INTO pos.d_pricelist_product VALUES (1000216, 1000004, 0, 1000608, 'Y', 50, NULL, 100, NULL, '2024-09-17 09:40:22.923173', 0, '2024-09-17 09:40:22.923173', 0, 'eb5ba3ae-2399-463f-adc4-e03c28a789a7', 1000013);
INSERT INTO pos.d_pricelist_product VALUES (1000217, 1000004, 0, 1000571, 'Y', 40000, NULL, 11000, NULL, '2024-09-17 09:40:22.923173', 0, '2024-09-17 09:40:22.923173', 0, '19366006-bc5e-4bb6-8b46-99e5bc0600c5', 1000013);
INSERT INTO pos.d_pricelist_product VALUES (1000103, 1000004, 0, 1000104, 'Y', 60, NULL, 20051, 0, '2024-08-30 03:06:22.476435', 0, '2024-09-04 11:48:20.226761', 1000069, 'eaf19392-7c12-4bf2-a9d6-bf01a8601d11', 1000013);
INSERT INTO pos.d_pricelist_product VALUES (1000218, 1000004, 0, 1000577, 'Y', 45000, NULL, 110000, NULL, '2024-09-17 09:40:22.923173', 0, '2024-09-17 09:40:22.923173', 0, '7924b02e-d525-43b2-b097-1a4d8f6940eb', 1000013);
INSERT INTO pos.d_pricelist_product VALUES (1000219, 1000004, 0, 1000574, 'Y', 32000, NULL, 123000, NULL, '2024-09-17 09:40:22.923173', 0, '2024-09-17 09:40:22.923173', 0, 'fdb7fb01-080a-45d2-8a1e-09f9dc5b9cff', 1000013);
INSERT INTO pos.d_pricelist_product VALUES (1000134, 1000004, 0, 1000407, 'Y', 100000, NULL, 200000, 0, '2024-09-04 17:35:06.996798', 1000069, '2024-09-04 17:35:06.996799', 1000069, '5682806c-933c-4f81-b0cf-bd8354537bc0', 1000013);
INSERT INTO pos.d_pricelist_product VALUES (1000135, 1000004, 0, 1000410, 'Y', 100000, NULL, 200000, 0, '2024-09-04 17:35:07.158645', 1000069, '2024-09-04 17:35:07.158646', 1000069, '437789e7-4931-4389-b0a1-72654e93ba08', 1000013);
INSERT INTO pos.d_pricelist_product VALUES (1000136, 1000004, 0, 1000413, 'Y', 100000, NULL, 200000, 0, '2024-09-05 09:22:46.65179', 1000069, '2024-09-05 09:22:46.65179', 1000069, 'a8cf774a-fe14-48a7-bebe-b002d7fbdb81', 1000013);
INSERT INTO pos.d_pricelist_product VALUES (1000137, 1000004, 0, 1000416, 'Y', 100000, NULL, 200000, 0, '2024-09-05 09:22:46.715228', 1000069, '2024-09-05 09:22:46.715228', 1000069, '3b339e69-af95-46d4-8cef-e118f28ee898', 1000013);
INSERT INTO pos.d_pricelist_product VALUES (1000138, 1000004, 0, 1000419, 'Y', 100000, NULL, 200000, 0, '2024-09-05 09:22:46.725368', 1000069, '2024-09-05 09:22:46.725368', 1000069, 'a686e724-5216-4250-8f52-ba8713647913', 1000013);
INSERT INTO pos.d_pricelist_product VALUES (1000139, 1000004, 0, 1000422, 'Y', 100000, NULL, 200000, 0, '2024-09-05 09:22:46.735774', 1000069, '2024-09-05 09:22:46.735775', 1000069, 'c5ac67b0-cdcd-4fda-9004-bb2c7ecca031', 1000013);
INSERT INTO pos.d_pricelist_product VALUES (1000140, 1000004, 0, 1000425, 'Y', 100000, NULL, 200000, 0, '2024-09-05 09:22:46.760431', 1000069, '2024-09-05 09:22:46.760432', 1000069, '127fa19f-028a-4e56-a5fb-5b43a88cda09', 1000013);
INSERT INTO pos.d_pricelist_product VALUES (1000141, 1000004, 0, 1000428, 'Y', 100000, NULL, 200000, 0, '2024-09-05 09:22:46.779993', 1000069, '2024-09-05 09:22:46.779993', 1000069, 'b7185e2b-8112-4d49-a9ac-13496411a6bf', 1000013);
INSERT INTO pos.d_pricelist_product VALUES (1000142, 1000004, 0, 1000431, 'Y', 100000, NULL, 200000, 0, '2024-09-05 09:22:46.791324', 1000069, '2024-09-05 09:22:46.791325', 1000069, 'cde5dbc1-e014-4204-ad57-00e43a69cebd', 1000013);
INSERT INTO pos.d_pricelist_product VALUES (1000143, 1000004, 0, 1000434, 'Y', 100000, NULL, 200000, 0, '2024-09-05 09:22:46.801089', 1000069, '2024-09-05 09:22:46.80109', 1000069, '682d216a-5f4c-49a6-a473-ff06d2e9f31f', 1000013);
INSERT INTO pos.d_pricelist_product VALUES (1000144, 1000004, 0, 1000437, 'Y', 100000, NULL, 200000, 0, '2024-09-05 09:22:46.810712', 1000069, '2024-09-05 09:22:46.810712', 1000069, '2ee858be-4c24-4567-a18f-2c770733c033', 1000013);
INSERT INTO pos.d_pricelist_product VALUES (1000145, 1000004, 0, 1000440, 'Y', 100000, NULL, 200000, 0, '2024-09-05 09:22:46.819886', 1000069, '2024-09-05 09:22:46.819887', 1000069, '6323f0a7-ebb1-4140-a08d-5e0a86c9fdb4', 1000013);
INSERT INTO pos.d_pricelist_product VALUES (1000146, 1000004, 0, 1000443, 'Y', 100000, NULL, 200000, 0, '2024-09-05 09:22:46.827712', 1000069, '2024-09-05 09:22:46.827712', 1000069, 'e2ba0a20-2aae-459a-adab-d16e8f221de4', 1000013);
INSERT INTO pos.d_pricelist_product VALUES (1000147, 1000004, 0, 1000446, 'Y', 100000, NULL, 200000, 0, '2024-09-05 09:22:46.835164', 1000069, '2024-09-05 09:22:46.835164', 1000069, '0bac7012-9522-4000-840b-4c7e9dded205', 1000013);
INSERT INTO pos.d_pricelist_product VALUES (1000148, 1000004, 0, 1000449, 'Y', 100000, NULL, 200000, 0, '2024-09-05 09:22:46.844356', 1000069, '2024-09-05 09:22:46.844356', 1000069, '103f7df8-093c-4970-82e0-e15d6aa57248', 1000013);
INSERT INTO pos.d_pricelist_product VALUES (1000149, 1000004, 0, 1000452, 'Y', 100000, NULL, 200000, 0, '2024-09-05 09:22:46.856741', 1000069, '2024-09-05 09:22:46.856741', 1000069, 'ccdbfe42-0c00-44a5-82a8-5525ef826c1b', 1000013);
INSERT INTO pos.d_pricelist_product VALUES (1000150, 1000004, 0, 1000455, 'Y', 100000, NULL, 200000, 0, '2024-09-05 09:22:46.872568', 1000069, '2024-09-05 09:22:46.872568', 1000069, 'f0ab4baf-11d7-4aa1-abb2-7db4ffc35e7f', 1000013);
INSERT INTO pos.d_pricelist_product VALUES (1000151, 1000004, 0, 1000458, 'Y', 100000, NULL, 200000, 0, '2024-09-05 09:22:46.896517', 1000069, '2024-09-05 09:22:46.896517', 1000069, 'f8cdcafb-d6f4-477b-a39e-f8a73d59b275', 1000013);
INSERT INTO pos.d_pricelist_product VALUES (1000220, 1000004, 0, 1000536, 'Y', 20000, NULL, 43000, NULL, '2024-09-17 09:40:22.923173', 0, '2024-09-17 09:40:22.923173', 0, '83d4daf2-7dfe-4a63-8c7c-7b9456a66ee8', 1000013);
INSERT INTO pos.d_pricelist_product VALUES (1000152, 1000004, 0, 1000461, 'Y', 100000, NULL, 200000, 0, '2024-09-05 09:22:46.910889', 1000069, '2024-09-05 09:22:46.910889', 1000069, '643da615-3486-417f-89b5-0196ed38f03c', 1000013);
INSERT INTO pos.d_pricelist_product VALUES (1000153, 1000004, 0, 1000464, 'Y', 100000, NULL, 200000, 0, '2024-09-05 09:22:46.922729', 1000069, '2024-09-05 09:22:46.922729', 1000069, '5792189d-1e19-4e1e-b0b6-107c93df8be0', 1000013);
INSERT INTO pos.d_pricelist_product VALUES (1000154, 1000004, 0, 1000467, 'Y', 100000, NULL, 200000, 0, '2024-09-05 09:22:46.933816', 1000069, '2024-09-05 09:22:46.933816', 1000069, 'be4fd61a-5d89-48d2-b8d8-6a8d481fab36', 1000013);
INSERT INTO pos.d_pricelist_product VALUES (1000155, 1000004, 0, 1000470, 'Y', 100000, NULL, 189000, 0, '2024-09-05 09:29:12.106197', 1000069, '2024-09-05 09:29:12.106197', 1000069, 'f89da9c0-3025-4ef3-997d-05b42a9748a4', 1000013);
INSERT INTO pos.d_pricelist_product VALUES (1000156, 1000004, 0, 1000473, 'Y', 100000, NULL, 189000, 0, '2024-09-05 09:29:12.20308', 1000069, '2024-09-05 09:29:12.20308', 1000069, '29d208c9-4509-4b68-8ebd-2842fe36c728', 1000013);
INSERT INTO pos.d_pricelist_product VALUES (1000157, 1000004, 0, 1000476, 'Y', 100000, NULL, 189000, 0, '2024-09-05 09:29:12.232386', 1000069, '2024-09-05 09:29:12.232386', 1000069, '6e7b8f6b-9315-4702-aa42-85ff9ef826fc', 1000013);
INSERT INTO pos.d_pricelist_product VALUES (1000158, 1000004, 0, 1000479, 'Y', 100000, NULL, 189000, 0, '2024-09-05 09:29:12.250635', 1000069, '2024-09-05 09:29:12.250636', 1000069, '89087665-9267-45d6-ade5-d865eab8b998', 1000013);
INSERT INTO pos.d_pricelist_product VALUES (1000159, 1000004, 0, 1000482, 'Y', 100000, NULL, 189000, 0, '2024-09-05 09:29:12.267289', 1000069, '2024-09-05 09:29:12.26729', 1000069, 'ad13ddea-716d-416e-b157-de28df6549f2', 1000013);
INSERT INTO pos.d_pricelist_product VALUES (1000160, 1000004, 0, 1000485, 'Y', 100000, NULL, 189000, 0, '2024-09-05 09:29:12.279467', 1000069, '2024-09-05 09:29:12.279467', 1000069, '7859e1bd-5ed0-42aa-abbc-0952f723a0e1', 1000013);
INSERT INTO pos.d_pricelist_product VALUES (1000161, 1000004, 0, 1000488, 'Y', 100000, NULL, 189000, 0, '2024-09-05 09:29:12.296048', 1000069, '2024-09-05 09:29:12.296048', 1000069, '0c5c43a4-84cb-4ab4-bf8d-73cde0b662d8', 1000013);
INSERT INTO pos.d_pricelist_product VALUES (1000162, 1000004, 0, 1000491, 'Y', 10000, NULL, 20000, 0, '2024-09-05 09:32:37.178964', 1000069, '2024-09-05 09:32:37.178964', 1000069, 'da2f305b-e925-402a-8fe7-cbc4ddbf0e0a', 1000013);
INSERT INTO pos.d_pricelist_product VALUES (1000163, 1000004, 0, 1000494, 'Y', 10000, NULL, 20000, 0, '2024-09-05 09:32:37.189164', 1000069, '2024-09-05 09:32:37.189164', 1000069, '167b9ddd-8908-403c-bb19-b80a768d638f', 1000013);
INSERT INTO pos.d_pricelist_product VALUES (1000164, 1000004, 0, 1000497, 'Y', 10000, NULL, 20000, 0, '2024-09-05 09:32:37.193866', 1000069, '2024-09-05 09:32:37.193866', 1000069, '2a2f6009-7f43-4a00-92ca-209c3d3178bd', 1000013);
INSERT INTO pos.d_pricelist_product VALUES (1000165, 1000004, 0, 1000500, 'Y', 10000, NULL, 20000, 0, '2024-09-05 09:32:37.198241', 1000069, '2024-09-05 09:32:37.198241', 1000069, '2093f22f-5391-455a-b443-670e088bd0ac', 1000013);
INSERT INTO pos.d_pricelist_product VALUES (1000166, 1000004, 0, 1000503, 'Y', 10000, NULL, 20000, 0, '2024-09-05 09:32:37.20262', 1000069, '2024-09-05 09:32:37.20262', 1000069, 'cfb94cf9-3c7d-4211-9484-ade22fc4e477', 1000013);
INSERT INTO pos.d_pricelist_product VALUES (1000167, 1000004, 0, 1000506, 'Y', 10000, NULL, 20000, 0, '2024-09-05 09:32:37.207345', 1000069, '2024-09-05 09:32:37.207345', 1000069, 'a8c86212-7257-4f5c-8203-e5f700f2f00d', 1000013);
INSERT INTO pos.d_pricelist_product VALUES (1000168, 1000004, 0, 1000509, 'Y', 10000, NULL, 20000, 0, '2024-09-05 09:32:37.211512', 1000069, '2024-09-05 09:32:37.211512', 1000069, 'b28ce2d8-5d0c-452b-b228-1fa6df1aa01a', 1000013);
INSERT INTO pos.d_pricelist_product VALUES (1000189, 1000009, 0, 1000562, 'Y', 40000, NULL, 56000, 0, '2024-09-11 17:57:24.640145', 1000071, '2024-09-11 17:57:24.640145', 1000071, 'ba0a066e-7b8d-41e9-a84b-55032575b183', 1000049);
INSERT INTO pos.d_pricelist_product VALUES (1000192, 1000009, 0, 1000571, 'Y', 40000, NULL, 11000, 0, '2024-09-11 18:12:49.98682', 1000071, '2024-09-11 18:12:49.98682', 1000071, 'f940552f-bf74-4c54-89f7-f2107e160c2d', 1000049);
INSERT INTO pos.d_pricelist_product VALUES (1000193, 1000009, 0, 1000574, 'Y', 32000, NULL, 123000, 0, '2024-09-11 18:14:23.703583', 1000071, '2024-09-11 18:14:23.703584', 1000071, 'dbe19190-11c6-4c50-88a3-40171ee13813', 1000049);
INSERT INTO pos.d_pricelist_product VALUES (1000194, 1000009, 0, 1000577, 'Y', 45000, NULL, 110000, 0, '2024-09-11 18:15:54.636025', 1000071, '2024-09-11 18:15:54.636025', 1000071, '43254183-2528-44fc-84e0-3064e4a956a9', 1000049);
INSERT INTO pos.d_pricelist_product VALUES (1000221, 1000004, 0, 1000089, 'Y', 50, NULL, 100, NULL, '2024-09-17 09:40:22.923173', 0, '2024-09-17 09:40:22.923173', 0, '6cbd2a32-da24-441e-8e0a-423db7745d39', 1000013);
INSERT INTO pos.d_pricelist_product VALUES (1000222, 1000004, 0, 1000102, 'Y', 50, NULL, 100, NULL, '2024-09-17 09:40:22.923173', 0, '2024-09-17 09:40:22.923173', 0, '2a9b14ea-c4cd-48fc-b2e7-cad42de672c4', 1000013);
INSERT INTO pos.d_pricelist_product VALUES (1000223, 1000004, 0, 1000088, 'Y', 50, NULL, 100, NULL, '2024-09-17 09:40:22.923173', 0, '2024-09-17 09:40:22.923173', 0, '1910285d-4c71-4e91-92ec-8518a9b56a75', 1000013);
INSERT INTO pos.d_pricelist_product VALUES (1000224, 1000004, 0, 1000091, 'Y', 50, NULL, 100, NULL, '2024-09-17 09:40:22.923173', 0, '2024-09-17 09:40:22.923173', 0, '39b7cfe6-3920-4c17-9e55-746611cfa6d9', 1000013);
INSERT INTO pos.d_pricelist_product VALUES (1000225, 1000004, 0, 1000093, 'Y', 50, NULL, 100, NULL, '2024-09-17 09:40:22.923173', 0, '2024-09-17 09:40:22.923173', 0, 'e0ec0131-29d0-400d-964d-fda831ce869c', 1000013);
INSERT INTO pos.d_pricelist_product VALUES (1000226, 1000004, 0, 1000568, 'Y', 40000, NULL, 120000, NULL, '2024-09-17 09:40:22.923173', 0, '2024-09-17 09:40:22.923173', 0, '1af615b6-e9bb-4579-9c62-dda1bdd5237d', 1000013);
INSERT INTO pos.d_pricelist_product VALUES (1000227, 1000004, 0, 1000565, 'Y', 30000, NULL, 45000, NULL, '2024-09-17 09:40:22.923173', 0, '2024-09-17 09:40:22.923173', 0, '47df659c-5fce-4b0c-b853-c9fbc2da2910', 1000013);
INSERT INTO pos.d_pricelist_product VALUES (1000232, 1000004, 0, 1000509, 'Y', 10000, 20000, 20000, 0, '2024-09-18 14:42:49.322021', 1000069, '2024-09-18 14:42:49.322021', 1000069, 'ed5683b9-7f73-46b9-88a0-c26ab853f2ce', 1000051);
INSERT INTO pos.d_pricelist_product VALUES (1000234, 1000004, 0, 1000356, 'Y', 10000, 15000, 12000.0, 0, '2024-09-18 14:43:32.161187', 1000069, '2024-09-18 14:53:15.240086', 1000069, 'e16fe49a-6ecf-4521-ab1e-4359bb5b144a', 1000050);
INSERT INTO pos.d_pricelist_product VALUES (1000235, 1000004, 0, 1000359, 'Y', 10000, 15000, 20000, 0, '2024-09-18 14:43:32.172025', 1000069, '2024-09-18 14:53:45.932803', 1000069, '33c4a54c-ad84-4c60-9670-a256f3ed24fd', 1000050);
INSERT INTO pos.d_pricelist_product VALUES (1000259, 1000004, 0, 1000642, 'Y', 100000, NULL, 200000, 0, '2024-09-18 23:25:58.481384', 1000069, '2024-09-18 23:25:58.481384', 1000069, '12d1f48a-04c4-4a67-8589-058271ace05c', 1000013);
INSERT INTO pos.d_pricelist_product VALUES (1000268, 1000004, 0, 1000651, 'Y', 100000, NULL, 200000, 0, '2024-09-19 07:14:09.166929', 1000069, '2024-09-19 07:14:09.166929', 1000069, 'a3975c97-f800-453b-ba82-52fd92a3f341', 1000013);
INSERT INTO pos.d_pricelist_product VALUES (1000271, 1000004, 0, 1000654, 'Y', 10000, NULL, 25000, 0, '2024-09-19 11:10:15.807439', 1000069, '2024-09-19 11:10:15.807441', 1000069, '13db0070-8085-48fb-8d66-27039b13d34f', 1000013);
INSERT INTO pos.d_pricelist_product VALUES (1000274, 1000004, 0, 1000657, 'Y', 10000, NULL, 15000, 0, '2024-09-19 11:24:57.821511', 1000069, '2024-09-19 11:24:57.821511', 1000069, 'b1fc0fab-8b62-4fc1-856e-b67756515338', 1000013);
INSERT INTO pos.d_pricelist_product VALUES (1000275, 1000004, 0, 1000658, 'Y', 10000, NULL, 15000, 0, '2024-09-19 11:24:58.308392', 1000069, '2024-09-19 11:24:58.308392', 1000069, 'fe342c2e-668f-4ea7-b89f-e749efdb7c91', 1000013);
INSERT INTO pos.d_pricelist_product VALUES (1000276, 1000004, 0, 1000659, 'Y', 10000, NULL, 15000, 0, '2024-09-19 11:24:58.847381', 1000069, '2024-09-19 11:24:58.847381', 1000069, '19016205-5bba-48bc-9156-232d00edf1fc', 1000013);
INSERT INTO pos.d_pricelist_product VALUES (1000288, 1000004, 0, 1000671, 'Y', 20000, NULL, 30000, 0, '2024-09-19 11:27:16.669915', 1000069, '2024-09-19 11:27:16.669917', 1000069, 'a9cca459-5261-45de-aa45-69795dc3b3e2', 1000013);
INSERT INTO pos.d_pricelist_product VALUES (1000289, 1000004, 0, 1000672, 'Y', 20000, NULL, 30000, 0, '2024-09-19 11:27:17.790177', 1000069, '2024-09-19 11:27:17.79018', 1000069, '953f9b50-e6dd-4af2-8c80-cb5b96aaa85b', 1000013);
INSERT INTO pos.d_pricelist_product VALUES (1000291, 1000004, 0, 1000674, 'Y', 10000, NULL, 15000, 0, '2024-09-19 12:50:00.433149', 1000069, '2024-09-19 12:50:00.433149', 1000069, '2e3e7ebe-c9ba-48b8-9560-443ea265f826', 1000013);
INSERT INTO pos.d_pricelist_product VALUES (1000292, 1000004, 0, 1000675, 'Y', 10000, NULL, 15000, 0, '2024-09-19 12:50:00.750986', 1000069, '2024-09-19 12:50:00.750986', 1000069, '47a7db96-2a20-4e83-90c2-a833afbba223', 1000013);
INSERT INTO pos.d_pricelist_product VALUES (1000293, 1000004, 0, 1000676, 'Y', 10000, NULL, 15000, 0, '2024-09-19 12:50:00.840069', 1000069, '2024-09-19 12:50:00.840069', 1000069, 'fd0415fa-6521-4f88-b88d-a8aa15986334', 1000013);
INSERT INTO pos.d_pricelist_product VALUES (1000294, 1000004, 0, 1000677, 'Y', 20000, NULL, 30000, 0, '2024-09-19 14:29:54.871216', 1000069, '2024-09-19 14:29:54.871217', 1000069, 'fc3c4894-3a0c-4530-80cb-31112fd60287', 1000013);
INSERT INTO pos.d_pricelist_product VALUES (1000295, 1000004, 0, 1000678, 'Y', 20000, NULL, 30000, 0, '2024-09-19 14:29:56.142983', 1000069, '2024-09-19 14:29:56.142985', 1000069, '8740f154-c569-49ae-aa5c-196957a861bf', 1000013);
INSERT INTO pos.d_pricelist_product VALUES (1000296, 1000004, 0, 1000679, 'Y', 20000, NULL, 30000, 0, '2024-09-19 14:29:57.303408', 1000069, '2024-09-19 14:29:57.303409', 1000069, 'a4688eda-46b5-45f1-b6d0-fdfa00badc6d', 1000013);
INSERT INTO pos.d_pricelist_product VALUES (1000297, 1000004, 0, 1000698, 'Y', 10000, NULL, 10000, 0, '2024-09-26 11:27:34.320609', 1000066, '2024-09-26 11:27:34.32061', 1000066, '98222a47-6262-4fb2-86ed-8d89d8103f09', 1000013);
INSERT INTO pos.d_pricelist_product VALUES (1000298, 1000004, 0, 1000699, 'Y', 30000, NULL, 40000, 0, '2024-09-26 11:30:44.087439', 1000066, '2024-09-26 11:30:44.087439', 1000066, '01f484a7-b942-46c6-b34b-7e01aa93d9b7', 1000013);
INSERT INTO pos.d_pricelist_product VALUES (1000299, 1000004, 0, 1000700, 'Y', 10000, NULL, 100000, 0, '2024-09-26 11:40:03.772306', 1000066, '2024-09-26 11:40:03.772307', 1000066, '6b28ee0a-1cb6-44f7-9546-cc83a7220759', 1000013);
INSERT INTO pos.d_pricelist_product VALUES (1000300, 1000004, 0, 1000701, 'Y', 10000, NULL, 100000, 0, '2024-09-26 11:43:04.162007', 1000066, '2024-09-26 11:43:04.162008', 1000066, '8d4ee6c6-91ba-492d-bc19-a6c15f56bc7c', 1000013);
INSERT INTO pos.d_pricelist_product VALUES (1000301, 1000004, 0, 1000702, 'Y', 10000, NULL, 20000, 0, '2024-09-26 11:50:54.686666', 1000066, '2024-09-26 11:50:54.686666', 1000066, 'ffc3600d-4c97-48f6-bdcb-c6b40a4879bc', 1000013);
INSERT INTO pos.d_pricelist_product VALUES (1000302, 1000004, 0, 1000704, 'Y', 20000, NULL, 30000, 0, '2024-09-26 14:41:19.63644', 1000066, '2024-09-26 14:41:19.63644', 1000066, '58bfd173-a5ee-4ea5-9b20-b1e2ffd64e48', 1000013);
INSERT INTO pos.d_pricelist_product VALUES (1000303, 1000004, 0, 1000705, 'Y', 20000, NULL, 40000, 0, '2024-09-26 15:02:45.278376', 1000066, '2024-09-26 15:02:45.278377', 1000066, 'd1d98101-b067-46e9-8715-2cd99ade6fd4', 1000013);
INSERT INTO pos.d_pricelist_product VALUES (1000304, 1000004, 0, 1000706, 'Y', 20000, NULL, 40000, 0, '2024-09-26 15:02:45.296278', 1000066, '2024-09-26 15:02:45.296278', 1000066, '012a91b0-bb6f-4086-90df-c5f1d34e9f8e', 1000013);
INSERT INTO pos.d_pricelist_product VALUES (1000305, 1000004, 0, 1000707, 'Y', 20000, NULL, 40000, 0, '2024-09-26 15:02:45.307455', 1000066, '2024-09-26 15:02:45.307455', 1000066, '9d477f2e-c299-4c99-92f7-65a63a835891', 1000013);
INSERT INTO pos.d_pricelist_product VALUES (1000306, 1000004, 0, 1000708, 'Y', 20000, NULL, 70000, 0, '2024-09-26 15:02:45.317323', 1000066, '2024-09-26 15:08:11.588695', 1000066, 'eb181157-3233-46f7-b348-3ad9febbb40a', 1000013);
INSERT INTO pos.d_pricelist_product VALUES (1000307, 1000004, 0, 1000709, 'Y', 220000, NULL, 330000, 0, '2024-09-26 15:47:32.377356', 1000066, '2024-09-26 15:47:32.377357', 1000066, '906df538-3b5a-4760-8bb8-dce70ef00ff3', 1000013);
INSERT INTO pos.d_pricelist_product VALUES (1000308, 1000004, 0, 1000710, 'Y', 300000, NULL, 400000, 0, '2024-09-26 15:49:14.719907', 1000066, '2024-09-26 15:49:14.719908', 1000066, '7cb90a86-6b65-455b-a146-9463dd321cfc', 1000013);
INSERT INTO pos.d_pricelist_product VALUES (1000309, 1000004, 0, 1000711, 'Y', 10000, NULL, 200000, 0, '2024-09-26 16:10:56.913949', 1000066, '2024-09-26 16:10:56.91395', 1000066, 'bef2597c-0f4e-46fa-8144-ecb0755c5b18', 1000013);
INSERT INTO pos.d_pricelist_product VALUES (1000310, 1000004, 0, 1000712, 'Y', 10000, NULL, 200000, 0, '2024-09-26 16:10:57.582997', 1000066, '2024-09-26 16:10:57.582997', 1000066, 'f1a59c84-f530-40f7-8395-3d0238ffd7b6', 1000013);
INSERT INTO pos.d_pricelist_product VALUES (1000311, 1000004, 0, 1000713, 'Y', 10000, NULL, 200000, 0, '2024-09-26 16:10:58.063027', 1000066, '2024-09-26 16:10:58.063027', 1000066, '2281795d-d562-4d68-8c49-be5b62e610f4', 1000013);
INSERT INTO pos.d_pricelist_product VALUES (1000312, 1000004, 0, 1000714, 'Y', 100000, NULL, 200000, 0, '2024-09-26 16:14:05.614027', 1000066, '2024-09-26 16:14:05.614028', 1000066, 'e59cd4de-d6e5-43b9-a1f7-585c754d01d1', 1000013);
INSERT INTO pos.d_pricelist_product VALUES (1000313, 1000004, 0, 1000715, 'Y', 100000, NULL, 200000, 0, '2024-09-26 16:14:05.635423', 1000066, '2024-09-26 16:14:05.635423', 1000066, 'eb4c1765-6faa-476e-afd3-d1158c3b97dd', 1000013);
INSERT INTO pos.d_pricelist_product VALUES (1000331, 1000004, 0, 1000734, 'Y', 20000, NULL, 30000, 0, '2024-09-27 13:11:42.228978', 1000066, '2024-09-27 13:11:42.228979', 1000066, '864242b8-6607-45a1-85b8-a255887426b6', 1000013);
INSERT INTO pos.d_pricelist_product VALUES (1000332, 1000004, 0, 1000735, 'Y', 20000, NULL, 30000, 0, '2024-09-27 13:11:43.890192', 1000066, '2024-09-27 13:11:43.890192', 1000066, '634453c6-45d5-4a71-9153-1840992b0028', 1000013);
INSERT INTO pos.d_pricelist_product VALUES (1000333, 1000004, 0, 1000736, 'Y', 20000, NULL, 30000, 0, '2024-09-27 13:11:47.529592', 1000066, '2024-09-27 13:11:47.529593', 1000066, '5f3ae87d-13e4-4744-ace6-4e910bf0cd95', 1000013);
INSERT INTO pos.d_pricelist_product VALUES (1000314, 1000004, 0, 1000716, 'Y', 100000, NULL, 3000, 0, '2024-09-26 16:14:05.652132', 1000066, '2024-09-26 23:03:58.278453', 1000066, 'b88fa440-a299-4d34-92a0-02b691cea3ca', 1000013);
INSERT INTO pos.d_pricelist_product VALUES (1000315, 1000004, 0, 1000718, 'Y', 100.0, 120.0, 12100000, 0, '2024-09-26 18:51:18.292766', 1000066, '2024-09-26 23:13:45.36886', 1000066, '529375e9-c03f-477b-b3c4-255b950953ff', 1000013);
INSERT INTO pos.d_pricelist_product VALUES (1000317, 1000004, 0, 1000720, 'Y', 2000, 2000, 2000, 0, '2024-09-27 11:19:10.252801', 1000066, '2024-09-27 11:19:10.252802', 1000066, '86a2850a-1b2c-455c-94cf-671a8b42643e', 1000046);
INSERT INTO pos.d_pricelist_product VALUES (1000335, 1000004, 0, 1000726, 'Y', 30000, 40000, 40000, 0, '2024-09-27 14:51:52.023819', 1000066, '2024-09-27 14:51:52.023819', 1000066, 'e1c87ed6-2958-486f-ba0e-22f7a330750d', 1000046);
INSERT INTO pos.d_pricelist_product VALUES (1000316, 1000004, 0, 1000720, 'Y', 2000, NULL, 4000, 0, '2024-09-27 10:16:06.561749', 1000066, '2024-09-27 11:26:05.118722', 1000066, '492b33b1-ab16-4a9e-95c7-bee05a123b98', 1000013);
INSERT INTO pos.d_pricelist_product VALUES (1000334, 1000004, 0, 1000730, 'Y', 20000, 30000, 16000, 0, '2024-09-27 14:51:38.202543', 1000066, '2024-09-27 14:52:10.983573', 1000066, 'e131e0bd-5b8d-4f3e-ad6d-3e6784c4174b', 1000046);
INSERT INTO pos.d_pricelist_product VALUES (1000339, 1000004, 0, 1000743, 'Y', 20000, NULL, 30000, 0, '2024-09-27 15:21:48.926725', 1000066, '2024-09-27 15:21:48.926725', 1000066, '12be83bf-9a99-44dc-b3f9-c5b8e863e377', 1000013);
INSERT INTO pos.d_pricelist_product VALUES (1000346, 1000004, 0, 1000753, 'Y', 10000, NULL, 20000, 0, '2024-09-27 17:35:22.590446', 1000066, '2024-09-27 17:35:22.590446', 1000066, '9be36b75-846e-4372-81d2-a10afc3de48a', 1000013);
INSERT INTO pos.d_pricelist_product VALUES (1000318, 1000004, 0, 1000718, 'Y', 100.0, 12100000, 21180, 0, '2024-09-27 11:19:22.69731', 1000066, '2024-09-27 11:28:49.593787', 1000066, 'e489e979-c6fb-45c4-8fc7-c27c63e55c97', 1000046);
INSERT INTO pos.d_pricelist_product VALUES (1000320, 1000004, 0, 1000723, 'Y', 30000, NULL, 40000, 0, '2024-09-27 11:36:47.902736', 1000066, '2024-09-27 11:36:47.902736', 1000066, 'dd9e446e-d966-4bae-bd65-205cf5fdf451', 1000013);
INSERT INTO pos.d_pricelist_product VALUES (1000321, 1000004, 0, 1000724, 'Y', 30000, NULL, 60000, 0, '2024-09-27 11:36:48.402758', 1000066, '2024-09-27 11:36:48.402759', 1000066, 'c3d5caa5-ec65-4522-b32d-ffc9788804ec', 1000013);
INSERT INTO pos.d_pricelist_product VALUES (1000322, 1000004, 0, 1000725, 'Y', 30000, NULL, 50000, 0, '2024-09-27 11:36:48.924496', 1000066, '2024-09-27 11:36:48.924496', 1000066, '6378db78-ebb6-4202-9e37-d200f658c4cf', 1000013);
INSERT INTO pos.d_pricelist_product VALUES (1000323, 1000004, 0, 1000726, 'Y', 30000, NULL, 40000, 0, '2024-09-27 11:36:49.437681', 1000066, '2024-09-27 11:36:49.437682', 1000066, 'fa7754fd-e82e-4c0d-a2fb-77158e6cb663', 1000013);
INSERT INTO pos.d_pricelist_product VALUES (1000327, 1000004, 0, 1000730, 'Y', 20000, NULL, 30000, 0, '2024-09-27 12:12:05.762193', 1000066, '2024-09-27 12:12:05.762194', 1000066, 'a5bdcc6a-6179-45d8-8ef1-ab5c2867559a', 1000013);
INSERT INTO pos.d_pricelist_product VALUES (1000328, 1000004, 0, 1000731, 'Y', 20000, NULL, 30000, 0, '2024-09-27 12:12:06.242977', 1000066, '2024-09-27 12:12:06.242977', 1000066, 'a42f7669-d374-4995-bf51-afe999ee26cd', 1000013);
INSERT INTO pos.d_pricelist_product VALUES (1000329, 1000004, 0, 1000732, 'Y', 20000, NULL, 30000, 0, '2024-09-27 12:12:06.695759', 1000066, '2024-09-27 12:12:06.69576', 1000066, 'a8ef8006-2f92-4d26-8c1c-1589841759d0', 1000013);
INSERT INTO pos.d_pricelist_product VALUES (1000330, 1000004, 0, 1000733, 'Y', 20000, NULL, 30000, 0, '2024-09-27 12:12:07.141893', 1000066, '2024-09-27 12:12:07.141894', 1000066, 'aaaf8c1a-6fba-4186-8fd8-708267d8c0f2', 1000013);
INSERT INTO pos.d_pricelist_product VALUES (1000347, 1000004, 0, 1000754, 'Y', 10000, NULL, 20000, 0, '2024-09-27 17:35:22.604785', 1000066, '2024-09-27 17:35:22.604786', 1000066, '027a990e-4420-49ec-be92-42283fec97a2', 1000013);
INSERT INTO pos.d_pricelist_product VALUES (1000348, 1000004, 0, 1000755, 'Y', 10000, NULL, 20000, 0, '2024-09-27 17:35:22.615009', 1000066, '2024-09-27 17:35:22.61501', 1000066, '02befc6b-3c68-4f36-87f5-f00e051a1601', 1000013);
INSERT INTO pos.d_pricelist_product VALUES (1000349, 1000004, 0, 1000756, 'Y', 10000, NULL, 20000, 0, '2024-09-27 17:35:22.626015', 1000066, '2024-09-27 17:35:22.626016', 1000066, 'f6e831ba-e376-4a9d-8155-970c0aba9eaa', 1000013);
INSERT INTO pos.d_pricelist_product VALUES (1000354, 1000004, 0, 1000761, 'Y', 15000, NULL, 25000, 0, '2024-09-27 17:41:00.225652', 1000066, '2024-09-27 17:41:00.225653', 1000066, '2622adf0-65e0-49f7-9508-98fcd6078bb5', 1000013);
INSERT INTO pos.d_pricelist_product VALUES (1000355, 1000004, 0, 1000762, 'Y', 15000, NULL, 25000, 0, '2024-09-27 17:41:00.741486', 1000066, '2024-09-27 17:41:00.741486', 1000066, 'af8e5063-999a-4336-832b-a7496814ea70', 1000013);
INSERT INTO pos.d_pricelist_product VALUES (1000356, 1000004, 0, 1000763, 'Y', 15000, NULL, 25000, 0, '2024-09-27 17:41:01.257777', 1000066, '2024-09-27 17:41:01.257778', 1000066, '499a91b1-c6a3-4d98-ac8b-8adc2e66b21f', 1000013);
INSERT INTO pos.d_pricelist_product VALUES (1000357, 1000004, 0, 1000764, 'Y', 15000, NULL, 25000, 0, '2024-09-27 17:41:01.88233', 1000066, '2024-09-27 17:41:01.882331', 1000066, '18067dc0-5e0b-47f0-ab7c-44ef345efd6a', 1000013);
INSERT INTO pos.d_pricelist_product VALUES (1000358, 1000004, 0, 1000765, 'Y', 20000, NULL, 30000, 0, '2024-09-28 10:33:39.055754', 1000066, '2024-09-28 10:33:39.055754', 1000066, 'ec6897ac-3fcc-4ea8-8b16-4bfeaaf9f51e', 1000013);
INSERT INTO pos.d_pricelist_product VALUES (1000359, 1000004, 0, 1000766, 'Y', 20000, NULL, 30000, 0, '2024-09-28 10:48:54.733041', 1000066, '2024-09-28 10:48:54.733041', 1000066, 'fc438f40-19f5-4564-8718-ab6500db35e7', 1000013);
INSERT INTO pos.d_pricelist_product VALUES (1000360, 1000004, 0, 1000767, 'Y', 20000, NULL, 30000, 0, '2024-09-28 10:50:00.234021', 1000066, '2024-09-28 10:50:00.234021', 1000066, 'd5ec4913-1b39-431c-82c6-2e591a7b37b9', 1000013);
INSERT INTO pos.d_pricelist_product VALUES (1000361, 1000004, 0, 1000768, 'Y', 20000, NULL, 30000, 0, '2024-09-28 10:50:47.357572', 1000066, '2024-09-28 10:50:47.357572', 1000066, 'd672c1da-d72b-434e-a110-5bce89f3848f', 1000013);
INSERT INTO pos.d_pricelist_product VALUES (1000362, 1000004, 0, 1000769, 'Y', 20000, NULL, 30000, 0, '2024-09-28 10:51:04.888756', 1000066, '2024-09-28 10:51:04.888756', 1000066, 'ced36ad2-0eae-4e99-9f8b-73608846ef53', 1000013);
INSERT INTO pos.d_pricelist_product VALUES (1000363, 1000004, 0, 1000770, 'Y', 1000, NULL, 2000, 0, '2024-09-28 11:14:01.754412', 1000066, '2024-09-28 11:14:01.754412', 1000066, '5c6688e8-e895-4dc5-81c6-a142edc0d579', 1000013);
INSERT INTO pos.d_pricelist_product VALUES (1000364, 1000004, 0, 1000771, 'Y', 16000, NULL, 18000, 0, '2024-09-28 11:15:06.060019', 1000066, '2024-09-28 11:15:06.060019', 1000066, '07e0e07c-3ba1-41fa-a802-73ae8430034d', 1000013);
INSERT INTO pos.d_pricelist_product VALUES (1000368, 1000004, 0, 1000775, 'Y', 20000, NULL, 30000, 0, '2024-09-28 11:35:07.519579', 1000066, '2024-09-28 11:35:07.51958', 1000066, 'c74f389d-02a8-47cb-b847-237de25bf79d', 1000013);
INSERT INTO pos.d_pricelist_product VALUES (1000375, 1000004, 0, 1000782, 'Y', 10000, NULL, 20000, 0, '2024-09-28 11:58:16.086184', 1000066, '2024-09-28 11:58:16.086184', 1000066, '93650688-5803-48b9-8a05-ee0942e91421', 1000013);
INSERT INTO pos.d_pricelist_product VALUES (1000376, 1000004, 0, 1000783, 'Y', 10000, NULL, 20000, 0, '2024-09-28 11:58:16.194554', 1000066, '2024-09-28 11:58:16.194554', 1000066, '2a741ea1-4fd5-4276-8652-00fe1cb65912', 1000013);
INSERT INTO pos.d_pricelist_product VALUES (1000377, 1000004, 0, 1000784, 'Y', 10000, NULL, 20000, 0, '2024-09-28 11:58:16.277471', 1000066, '2024-09-28 11:58:16.277471', 1000066, '444ea88f-e1a1-409e-922a-03b0c13cffe1', 1000013);
INSERT INTO pos.d_pricelist_product VALUES (1000378, 1000004, 0, 1000785, 'Y', 10000, NULL, 20000, 0, '2024-09-28 11:58:16.38039', 1000066, '2024-09-28 11:58:16.38039', 1000066, 'b37e826b-c642-4300-9785-827750db1b11', 1000013);
INSERT INTO pos.d_pricelist_product VALUES (1000379, 1000004, 0, 1000786, 'Y', 10000, NULL, 12000, 0, '2024-09-28 11:58:26.163572', 1000066, '2024-09-28 11:58:26.163572', 1000066, 'ab1a5383-1576-4a68-93d5-bd6dbd7a8387', 1000013);


--
-- TOC entry 5479 (class 0 OID 390225)
-- Dependencies: 317
-- Data for Name: d_print_report; Type: TABLE DATA; Schema: pos; Owner: -
--

INSERT INTO pos.d_print_report VALUES (1000015, 1000004, 'VA', 'aaaa', '2024-08-13 17:10:14.732549', 1000069, '2024-08-13 17:10:14.732549', 1000069, '9cf6f4ec-9c9d-4d94-8970-502458d805e6', 'Y', 'Y');
INSERT INTO pos.d_print_report VALUES (1000016, 1000004, 'VA', 'aaaa', '2024-08-13 17:10:16.707537', 1000069, '2024-08-13 17:10:16.707537', 1000069, 'a77ae61c-a60f-4485-878f-2094bd0ec37f', 'N', 'Y');
INSERT INTO pos.d_print_report VALUES (1000017, 1000004, 'VAaxxx', 'aaaa', '2024-08-13 17:10:22.666691', 1000069, '2024-08-13 17:11:56.065182', 1000069, '8332adf1-2800-4559-8499-561e841390d7', 'N', 'Y');


--
-- TOC entry 5408 (class 0 OID 385767)
-- Dependencies: 245
-- Data for Name: d_product; Type: TABLE DATA; Schema: pos; Owner: -
--

INSERT INTO pos.d_product VALUES (1000687, 0, 1000004, '2024-09-25 03:17:16.337818', 0, '2024-09-25 03:17:16.337818', 0, 'Y', 1000011, 'PRO1000462', 'Tht b xo ti', NULL, NULL, NULL, 1000013, NULL, 'Y', NULL, NULL, NULL, NULL, NULL, NULL, NULL, NULL, NULL, NULL, NULL, NULL, NULL, '53c48685-91e0-487d-b0b8-2f9b3c558f83', 'N', NULL, NULL, 1000003, NULL, NULL, NULL, NULL, NULL, NULL, NULL, 0);
INSERT INTO pos.d_product VALUES (1000698, 0, 1000004, '2024-09-26 11:27:34.297042', 1000066, '2024-09-26 11:27:34.297043', 1000066, 'Y', 1000017, 'PROD1000698', 'Bnh m b sa', '**', 10000.00, 10000.00, 1000012, 0.00, 'Y', 1000405, 'FOD', '', NULL, NULL, NULL, NULL, NULL, NULL, NULL, NULL, NULL, '', 'f1050de9-bf46-4b20-af20-375e5df6d98c', 'N', 0, 0, NULL, 'CBP', NULL, NULL, NULL, 10, NULL, NULL, NULL);
INSERT INTO pos.d_product VALUES (1000688, 0, 1000004, '2024-09-25 03:17:16.337818', 0, '2024-09-25 03:17:16.337818', 0, 'Y', 1000011, 'PRO1000463', 'Tht b ti', NULL, NULL, NULL, 1000013, NULL, 'Y', NULL, NULL, NULL, NULL, NULL, NULL, NULL, NULL, NULL, NULL, NULL, NULL, NULL, '535d7dff-f6e3-44e8-a2b0-d090c2d713d3', 'N', NULL, NULL, 1000003, NULL, NULL, NULL, NULL, NULL, NULL, NULL, 0);
INSERT INTO pos.d_product VALUES (1000699, 0, 1000004, '2024-09-26 11:30:44.080938', 1000066, '2024-09-26 11:30:44.080938', 1000066, 'Y', 1000017, 'PROD1000699', 'Mm c lc', '**', 40000.00, 30000.00, 1000010, 0.00, 'Y', 1000406, 'FOD', '', NULL, NULL, NULL, NULL, NULL, NULL, NULL, NULL, NULL, '', '9f02ba6e-b3fd-406d-8a2b-d01c3d017e2d', 'N', 0, 0, NULL, 'PRD ', NULL, NULL, NULL, 1, NULL, NULL, NULL);
INSERT INTO pos.d_product VALUES (1000674, 0, 1000004, '2024-09-19 12:50:00.400034', 1000069, '2024-09-19 12:50:00.400034', 1000069, 'Y', 1000025, 'PROD100021651', 'Cafe en', '**', 15000.00, 10000.00, 1000011, 20.00, 'N', NULL, NULL, 'size', NULL, NULL, NULL, NULL, NULL, NULL, NULL, NULL, NULL, '', '92b3325e-64a9-48f6-98e8-874628526dc6', NULL, 0, 100, NULL, NULL, NULL, NULL, NULL, NULL, NULL, NULL, NULL);
INSERT INTO pos.d_product VALUES (1000675, 0, 1000004, '2024-09-19 12:50:00.71462', 1000069, '2024-09-19 12:50:00.71462', 1000069, 'Y', 1000025, 'PROD1000675', 'Cafe en M', '**', 15000.00, 10000.00, 1000011, 20.00, NULL, NULL, NULL, NULL, 'M', NULL, NULL, NULL, NULL, NULL, NULL, NULL, NULL, 'exampleDescription', '45b6bcda-3f97-4ef6-b136-a69d85d11080', 'Y', 0, 100, NULL, NULL, 1000674, NULL, NULL, NULL, NULL, NULL, NULL);
INSERT INTO pos.d_product VALUES (1000676, 0, 1000004, '2024-09-19 12:50:00.815666', 1000069, '2024-09-19 12:50:00.815666', 1000069, 'Y', 1000025, 'PROD1000676', 'Cafe en S', '**', 15000.00, 10000.00, 1000011, 20.00, NULL, NULL, NULL, NULL, 'S', NULL, NULL, NULL, NULL, NULL, NULL, NULL, NULL, 'exampleDescription', '10e182c9-19c0-41e0-be38-6e05b4c87c35', 'Y', 0, 100, NULL, NULL, 1000674, NULL, NULL, NULL, NULL, NULL, NULL);
INSERT INTO pos.d_product VALUES (1000697, 0, 1000004, '2024-09-25 03:17:16.337818', 0, '2024-09-25 03:17:16.337818', 0, 'Y', 1000011, 'PRO1000472', 'St Mayonnaise', NULL, NULL, NULL, 1000013, NULL, 'Y', NULL, NULL, NULL, NULL, NULL, NULL, NULL, NULL, NULL, NULL, NULL, NULL, NULL, 'bbad053a-7135-4269-a9f3-c15014e541dd', 'N', NULL, NULL, 1000003, NULL, NULL, NULL, NULL, NULL, NULL, NULL, 0);
INSERT INTO pos.d_product VALUES (1000681, 0, 1000004, '2024-09-25 03:14:35.299439', 0, '2024-09-25 03:14:35.299439', 0, 'Y', 1000016, 'PRO1000456', 'Rau ci', NULL, NULL, NULL, 1000013, NULL, 'Y', NULL, NULL, NULL, NULL, NULL, NULL, NULL, NULL, NULL, NULL, NULL, NULL, NULL, '3fe67bbc-8417-49a1-a625-c5129803716a', 'N', NULL, NULL, 1000003, NULL, NULL, NULL, NULL, NULL, NULL, NULL, 0);
INSERT INTO pos.d_product VALUES (1000577, 1000016, 1000009, '2024-09-11 18:15:54.633882', 1000071, '2024-09-12 15:52:02.02603', 1000071, 'Y', 1000033, 'PROD1000576', 'Thp hp m km Z080: 14mmx14mmx1.20mmx6.0m', '**', 110000.00, 45000.00, 1000017, 1223.00, 'Y', NULL, NULL, '', NULL, NULL, NULL, NULL, NULL, NULL, NULL, NULL, NULL, '', '4a63f693-9b9c-47bf-8bff-24db5585ecc5', 'N', 0, 0, NULL, 'RGD', NULL, NULL, NULL, 0, NULL, 'VTS', 0);
INSERT INTO pos.d_product VALUES (1000383, 0, 1000004, '2024-09-04 09:23:01.426342', 1000069, '2024-09-04 02:00:46.48313', 1000069, 'Y', 1000020, NULL, 'Lau thai chua cay', '**', 120000.00, 100000.00, 1000014, 10.00, 'Y', NULL, 'FOD', NULL, NULL, NULL, NULL, NULL, NULL, NULL, NULL, NULL, NULL, '', 'ef2a1c36-f394-4fa0-ae8f-ac45cc22c4e0', 'N', 1, 10, 1000003, 'PRD ', NULL, NULL, NULL, NULL, NULL, NULL, 0);
INSERT INTO pos.d_product VALUES (1000626, 0, 1000004, '2024-09-18 21:53:32.397699', 1000069, '2024-09-18 21:53:32.397702', 1000069, 'Y', 1000025, 'PROD1000626', 'Cafe en M', '**', 15000.00, 10000.00, 1000011, 20.00, NULL, NULL, NULL, NULL, 'M', NULL, NULL, NULL, NULL, NULL, NULL, NULL, NULL, 'exampleDescription', '74773aac-84b2-437d-bc68-8bdcfbdc7e2a', 'Y', 0, 100, NULL, NULL, 1000625, NULL, NULL, NULL, NULL, NULL, NULL);
INSERT INTO pos.d_product VALUES (1000644, 0, 1000004, '2024-09-18 23:36:56.480114', 1000069, '2024-09-18 23:36:56.480115', 1000069, 'Y', 1000017, 'PROD1000644', 'Banh xeo', '**', 20000.00, 15000.00, 1000012, 10.00, 'Y', NULL, 'FOD', '', NULL, NULL, NULL, NULL, NULL, NULL, NULL, NULL, NULL, '', '30ebbb2d-97a7-41aa-aed1-fbd808ca2a6e', 'N', 1, 10, NULL, 'RGD', NULL, NULL, NULL, 0, NULL, NULL, NULL);
INSERT INTO pos.d_product VALUES (1000693, 0, 1000004, '2024-09-25 03:17:16.337818', 0, '2024-09-25 03:17:16.337818', 0, 'Y', 1000020, 'PRO1000468', 'C diu hng st chanh dy', NULL, NULL, NULL, 1000013, NULL, 'Y', NULL, NULL, NULL, NULL, NULL, NULL, NULL, NULL, NULL, NULL, NULL, NULL, NULL, '0808ac44-c296-45bb-a931-f4e649fa1205', 'N', NULL, NULL, 1000003, NULL, NULL, NULL, NULL, NULL, NULL, NULL, 0);
INSERT INTO pos.d_product VALUES (1000680, 0, 1000004, '2024-09-25 03:14:35.299439', 0, '2024-09-25 03:14:35.299439', 0, 'Y', 1000016, 'PRO1000455', 'Bom_G nng', NULL, NULL, NULL, 1000013, NULL, 'Y', NULL, NULL, NULL, NULL, NULL, NULL, NULL, NULL, NULL, NULL, NULL, NULL, NULL, '927309f2-aba8-4832-9cd2-990585dacb5c', 'N', NULL, NULL, 1000003, NULL, NULL, NULL, NULL, NULL, NULL, NULL, 0);
INSERT INTO pos.d_product VALUES (1000683, 0, 1000004, '2024-09-25 03:14:35.299439', 0, '2024-09-25 03:14:35.299439', 0, 'Y', 1000016, 'PRO1000458', 'Bt chin gin hi sn', NULL, NULL, NULL, 1000013, NULL, 'Y', NULL, NULL, NULL, NULL, NULL, NULL, NULL, NULL, NULL, NULL, NULL, NULL, NULL, 'f19f9198-0a9a-4f9a-9837-9384a95f5cd6', 'N', NULL, NULL, 1000003, NULL, NULL, NULL, NULL, NULL, NULL, NULL, 0);
INSERT INTO pos.d_product VALUES (1000696, 0, 1000004, '2024-09-25 03:17:16.337818', 0, '2024-09-25 03:17:16.337818', 0, 'Y', 1000011, 'PRO1000471', 'Tht b', NULL, NULL, NULL, 1000013, NULL, 'Y', NULL, NULL, NULL, NULL, NULL, NULL, NULL, NULL, NULL, NULL, NULL, NULL, NULL, 'fb85dc21-cfcb-443c-8487-a74ab39324fa', 'N', NULL, NULL, 1000003, NULL, NULL, NULL, NULL, NULL, NULL, NULL, 0);
INSERT INTO pos.d_product VALUES (1000689, 0, 1000004, '2024-09-25 03:17:16.337818', 0, '2024-09-25 03:17:16.337818', 0, 'Y', 1000011, 'PRO1000464', 'Rau cc loi ', NULL, NULL, NULL, 1000013, NULL, 'Y', NULL, NULL, NULL, NULL, NULL, NULL, NULL, NULL, NULL, NULL, NULL, NULL, NULL, '9cc27714-b635-468f-9607-48670aa175ed', 'N', NULL, NULL, 1000003, NULL, NULL, NULL, NULL, NULL, NULL, NULL, 0);
INSERT INTO pos.d_product VALUES (1000695, 0, 1000004, '2024-09-25 03:17:16.337818', 0, '2024-09-25 03:17:16.337818', 0, 'Y', 1000011, 'PRO1000470', 'B bt tt', NULL, NULL, NULL, 1000013, NULL, 'Y', NULL, NULL, NULL, NULL, NULL, NULL, NULL, NULL, NULL, NULL, NULL, NULL, NULL, '81dcccd2-2e0f-4bcc-902c-659e4b52c009', 'N', NULL, NULL, 1000003, NULL, NULL, NULL, NULL, NULL, NULL, NULL, 0);
INSERT INTO pos.d_product VALUES (1000685, 0, 1000004, '2024-09-25 03:17:16.337818', 0, '2024-09-25 03:17:16.337818', 0, 'Y', 1000020, 'PRO1000460', 'Cocktai Mojito', NULL, NULL, NULL, 1000013, NULL, 'Y', NULL, NULL, NULL, NULL, NULL, NULL, NULL, NULL, NULL, NULL, NULL, NULL, NULL, 'f1722fbd-cf3d-4b08-a7a4-41de72fd20ef', 'N', NULL, NULL, 1000003, NULL, NULL, NULL, NULL, NULL, NULL, NULL, 0);
INSERT INTO pos.d_product VALUES (1000691, 0, 1000004, '2024-09-25 03:17:16.337818', 0, '2024-09-25 03:17:16.337818', 0, 'Y', 1000020, 'PRO1000466', 'Tm s ti', NULL, NULL, NULL, 1000013, NULL, 'Y', NULL, NULL, NULL, NULL, NULL, NULL, NULL, NULL, NULL, NULL, NULL, NULL, NULL, 'f1c8422e-d1f7-45e1-99d7-2adc4ecf90a9', 'N', NULL, NULL, 1000003, NULL, NULL, NULL, NULL, NULL, NULL, NULL, 0);
INSERT INTO pos.d_product VALUES (1000694, 0, 1000004, '2024-09-25 03:17:16.337818', 0, '2024-09-25 03:17:16.337818', 0, 'Y', 1000020, 'PRO1000469', 'C diu hng', NULL, NULL, NULL, 1000013, NULL, 'Y', NULL, NULL, NULL, NULL, NULL, NULL, NULL, NULL, NULL, NULL, NULL, NULL, NULL, '219b1473-0461-4a33-ad2b-4a81f17d4fe7', 'N', NULL, NULL, 1000003, NULL, NULL, NULL, NULL, NULL, NULL, NULL, 0);
INSERT INTO pos.d_product VALUES (1000720, 0, 1000004, '2024-09-27 10:16:06.531047', 1000066, '2024-10-02 10:38:28.168839', 1000066, 'Y', 1000017, 'PROD1000719', 'Bnh m', '**', 2000.00, 2000.00, 1000012, 0.00, 'Y', 1000421, 'FOD', '', NULL, NULL, NULL, NULL, NULL, NULL, NULL, NULL, NULL, '', 'e4162b97-1568-4f70-884e-3dd3840a893e', 'N', 0, 0, NULL, 'RGD', NULL, NULL, NULL, 0, NULL, NULL, NULL);
INSERT INTO pos.d_product VALUES (1000775, 0, 1000004, '2024-09-28 11:35:07.51585', 1000066, '2024-09-28 11:35:07.51585', 1000066, 'Y', 1000423, 'PROD1000772', 'Banh mi bo sua', '**', 30000.00, 20000.00, NULL, 0.00, 'N', NULL, 'FOD', '', NULL, NULL, NULL, NULL, NULL, NULL, NULL, NULL, NULL, '', 'f6693675-c07d-49b1-aa46-b233b2a6357c', NULL, 0, 0, NULL, 'SVC', NULL, NULL, NULL, 10, NULL, NULL, NULL);
INSERT INTO pos.d_product VALUES (1000677, 0, 1000004, '2024-09-19 14:29:54.844511', 1000069, '2024-09-19 14:29:54.844513', 1000069, 'Y', 1000017, 'PROD122453', 'Pho tron', '**', 30000.00, 20000.00, 1000012, 10.00, 'Y', 1000398, 'FOD', 'Size2', NULL, NULL, NULL, NULL, NULL, NULL, NULL, NULL, NULL, '', 'b4a6bd88-dc84-41b0-9abd-a2bb253895fb', 'N', 0, 10, NULL, 'PRD ', NULL, NULL, NULL, 10, NULL, NULL, NULL);
INSERT INTO pos.d_product VALUES (1000623, 0, 1000004, '2024-09-18 21:18:35.50404', 1000069, '2024-09-18 21:18:35.50404', 1000069, 'Y', 1000025, 'PROD1000623', 'Cafe en S', '**', 15000.00, 10000.00, 1000011, 20.00, NULL, NULL, NULL, NULL, 'S', NULL, NULL, NULL, NULL, NULL, NULL, NULL, NULL, 'exampleDescription', '1347c47d-941b-485e-bd98-e82a59268bab', 'Y', 0, 100, NULL, NULL, 1000621, NULL, NULL, NULL, NULL, NULL, NULL);
INSERT INTO pos.d_product VALUES (1000678, 0, 1000004, '2024-09-19 14:29:56.12086', 1000069, '2024-09-19 14:29:56.120861', 1000069, 'Y', 1000017, 'PROD1000678', 'Pho tron A', '**', 30000.00, 20000.00, 1000012, 10.00, 'Y', 1000399, 'FOD', 'Size2', 'A', NULL, NULL, NULL, NULL, NULL, NULL, NULL, NULL, '', 'c142cfe4-a0af-4e31-a210-eaf440d78794', 'Y', 0, 10, NULL, 'PRD ', NULL, NULL, 1, 10, NULL, NULL, NULL);
INSERT INTO pos.d_product VALUES (1000679, 0, 1000004, '2024-09-19 14:29:57.288213', 1000069, '2024-09-19 14:29:57.288215', 1000069, 'Y', 1000017, 'PROD1000679', 'Pho tron S', '**', 30000.00, 20000.00, 1000012, 10.00, 'Y', 1000400, 'FOD', 'Size2', 'S', NULL, NULL, NULL, NULL, NULL, NULL, NULL, NULL, '', '5696ee5c-c88d-4a34-8f34-1933afac9b6f', 'Y', 0, 10, NULL, 'PRD ', NULL, NULL, 1, 10, NULL, NULL, NULL);
INSERT INTO pos.d_product VALUES (1000102, 1000016, 1000003, '2024-08-04 11:18:14.197504', 1000068, '2024-08-04 11:18:14.197504', 1000068, 'Y', 1000010, 'PR000001', 'exampleName', 'exampleQrCode', 100.00, 50.00, 1000003, 20.00, 'N', NULL, NULL, 'exampleAttribute1', 'exampleAttribute2', 'exampleAttribute3', NULL, NULL, NULL, NULL, NULL, NULL, NULL, NULL, 'c3701ce2-940f-4812-9ace-c21eb4b36044', 'Y', 0, 100, 1000003, NULL, NULL, NULL, NULL, NULL, NULL, NULL, 0);
INSERT INTO pos.d_product VALUES (1000356, 0, 1000004, '2024-08-30 08:36:41.806706', 1000069, '2024-10-02 01:44:03.650849', 1000066, 'Y', 1000025, NULL, 'Cafe en M', '**', 15000.00, 10000.00, 1000011, 20.00, NULL, NULL, NULL, NULL, 'M', NULL, NULL, NULL, NULL, NULL, NULL, NULL, NULL, 'exampleDescription', '51221654-0f5a-4146-b5bc-995100a1fa56', 'Y', 0, 100, 1000003, NULL, 1000353, NULL, NULL, NULL, NULL, NULL, 0);
INSERT INTO pos.d_product VALUES (1000130, 0, 1000004, '2024-08-07 09:12:46.598136', 1000069, '2024-09-04 02:00:45.639771', 1000069, 'Y', 1000016, 'PR000019', 'G nng tiu xanh', '**', 20050.00, 50.00, 1000013, 20.00, 'N', NULL, NULL, NULL, NULL, NULL, 'exampleAttribute4', 'exampleAttribute5', 'exampleAttribute6', 'exampleAttribute7', 'exampleAttribute8', 'exampleAttribute9', 'exampleAttribute10', 'exampleDescription', 'fc25581f-e156-41a2-a017-8f43295ccd1e', 'Y', 0, 100, 1000003, NULL, NULL, NULL, NULL, NULL, NULL, NULL, 0);
INSERT INTO pos.d_product VALUES (1000608, 0, 1000004, '2024-09-16 13:43:23.918403', 1000069, '2024-09-16 13:43:23.918403', 1000069, 'Y', 1000016, NULL, 'Combo G Quay', '**', 100.00, 50.00, 1000012, 20.00, 'N', NULL, NULL, '', '', '', 'exampleAttribute4', 'exampleAttribute5', 'exampleAttribute6', 'exampleAttribute7', 'exampleAttribute8', 'exampleAttribute9', 'exampleAttribute10', 'exampleDescription', '2e93c1b3-299b-4300-ab50-678b3ff4b0bc', 'Y', 0, 100, NULL, NULL, NULL, NULL, NULL, NULL, NULL, NULL, NULL);
INSERT INTO pos.d_product VALUES (1000392, 0, 1000004, '2024-09-04 09:47:43.877436', 1000069, '2024-09-04 15:15:05.1858', 1000069, 'Y', 1000020, NULL, 'Banh trung nuong', '**', 120000.00, 100000.00, 1000014, 10.00, 'Y', NULL, 'FOD', NULL, NULL, NULL, NULL, NULL, NULL, NULL, NULL, NULL, NULL, 'Banh nong va thom', 'e2a14bc9-bacc-4c6f-9d84-c7d299c0c861', 'N', 1, 10, 1000003, 'PRD ', NULL, NULL, NULL, NULL, NULL, NULL, 0);
INSERT INTO pos.d_product VALUES (1000700, 0, 1000004, '2024-09-26 11:40:03.765964', 1000066, '2024-09-26 11:40:03.765965', 1000066, 'Y', 1000017, 'PROD1000700', 'Mm ruc', '**', 100000.00, 10000.00, 1000014, 0.00, 'Y', 1000407, 'FOD', '', NULL, NULL, NULL, NULL, NULL, NULL, NULL, NULL, NULL, '', '00cc7e07-a8e5-4488-9fe5-39caf333b1d4', 'N', 0, 0, NULL, 'RGD', NULL, NULL, NULL, 0, NULL, NULL, NULL);
INSERT INTO pos.d_product VALUES (1000093, 1000016, 1000003, '2024-07-23 23:41:11.000341', 1000068, '2024-07-23 23:41:11.000341', 1000068, 'Y', 1000002, 'PR000006', 'ng nha PPR 1 lp ch  20mmx4.0m', 'exampleQrCode', 100.00, 50.00, 1000009, 20.00, 'N', NULL, NULL, 'exampleAttribute1', 'exampleAttribute2', 'exampleAttribute3', NULL, NULL, NULL, NULL, NULL, NULL, NULL, NULL, '52f94da0-b2fd-4517-b283-5fa97917b128', 'N', NULL, NULL, 1000003, NULL, NULL, NULL, NULL, NULL, NULL, NULL, 0);
INSERT INTO pos.d_product VALUES (1000702, 0, 1000004, '2024-09-26 11:50:54.682152', 1000066, '2024-09-26 11:50:54.682152', 1000066, 'Y', 1000017, 'PROD1000702', 'Mm c linh', '**', 20000.00, 10000.00, 1000015, 0.00, 'Y', 1000409, 'FOD', '', NULL, NULL, NULL, NULL, NULL, NULL, NULL, NULL, NULL, '', '6ab63c22-5745-4adf-8461-989efd0fb990', 'N', 0, 0, NULL, 'RGD', NULL, NULL, NULL, 0, NULL, NULL, NULL);
INSERT INTO pos.d_product VALUES (1000654, 0, 1000004, '2024-09-19 11:10:15.780118', 1000069, '2024-09-19 11:10:15.780121', 1000069, 'Y', 1000020, 'PROD10000052', 'Pho 2 to Gia Lai', '**', 25000.00, 10000.00, 1000012, 0.00, 'Y', 1000392, 'FOD', '', NULL, NULL, NULL, NULL, NULL, NULL, NULL, NULL, NULL, '', '70b09a52-ab47-41e2-83cc-26e7d48e477d', 'N', 0, 0, NULL, 'SVC', NULL, NULL, NULL, 10, NULL, NULL, NULL);
INSERT INTO pos.d_product VALUES (1000105, 0, 1000004, '2024-08-04 12:06:46.674131', 1000069, '2024-09-04 01:53:42.041554', 1000069, 'Y', 1000011, 'PR000008', 'B Wagyu Nht A5 p Cho St Ponzu', '**', 20050.00, 50.00, 1000010, 20.00, 'N', NULL, NULL, NULL, NULL, NULL, NULL, NULL, NULL, NULL, NULL, NULL, NULL, NULL, 'dc98bca8-141f-466d-ac6f-c4bfa2859fca', 'Y', 0, 100, 1000003, NULL, NULL, NULL, NULL, NULL, NULL, NULL, 0);
INSERT INTO pos.d_product VALUES (1000431, 0, 1000004, '2024-09-05 09:22:46.788439', 1000069, '2024-09-05 09:22:46.78844', 1000069, 'Y', 1000017, NULL, 'Banh cuon Tay Son A-F-S', '**', 200000.00, 100000.00, 1000014, 200.00, 'Y', NULL, 'FOD', NULL, NULL, NULL, NULL, NULL, NULL, NULL, NULL, NULL, NULL, 'Banh cuon thom ngon', 'e19c2d5c-0dd0-48a5-ac83-d007079790f7', 'Y', 50, 198, 1000002, 'PRD ', NULL, NULL, 1, 15, NULL, NULL, 0);
INSERT INTO pos.d_product VALUES (1000107, 0, 1000004, '2024-08-04 12:10:06.39364', 1000069, '2024-09-19 07:41:31.662524', 1000069, 'Y', 1000012, 'PR000010', 'Shochu Kan No Ko Mugi 25% 720ml', '**', 20050.00, 50.00, 1000011, 20.00, 'N', NULL, NULL, NULL, NULL, NULL, NULL, NULL, NULL, NULL, NULL, NULL, NULL, NULL, 'cb2c1f0b-96a2-4e4a-81d0-a40fe2653ce7', 'Y', 0, 100, 1000003, NULL, NULL, NULL, NULL, NULL, NULL, NULL, 0);
INSERT INTO pos.d_product VALUES (1000395, 0, 1000004, '2024-09-04 09:47:43.967438', 1000069, '2024-09-04 15:15:05.188638', 1000069, 'Y', 1000020, NULL, 'Banh trung nuong A', '**', 120000.00, 100000.00, 1000014, 10.00, 'Y', NULL, 'FOD', NULL, NULL, NULL, NULL, NULL, NULL, NULL, NULL, NULL, NULL, 'Banh nong va thom', '2b3cdaaf-7455-430a-9394-921d6d660bc7', 'Y', 1, 10, 1000003, 'PRD ', NULL, NULL, 1, NULL, NULL, NULL, 0);
INSERT INTO pos.d_product VALUES (1000380, 0, 1000004, '2024-09-03 22:22:20.751573', 1000069, '2024-09-04 15:15:05.17864', 1000069, 'Y', 1000021, NULL, 'Lau ga la giang S', '**', 120000.00, 100000.00, 1000012, 10.00, 'Y', NULL, 'FOD', NULL, NULL, NULL, NULL, NULL, NULL, NULL, NULL, NULL, NULL, 'Mota chi tiet', '36c9678f-e64b-4b9f-9c8a-d273e06c6ef8', 'Y', 1, 10, 1000003, 'PRD ', NULL, NULL, 1, NULL, NULL, NULL, 0);
INSERT INTO pos.d_product VALUES (1000701, 0, 1000004, '2024-09-26 11:43:04.156439', 1000066, '2024-09-26 11:43:04.15644', 1000066, 'Y', 1000017, 'PROD1000701', 'Mm tm', '**', 100000.00, 10000.00, 1000011, 0.00, 'Y', 1000408, 'FOD', '', NULL, NULL, NULL, NULL, NULL, NULL, NULL, NULL, NULL, '', 'b7ac0c46-ce77-4687-b957-7d89a7547381', 'N', 0, 0, NULL, 'RGD', NULL, NULL, NULL, 0, NULL, NULL, NULL);
INSERT INTO pos.d_product VALUES (1000455, 0, 1000004, '2024-09-05 09:22:46.870501', 1000069, '2024-09-05 09:22:46.870501', 1000069, 'Y', 1000017, NULL, 'Banh cuon Tay Son C-D-S', '**', 200000.00, 100000.00, 1000014, 200.00, 'Y', NULL, 'FOD', NULL, NULL, NULL, NULL, NULL, NULL, NULL, NULL, NULL, NULL, 'Banh cuon thom ngon', 'cb2205c4-4861-4135-978e-9faf99a9dda3', 'Y', 50, 198, 1000002, 'PRD ', NULL, NULL, 1, 15, NULL, NULL, 0);
INSERT INTO pos.d_product VALUES (1000353, 0, 1000004, '2024-08-30 08:36:41.746734', 1000069, '2024-10-02 01:44:03.686359', 1000066, 'Y', 1000025, NULL, 'Cafe en', '**', 15000.00, 10000.00, 1000011, 20.00, 'N', NULL, NULL, 'size', NULL, NULL, NULL, NULL, NULL, NULL, NULL, NULL, NULL, '', '32ab03d1-f62f-49e0-8803-41b7e0e32648', NULL, 0, 100, 1000003, NULL, NULL, NULL, NULL, NULL, NULL, NULL, 0);
INSERT INTO pos.d_product VALUES (1000359, 0, 1000004, '2024-08-30 08:36:41.885961', 1000069, '2024-10-02 01:44:03.610834', 1000066, 'Y', 1000025, NULL, 'Cafe en S', '**', 20000.00, 10000.00, 1000011, 20.00, NULL, NULL, NULL, NULL, 'S', NULL, NULL, NULL, NULL, NULL, NULL, NULL, NULL, 'exampleDescription', 'a201b286-2bbd-4f57-8e39-6fdeb0c761d9', 'Y', 0, 100, 1000003, NULL, 1000353, NULL, NULL, NULL, NULL, NULL, 0);
INSERT INTO pos.d_product VALUES (1000753, 0, 1000004, '2024-09-27 17:35:22.587674', 1000066, '2024-09-27 17:35:22.587674', 1000066, 'Y', 1000017, 'PROD1000744', 'Muoi', '**', 20000.00, 10000.00, 1000019, 100.00, 'Y', NULL, 'OTH', 'Size', NULL, NULL, NULL, NULL, NULL, NULL, NULL, NULL, NULL, '', 'e0fae824-e8f4-4eaf-b612-b85b003e0996', 'N', 12, 100, NULL, 'RGD', NULL, NULL, NULL, 10, NULL, NULL, NULL);
INSERT INTO pos.d_product VALUES (1000705, 0, 1000004, '2024-09-26 15:02:45.275242', 1000066, '2024-09-26 15:02:45.275243', 1000066, 'Y', 1000012, 'HH01', 'C ph sa', '**', 40000.00, 20000.00, 1000018, 60.00, 'Y', NULL, 'DRK', 'Size', NULL, NULL, NULL, NULL, NULL, NULL, NULL, NULL, NULL, '', '65601faf-82a2-4078-a217-448b58539e32', 'N', 0, 0, NULL, 'RGD', NULL, NULL, NULL, 0, NULL, NULL, NULL);
INSERT INTO pos.d_product VALUES (1000706, 0, 1000004, '2024-09-26 15:02:45.290826', 1000066, '2024-09-26 15:02:45.290826', 1000066, 'Y', 1000012, 'PROD1000706', 'C ph sa L', '**', 40000.00, 20000.00, 1000018, 60.00, 'Y', NULL, 'DRK', 'Size', 'L', NULL, NULL, NULL, NULL, NULL, NULL, NULL, NULL, '', '608042b6-7234-4bf7-b9c3-c2d8babff39f', 'Y', 0, 0, NULL, 'RGD', NULL, NULL, 1, 0, NULL, NULL, NULL);
INSERT INTO pos.d_product VALUES (1000707, 0, 1000004, '2024-09-26 15:02:45.305143', 1000066, '2024-09-26 15:02:45.305143', 1000066, 'Y', 1000012, 'PROD1000707', 'C ph sa M', '**', 40000.00, 20000.00, 1000018, 60.00, 'Y', NULL, 'DRK', 'Size', 'M', NULL, NULL, NULL, NULL, NULL, NULL, NULL, NULL, '', '3a7c8b14-4f8e-4f1a-8d10-0fef46768498', 'Y', 0, 0, NULL, 'RGD', NULL, NULL, 1, 0, NULL, NULL, NULL);
INSERT INTO pos.d_product VALUES (1000708, 0, 1000004, '2024-09-26 15:02:45.314887', 1000066, '2024-09-26 15:09:14.599747', 1000066, 'Y', 1000012, 'PROD1000708', 'C ph sa S', '**', 70000.00, 20000.00, 1000018, 60.00, 'Y', NULL, 'DRK', 'Size', 'S', NULL, NULL, NULL, NULL, NULL, NULL, NULL, NULL, '', '0dcf838e-67ab-4c88-8bc5-7ddfcfd775dc', 'Y', 0, 0, NULL, 'RGD', NULL, NULL, 1, 0, NULL, NULL, NULL);
INSERT INTO pos.d_product VALUES (1000754, 0, 1000004, '2024-09-27 17:35:22.601244', 1000066, '2024-09-27 17:35:22.601245', 1000066, 'Y', 1000017, 'PROD1000754', 'Muoi L', '**', 20000.00, 10000.00, 1000019, 100.00, 'Y', NULL, 'OTH', 'Size', 'L', NULL, NULL, NULL, NULL, NULL, NULL, NULL, NULL, '', '93a59c2c-5027-4de6-a189-28f83dc99759', 'N', 12, 100, NULL, 'RGD', NULL, NULL, 1, 10, NULL, NULL, NULL);
INSERT INTO pos.d_product VALUES (1000704, 0, 1000004, '2024-09-26 14:41:19.613692', 1000066, '2024-09-26 14:41:19.613693', 1000066, 'Y', 1000012, 'PROD1000703', 'Nuoc ep trai cay', '**', 30000.00, 20000.00, 1000012, 10.00, 'Y', 1000411, 'DRK', '', NULL, NULL, NULL, NULL, NULL, NULL, NULL, NULL, NULL, '', '72fede2b-a89f-42ca-8874-d9f7d3e0c92e', 'N', 1, 10, NULL, 'PRD ', NULL, NULL, NULL, 10, NULL, NULL, NULL);
INSERT INTO pos.d_product VALUES (1000755, 0, 1000004, '2024-09-27 17:35:22.612588', 1000066, '2024-09-27 17:35:22.612588', 1000066, 'Y', 1000017, 'PROD1000755', 'Muoi M', '**', 20000.00, 10000.00, 1000019, 100.00, 'Y', NULL, 'OTH', 'Size', 'M', NULL, NULL, NULL, NULL, NULL, NULL, NULL, NULL, '', '87092df7-6025-4b02-92a8-d8d35f09c908', 'N', 12, 100, NULL, 'RGD', NULL, NULL, 1, 10, NULL, NULL, NULL);
INSERT INTO pos.d_product VALUES (1000404, 0, 1000004, '2024-09-04 09:49:27.141238', 1000069, '2024-09-04 02:00:46.815654', 1000069, 'Y', 1000017, NULL, 'Banh cuon binh dinh S', '**', 30000.00, 10000.00, 1000012, 10.00, 'Y', NULL, 'FOD', NULL, NULL, NULL, NULL, NULL, NULL, NULL, NULL, NULL, NULL, '', 'ca46ee62-7156-4756-be82-9379d4e73ef2', 'Y', 1, 10, 1000003, 'PRD ', NULL, NULL, 1, NULL, NULL, NULL, 0);
INSERT INTO pos.d_product VALUES (1000709, 0, 1000004, '2024-09-26 15:47:32.371713', 1000066, '2024-09-26 15:47:32.371713', 1000066, 'Y', 1000017, 'PROD1000709', 'cua ng', '**', 330000.00, 220000.00, 1000012, 1000.00, 'Y', 1000412, 'FOD', '', NULL, NULL, NULL, NULL, NULL, NULL, NULL, NULL, NULL, '', 'ea773b66-7703-47a2-933e-6c45f71bc510', 'N', 1, 989, NULL, 'PRD ', NULL, NULL, NULL, 0, NULL, NULL, NULL);
INSERT INTO pos.d_product VALUES (1000571, 1000016, 1000009, '2024-09-11 18:12:49.98331', 1000071, '2024-09-12 18:30:33.339122', 1000071, 'Y', 1000033, 'PROD1000570', 'Thp hp m km Z080: 13mmx26mmx1.10mmx6.0m', '**', 11000.00, 40000.00, 1000017, 712.00, 'Y', NULL, NULL, '', NULL, NULL, NULL, NULL, NULL, NULL, NULL, NULL, NULL, '', 'c91d0923-1041-4527-9ab6-9bf6e65dabdb', 'N', 0, 0, NULL, 'RGD', NULL, NULL, NULL, 0, NULL, 'VTS', 0);
INSERT INTO pos.d_product VALUES (1000756, 0, 1000004, '2024-09-27 17:35:22.622538', 1000066, '2024-09-27 17:35:22.622538', 1000066, 'Y', 1000017, 'PROD1000756', 'Muoi S', '**', 20000.00, 10000.00, 1000019, 100.00, 'Y', NULL, 'OTH', 'Size', 'S', NULL, NULL, NULL, NULL, NULL, NULL, NULL, NULL, '', 'c27d14ac-933f-4f91-8a3e-7da0c791ca96', 'N', 12, 100, NULL, 'RGD', NULL, NULL, 1, 10, NULL, NULL, NULL);
INSERT INTO pos.d_product VALUES (1000710, 0, 1000004, '2024-09-26 15:49:14.715079', 1000066, '2024-09-26 15:49:14.71508', 1000066, 'Y', 1000017, 'PROD1000710', 'M  st b bm', '**', 400000.00, 300000.00, 1000012, 1000.00, 'Y', 1000413, 'FOD', '', NULL, NULL, NULL, NULL, NULL, NULL, NULL, NULL, NULL, '', 'fdc2e74f-bb80-4afc-b02c-cd9e6772ee02', 'Y', 12, 985, NULL, 'PRD ', NULL, NULL, NULL, 0, NULL, NULL, NULL);
INSERT INTO pos.d_product VALUES (1000458, 0, 1000004, '2024-09-05 09:22:46.892741', 1000069, '2024-09-05 09:22:46.892742', 1000069, 'Y', 1000017, NULL, 'Banh cuon Tay Son C-E-M', '**', 200000.00, 100000.00, 1000014, 200.00, 'Y', NULL, 'FOD', NULL, NULL, NULL, NULL, NULL, NULL, NULL, NULL, NULL, NULL, 'Banh cuon thom ngon', '0bcad7ac-5f50-4228-bbc2-901a782a6ff5', 'Y', 50, 198, 1000002, 'PRD ', NULL, NULL, 1, 15, NULL, NULL, 0);
INSERT INTO pos.d_product VALUES (1000500, 0, 1000004, '2024-09-05 09:32:37.197631', 1000069, '2024-09-05 09:32:37.197631', 1000069, 'Y', 1000023, NULL, 'Banh mi thap cam M-A', '**', 20000.00, 10000.00, 1000012, 800.00, 'Y', NULL, 'FOD', 'Size,Size1', 'M', 'A', NULL, NULL, NULL, NULL, NULL, NULL, NULL, '', '8691b460-45f1-43c1-975a-0f8d2578a3ba', 'Y', 100, 800, 1000004, 'PRD ', NULL, NULL, 1, 10, NULL, NULL, 0);
INSERT INTO pos.d_product VALUES (1000643, 0, 1000004, '2024-09-18 23:24:42.559703', 1000069, '2024-09-18 23:24:42.559705', 1000069, 'Y', 1000025, 'PROD1000643', 'Bac xiu', '**', 200000.00, 100000.00, 1000014, 0.00, 'Y', NULL, 'DRK', '', NULL, NULL, NULL, NULL, NULL, NULL, NULL, NULL, NULL, '', '3cf1177b-f5aa-4d68-ba04-2b797a4c3f1f', 'N', 0, 0, NULL, 'PRD', NULL, NULL, NULL, 10, NULL, NULL, NULL);
INSERT INTO pos.d_product VALUES (1000761, 0, 1000004, '2024-09-27 17:41:00.221435', 1000066, '2024-09-27 17:41:00.221436', 1000066, 'Y', 1000011, 'PROD1000757', 'Hamburger', '**', 25000.00, 15000.00, 1000012, 10.00, 'Y', 1000440, 'FOD', 'Size', NULL, NULL, NULL, NULL, NULL, NULL, NULL, NULL, NULL, '', 'cb431d7d-bf73-4780-be2d-b8cc30459870', 'N', 1, 9, NULL, 'PRD ', NULL, NULL, NULL, 10, NULL, NULL, NULL);
INSERT INTO pos.d_product VALUES (1000762, 0, 1000004, '2024-09-27 17:41:00.727137', 1000066, '2024-09-27 17:41:00.727137', 1000066, 'Y', 1000011, 'PROD1000762', 'Hamburger L', '**', 25000.00, 15000.00, 1000012, 10.00, 'Y', 1000441, 'FOD', NULL, 'L', NULL, NULL, NULL, NULL, NULL, NULL, NULL, NULL, '', '68c6c20f-e9f4-4947-951d-d7cf94c53b84', 'N', 1, 9, NULL, 'PRD ', 1000761, NULL, 1, 10, NULL, NULL, NULL);
INSERT INTO pos.d_product VALUES (1000763, 0, 1000004, '2024-09-27 17:41:01.253929', 1000066, '2024-09-27 17:41:01.25393', 1000066, 'Y', 1000011, 'PROD1000763', 'Hamburger M', '**', 25000.00, 15000.00, 1000012, 10.00, 'Y', 1000442, 'FOD', NULL, 'M', NULL, NULL, NULL, NULL, NULL, NULL, NULL, NULL, '', '3e7dd626-09af-49a8-9c30-19e915e29ced', 'N', 1, 9, NULL, 'PRD ', 1000761, NULL, 1, 10, NULL, NULL, NULL);
INSERT INTO pos.d_product VALUES (1000764, 0, 1000004, '2024-09-27 17:41:01.878111', 1000066, '2024-09-27 17:41:01.878112', 1000066, 'Y', 1000011, 'PROD1000764', 'Hamburger S', '**', 25000.00, 15000.00, 1000012, 10.00, 'Y', 1000443, 'FOD', NULL, 'S', NULL, NULL, NULL, NULL, NULL, NULL, NULL, NULL, '', '75808a96-7f8d-47f9-9fa1-c2e1ffb15b5f', 'N', 1, 9, NULL, 'PRD ', 1000761, NULL, 1, 10, NULL, NULL, NULL);
INSERT INTO pos.d_product VALUES (1000503, 0, 1000004, '2024-09-05 09:32:37.201969', 1000069, '2024-10-02 02:35:11.767469', 1000066, 'Y', 1000023, NULL, 'Banh mi thap cam M-B', '**', 20000.00, 10000.00, 1000012, 800.00, 'Y', NULL, 'FOD', 'Size,Size1', 'M', 'B', NULL, NULL, NULL, NULL, NULL, NULL, NULL, '', '7e02bcda-3c5f-4b15-adf3-003bca334e7e', 'Y', 100, 800, 1000004, 'PRD ', NULL, NULL, 1, 10, NULL, NULL, 0);
INSERT INTO pos.d_product VALUES (1000138, 0, 1000004, '2024-08-07 09:14:55.063453', 1000069, '2024-09-04 15:20:47.992399', 1000069, 'Y', 1000016, 'PR000023', 'G hp mui x', '**', 20050.00, 50.00, 1000013, 20.00, 'N', NULL, NULL, NULL, NULL, NULL, 'exampleAttribute4', 'exampleAttribute5', 'exampleAttribute6', 'exampleAttribute7', 'exampleAttribute8', 'exampleAttribute9', 'exampleAttribute10', 'exampleDescription', '7b16dfdd-e804-496f-a896-fb8a083a4d17', 'Y', 0, 100, 1000003, NULL, NULL, NULL, NULL, NULL, NULL, NULL, 0);
INSERT INTO pos.d_product VALUES (1000113, 0, 1000004, '2024-08-04 12:18:29.019488', 1000069, '2024-09-04 04:34:20.88474', 1000069, 'Y', 1000014, 'PR000015', 'Tht, Sn D Nng Sa T', '**', 20050.00, 50.00, 1000012, 20.00, 'N', NULL, NULL, NULL, NULL, NULL, NULL, NULL, NULL, NULL, NULL, NULL, NULL, NULL, '3fb83750-3885-4f70-a526-f4e860a4cf22', 'Y', 0, 100, 1000003, NULL, NULL, NULL, NULL, NULL, NULL, NULL, 0);
INSERT INTO pos.d_product VALUES (1000657, 0, 1000004, '2024-09-19 11:24:57.617948', 1000069, '2024-09-19 11:24:57.617948', 1000069, 'Y', 1000025, 'PROD1000215', 'Cafe en', '**', 15000.00, 10000.00, 1000011, 20.00, 'N', NULL, NULL, 'size', NULL, NULL, NULL, NULL, NULL, NULL, NULL, NULL, NULL, '', '795c5183-cc4a-41c7-8134-c0b565dc0614', NULL, 0, 100, NULL, NULL, NULL, NULL, NULL, NULL, NULL, NULL, NULL);
INSERT INTO pos.d_product VALUES (1000658, 0, 1000004, '2024-09-19 11:24:58.198291', 1000069, '2024-09-19 11:24:58.198291', 1000069, 'Y', 1000025, 'PROD1000658', 'Cafe en M', '**', 15000.00, 10000.00, 1000011, 20.00, NULL, NULL, NULL, NULL, 'M', NULL, NULL, NULL, NULL, NULL, NULL, NULL, NULL, 'exampleDescription', '521e0b40-4c06-436e-b08f-b965d8b666fb', 'Y', 0, 100, NULL, NULL, 1000657, NULL, NULL, NULL, NULL, NULL, NULL);
INSERT INTO pos.d_product VALUES (1000659, 0, 1000004, '2024-09-19 11:24:58.757703', 1000069, '2024-09-19 11:24:58.757703', 1000069, 'Y', 1000025, 'PROD1000659', 'Cafe en S', '**', 15000.00, 10000.00, 1000011, 20.00, NULL, NULL, NULL, NULL, 'S', NULL, NULL, NULL, NULL, NULL, NULL, NULL, NULL, 'exampleDescription', '550fc274-9244-44d3-9b4b-c0e6d3260cdd', 'Y', 0, 100, NULL, NULL, 1000657, NULL, NULL, NULL, NULL, NULL, NULL);
INSERT INTO pos.d_product VALUES (1000711, 0, 1000004, '2024-09-26 16:10:56.892842', 1000066, '2024-09-26 16:10:56.892843', 1000066, 'Y', 1000011, 'PROD1000711', 'Banh mi bo kho', '**', 200000.00, 10000.00, 1000012, 500.00, 'Y', 1000414, 'FOD', 'Size2', NULL, NULL, NULL, NULL, NULL, NULL, NULL, NULL, NULL, '', '2431804a-b14d-402c-955a-5191a1761188', 'Y', 12, 489, NULL, 'PRD ', NULL, NULL, NULL, 0, NULL, NULL, NULL);
INSERT INTO pos.d_product VALUES (1000712, 0, 1000004, '2024-09-26 16:10:57.576084', 1000066, '2024-09-26 16:10:57.576084', 1000066, 'Y', 1000011, 'PROD1000712', 'Banh mi bo kho M', '**', 200000.00, 10000.00, 1000012, 500.00, 'Y', 1000415, 'FOD', 'Size2', 'M', NULL, NULL, NULL, NULL, NULL, NULL, NULL, NULL, '', '1a772fcc-37d3-4b25-b2ee-6f583082b08f', 'N', 12, 489, NULL, 'PRD ', NULL, NULL, 1, 0, NULL, NULL, NULL);
INSERT INTO pos.d_product VALUES (1000088, 1000016, 1000002, '2024-07-21 23:09:18.827491', 1000037, '2024-07-21 23:09:18.827491', 1000037, 'Y', 1000007, 'PR000004', 'Thp hp m km Z080: 40mmx40mmx6.0m', '', 100.00, 50.00, 1000000, 20.00, 'Y', NULL, NULL, 'exampleAttribute1', 'exampleAttribute2', 'exampleAttribute3', NULL, NULL, NULL, NULL, NULL, NULL, NULL, NULL, '33b2fbc7-8c1f-43c3-bd77-a47bddb18df1', 'N', NULL, NULL, 1000003, NULL, NULL, NULL, NULL, NULL, NULL, NULL, 0);
INSERT INTO pos.d_product VALUES (1000713, 0, 1000004, '2024-09-26 16:10:58.054989', 1000066, '2024-09-26 16:10:58.05499', 1000066, 'Y', 1000011, 'PROD1000713', 'Banh mi bo kho S', '**', 200000.00, 10000.00, 1000012, 500.00, 'Y', 1000416, 'FOD', 'Size2', 'S', NULL, NULL, NULL, NULL, NULL, NULL, NULL, NULL, '', '28545542-eaea-423f-8e54-ccb221ac5555', 'N', 12, 489, NULL, 'PRD ', NULL, NULL, 1, 0, NULL, NULL, NULL);
INSERT INTO pos.d_product VALUES (1000089, 1000016, 1000002, '2024-07-21 23:09:44.73648', 1000037, '2024-08-01 12:56:36.778489', 1000037, 'Y', 1000007, 'PR000003', 'Thp hp m km Z120: 100mmx100mmx1.80mmx', 'exampleQrCode', 100.00, 50.00, 1000000, 20.00, 'Y', NULL, NULL, 'exampleAttribute1', 'exampleAttribute2', 'exampleAttribute3', NULL, NULL, NULL, NULL, NULL, NULL, NULL, NULL, 'b382ec68-fe2c-4e4a-a72a-28f72868e75b', 'N', NULL, NULL, 1000003, NULL, NULL, NULL, NULL, NULL, NULL, NULL, 0);
INSERT INTO pos.d_product VALUES (1000765, 0, 1000004, '2024-09-28 10:33:39.05222', 1000066, '2024-09-28 10:33:39.052221', 1000066, 'Y', 1000017, 'PROD1000765', 'Banh mi bo kho', '**', 30000.00, 20000.00, NULL, 0.00, 'N', NULL, 'FOD', '', NULL, NULL, NULL, NULL, NULL, NULL, NULL, NULL, NULL, '', '8c0594f4-32d1-46da-ba9a-a31ce3a76c10', NULL, 0, 0, NULL, 'SVC', NULL, NULL, NULL, 100, NULL, NULL, NULL);
INSERT INTO pos.d_product VALUES (1000718, 0, 1000004, '2024-09-26 18:51:18.256641', 1000066, '2024-10-02 10:38:28.177256', 1000066, 'Y', 1000017, 'PROD1000717', 'Banh mi bo', '**', 12100000.00, 100.00, 1000012, 10.00, 'Y', 1000419, 'FOD', '', NULL, NULL, NULL, NULL, NULL, NULL, NULL, NULL, NULL, '', 'd607e555-5d67-4195-b687-f72113df9cc0', 'Y', 1, 10, NULL, 'PRD ', NULL, NULL, NULL, 0, NULL, NULL, NULL);
INSERT INTO pos.d_product VALUES (1000464, 0, 1000004, '2024-09-05 09:22:46.919642', 1000069, '2024-09-05 09:22:46.919642', 1000069, 'Y', 1000017, NULL, 'Banh cuon Tay Son C-F-M', '**', 200000.00, 100000.00, 1000014, 200.00, 'Y', NULL, 'FOD', NULL, NULL, NULL, NULL, NULL, NULL, NULL, NULL, NULL, NULL, 'Banh cuon thom ngon', '8ed1ff49-d3fd-4c49-b27f-2ab2d73ac554', 'Y', 50, 198, 1000002, 'PRD ', NULL, NULL, 1, 15, NULL, NULL, 0);
INSERT INTO pos.d_product VALUES (1000091, 1000016, 1000002, '2024-07-22 16:36:22.370828', 1000037, '2024-07-22 17:13:57.580367', 1000037, 'Y', 1000007, 'PR000005', 'Thp hp m km Z080: 40mmx80mmx6.0m', 'exampleQrCode', 100.00, 50.00, 1000000, 20.00, 'N', NULL, NULL, 'exampleAttribute1', 'exampleAttribute2', 'exampleAttribute3', NULL, NULL, NULL, NULL, NULL, NULL, NULL, NULL, '21e1d773-d40d-46da-b734-3720820b7ccc', 'N', NULL, NULL, 1000003, NULL, NULL, NULL, NULL, NULL, NULL, NULL, 0);
INSERT INTO pos.d_product VALUES (1000443, 0, 1000004, '2024-09-05 09:22:46.825557', 1000069, '2024-09-05 09:22:46.825558', 1000069, 'Y', 1000017, NULL, 'Banh cuon Tay Son B-E-S', '**', 200000.00, 100000.00, 1000014, 200.00, 'Y', NULL, 'FOD', NULL, NULL, NULL, NULL, NULL, NULL, NULL, NULL, NULL, NULL, 'Banh cuon thom ngon', 'f7b05b9e-4598-4bb3-9026-aaa212b9147a', 'Y', 50, 198, 1000002, 'PRD ', NULL, NULL, 1, 15, NULL, NULL, 0);
INSERT INTO pos.d_product VALUES (1000651, 0, 1000004, '2024-09-19 07:14:07.98347', 1000069, '2024-09-19 07:14:07.98347', 1000069, 'Y', 1000025, 'PROD1000645', 'Bac xiu', '**', 200000.00, 100000.00, 1000014, 0.00, 'Y', NULL, 'DRK', '', NULL, NULL, NULL, NULL, NULL, NULL, NULL, NULL, NULL, '', '0620e9cf-5bf1-4c14-8aad-5e49d3229dc1', 'N', 0, 0, NULL, 'PRD', NULL, NULL, NULL, 10, NULL, NULL, NULL);
INSERT INTO pos.d_product VALUES (1000129, 0, 1000004, '2024-08-07 09:12:30.208023', 1000069, '2024-09-04 02:00:45.607741', 1000069, 'Y', 1000016, 'PR000018', 'G nng t st', '**', 20050.00, 50.00, 1000013, 20.00, 'N', NULL, NULL, NULL, NULL, NULL, 'exampleAttribute4', 'exampleAttribute5', 'exampleAttribute6', 'exampleAttribute7', 'exampleAttribute8', 'exampleAttribute9', 'exampleAttribute10', 'exampleDescription', 'f68a33dc-60ea-4daa-9406-8ba040a8c357', 'Y', 0, 100, 1000003, NULL, NULL, NULL, NULL, NULL, NULL, NULL, 0);
INSERT INTO pos.d_product VALUES (1000479, 0, 1000004, '2024-09-05 09:29:12.246084', 1000069, '2024-09-05 09:29:12.246085', 1000069, 'Y', 1000017, NULL, 'Cua ng  B-X-Z', '**', 189000.00, 100000.00, 1000013, 800.00, 'Y', NULL, 'FOD', 'B', 'X', 'Z', NULL, NULL, NULL, NULL, NULL, NULL, NULL, 'Cua dong siu ngon', '817aa70a-d183-45ff-80e9-55250710290c', 'Y', 200, 789, 1000002, 'RGD', NULL, NULL, 1, 123, NULL, NULL, 0);
INSERT INTO pos.d_product VALUES (1000104, 0, 1000004, '2024-08-04 12:06:30.949601', 1000069, '2024-09-04 02:00:39.303072', 1000069, 'Y', 1000011, 'PR000007', 'Thn B Cun Nm Kim Chm', '**', 20051.00, 60.00, 1000010, 20.00, 'N', NULL, NULL, NULL, NULL, NULL, NULL, NULL, NULL, NULL, NULL, NULL, NULL, NULL, '3bccdc76-4092-46dd-89d6-ebab4f143b4c', 'Y', 0, 100, 1000003, NULL, NULL, NULL, NULL, NULL, NULL, NULL, 0);
INSERT INTO pos.d_product VALUES (1000743, 0, 1000004, '2024-09-27 15:21:48.894663', 1000066, '2024-09-27 15:21:48.894663', 1000066, 'Y', 1000017, 'PROD1000737', 'Banh mi cham sua', '**', 30000.00, 20000.00, 1000013, 1000.00, 'Y', NULL, 'FOD', '', NULL, NULL, NULL, NULL, NULL, NULL, NULL, NULL, NULL, '', '30ac7da4-9f41-47f5-b5b0-803ad5195bda', 'Y', 100, 900, NULL, 'PRD', NULL, NULL, NULL, 10, NULL, NULL, NULL);
INSERT INTO pos.d_product VALUES (1000769, 0, 1000004, '2024-09-28 10:51:04.863027', 1000066, '2024-09-28 10:51:04.863027', 1000066, 'Y', 1000017, 'PROD1000769', 'Banh mi bo kho', '**', 30000.00, 20000.00, NULL, 0.00, 'N', NULL, 'FOD', '', NULL, NULL, NULL, NULL, NULL, NULL, NULL, NULL, NULL, '', '050baf49-9710-43ad-8f28-ab66bef98e83', NULL, 0, 0, NULL, 'SVC', NULL, NULL, NULL, 100, NULL, NULL, NULL);
INSERT INTO pos.d_product VALUES (1000509, 0, 1000004, '2024-09-05 09:32:37.211032', 1000069, '2024-09-12 15:00:36.677351', 1000069, 'Y', 1000023, NULL, 'Banh mi thap cam S-B', '**', 20000.00, 10000.00, 1000012, 817.00, 'Y', NULL, 'FOD', 'Size,Size1', 'S', 'B', NULL, NULL, NULL, NULL, NULL, NULL, NULL, '', 'f2d5d929-1716-4b59-933d-1326cbdbb318', 'Y', 100, 800, 1000004, 'PRD ', NULL, NULL, 1, 10, NULL, NULL, 0);
INSERT INTO pos.d_product VALUES (1000627, 0, 1000004, '2024-09-18 21:53:32.468252', 1000069, '2024-09-18 21:53:32.468254', 1000069, 'Y', 1000025, 'PROD1000627', 'Cafe en S', '**', 15000.00, 10000.00, 1000011, 20.00, NULL, NULL, NULL, NULL, 'S', NULL, NULL, NULL, NULL, NULL, NULL, NULL, NULL, 'exampleDescription', '62084d10-f169-473f-baae-2ecf0eb9e3be', 'Y', 0, 100, NULL, NULL, 1000625, NULL, NULL, NULL, NULL, NULL, NULL);
INSERT INTO pos.d_product VALUES (1000782, 0, 1000004, '2024-09-28 11:58:15.241248', 1000066, '2024-09-28 11:58:15.241248', 1000066, 'Y', 1000423, 'PROD1000776', 'Banh mi chaca', '**', 20000.00, 10000.00, 1000012, 10.00, 'Y', NULL, 'FOD', 'Size1', NULL, NULL, NULL, NULL, NULL, NULL, NULL, NULL, NULL, '', '343794b5-93b3-4411-bfb2-4087f6cf5a9a', 'Y', 1, 10, NULL, 'SVC', NULL, NULL, NULL, 10, NULL, NULL, NULL);
INSERT INTO pos.d_product VALUES (1000783, 0, 1000004, '2024-09-28 11:58:16.15106', 1000066, '2024-09-28 11:58:16.15106', 1000066, 'Y', 1000423, 'PROD1000783', 'Banh mi chaca L', '**', 20000.00, 10000.00, 1000012, 10.00, 'Y', NULL, 'FOD', NULL, 'L', NULL, NULL, NULL, NULL, NULL, NULL, NULL, NULL, '', '77aa010d-84c1-4e9b-bcc8-076a4af98fd8', 'N', 1, 10, NULL, 'SVC', 1000782, NULL, 1, 10, NULL, NULL, NULL);
INSERT INTO pos.d_product VALUES (1000784, 0, 1000004, '2024-09-28 11:58:16.255359', 1000066, '2024-09-28 11:58:16.255359', 1000066, 'Y', 1000423, 'PROD1000784', 'Banh mi chaca M', '**', 20000.00, 10000.00, 1000012, 10.00, 'Y', NULL, 'FOD', NULL, 'M', NULL, NULL, NULL, NULL, NULL, NULL, NULL, NULL, '', 'db66fd3d-bdb4-4874-a820-3474cce27cb5', 'N', 1, 10, NULL, 'SVC', 1000782, NULL, 1, 10, NULL, NULL, NULL);
INSERT INTO pos.d_product VALUES (1000374, 0, 1000004, '2024-09-02 22:44:57.208017', 1000069, '2024-09-04 14:13:15.425626', 1000069, 'Y', 1000021, NULL, 'Tra sua tran chau duong den S', '**', 30000.00, 10000.00, 1000012, 1000.00, 'Y', NULL, 'FOD', NULL, NULL, NULL, NULL, NULL, NULL, NULL, NULL, NULL, NULL, '', '27426cd7-a255-4b04-90b6-4f14e42e74a5', 'Y', 800, 1000, 1000003, 'CBP', NULL, NULL, 1, NULL, NULL, NULL, 0);
INSERT INTO pos.d_product VALUES (1000389, 0, 1000004, '2024-09-04 09:23:01.512915', 1000069, '2024-09-04 02:00:46.521554', 1000069, 'Y', 1000020, NULL, 'Lau thai chua cay S', '**', 120000.00, 100000.00, 1000014, 10.00, 'Y', NULL, 'FOD', NULL, NULL, NULL, NULL, NULL, NULL, NULL, NULL, NULL, NULL, '', '8d46c1ca-1f6a-41e2-abb5-8208d548d990', 'Y', 1, 10, 1000003, 'PRD ', NULL, NULL, 1, NULL, NULL, NULL, 0);
INSERT INTO pos.d_product VALUES (1000413, 0, 1000004, '2024-09-05 09:22:46.590856', 1000069, '2024-09-05 09:22:46.590858', 1000069, 'Y', 1000017, NULL, 'Banh cuon Tay Son', '**', 200000.00, 100000.00, 1000014, 200.00, 'Y', NULL, 'FOD', NULL, NULL, NULL, NULL, NULL, NULL, NULL, NULL, NULL, NULL, 'Banh cuon thom ngon', '1452c4ca-38ad-4564-b54c-030f64e5db81', 'N', 50, 198, 1000002, 'PRD ', NULL, NULL, NULL, 15, NULL, NULL, 0);
INSERT INTO pos.d_product VALUES (1000437, 0, 1000004, '2024-09-05 09:22:46.808506', 1000069, '2024-09-05 09:22:46.808507', 1000069, 'Y', 1000017, NULL, 'Banh cuon Tay Son B-D-S', '**', 200000.00, 100000.00, 1000014, 200.00, 'Y', NULL, 'FOD', NULL, NULL, NULL, NULL, NULL, NULL, NULL, NULL, NULL, NULL, 'Banh cuon thom ngon', 'e9b04fc3-210f-4309-8c5f-96df37ed3ffd', 'Y', 50, 198, 1000002, 'PRD ', NULL, NULL, 1, 15, NULL, NULL, 0);
INSERT INTO pos.d_product VALUES (1000785, 0, 1000004, '2024-09-28 11:58:16.358311', 1000066, '2024-09-28 11:58:16.358311', 1000066, 'Y', 1000423, 'PROD1000785', 'Banh mi chaca S', '**', 20000.00, 10000.00, 1000012, 10.00, 'Y', NULL, 'FOD', NULL, 'S', NULL, NULL, NULL, NULL, NULL, NULL, NULL, NULL, '', 'e4b8c26b-f79d-49cb-b326-a1b67b780d43', 'N', 1, 10, NULL, 'SVC', 1000782, NULL, 1, 10, NULL, NULL, NULL);
INSERT INTO pos.d_product VALUES (1000642, 0, 1000004, '2024-09-18 23:25:57.247664', 1000069, '2024-09-18 23:25:57.247664', 1000069, 'Y', 1000025, 'PROD1000628', 'Bac xiu', '**', 200000.00, 100000.00, 1000014, 0.00, 'Y', NULL, 'DRK', '', NULL, NULL, NULL, NULL, NULL, NULL, NULL, NULL, NULL, '', '75716928-fa0c-4c51-95a9-4f6f9c0d0df5', 'N', 0, 0, NULL, 'PRD', NULL, NULL, NULL, 10, NULL, NULL, NULL);
INSERT INTO pos.d_product VALUES (1000723, 0, 1000004, '2024-09-27 11:36:47.898403', 1000066, '2024-09-27 11:36:47.898404', 1000066, 'Y', 1000422, 'HHH09', 'Tr sa truyn thng', '**', 40000.00, 30000.00, 1000018, 20.00, 'Y', 1000424, 'DRK', 'Size', NULL, NULL, NULL, NULL, NULL, NULL, NULL, NULL, NULL, '', '3c80f117-3708-4d00-a197-a9bd4eba15a4', 'N', 0, 0, NULL, 'RGD', NULL, NULL, NULL, 0, NULL, NULL, NULL);
INSERT INTO pos.d_product VALUES (1000724, 0, 1000004, '2024-09-27 11:36:48.399361', 1000066, '2024-09-27 11:36:48.399361', 1000066, 'Y', 1000422, 'PROD1000724', 'Tr sa truyn thng L', '**', 60000.00, 30000.00, 1000018, 20.00, 'Y', 1000425, 'DRK', 'Size', 'L', NULL, NULL, NULL, NULL, NULL, NULL, NULL, NULL, '', '7234054b-c41f-4c9f-abd1-4e79859cb12e', 'N', 0, 0, NULL, 'RGD', NULL, NULL, 1, 0, NULL, NULL, NULL);
INSERT INTO pos.d_product VALUES (1000725, 0, 1000004, '2024-09-27 11:36:48.921008', 1000066, '2024-09-27 11:36:48.921008', 1000066, 'Y', 1000422, 'PROD1000725', 'Tr sa truyn thng M', '**', 50000.00, 30000.00, 1000018, 20.00, 'Y', 1000426, 'DRK', 'Size', 'M', NULL, NULL, NULL, NULL, NULL, NULL, NULL, NULL, '', 'cc640938-a3a5-4f0e-a80e-f8d37ac216f6', 'N', 0, 0, NULL, 'RGD', NULL, NULL, 1, 0, NULL, NULL, NULL);
INSERT INTO pos.d_product VALUES (1000726, 0, 1000004, '2024-09-27 11:36:49.434031', 1000066, '2024-09-27 11:36:49.434032', 1000066, 'Y', 1000422, 'PROD1000726', 'Tr sa truyn thng S', '**', 40000.00, 30000.00, 1000018, 20.00, 'Y', 1000427, 'DRK', 'Size', 'S', NULL, NULL, NULL, NULL, NULL, NULL, NULL, NULL, '', 'aa38385d-f1c0-4028-be5f-62c1b9ec5de0', 'N', 0, 0, NULL, 'RGD', NULL, NULL, 1, 0, NULL, NULL, NULL);
INSERT INTO pos.d_product VALUES (1000621, 0, 1000004, '2024-09-18 21:18:35.252186', 1000069, '2024-09-18 21:18:35.252186', 1000069, 'Y', 1000025, 'PROD1000591', 'Cafe en', '**', 15000.00, 10000.00, 1000011, 20.00, 'N', 1000363, NULL, 'size', NULL, NULL, NULL, NULL, NULL, NULL, NULL, NULL, NULL, '', 'd135dc5c-d467-45c6-828c-37ae6359bafc', NULL, 0, 100, NULL, NULL, NULL, NULL, NULL, NULL, NULL, NULL, NULL);
INSERT INTO pos.d_product VALUES (1000766, 0, 1000004, '2024-09-28 10:48:54.664368', 1000066, '2024-09-28 10:48:54.664368', 1000066, 'Y', 1000017, 'PROD1000766', 'Banh mi bo kho', '**', 30000.00, 20000.00, NULL, 0.00, 'N', NULL, 'FOD', '', NULL, NULL, NULL, NULL, NULL, NULL, NULL, NULL, NULL, '', 'e16aa65e-5c77-4a13-9580-3014bb106338', NULL, 0, 0, NULL, 'SVC', NULL, NULL, NULL, 100, NULL, NULL, NULL);
INSERT INTO pos.d_product VALUES (1000767, 0, 1000004, '2024-09-28 10:50:00.204722', 1000066, '2024-09-28 10:50:00.204722', 1000066, 'Y', 1000017, 'PROD1000767', 'Banh mi bo kho', '**', 30000.00, 20000.00, NULL, 0.00, 'N', NULL, 'FOD', '', NULL, NULL, NULL, NULL, NULL, NULL, NULL, NULL, NULL, '', 'fc495c3f-85ba-4ba8-b518-c7f66fdb5c8c', NULL, 0, 0, NULL, 'SVC', NULL, NULL, NULL, 100, NULL, NULL, NULL);
INSERT INTO pos.d_product VALUES (1000768, 0, 1000004, '2024-09-28 10:50:47.344206', 1000066, '2024-09-28 10:50:47.344206', 1000066, 'Y', 1000017, 'PROD1000768', 'Banh mi bo kho', '**', 30000.00, 20000.00, NULL, 0.00, 'N', NULL, 'FOD', '', NULL, NULL, NULL, NULL, NULL, NULL, NULL, NULL, NULL, '', '8863e4cc-885f-4e4d-8f83-c47058f5e12a', NULL, 0, 0, NULL, 'SVC', NULL, NULL, NULL, 100, NULL, NULL, NULL);
INSERT INTO pos.d_product VALUES (1000622, 0, 1000004, '2024-09-18 21:18:35.429548', 1000069, '2024-09-18 21:18:35.429548', 1000069, 'Y', 1000025, 'PROD1000622', 'Cafe en M', '**', 15000.00, 10000.00, 1000011, 20.00, NULL, NULL, NULL, NULL, 'M', NULL, NULL, NULL, NULL, NULL, NULL, NULL, NULL, 'exampleDescription', '37846aca-747b-48b1-9ab8-1a863d5af174', 'Y', 0, 100, NULL, NULL, 1000621, NULL, NULL, NULL, NULL, NULL, NULL);
INSERT INTO pos.d_product VALUES (1000488, 0, 1000004, '2024-09-05 09:29:12.291552', 1000069, '2024-09-05 09:29:12.291553', 1000069, 'Y', 1000017, NULL, 'Cua ng  C-Y-Z', '**', 189000.00, 100000.00, 1000013, 800.00, 'Y', NULL, 'FOD', 'C', 'Y', 'Z', NULL, NULL, NULL, NULL, NULL, NULL, NULL, 'Cua dong siu ngon', '8588e8ae-8bb3-4141-9d49-598bc517ced6', 'Y', 200, 789, 1000002, 'RGD', NULL, NULL, 1, 123, NULL, NULL, 0);
INSERT INTO pos.d_product VALUES (1000661, 0, 1000004, '2024-09-19 11:20:59.529273', 1000069, '2024-09-19 11:20:59.529275', 1000069, 'Y', 1000025, 'PROD10002165', 'Cafe en', '**', 15000.00, 10000.00, 1000011, 20.00, 'N', NULL, NULL, 'size', NULL, NULL, NULL, NULL, NULL, NULL, NULL, NULL, NULL, '', '41643e0d-0318-4b5a-b9b1-0b1156edc33a', NULL, 0, 100, NULL, NULL, NULL, NULL, NULL, NULL, NULL, NULL, NULL);
INSERT INTO pos.d_product VALUES (1000662, 0, 1000004, '2024-09-19 11:20:59.580869', 1000069, '2024-09-19 11:20:59.580872', 1000069, 'Y', 1000025, 'PROD1000662', 'Cafe en M', '**', 15000.00, 10000.00, 1000011, 20.00, NULL, NULL, NULL, NULL, 'M', NULL, NULL, NULL, NULL, NULL, NULL, NULL, NULL, 'exampleDescription', '8bdd3093-3074-4f93-a15c-30bfe6b4ee3d', 'Y', 0, 100, NULL, NULL, 1000661, NULL, NULL, NULL, NULL, NULL, NULL);
INSERT INTO pos.d_product VALUES (1000485, 0, 1000004, '2024-09-05 09:29:12.275376', 1000069, '2024-09-05 09:29:12.275377', 1000069, 'Y', 1000017, NULL, 'Cua ng  C-X-Z', '**', 189000.00, 100000.00, 1000013, 800.00, 'Y', NULL, 'FOD', 'C', 'X', 'Z', NULL, NULL, NULL, NULL, NULL, NULL, NULL, 'Cua dong siu ngon', '2b868943-711d-4a2b-ab48-4bc9434ed2f5', 'Y', 200, 789, 1000002, 'RGD', NULL, NULL, 1, 123, NULL, NULL, 0);
INSERT INTO pos.d_product VALUES (1000425, 0, 1000004, '2024-09-05 09:22:46.749143', 1000069, '2024-09-05 09:22:46.749144', 1000069, 'Y', 1000017, NULL, 'Banh cuon Tay Son A-E-S', '**', 200000.00, 100000.00, 1000014, 200.00, 'Y', NULL, 'FOD', NULL, NULL, NULL, NULL, NULL, NULL, NULL, NULL, NULL, NULL, 'Banh cuon thom ngon', 'd21c1241-1f79-4cfb-ab6c-5d82def957c8', 'Y', 50, 198, 1000002, 'PRD ', NULL, NULL, 1, 15, NULL, NULL, 0);
INSERT INTO pos.d_product VALUES (1000410, 0, 1000004, '2024-09-04 17:35:07.157166', 1000069, '2024-09-04 17:35:07.157167', 1000069, 'Y', 1000017, NULL, 'Banh mi cha ca S', '**', 200000.00, 100000.00, 1000012, 10.00, 'Y', NULL, 'FOD', NULL, NULL, NULL, NULL, NULL, NULL, NULL, NULL, NULL, NULL, 'Banh mi Nha Trang', '1ee2c33e-a96c-49b0-aed7-050d45f92166', 'Y', 1, 10, 1000004, 'PRD ', NULL, NULL, 1, 10, NULL, NULL, 0);
INSERT INTO pos.d_product VALUES (1000491, 0, 1000004, '2024-09-05 09:32:37.178108', 1000069, '2024-09-05 09:32:37.178108', 1000069, 'Y', 1000023, NULL, 'Banh mi thap cam', '**', 20000.00, 10000.00, 1000012, 800.00, 'Y', NULL, 'FOD', 'Size,Size1', NULL, NULL, NULL, NULL, NULL, NULL, NULL, NULL, NULL, '', '3a10bfad-1852-4514-a0b1-84813ab4ac58', 'N', 100, 800, 1000004, 'PRD ', NULL, NULL, NULL, 10, NULL, NULL, 0);
INSERT INTO pos.d_product VALUES (1000497, 0, 1000004, '2024-09-05 09:32:37.193273', 1000069, '2024-09-05 09:32:37.193274', 1000069, 'Y', 1000023, NULL, 'Banh mi thap cam L-B', '**', 20000.00, 10000.00, 1000012, 800.00, 'Y', NULL, 'FOD', 'Size,Size1', 'L', 'B', NULL, NULL, NULL, NULL, NULL, NULL, NULL, '', '9dd45f77-d556-40ec-9ef1-9b6d9aba1156', 'Y', 100, 800, 1000004, 'PRD ', NULL, NULL, 1, 10, NULL, NULL, 0);
INSERT INTO pos.d_product VALUES (1000731, 0, 1000004, '2024-09-27 12:12:06.238061', 1000066, '2024-09-27 12:12:06.238061', 1000066, 'Y', 1000012, 'PROD1000731', 'Nuoc uong trai cay L', '**', 30000.00, 20000.00, 1000012, 1000.00, 'Y', 1000432, 'DRK', NULL, 'L', NULL, NULL, NULL, NULL, NULL, NULL, NULL, NULL, '', 'f846c1bb-4d9a-4ef6-96f7-63c0fa5931c1', 'N', 12, 989, NULL, 'SVC', 1000730, NULL, 1, 10, NULL, NULL, NULL);
INSERT INTO pos.d_product VALUES (1000377, 0, 1000004, '2024-09-03 22:22:20.589377', 1000069, '2024-09-04 14:13:15.436205', 1000069, 'Y', 1000021, NULL, 'Lau ga la giang', '**', 120000.00, 100000.00, 1000012, 10.00, 'Y', NULL, 'FOD', NULL, NULL, NULL, NULL, NULL, NULL, NULL, NULL, NULL, NULL, 'Mota chi tiet', '22cc003a-bfed-42ac-817a-3f8024fc260d', 'N', 1, 10, 1000003, 'PRD ', NULL, NULL, NULL, NULL, NULL, NULL, 0);
INSERT INTO pos.d_product VALUES (1000494, 0, 1000004, '2024-09-05 09:32:37.188409', 1000069, '2024-09-05 09:32:37.188409', 1000069, 'Y', 1000023, NULL, 'Banh mi thap cam L-A', '**', 20000.00, 10000.00, 1000012, 800.00, 'Y', NULL, 'FOD', 'Size,Size1', 'L', 'A', NULL, NULL, NULL, NULL, NULL, NULL, NULL, '', 'ed559da2-66d2-4fd3-ba95-4fd4864b51ef', 'Y', 100, 800, 1000004, 'PRD ', NULL, NULL, 1, 10, NULL, NULL, 0);
INSERT INTO pos.d_product VALUES (1000401, 0, 1000004, '2024-09-04 09:49:27.11932', 1000069, '2024-09-04 02:00:46.570109', 1000069, 'Y', 1000017, NULL, 'Banh cuon binh dinh', '**', 30000.00, 10000.00, 1000012, 10.00, 'Y', NULL, 'FOD', NULL, NULL, NULL, NULL, NULL, NULL, NULL, NULL, NULL, NULL, '', 'b2d4fbd7-5161-4c51-aebc-567ce62c036a', 'N', 1, 10, 1000003, 'PRD ', NULL, NULL, NULL, NULL, NULL, NULL, 0);
INSERT INTO pos.d_product VALUES (1000407, 0, 1000004, '2024-09-04 17:35:06.844185', 1000069, '2024-09-04 17:35:06.844187', 1000069, 'Y', 1000017, NULL, 'Banh mi cha ca', '**', 200000.00, 100000.00, 1000012, 10.00, 'Y', NULL, 'FOD', NULL, NULL, NULL, NULL, NULL, NULL, NULL, NULL, NULL, NULL, 'Banh mi Nha Trang', '8160f1d1-f395-4c9d-b277-2f7783fb7101', 'N', 1, 10, 1000004, 'PRD ', NULL, NULL, NULL, 10, NULL, NULL, 0);
INSERT INTO pos.d_product VALUES (1000386, 0, 1000004, '2024-09-04 09:23:01.505124', 1000069, '2024-09-04 02:00:46.504816', 1000069, 'Y', 1000020, NULL, 'Lau thai chua cay M', '**', 120000.00, 100000.00, 1000014, 10.00, 'Y', NULL, 'FOD', NULL, NULL, NULL, NULL, NULL, NULL, NULL, NULL, NULL, NULL, '', '75d976ed-7502-43df-a98e-5c2ac86becfb', 'Y', 1, 10, 1000003, 'PRD ', NULL, NULL, 1, NULL, NULL, NULL, 0);
INSERT INTO pos.d_product VALUES (1000625, 0, 1000004, '2024-09-18 21:53:32.34744', 1000069, '2024-09-18 21:53:32.347441', 1000069, 'Y', 1000025, 'PROD1000624', 'Cafe en', '**', 15000.00, 10000.00, 1000011, 20.00, 'N', 1000365, NULL, 'size', NULL, NULL, NULL, NULL, NULL, NULL, NULL, NULL, NULL, '', '6384f8e3-5ac9-4172-b892-a8a1aedd22a6', NULL, 0, 100, NULL, NULL, NULL, NULL, NULL, NULL, NULL, NULL, NULL);
INSERT INTO pos.d_product VALUES (1000672, 0, 1000004, '2024-09-19 11:27:17.784007', 1000069, '2024-09-19 11:27:17.78401', 1000069, 'Y', 1000031, 'PROD1000672', 'Pho kho gia lai S', '**', 30000.00, 20000.00, 1000012, 100.00, 'Y', 1000397, 'FOD', 'Size', 'S', NULL, NULL, NULL, NULL, NULL, NULL, NULL, NULL, '', '1f30aec4-890b-416c-a29a-7701eeeb36fb', 'Y', 1, 99, NULL, 'PRD ', NULL, NULL, 1, 0, NULL, NULL, NULL);
INSERT INTO pos.d_product VALUES (1000714, 0, 1000004, '2024-09-26 16:14:05.606992', 1000066, '2024-09-26 16:14:05.606993', 1000066, 'Y', 1000011, 'PROD1000714', 'Thit bo nuong', '**', 200000.00, 100000.00, 1000012, 100.00, 'Y', NULL, 'FOD', 'Size2', NULL, NULL, NULL, NULL, NULL, NULL, NULL, NULL, NULL, '', 'd2efb767-ce33-4c83-9b50-e7657f7ce519', 'Y', 12, 100, NULL, 'PRD ', NULL, NULL, NULL, 0, NULL, NULL, NULL);
INSERT INTO pos.d_product VALUES (1000715, 0, 1000004, '2024-09-26 16:14:05.629962', 1000066, '2024-09-26 16:14:05.629962', 1000066, 'Y', 1000011, 'PROD1000715', 'Thit bo nuong M', '**', 200000.00, 100000.00, 1000012, 100.00, 'Y', NULL, 'FOD', 'Size2', 'M', NULL, NULL, NULL, NULL, NULL, NULL, NULL, NULL, '', 'a2f7d305-980a-43df-9028-300d3122cee0', 'N', 12, 100, NULL, 'PRD ', NULL, NULL, 1, 0, NULL, NULL, NULL);
INSERT INTO pos.d_product VALUES (1000663, 0, 1000004, '2024-09-19 11:20:59.6402', 1000069, '2024-09-19 11:20:59.640203', 1000069, 'Y', 1000025, 'PROD1000663', 'Cafe en S', '**', 15000.00, 10000.00, 1000011, 20.00, NULL, NULL, NULL, NULL, 'S', NULL, NULL, NULL, NULL, NULL, NULL, NULL, NULL, 'exampleDescription', 'cabf76b2-f2ae-4110-bd39-8f053c44a563', 'Y', 0, 100, NULL, NULL, 1000661, NULL, NULL, NULL, NULL, NULL, NULL);
INSERT INTO pos.d_product VALUES (1000732, 0, 1000004, '2024-09-27 12:12:06.691291', 1000066, '2024-09-27 12:12:06.691291', 1000066, 'Y', 1000012, 'PROD1000732', 'Nuoc uong trai cay M', '**', 30000.00, 20000.00, 1000012, 1000.00, 'Y', 1000433, 'DRK', NULL, 'M', NULL, NULL, NULL, NULL, NULL, NULL, NULL, NULL, '', '300db2a3-aa79-4922-8e29-14f7d250edfd', 'N', 12, 989, NULL, 'SVC', 1000730, NULL, 1, 10, NULL, NULL, NULL);
INSERT INTO pos.d_product VALUES (1000716, 0, 1000004, '2024-09-26 16:14:05.648824', 1000066, '2024-09-26 23:04:01.832968', 1000066, 'Y', 1000011, 'PROD1000716', 'Thit bo nuong S', '**', 3000.00, 100000.00, 1000012, 100.00, 'Y', NULL, 'FOD', 'Size2', 'S', NULL, NULL, NULL, NULL, NULL, NULL, NULL, NULL, '', '237993e4-ae44-4753-855d-930879fea271', 'N', 12, 100, NULL, 'PRD ', NULL, NULL, 1, 0, NULL, NULL, NULL);
INSERT INTO pos.d_product VALUES (1000670, 0, 1000004, '2024-09-19 11:27:15.488802', 1000069, '2024-09-19 11:27:15.488806', 1000069, 'Y', 1000031, 'PROD88952', 'Pho kho gia lai', '**', 30000.00, 20000.00, 1000012, 100.00, 'Y', 1000395, 'FOD', 'Size', NULL, NULL, NULL, NULL, NULL, NULL, NULL, NULL, NULL, '', '4aa2eb1d-fae3-49bf-bb87-8db7171ae661', 'N', 1, 99, NULL, 'PRD ', NULL, NULL, NULL, 0, NULL, NULL, NULL);
INSERT INTO pos.d_product VALUES (1000671, 0, 1000004, '2024-09-19 11:27:16.663056', 1000069, '2024-09-19 11:27:16.663058', 1000069, 'Y', 1000031, 'PROD1000671', 'Pho kho gia lai M', '**', 30000.00, 20000.00, 1000012, 100.00, 'Y', 1000396, 'FOD', 'Size', 'M', NULL, NULL, NULL, NULL, NULL, NULL, NULL, NULL, '', '387bcf99-fb30-4b66-a758-58b7461b8d3b', 'Y', 1, 99, NULL, 'PRD ', NULL, NULL, 1, 0, NULL, NULL, NULL);
INSERT INTO pos.d_product VALUES (1000398, 0, 1000004, '2024-09-04 09:47:43.979436', 1000069, '2024-09-04 15:15:05.191186', 1000069, 'Y', 1000020, NULL, 'Banh trung nuong B', '**', 120000.00, 100000.00, 1000014, 10.00, 'Y', NULL, 'FOD', NULL, NULL, NULL, NULL, NULL, NULL, NULL, NULL, NULL, NULL, 'Banh nong va thom', 'fedaf007-0756-4dde-9401-04d385bb2556', 'Y', 1, 10, 1000003, 'PRD ', NULL, NULL, 1, NULL, NULL, NULL, 0);
INSERT INTO pos.d_product VALUES (1000733, 0, 1000004, '2024-09-27 12:12:07.137871', 1000066, '2024-09-27 12:12:07.137872', 1000066, 'Y', 1000012, 'PROD1000733', 'Nuoc uong trai cay S', '**', 30000.00, 20000.00, 1000012, 1000.00, 'Y', 1000434, 'DRK', NULL, 'S', NULL, NULL, NULL, NULL, NULL, NULL, NULL, NULL, '', '82760918-4db4-43bb-885d-0ab01e84fda1', 'N', 12, 989, NULL, 'SVC', 1000730, NULL, 1, 10, NULL, NULL, NULL);
INSERT INTO pos.d_product VALUES (1000136, 0, 1000004, '2024-08-07 09:13:50.255333', 1000069, '2024-09-04 02:00:45.541015', 1000069, 'Y', 1000016, 'PR000022', 'G hp hnh', '**', 20050.00, 50.00, 1000013, 20.00, 'N', NULL, NULL, NULL, NULL, NULL, 'exampleAttribute4', 'exampleAttribute5', 'exampleAttribute6', 'exampleAttribute7', 'exampleAttribute8', 'exampleAttribute9', 'exampleAttribute10', 'exampleDescription', '0d95ecc4-80a9-469a-a67f-05cc9ae51be3', 'Y', 0, 100, 1000003, NULL, NULL, NULL, NULL, NULL, NULL, NULL, 0);
INSERT INTO pos.d_product VALUES (1000730, 0, 1000004, '2024-09-27 12:12:05.758931', 1000066, '2024-10-02 10:36:18.147943', 1000066, 'Y', 1000012, 'PROD1000727', 'Nuoc uong trai cay', '**', 16000.00, 20000.00, 1000012, 1000.00, 'Y', 1000431, 'DRK', 'Size1', NULL, NULL, NULL, NULL, NULL, NULL, NULL, NULL, NULL, '', '44fa99ea-7871-470c-96a7-b345f21fac36', 'Y', 12, 989, NULL, 'SVC', NULL, NULL, NULL, 10, NULL, NULL, NULL);
INSERT INTO pos.d_product VALUES (1000770, 0, 1000004, '2024-09-28 11:14:01.724966', 1000066, '2024-09-28 11:14:01.724967', 1000066, 'Y', 1000423, 'PROD1000770', 'Sa ng th', '**', 2000.00, 1000.00, NULL, 0.00, 'N', NULL, 'DRK', '', NULL, NULL, NULL, NULL, NULL, NULL, NULL, NULL, NULL, '', 'ae595ff8-aa0d-4bf3-8221-2e67f73022f7', 'Y', 0, 0, NULL, 'PRD ', NULL, NULL, NULL, 0, NULL, NULL, NULL);
INSERT INTO pos.d_product VALUES (1000786, 0, 1000004, '2024-09-28 11:58:26.065583', 1000066, '2024-09-28 11:58:26.065585', 1000066, 'Y', 1000423, 'PROD1000786', 'Cafe sa c 2 ', '**', 12000.00, 10000.00, NULL, 0.00, 'N', NULL, 'DRK', 'Size', NULL, NULL, NULL, NULL, NULL, NULL, NULL, NULL, NULL, '', 'd6ed8384-16a7-4020-bc65-7715d2e243f6', NULL, 0, 0, NULL, 'SVC', NULL, NULL, NULL, 0, NULL, NULL, NULL);
INSERT INTO pos.d_product VALUES (1000734, 0, 1000004, '2024-09-27 13:11:42.213003', 1000066, '2024-09-27 13:11:42.213003', 1000066, 'Y', 1000017, 'PROD1000734', 'Lau ga la giang', '**', 30000.00, 20000.00, 1000012, 100.00, 'Y', 1000435, 'FOD', 'Size', NULL, NULL, NULL, NULL, NULL, NULL, NULL, NULL, NULL, '', '01fb74da-ed41-4101-b81b-11e7d417435c', 'Y', 1, 100, NULL, 'PRD ', NULL, NULL, NULL, 10, NULL, NULL, NULL);
INSERT INTO pos.d_product VALUES (1000132, 0, 1000004, '2024-08-07 09:13:10.801467', 1000069, '2024-09-04 02:00:45.675051', 1000069, 'Y', 1000016, 'PR000020', 'G nng nng giy bc', '**', 20050.00, 50.00, 1000013, 20.00, 'N', NULL, NULL, NULL, NULL, NULL, 'exampleAttribute4', 'exampleAttribute5', 'exampleAttribute6', 'exampleAttribute7', 'exampleAttribute8', 'exampleAttribute9', 'exampleAttribute10', 'exampleDescription', '7f20acff-f45b-48af-be8d-15cc98db86ff', 'Y', 0, 100, 1000003, NULL, NULL, NULL, NULL, NULL, NULL, NULL, 0);
INSERT INTO pos.d_product VALUES (1000473, 0, 1000004, '2024-09-05 09:29:12.120152', 1000069, '2024-09-05 09:29:12.120153', 1000069, 'Y', 1000017, NULL, 'Cua ng  A-X-Z', '**', 189000.00, 100000.00, 1000013, 800.00, 'Y', NULL, 'FOD', 'A', 'X', 'Z', NULL, NULL, NULL, NULL, NULL, NULL, NULL, 'Cua dong siu ngon', '0acf121a-6eb3-4ec9-b30d-5a4f16b717bb', 'Y', 200, 789, 1000002, 'RGD', NULL, NULL, 1, 123, NULL, NULL, 0);
INSERT INTO pos.d_product VALUES (1000416, 0, 1000004, '2024-09-05 09:22:46.712827', 1000069, '2024-09-05 09:22:46.712828', 1000069, 'Y', 1000017, NULL, 'Banh cuon Tay Son A-D-M', '**', 200000.00, 100000.00, 1000014, 200.00, 'Y', NULL, 'FOD', NULL, NULL, NULL, NULL, NULL, NULL, NULL, NULL, NULL, NULL, 'Banh cuon thom ngon', '13ee051d-784a-40b2-ae50-190dce9bb16b', 'Y', 50, 198, 1000002, 'PRD ', NULL, NULL, 1, 15, NULL, NULL, 0);
INSERT INTO pos.d_product VALUES (1000446, 0, 1000004, '2024-09-05 09:22:46.832944', 1000069, '2024-09-05 09:22:46.832944', 1000069, 'Y', 1000017, NULL, 'Banh cuon Tay Son B-F-M', '**', 200000.00, 100000.00, 1000014, 200.00, 'Y', NULL, 'FOD', NULL, NULL, NULL, NULL, NULL, NULL, NULL, NULL, NULL, NULL, 'Banh cuon thom ngon', '6f27b8d1-edb8-43e9-8abe-ff6cb222c01d', 'Y', 50, 198, 1000002, 'PRD ', NULL, NULL, 1, 15, NULL, NULL, 0);
INSERT INTO pos.d_product VALUES (1000735, 0, 1000004, '2024-09-27 13:11:43.604719', 1000066, '2024-09-27 13:11:43.60472', 1000066, 'Y', 1000017, 'PROD1000735', 'Lau ga la giang A', '**', 30000.00, 20000.00, 1000012, 100.00, 'Y', 1000436, 'FOD', NULL, 'A', NULL, NULL, NULL, NULL, NULL, NULL, NULL, NULL, '', '77c97942-f98f-43be-b721-3397556f320c', 'N', 1, 100, NULL, 'PRD ', 1000734, NULL, 1, 10, NULL, NULL, NULL);
INSERT INTO pos.d_product VALUES (1000371, 0, 1000004, '2024-09-02 22:44:57.201828', 1000069, '2024-09-04 14:13:15.422815', 1000069, 'Y', 1000021, NULL, 'Tra sua tran chau duong den M', '**', 30000.00, 10000.00, 1000012, 1000.00, 'Y', NULL, 'FOD', NULL, NULL, NULL, NULL, NULL, NULL, NULL, NULL, NULL, NULL, '', '9b8c9c74-0e1c-4255-8574-a5a709dace49', 'Y', 800, 1000, 1000003, 'CBP', NULL, NULL, 1, NULL, NULL, NULL, 0);
INSERT INTO pos.d_product VALUES (1000434, 0, 1000004, '2024-09-05 09:22:46.798956', 1000069, '2024-09-05 09:22:46.798957', 1000069, 'Y', 1000017, NULL, 'Banh cuon Tay Son B-D-M', '**', 200000.00, 100000.00, 1000014, 200.00, 'Y', NULL, 'FOD', NULL, NULL, NULL, NULL, NULL, NULL, NULL, NULL, NULL, NULL, 'Banh cuon thom ngon', '5e75b03d-4709-4c5f-8d45-98ab098dda96', 'Y', 50, 198, 1000002, 'PRD ', NULL, NULL, 1, 15, NULL, NULL, 0);
INSERT INTO pos.d_product VALUES (1000368, 0, 1000004, '2024-09-02 22:44:57.145339', 1000069, '2024-09-04 14:13:15.419436', 1000069, 'Y', 1000021, NULL, 'Tra sua tran chau duong den', '**', 30000.00, 10000.00, 1000012, 1000.00, 'Y', NULL, 'FOD', NULL, NULL, NULL, NULL, NULL, NULL, NULL, NULL, NULL, NULL, '', '2b218196-2473-4c9f-9124-1addde785a82', 'N', 800, 1000, 1000003, 'CBP', NULL, NULL, NULL, NULL, NULL, NULL, 0);
INSERT INTO pos.d_product VALUES (1000419, 0, 1000004, '2024-09-05 09:22:46.722084', 1000069, '2024-09-05 09:22:46.722085', 1000069, 'Y', 1000017, NULL, 'Banh cuon Tay Son A-D-S', '**', 200000.00, 100000.00, 1000014, 200.00, 'Y', NULL, 'FOD', NULL, NULL, NULL, NULL, NULL, NULL, NULL, NULL, NULL, NULL, 'Banh cuon thom ngon', '7f67401d-d9f7-4431-ab26-fce8468c7cd1', 'Y', 50, 198, 1000002, 'PRD ', NULL, NULL, 1, 15, NULL, NULL, 0);
INSERT INTO pos.d_product VALUES (1000574, 1000016, 1000009, '2024-09-11 18:14:23.700732', 1000071, '2024-09-13 16:21:57.805917', 1000071, 'Y', 1000033, 'PROD1000573', 'Thp hp m km Z080: 14mmx14mmx1.40mmx6.0m', '**', 123000.00, 32000.00, 1000017, 607.00, 'Y', NULL, NULL, '', NULL, NULL, NULL, NULL, NULL, NULL, NULL, NULL, NULL, '', '350b0b04-9af6-4360-888b-0ef5a0607ce2', 'N', 0, 0, NULL, 'RGD', NULL, NULL, NULL, 0, NULL, 'VTS', 0);
INSERT INTO pos.d_product VALUES (1000440, 0, 1000004, '2024-09-05 09:22:46.816153', 1000069, '2024-09-05 09:22:46.816153', 1000069, 'Y', 1000017, NULL, 'Banh cuon Tay Son B-E-M', '**', 200000.00, 100000.00, 1000014, 200.00, 'Y', NULL, 'FOD', NULL, NULL, NULL, NULL, NULL, NULL, NULL, NULL, NULL, NULL, 'Banh cuon thom ngon', 'ada744a3-0fc0-49e7-938e-7973ebda4444', 'Y', 50, 198, 1000002, 'PRD ', NULL, NULL, 1, 15, NULL, NULL, 0);
INSERT INTO pos.d_product VALUES (1000452, 0, 1000004, '2024-09-05 09:22:46.854447', 1000069, '2024-09-05 09:22:46.854447', 1000069, 'Y', 1000017, NULL, 'Banh cuon Tay Son C-D-M', '**', 200000.00, 100000.00, 1000014, 200.00, 'Y', NULL, 'FOD', NULL, NULL, NULL, NULL, NULL, NULL, NULL, NULL, NULL, NULL, 'Banh cuon thom ngon', 'e2c4d7d1-3943-4284-b312-7338b19540dd', 'Y', 50, 198, 1000002, 'PRD ', NULL, NULL, 1, 15, NULL, NULL, 0);
INSERT INTO pos.d_product VALUES (1000736, 0, 1000004, '2024-09-27 13:11:47.525102', 1000066, '2024-09-27 13:11:47.525103', 1000066, 'Y', 1000017, 'PROD1000736', 'Lau ga la giang S', '**', 30000.00, 20000.00, 1000012, 100.00, 'Y', 1000437, 'FOD', NULL, 'S', NULL, NULL, NULL, NULL, NULL, NULL, NULL, NULL, '', '031414ff-6677-4d88-9339-7bbc8d050371', 'N', 1, 100, NULL, 'PRD ', 1000734, NULL, 1, 10, NULL, NULL, NULL);
INSERT INTO pos.d_product VALUES (1000461, 0, 1000004, '2024-09-05 09:22:46.908884', 1000069, '2024-09-05 09:22:46.908884', 1000069, 'Y', 1000017, NULL, 'Banh cuon Tay Son C-E-S', '**', 200000.00, 100000.00, 1000014, 200.00, 'Y', NULL, 'FOD', NULL, NULL, NULL, NULL, NULL, NULL, NULL, NULL, NULL, NULL, 'Banh cuon thom ngon', '09c087fa-ea8d-46ac-98bd-cfd941d9efb8', 'Y', 50, 198, 1000002, 'PRD ', NULL, NULL, 1, 15, NULL, NULL, 0);
INSERT INTO pos.d_product VALUES (1000771, 0, 1000004, '2024-09-28 11:15:06.055885', 1000066, '2024-09-28 11:15:06.055886', 1000066, 'Y', 1000423, 'PROD1000771', 'Cafe Sa c', '**', 18000.00, 16000.00, NULL, 0.00, 'N', NULL, 'FOD', '', NULL, NULL, NULL, NULL, NULL, NULL, NULL, NULL, NULL, '', 'caed48f2-6851-4413-9735-447ebcd75d40', 'N', 0, 0, NULL, 'PRD ', NULL, NULL, NULL, 0, NULL, NULL, NULL);
INSERT INTO pos.d_product VALUES (1000140, 0, 1000004, '2024-08-07 09:36:49.212538', 1000069, '2024-09-04 15:20:48.009515', 1000069, 'Y', 1000016, 'PR000025', 'Combo G Quay', '**', 20050.00, 50.00, 1000012, 20.00, 'N', NULL, NULL, NULL, NULL, NULL, 'exampleAttribute4', 'exampleAttribute5', 'exampleAttribute6', 'exampleAttribute7', 'exampleAttribute8', 'exampleAttribute9', 'exampleAttribute10', 'exampleDescription', '14d30cd4-7f3e-45ec-a963-8d3a2cd6a17e', 'Y', 0, 100, 1000003, NULL, NULL, NULL, NULL, NULL, NULL, NULL, 0);
INSERT INTO pos.d_product VALUES (1000506, 0, 1000004, '2024-09-05 09:32:37.206769', 1000069, '2024-10-02 02:35:08.857163', 1000066, 'Y', 1000023, NULL, 'Banh mi thap cam S-A', '**', 16000.00, 10000.00, 1000012, 803.00, 'Y', NULL, 'FOD', 'Size,Size1', 'S', 'A', NULL, NULL, NULL, NULL, NULL, NULL, NULL, '', '5296c168-740a-4405-84e9-c0171e6485f1', 'Y', 100, 800, 1000004, 'PRD ', NULL, NULL, 1, 10, NULL, NULL, 0);
INSERT INTO pos.d_product VALUES (1000134, 0, 1000004, '2024-08-07 09:13:29.518318', 1000069, '2024-09-04 02:00:45.702478', 1000069, 'Y', 1000016, 'PR000021', 'G nng nng ng tre', '**', 20050.00, 50.00, 1000013, 20.00, 'N', NULL, NULL, NULL, NULL, NULL, 'exampleAttribute4', 'exampleAttribute5', 'exampleAttribute6', 'exampleAttribute7', 'exampleAttribute8', 'exampleAttribute9', 'exampleAttribute10', 'exampleDescription', '8b030807-95eb-493b-925f-a1b2ccbe6c95', 'Y', 0, 100, 1000003, NULL, NULL, NULL, NULL, NULL, NULL, NULL, 0);
INSERT INTO pos.d_product VALUES (1000127, 0, 1000004, '2024-08-07 09:12:12.14143', 1000069, '2024-09-04 02:00:45.574779', 1000069, 'Y', 1000016, 'PR000017', 'G nng mui t', '**', 20050.00, 50.00, 1000013, 20.00, 'N', NULL, NULL, NULL, NULL, NULL, 'exampleAttribute4', 'exampleAttribute5', 'exampleAttribute6', 'exampleAttribute7', 'exampleAttribute8', 'exampleAttribute9', 'exampleAttribute10', 'exampleDescription', 'fb83378d-df23-4087-a3b8-a13787a448da', 'Y', 0, 100, 1000003, NULL, NULL, NULL, NULL, NULL, NULL, NULL, 0);
INSERT INTO pos.d_product VALUES (1000476, 0, 1000004, '2024-09-05 09:29:12.227909', 1000069, '2024-09-05 09:29:12.227909', 1000069, 'Y', 1000017, NULL, 'Cua ng  A-Y-Z', '**', 189000.00, 100000.00, 1000013, 800.00, 'Y', NULL, 'FOD', 'A', 'Y', 'Z', NULL, NULL, NULL, NULL, NULL, NULL, NULL, 'Cua dong siu ngon', '08c59b50-0823-4e46-a588-a920de6bf982', 'Y', 200, 789, 1000002, 'RGD', NULL, NULL, 1, 123, NULL, NULL, 0);
INSERT INTO pos.d_product VALUES (1000106, 0, 1000004, '2024-08-04 12:09:40.176206', 1000069, '2024-09-04 04:34:21.036267', 1000069, 'Y', 1000012, 'PR000009', 'Shochu Tensonkorin Imo 720ml', '**', 20050.00, 50.00, 1000011, 20.00, 'N', NULL, NULL, NULL, NULL, NULL, NULL, NULL, NULL, NULL, NULL, NULL, NULL, NULL, 'f21eafbb-2ca7-44b5-9fd5-95ee50aeff7d', 'Y', 0, 100, 1000003, NULL, NULL, NULL, NULL, NULL, NULL, NULL, 0);
INSERT INTO pos.d_product VALUES (1000108, 0, 1000004, '2024-08-04 12:10:19.14418', 1000069, '2024-09-04 04:34:20.996148', 1000069, 'Y', 1000012, 'PR000011', 'Sake Suishin Kome no Kiwami Junmai 15-16% 720ml', '**', 20050.00, 50.00, 1000011, 20.00, 'N', NULL, NULL, NULL, NULL, NULL, NULL, NULL, NULL, NULL, NULL, NULL, NULL, NULL, 'b9d5c078-e89a-43ac-bc34-9b0aa1f43e30', 'Y', 0, 100, 1000003, NULL, NULL, NULL, NULL, NULL, NULL, NULL, 0);
INSERT INTO pos.d_product VALUES (1000119, 0, 1000004, '2024-08-04 12:21:04.50402', 1000069, '2024-09-04 14:13:15.368467', 1000069, 'Y', 1000014, 'PR000016', 'Tht, Sn D Nng Nng Mi', '**', 20050.00, 50.00, 1000012, 20.00, 'N', NULL, NULL, NULL, NULL, NULL, NULL, NULL, NULL, NULL, NULL, NULL, NULL, NULL, 'eb2a4223-8fa3-40f2-a36c-a5f18bbdc649', 'Y', 0, 100, 1000003, NULL, NULL, NULL, NULL, NULL, NULL, NULL, 0);
INSERT INTO pos.d_product VALUES (1000111, 0, 1000004, '2024-08-04 12:15:41.444076', 1000069, '2024-09-04 15:20:47.98204', 1000069, 'Y', 1000013, 'PR000013', 'Xo ln', '**', 20050.00, 50.00, 1000012, 20.00, 'N', NULL, NULL, NULL, NULL, NULL, NULL, NULL, NULL, NULL, NULL, NULL, NULL, NULL, '28024dfd-fa00-45a1-8c7c-c3967c1b2aa3', 'Y', 0, 100, 1000003, NULL, NULL, NULL, NULL, NULL, NULL, NULL, 0);
INSERT INTO pos.d_product VALUES (1000482, 0, 1000004, '2024-09-05 09:29:12.262778', 1000069, '2024-09-05 09:29:12.262779', 1000069, 'Y', 1000017, NULL, 'Cua ng  B-Y-Z', '**', 189000.00, 100000.00, 1000013, 800.00, 'Y', NULL, 'FOD', 'B', 'Y', 'Z', NULL, NULL, NULL, NULL, NULL, NULL, NULL, 'Cua dong siu ngon', 'a5c4ca7b-5c26-43cc-9daa-c0838d01940a', 'Y', 200, 789, 1000002, 'RGD', NULL, NULL, 1, 123, NULL, NULL, 0);
INSERT INTO pos.d_product VALUES (1000103, 0, 1000004, '2024-08-04 12:05:48.822935', 1000069, '2024-09-04 01:53:41.984398', 1000069, 'Y', 1000011, 'PR000002', 'B Wagyu Nht A5 Nng Que', '**', 70000.00, 50000.00, 1000010, 20.00, 'N', NULL, NULL, NULL, NULL, NULL, NULL, NULL, NULL, NULL, NULL, NULL, NULL, NULL, 'ba0c87de-1622-47fc-8da4-858be439f83d', 'Y', 0, 100, 1000003, NULL, NULL, NULL, NULL, NULL, NULL, NULL, 0);
INSERT INTO pos.d_product VALUES (1000112, 0, 1000004, '2024-08-04 12:15:57.24203', 1000069, '2024-09-04 04:34:21.120088', 1000069, 'Y', 1000013, 'PR000014', 'i th', '**', 20050.00, 50.00, 1000012, 20.00, 'N', NULL, NULL, NULL, NULL, NULL, NULL, NULL, NULL, NULL, NULL, NULL, NULL, NULL, '8abae216-39ec-4f24-ac08-de1f66e7e796', 'Y', 0, 100, 1000003, NULL, NULL, NULL, NULL, NULL, NULL, NULL, 0);
INSERT INTO pos.d_product VALUES (1000139, 0, 1000004, '2024-08-07 09:33:47.26964', 1000069, '2024-09-12 15:09:19.645743', 1000069, 'Y', 1000012, 'PR000024', 'Pepsi', '**', 30000.00, 10000.00, 1000011, 23.00, 'N', NULL, 'DRINK', NULL, NULL, NULL, 'exampleAttribute4', 'exampleAttribute5', 'exampleAttribute6', 'exampleAttribute7', 'exampleAttribute8', 'exampleAttribute9', 'exampleAttribute10', 'exampleDescription', 'd2079047-19fd-4417-9221-1a8f9401c567', 'Y', 0, 100, 1000002, 'RG', NULL, NULL, NULL, NULL, NULL, NULL, 0);
INSERT INTO pos.d_product VALUES (1000109, 0, 1000004, '2024-08-04 12:15:19.426606', 1000069, '2024-09-19 07:41:31.710341', 1000069, 'Y', 1000013, 'PR000012', 'Tit canh th', '**', 20050.00, 50.00, 1000012, 20.00, 'N', NULL, NULL, NULL, NULL, NULL, NULL, NULL, NULL, NULL, NULL, NULL, NULL, NULL, '4c6195c5-68d9-461f-b404-c1c021e611e7', 'Y', 0, 100, 1000003, NULL, NULL, NULL, NULL, NULL, NULL, NULL, 0);
INSERT INTO pos.d_product VALUES (1000428, 0, 1000004, '2024-09-05 09:22:46.77719', 1000069, '2024-09-05 09:22:46.777191', 1000069, 'Y', 1000017, NULL, 'Banh cuon Tay Son A-F-M', '**', 200000.00, 100000.00, 1000014, 200.00, 'Y', NULL, 'FOD', NULL, NULL, NULL, NULL, NULL, NULL, NULL, NULL, NULL, NULL, 'Banh cuon thom ngon', 'aa2e85a2-fc5a-4fb3-bd4e-cd9dd6f3ef31', 'Y', 50, 198, 1000002, 'PRD ', NULL, NULL, 1, 15, NULL, NULL, 0);
INSERT INTO pos.d_product VALUES (1000562, 1000016, 1000009, '2024-09-11 17:57:24.636877', 1000071, '2024-09-11 17:57:24.636877', 1000071, 'Y', 1000032, 'PROD1000561', 'Tn lnh AZ100 ph AF: 0.50mmx1200mm G550', '**', 56000.00, 40000.00, 1000016, 1200.00, 'Y', NULL, NULL, '', NULL, NULL, NULL, NULL, NULL, NULL, NULL, NULL, NULL, '', 'f70a88c8-2a2d-4057-828a-718d84462041', 'N', 0, 0, NULL, 'RGD', NULL, NULL, NULL, 0, NULL, 'VTS', 0);
INSERT INTO pos.d_product VALUES (1000536, 1000016, 1000009, '2024-09-11 16:32:36.640331', 1000071, '2024-09-12 15:33:32.488921', 1000071, 'Y', 1000032, 'PROD1000536', 'Tn lnh AZ070 ph AF: 0.18mmx1200mm G550', '**', 43000.00, 20000.00, 1000016, 1006.00, 'Y', NULL, NULL, '', NULL, NULL, NULL, NULL, NULL, NULL, NULL, NULL, NULL, '', '0c5da061-329f-4bb4-8b8f-233bce9294da', 'N', 0, 0, NULL, 'RGD', NULL, NULL, NULL, 0, NULL, 'VTS', 0);
INSERT INTO pos.d_product VALUES (1000568, 1000016, 1000009, '2024-09-11 18:10:24.89649', 1000071, '2024-09-11 18:10:24.896491', 1000071, 'Y', 1000033, 'PROD1000567', 'Thp hp m km Z080: 13mmx26mmx1.00mmx6.0m', '**', 120000.00, 40000.00, 1000017, 900.00, 'Y', NULL, NULL, '', NULL, NULL, NULL, NULL, NULL, NULL, NULL, NULL, NULL, '', '73c8dc99-ac07-4fc8-8111-06577e0aa0c9', 'N', 0, 0, NULL, 'RGD', NULL, NULL, NULL, 0, NULL, 'VTS', 0);
INSERT INTO pos.d_product VALUES (1000565, 1000016, 1000009, '2024-09-11 17:59:37.357366', 1000071, '2024-09-12 18:13:12.061294', 1000071, 'Y', 1000032, 'PROD1000564', 'Tn lnh AZ100 ph AF: 0.45mmx1000mm G550', '**', 45000.00, 30000.00, 1000016, 1309.00, 'Y', NULL, NULL, '', NULL, NULL, NULL, NULL, NULL, NULL, NULL, NULL, NULL, '', '7827fe15-dddc-403a-b113-f023f35e87b0', 'N', 0, 0, NULL, 'RGD', NULL, NULL, NULL, 0, NULL, 'VTS', 0);
INSERT INTO pos.d_product VALUES (1000467, 0, 1000004, '2024-09-05 09:22:46.931828', 1000069, '2024-09-05 09:22:46.931829', 1000069, 'Y', 1000017, NULL, 'Banh cuon Tay Son C-F-S', '**', 200000.00, 100000.00, 1000014, 200.00, 'Y', NULL, 'FOD', NULL, NULL, NULL, NULL, NULL, NULL, NULL, NULL, NULL, NULL, 'Banh cuon thom ngon', 'efc4b8f6-adef-4ed3-8ad0-83caa6a4edd8', 'Y', 50, 198, 1000002, 'PRD ', NULL, NULL, 1, 15, NULL, NULL, 0);
INSERT INTO pos.d_product VALUES (1000470, 0, 1000004, '2024-09-05 09:29:12.100408', 1000069, '2024-09-05 09:29:12.100408', 1000069, 'Y', 1000017, NULL, 'Cua ng ', '**', 189000.00, 100000.00, 1000013, 800.00, 'Y', NULL, 'FOD', NULL, NULL, NULL, NULL, NULL, NULL, NULL, NULL, NULL, NULL, 'Cua dong siu ngon', '60bf7c6c-57b4-4e7e-bb35-b8ddc5122ad4', 'N', 200, 789, 1000002, 'RGD', NULL, NULL, NULL, 123, NULL, NULL, 0);
INSERT INTO pos.d_product VALUES (1000422, 0, 1000004, '2024-09-05 09:22:46.733548', 1000069, '2024-09-05 09:22:46.733549', 1000069, 'Y', 1000017, NULL, 'Banh cuon Tay Son A-E-M', '**', 200000.00, 100000.00, 1000014, 200.00, 'Y', NULL, 'FOD', NULL, NULL, NULL, NULL, NULL, NULL, NULL, NULL, NULL, NULL, 'Banh cuon thom ngon', '1eb6abd3-7dbc-4d1b-8735-47b2c1c2413a', 'Y', 50, 198, 1000002, 'PRD ', NULL, NULL, 1, 15, NULL, NULL, 0);
INSERT INTO pos.d_product VALUES (1000449, 0, 1000004, '2024-09-05 09:22:46.842291', 1000069, '2024-09-05 09:22:46.842292', 1000069, 'Y', 1000017, NULL, 'Banh cuon Tay Son B-F-S', '**', 200000.00, 100000.00, 1000014, 200.00, 'Y', NULL, 'FOD', NULL, NULL, NULL, NULL, NULL, NULL, NULL, NULL, NULL, NULL, 'Banh cuon thom ngon', 'c3d8a309-3be6-4fc1-ac6f-306450c4bcea', 'Y', 50, 198, 1000002, 'PRD ', NULL, NULL, 1, 15, NULL, NULL, 0);
INSERT INTO pos.d_product VALUES (1000682, 0, 1000004, '2024-09-25 03:14:35.299439', 0, '2024-09-25 03:14:35.299439', 0, 'Y', 1000016, 'PRO1000457', 'Trng g ', NULL, NULL, NULL, 1000013, NULL, 'Y', NULL, NULL, NULL, NULL, NULL, NULL, NULL, NULL, NULL, NULL, NULL, NULL, NULL, '23c99e85-1da7-470a-b619-73df982eee66', 'N', NULL, NULL, 1000003, NULL, NULL, NULL, NULL, NULL, NULL, NULL, 0);
INSERT INTO pos.d_product VALUES (1000684, 0, 1000004, '2024-09-25 03:14:35.299439', 0, '2024-09-25 03:14:35.299439', 0, 'Y', 1000016, 'PRO1000459', 'C chua', NULL, NULL, NULL, 1000013, NULL, 'Y', NULL, NULL, NULL, NULL, NULL, NULL, NULL, NULL, NULL, NULL, NULL, NULL, NULL, '332d2049-452c-45a9-9f82-61a129f040c6', 'N', NULL, NULL, 1000003, NULL, NULL, NULL, NULL, NULL, NULL, NULL, 0);
INSERT INTO pos.d_product VALUES (1000686, 0, 1000004, '2024-09-25 03:17:16.337818', 0, '2024-09-25 03:17:16.337818', 0, 'Y', 1000020, 'PRO1000461', 'Chanh', NULL, NULL, NULL, 1000013, NULL, 'Y', NULL, NULL, NULL, NULL, NULL, NULL, NULL, NULL, NULL, NULL, NULL, NULL, NULL, 'ab5fe201-0006-4a59-9935-72e8d064c26b', 'N', NULL, NULL, 1000003, NULL, NULL, NULL, NULL, NULL, NULL, NULL, 0);
INSERT INTO pos.d_product VALUES (1000692, 0, 1000004, '2024-09-25 03:17:16.337818', 0, '2024-09-25 03:17:16.337818', 0, 'Y', 1000020, 'PRO1000467', 'Tm s', NULL, NULL, NULL, 1000013, NULL, 'Y', NULL, NULL, NULL, NULL, NULL, NULL, NULL, NULL, NULL, NULL, NULL, NULL, NULL, 'a0398e2b-d086-4149-a279-84541f41f7f9', 'N', NULL, NULL, 1000003, NULL, NULL, NULL, NULL, NULL, NULL, NULL, 0);
INSERT INTO pos.d_product VALUES (1000690, 0, 1000004, '2024-09-25 03:17:16.337818', 0, '2024-09-25 03:17:16.337818', 0, 'Y', 1000020, 'PRO1000465', 'Gi ng sen tm tht', NULL, NULL, NULL, 1000013, NULL, 'Y', NULL, NULL, NULL, NULL, NULL, NULL, NULL, NULL, NULL, NULL, NULL, NULL, NULL, '7f228793-eda1-43b5-a76f-32736c749932', 'N', NULL, NULL, 1000003, NULL, NULL, NULL, NULL, NULL, NULL, NULL, 0);


--
-- TOC entry 5409 (class 0 OID 385779)
-- Dependencies: 246
-- Data for Name: d_product_category; Type: TABLE DATA; Schema: pos; Owner: -
--

INSERT INTO pos.d_product_category VALUES (1000007, 1000003, 1000003, '2024-07-12 00:00:00', 0, '2024-07-12 00:00:00', 0, 'Y', 'OTMK', 'ng thp m km', '4c6e44c5-c4d9-42c6-836e-09d492ece489', NULL, 'N', NULL, NULL, NULL);
INSERT INTO pos.d_product_category VALUES (1000008, 1000001, 1000002, '2024-07-12 00:00:00', 1000037, '2024-07-12 00:00:00', 1000037, 'Y', 'KNN', 'Tn lnh mu', 'adc1ae75-363a-4408-9849-eb903bfaa81f', NULL, 'N', NULL, NULL, NULL);
INSERT INTO pos.d_product_category VALUES (1000002, 1000001, 1000002, '2024-07-09 00:00:00', 0, '2024-07-09 00:00:00', 0, 'Y', 'TMK', 'ng nha PPR', '4b555da7-e067-4c66-a784-97eaf77f0f74', NULL, 'N', NULL, NULL, NULL);
INSERT INTO pos.d_product_category VALUES (1000005, 1000001, 1000002, '2024-07-12 00:00:00', 1000037, '2024-07-12 00:00:00', 1000037, 'Y', 'TD', 'ng nha uPVC', '59cd0599-e9b0-4033-89a7-6e3432a4ba4b', NULL, 'N', NULL, NULL, NULL);
INSERT INTO pos.d_product_category VALUES (1000010, 1000003, 1000003, '2024-07-24 00:00:00', 1000068, '2024-08-03 00:00:00', 1000068, 'Y', 'THD', 'Tn lnh', 'cb24b569-d7d0-47fd-9eba-be553f890dc9', NULL, 'N', NULL, NULL, NULL);
INSERT INTO pos.d_product_category VALUES (1000013, 1000016, 1000004, '2024-08-04 00:00:00', 1000069, '2024-08-04 00:00:00', 1000069, 'Y', '100002', 'Mn Th', '43915509-2a31-4e7f-b7f6-543aeb7634b2', NULL, 'N', NULL, NULL, NULL);
INSERT INTO pos.d_product_category VALUES (1000012, 1000016, 1000004, '2024-08-04 00:00:00', 1000069, '2024-08-04 00:00:00', 1000069, 'Y', '100001', ' Ung', '13e8e945-fc38-429f-acf3-8e3ae0ffba10', NULL, 'N', NULL, NULL, NULL);
INSERT INTO pos.d_product_category VALUES (1000014, 1000016, 1000004, '2024-08-04 00:00:00', 1000069, '2024-08-04 00:00:00', 1000069, 'Y', '100003', 'Mn D', '08c3c58e-89c4-41c4-9d88-d201b0405180', NULL, 'N', NULL, NULL, NULL);
INSERT INTO pos.d_product_category VALUES (1000011, 1000016, 1000004, '2024-08-04 00:00:00', 1000069, '2024-08-04 00:00:00', 1000069, 'Y', '100000', 'Cc mn b', '7ecfeaa1-1232-4e6a-a5a1-32eb74d6cde2', NULL, 'N', NULL, NULL, NULL);
INSERT INTO pos.d_product_category VALUES (1000016, 1000016, 1000004, '2024-08-07 00:00:00', 1000069, '2024-08-07 00:00:00', 1000069, 'Y', '100003', 'G quay - G rn', '09bfaca7-201b-4898-a4b2-e340d9d324af', NULL, 'N', NULL, NULL, NULL);
INSERT INTO pos.d_product_category VALUES (1000019, 1000016, 1000004, '2024-08-26 00:00:00', 1000069, '2024-08-26 00:00:00', 1000069, 'Y', '10000068', 'Mn kem', 'a779596b-9073-4bbf-a13a-7379c02f0a23', NULL, NULL, NULL, NULL, NULL);
INSERT INTO pos.d_product_category VALUES (1000018, 1000016, 1000004, '2024-08-14 00:00:00', 1000069, '2024-08-26 00:00:00', 1000069, 'N', '100004', ' chay', 'bcf6a2e1-69fa-4431-9822-6a99c9f067cb', 1000017, 'N', NULL, NULL, NULL);
INSERT INTO pos.d_product_category VALUES (1000022, 1000016, 1000004, '2024-08-26 00:00:00', 1000069, '2024-08-26 00:00:00', 1000069, 'N', '1000087', 'Mn M', 'db5c64f6-41d1-4127-9245-2c67a7a1fbc6', 1000017, NULL, NULL, NULL, NULL);
INSERT INTO pos.d_product_category VALUES (1000020, 1000016, 1000004, '2024-08-26 00:00:00', 1000069, '2024-08-26 00:00:00', 1000069, 'Y', '100004', ' nng', '5eb721f6-fb93-4604-bbbf-11c99676a857', NULL, NULL, NULL, NULL, NULL);
INSERT INTO pos.d_product_category VALUES (1000017, 1000016, 1000004, '2024-08-14 00:00:00', 1000069, '2024-08-26 00:00:00', 1000069, 'Y', '100003', 'Mn n', '459427d6-506c-4079-b0f7-f643a5908f71', NULL, 'N', NULL, NULL, NULL);
INSERT INTO pos.d_product_category VALUES (1000023, 1000016, 1000004, '2024-08-26 00:00:00', 1000069, '2024-08-26 00:00:00', 1000069, 'N', '1239856', 'Mn ', 'f16ff30c-e80d-4409-98dd-6ce4b501dc9f', 1000017, NULL, NULL, NULL, NULL);
INSERT INTO pos.d_product_category VALUES (1000021, 1000016, 1000004, '2024-08-26 00:00:00', 1000069, '2024-08-26 00:00:00', 1000069, 'N', '1050002', 'Mn nng', '7b320d76-689b-4238-a23e-bd7faf7e6c3e', 1000017, NULL, NULL, NULL, NULL);
INSERT INTO pos.d_product_category VALUES (1000025, 1000016, 1000004, '2024-08-30 08:35:46.779116', 1000069, '2024-08-30 08:35:46.779116', 1000069, 'Y', NULL, 'Cafe', '57a7e69b-f455-4718-8dd4-9d15a2442f25', NULL, NULL, NULL, NULL, NULL);
INSERT INTO pos.d_product_category VALUES (1000032, 1000022, 1000009, '2024-09-11 15:05:26.260591', 1000071, '2024-09-11 15:05:26.260593', 1000071, 'Y', '1000001', 'Tn lnh', '50fef776-2066-4da8-927e-56f2d885de79', NULL, NULL, NULL, NULL, NULL);
INSERT INTO pos.d_product_category VALUES (1000033, 1000022, 1000009, '2024-09-11 15:15:24.381795', 1000071, '2024-09-11 15:15:24.381797', 1000071, 'Y', '1000002', 'Thp hp', '55a88fa5-19d2-4034-8018-3c59d8d245a4', NULL, NULL, NULL, NULL, NULL);
INSERT INTO pos.d_product_category VALUES (1000034, 1000022, 1000009, '2024-09-11 15:15:38.952881', 1000071, '2024-09-11 15:15:38.952883', 1000071, 'Y', '1000003', 'Thp V', '97451d6f-c053-4555-b19e-46d765669942', NULL, NULL, NULL, NULL, NULL);
INSERT INTO pos.d_product_category VALUES (1000030, 1000016, 1000004, '2024-09-11 14:44:28.200734', 1000069, '2024-09-26 17:11:18.868845', 1000066, 'N', NULL, 'Mn ', 'a7351cb8-3c5b-4d5f-af43-af2bbe75477e', 1000029, NULL, NULL, NULL, NULL);
INSERT INTO pos.d_product_category VALUES (1000028, 1000016, 1000004, '2024-09-11 14:42:58.649815', 1000069, '2024-09-26 23:31:20.662442', 1000066, 'Y', NULL, 'Mn Chu Phi', '223752d3-438c-49be-adcd-aa71b53a6d29', NULL, NULL, NULL, NULL, NULL);
INSERT INTO pos.d_product_category VALUES (1000029, 1000016, 1000004, '2024-09-11 14:43:43.572896', 1000069, '2024-09-26 23:31:23.720979', 1000066, 'Y', NULL, 'Mn Chu Phi 1', '77bcf0b7-c74e-4382-84fb-7202b11cf124', 1000028, NULL, NULL, NULL, NULL);
INSERT INTO pos.d_product_category VALUES (1000031, 1000016, 1000004, '2024-09-11 14:47:55.168811', 1000069, '2024-09-26 23:31:26.385168', 1000066, 'Y', NULL, 'Mn trng ming', '4c3c5731-0e59-4ee8-a102-4d826af5a6ca', NULL, NULL, NULL, NULL, NULL);
INSERT INTO pos.d_product_category VALUES (1000405, 0, 1000004, '2024-09-25 23:55:32.487608', 1000069, '2024-09-25 23:55:32.487608', 1000069, 'N', 'HHDonguongTesst', 'HH  Loi sn phm Test  ung', 'c87c6f5d-1017-464a-97bf-bcf6f65a49ad', NULL, 'N', NULL, 1006288, NULL);
INSERT INTO pos.d_product_category VALUES (1000406, 0, 1000004, '2024-09-25 23:55:32.600077', 1000069, '2024-09-25 23:55:32.600077', 1000069, 'Y', 'DU01', ' ung', '6c7b7f00-0270-4df3-a569-c8e5d72f5eb4', NULL, 'N', NULL, 1006263, NULL);
INSERT INTO pos.d_product_category VALUES (1000407, 0, 1000004, '2024-09-25 23:55:32.650843', 1000069, '2024-09-25 23:55:32.650843', 1000069, 'N', 'TESTHANGHOA', 'Test nhm hng ha', '6c0d074f-167a-41c1-83d8-64800998563c', NULL, 'N', NULL, 1006291, NULL);
INSERT INTO pos.d_product_category VALUES (1000408, 0, 1000004, '2024-09-25 23:55:32.709627', 1000069, '2024-09-25 23:55:32.709627', 1000069, 'N', 'SynCategory25', 'SynCategory25', 'c6523258-c1b6-46da-8cd6-35a36ac18b81', NULL, 'N', NULL, 1006446, NULL);
INSERT INTO pos.d_product_category VALUES (1000409, 0, 1000004, '2024-09-25 23:55:32.740872', 1000069, '2024-09-25 23:55:32.740872', 1000069, 'N', 'SynCategory26', 'SynCategory26', '55f77190-2f36-4250-8ecb-b5548ae586b1', NULL, 'N', NULL, 1006447, NULL);
INSERT INTO pos.d_product_category VALUES (1000410, 0, 1000004, '2024-09-25 23:55:32.782605', 1000069, '2024-09-25 23:55:32.782605', 1000069, 'N', 'DVT01', 'Dch v tm khon', 'f82428a9-f0cc-494a-a062-ccae38207d93', NULL, 'N', NULL, 1006454, NULL);
INSERT INTO pos.d_product_category VALUES (1000411, 0, 1000004, '2024-09-25 23:55:32.85893', 1000069, '2024-09-25 23:55:32.85893', 1000069, 'Y', '001', ' n', '8cf0116b-c938-46b5-bda3-9a29ae28610a', NULL, 'N', NULL, 1006458, NULL);
INSERT INTO pos.d_product_category VALUES (1000412, 0, 1000004, '2024-09-25 23:55:33.145474', 1000069, '2024-09-25 23:55:33.145474', 1000069, 'N', 'FO', 'Open Food', '6268757f-27fd-4dff-9bcb-610bef5b2d72', NULL, 'N', NULL, 1006467, NULL);
INSERT INTO pos.d_product_category VALUES (1000413, 0, 1000004, '2024-09-25 23:55:33.744815', 1000069, '2024-09-25 23:55:33.744815', 1000069, 'Y', 'DV01', '4. Dch v', '7396f455-cef5-4e10-845b-515c9e7e0fc9', NULL, 'N', NULL, 1006251, NULL);
INSERT INTO pos.d_product_category VALUES (1000414, 0, 1000004, '2024-09-25 23:55:33.778583', 1000069, '2024-09-25 23:55:33.778583', 1000069, 'Y', 'NTP01', '01. Mn u', 'bc270fdc-afbd-4de0-bede-fe699d6d91cd', NULL, 'N', NULL, 1006295, NULL);
INSERT INTO pos.d_product_category VALUES (1000415, 0, 1000004, '2024-09-25 23:55:33.836281', 1000069, '2024-09-25 23:55:33.836281', 1000069, 'N', 'MA', '02. Mn ', 'b1e7ca87-a85d-4678-8ff2-da9288aba2f7', NULL, 'N', NULL, 1006261, NULL);
INSERT INTO pos.d_product_category VALUES (1000416, 0, 1000004, '2024-09-25 23:55:33.904609', 1000069, '2024-09-25 23:55:33.904609', 1000069, 'N', 'CGR POS RES', 'CGR POS RES', 'a9c37fa1-c5ba-4f38-9d9b-5fbb1a4b4eca', NULL, 'N', NULL, 1006456, NULL);
INSERT INTO pos.d_product_category VALUES (1000417, 0, 1000004, '2024-09-25 23:55:33.947476', 1000069, '2024-09-25 23:55:33.947476', 1000069, 'N', '005', 'To Bom', '4b72e47d-5b4a-47fd-9400-58101eddcc88', NULL, 'N', NULL, 1006465, NULL);
INSERT INTO pos.d_product_category VALUES (1000418, 1000019, 1000004, '2024-09-26 14:09:43.015085', 1000066, '2024-09-26 14:09:43.015086', 1000066, 'Y', '1122', 'Nhm C ph', 'cdd5dc66-c2ed-4a06-96e2-5d9bfea72848', NULL, 'N', NULL, NULL, NULL);
INSERT INTO pos.d_product_category VALUES (1000421, 1000016, 1000004, '2024-09-26 23:40:41.494127', 1000066, '2024-09-26 23:40:41.494128', 1000066, 'Y', 'P125122', 'Mon Tay Ban Nha', '8d124e8b-655e-49ef-be56-a5e9fb42edbb', NULL, 'Y', NULL, NULL, NULL);
INSERT INTO pos.d_product_category VALUES (1000419, 1000016, 1000004, '2024-09-26 17:15:33.069725', 1000066, '2024-09-26 23:58:30.552988', 1000066, 'N', 'P10020102', 'Mn Trung', '099a01b1-84c2-452f-b648-27e877fdcc90', NULL, 'Y', NULL, NULL, NULL);
INSERT INTO pos.d_product_category VALUES (1000420, 1000016, 1000004, '2024-09-26 23:31:55.199151', 1000066, '2024-09-26 23:58:54.946376', 1000066, 'Y', '100000301', 'Mon Nhat ban', '9ce8e786-a648-4d36-afbb-10583f425a2a', 1000421, 'Y', NULL, NULL, NULL);
INSERT INTO pos.d_product_category VALUES (1000422, 1000016, 1000004, '2024-09-27 11:32:58.187639', 1000066, '2024-09-27 11:32:58.18764', 1000066, 'Y', 'NTEST', 'Tr sa', 'a25fdb7a-2ebd-46f5-8d3b-804f1fd2d20b', 1000420, 'N', NULL, NULL, NULL);
INSERT INTO pos.d_product_category VALUES (1000423, 1000016, 1000004, '2024-09-27 13:11:29.779798', 1000066, '2024-09-27 13:11:29.7798', 1000066, 'Y', 'CAT1000422', 'Nhm1', 'f6b2ddb1-8475-4694-9dc4-d49a2df3c586', NULL, 'N', NULL, NULL, NULL);
INSERT INTO pos.d_product_category VALUES (1000424, 1000016, 1000004, '2024-09-27 14:35:08.668888', 1000066, '2024-09-27 14:35:08.668889', 1000066, 'Y', 'NHOM5', 'Tea', '21a3be3d-bac9-498c-9c9e-1a366a7ac68b', 1000420, 'N', NULL, NULL, NULL);


--
-- TOC entry 5410 (class 0 OID 385787)
-- Dependencies: 247
-- Data for Name: d_product_combo; Type: TABLE DATA; Schema: pos; Owner: -
--

INSERT INTO pos.d_product_combo VALUES (1000009, 0, 1000004, '2024-09-05 09:29:12.173001', 1000069, '2024-09-05 09:29:12.173001', 1000069, 1000473, 1000136, NULL, '3594fe53-3584-4284-9062-3598a4c3c368', 'Y', 'Y', 1);
INSERT INTO pos.d_product_combo VALUES (1000010, 0, 1000004, '2024-09-05 09:29:12.174811', 1000069, '2024-09-05 09:29:12.174811', 1000069, 1000473, 1000139, NULL, '33fb1f15-94cf-4919-a4c6-21326c40708c', 'N', 'Y', NULL);
INSERT INTO pos.d_product_combo VALUES (1000011, 0, 1000004, '2024-09-05 09:29:12.229968', 1000069, '2024-09-05 09:29:12.229968', 1000069, 1000476, 1000136, NULL, '1e76a182-fedd-4934-80df-ddf090f5b7d5', 'Y', 'Y', 1);
INSERT INTO pos.d_product_combo VALUES (1000012, 0, 1000004, '2024-09-05 09:29:12.230608', 1000069, '2024-09-05 09:29:12.230608', 1000069, 1000476, 1000139, NULL, 'd5b22fba-e472-40fc-91e8-f79c38dbcaf6', 'N', 'Y', NULL);
INSERT INTO pos.d_product_combo VALUES (1000013, 0, 1000004, '2024-09-05 09:29:12.248149', 1000069, '2024-09-05 09:29:12.248149', 1000069, 1000479, 1000136, NULL, '58f527f0-5a1f-4310-b96b-cb972cc28feb', 'Y', 'Y', 1);
INSERT INTO pos.d_product_combo VALUES (1000014, 0, 1000004, '2024-09-05 09:29:12.248811', 1000069, '2024-09-05 09:29:12.248811', 1000069, 1000479, 1000139, NULL, 'aa6826c9-29de-4dcf-8b0b-7103a2b96b0c', 'N', 'Y', NULL);
INSERT INTO pos.d_product_combo VALUES (1000015, 0, 1000004, '2024-09-05 09:29:12.264747', 1000069, '2024-09-05 09:29:12.264748', 1000069, 1000482, 1000136, NULL, '13f52a4d-5a78-4bbe-ba0f-7ae614a45cc1', 'Y', 'Y', 1);
INSERT INTO pos.d_product_combo VALUES (1000016, 0, 1000004, '2024-09-05 09:29:12.265614', 1000069, '2024-09-05 09:29:12.265614', 1000069, 1000482, 1000139, NULL, '4b65a9a0-a8b1-4727-8065-00af67eb3c9c', 'N', 'Y', NULL);
INSERT INTO pos.d_product_combo VALUES (1000017, 0, 1000004, '2024-09-05 09:29:12.277187', 1000069, '2024-09-05 09:29:12.277187', 1000069, 1000485, 1000136, NULL, '786fd678-be2a-45d7-8fd7-f96f6c16d28c', 'Y', 'Y', 1);
INSERT INTO pos.d_product_combo VALUES (1000018, 0, 1000004, '2024-09-05 09:29:12.277783', 1000069, '2024-09-05 09:29:12.277783', 1000069, 1000485, 1000139, NULL, '308388f9-8967-49d1-adfe-0c2762ab417b', 'N', 'Y', NULL);
INSERT INTO pos.d_product_combo VALUES (1000019, 0, 1000004, '2024-09-05 09:29:12.293814', 1000069, '2024-09-05 09:29:12.293814', 1000069, 1000488, 1000136, NULL, '43bbbadb-759f-4aa0-a121-11cf5034edfd', 'Y', 'Y', 1);
INSERT INTO pos.d_product_combo VALUES (1000020, 0, 1000004, '2024-09-05 09:29:12.294394', 1000069, '2024-09-05 09:29:12.294395', 1000069, 1000488, 1000139, NULL, 'd229d748-4384-429a-9233-ac988a335049', 'N', 'Y', NULL);
INSERT INTO pos.d_product_combo VALUES (1000005, 0, 1000004, '2024-08-07 09:38:07.440257', 1000069, '2024-08-07 09:38:07.440258', 1000069, 1000140, 1000134, NULL, 'a6af6846-5ada-47b8-873d-87108b5e9c62', 'Y', 'Y', NULL);
INSERT INTO pos.d_product_combo VALUES (1000006, 0, 1000004, '2024-08-07 09:39:07.501267', 1000069, '2024-08-07 09:39:07.501268', 1000069, 1000140, 1000139, NULL, '22a60488-8c78-49dc-9b4e-7922ba573aa4', 'Y', 'Y', NULL);
INSERT INTO pos.d_product_combo VALUES (1000023, 0, 1000004, '2024-09-25 03:27:05.037592', 1000069, '2024-09-25 03:27:05.037592', 1000069, 1000680, 1000681, NULL, 'fba27557-0691-4394-8aa2-89e08acbc846', 'N', 'Y', NULL);
INSERT INTO pos.d_product_combo VALUES (1000024, 0, 1000004, '2024-09-25 03:27:05.037592', 1000069, '2024-09-25 03:27:05.037592', 1000069, 1000680, 1000682, NULL, 'fce11fd1-b316-4c3c-b4df-1c665d1a935a', 'N', 'Y', NULL);
INSERT INTO pos.d_product_combo VALUES (1000025, 0, 1000004, '2024-09-25 03:27:05.037592', 1000069, '2024-09-25 03:27:05.037592', 1000069, 1000680, 1000683, NULL, '5ed46851-befe-4984-a5a6-8affa9d0d751', 'N', 'Y', NULL);
INSERT INTO pos.d_product_combo VALUES (1000026, 0, 1000004, '2024-09-25 03:27:05.037592', 1000069, '2024-09-25 03:27:05.037592', 1000069, 1000680, 1000684, NULL, '98456576-e36c-4783-b2af-939b52c463a6', 'N', 'Y', NULL);
INSERT INTO pos.d_product_combo VALUES (1000027, 0, 1000004, '2024-09-25 03:27:05.037592', 1000069, '2024-09-25 03:27:05.037592', 1000069, 1000685, 1000686, NULL, '4e3873fe-d848-466f-b321-0736493c2774', 'N', 'Y', NULL);
INSERT INTO pos.d_product_combo VALUES (1000028, 0, 1000004, '2024-09-25 03:27:05.037592', 1000069, '2024-09-25 03:27:05.037592', 1000069, 1000687, 1000688, NULL, '34e598e4-d828-4514-9d56-73abaee2eb7b', 'N', 'Y', NULL);
INSERT INTO pos.d_product_combo VALUES (1000029, 0, 1000004, '2024-09-25 03:27:05.037592', 1000069, '2024-09-25 03:27:05.037592', 1000069, 1000687, 1000689, NULL, '83eda4c5-3490-4668-bed3-0c0161a2b837', 'N', 'Y', NULL);
INSERT INTO pos.d_product_combo VALUES (1000030, 0, 1000004, '2024-09-25 03:27:05.037592', 1000069, '2024-09-25 03:27:05.037592', 1000069, 1000690, 1000691, NULL, 'e60f8191-30e0-474e-8fa6-41f188f009cf', 'N', 'Y', NULL);
INSERT INTO pos.d_product_combo VALUES (1000031, 0, 1000004, '2024-09-25 03:27:05.037592', 1000069, '2024-09-25 03:27:05.037592', 1000069, 1000690, 1000692, NULL, '50d812ea-02cf-40fc-a6d1-cb5666696dd1', 'N', 'Y', NULL);
INSERT INTO pos.d_product_combo VALUES (1000032, 0, 1000004, '2024-09-25 03:27:05.037592', 1000069, '2024-09-25 03:27:05.037592', 1000069, 1000693, 1000694, NULL, '5b8f3e76-1896-4bcf-890f-6d9b241dced9', 'N', 'Y', NULL);
INSERT INTO pos.d_product_combo VALUES (1000033, 0, 1000004, '2024-09-25 03:27:05.037592', 1000069, '2024-09-25 03:27:05.037592', 1000069, 1000695, 1000696, NULL, '5d982f26-dcc6-4f13-b4a1-2198f8eb4534', 'N', 'Y', NULL);
INSERT INTO pos.d_product_combo VALUES (1000034, 0, 1000004, '2024-09-25 03:27:05.037592', 1000069, '2024-09-25 03:27:05.037592', 1000069, 1000695, 1000697, NULL, '86d718bf-42a1-4455-ba44-a08633b01433', 'N', 'Y', NULL);
INSERT INTO pos.d_product_combo VALUES (1000059, 0, 1000004, '2024-09-28 11:58:15.246484', 1000066, '2024-09-28 11:58:15.246484', 1000066, 1000782, 1000775, NULL, '5f7d57f9-b62c-42a5-885e-58aad03474ec', 'Y', 'Y', 1);
INSERT INTO pos.d_product_combo VALUES (1000060, 0, 1000004, '2024-09-28 11:58:26.150453', 1000066, '2024-09-28 11:58:26.150453', 1000066, 1000786, 1000770, NULL, 'cd113291-3c76-42a2-ae74-3d2970c907ec', 'Y', 'Y', 1);


--
-- TOC entry 5505 (class 0 OID 393046)
-- Dependencies: 343
-- Data for Name: d_product_location; Type: TABLE DATA; Schema: pos; Owner: -
--



--
-- TOC entry 5521 (class 0 OID 393403)
-- Dependencies: 359
-- Data for Name: d_production; Type: TABLE DATA; Schema: pos; Owner: -
--

INSERT INTO pos.d_production VALUES (1000016, 1000004, 0, 1000680, 1000001, 'PRO1000001', NULL, NULL, 3, 'DRA', NULL, '2024-09-25 14:08:30.490651', 1000069, '2024-09-25 14:08:30.490651', 1000069, '9e6acc24-cb95-47cd-bb0b-b6b7f7da29f8', 'Y', 'N', 'N', NULL, NULL, NULL);
INSERT INTO pos.d_production VALUES (1000021, 1000004, 1000016, 1000690, 1000001, 'PRO1000017', NULL, NULL, 1, 'DRA', NULL, '2024-10-01 08:15:20.735036', 1000066, '2024-10-01 08:15:20.735036', 1000066, '6e6a6d03-bfb1-4b8e-b80b-f90e5fdb5925', 'Y', 'N', 'N', NULL, NULL, NULL);
INSERT INTO pos.d_production VALUES (1000022, 1000004, 1000016, 1000690, 1000001, 'PRO1000022', NULL, NULL, 1, 'COM', NULL, '2024-10-01 09:01:54.331944', 1000066, '2024-10-01 09:51:36.131569', 1000066, 'abe0aa9f-caee-4fc4-bc15-56935fb6828c', 'Y', 'N', 'N', NULL, NULL, NULL);
INSERT INTO pos.d_production VALUES (1000026, 1000004, 1000016, 1000680, 1000001, 'PRO1000026', NULL, NULL, 4, 'COM', NULL, '2024-10-01 12:04:26.964452', 1000066, '2024-10-01 22:38:51.447836', 1000066, '2cf45a7d-9309-4e1b-8901-e3d86b7b8b8a', 'Y', 'N', 'N', NULL, NULL, NULL);
INSERT INTO pos.d_production VALUES (1000027, 1000004, 0, 1000693, 1000001, 'PRO1000027', NULL, NULL, 2, 'COM', NULL, '2024-10-01 22:42:08.383027', 1000066, '2024-10-01 22:42:15.364146', 1000066, '69362817-6ee2-4e2b-a05c-f53c4a68d269', 'Y', 'N', 'N', NULL, NULL, NULL);
INSERT INTO pos.d_production VALUES (1000025, 1000004, 1000016, 1000687, 1000001, 'PRO1000023', NULL, NULL, 2, 'COM', NULL, '2024-10-01 12:04:16.361793', 1000066, '2024-10-01 22:42:19.646639', 1000066, 'a06f7322-2084-472d-9f9c-50d6d83393f0', 'Y', 'N', 'N', NULL, NULL, NULL);
INSERT INTO pos.d_production VALUES (1000028, 1000004, 0, 1000690, 1000001, 'PRO1000028', NULL, NULL, 3, 'DRA', NULL, '2024-10-01 22:42:39.093392', 1000066, '2024-10-01 22:42:39.093392', 1000066, 'e065a35f-2c05-4bb9-a77a-fbc8a07a00a1', 'Y', 'N', 'N', NULL, NULL, NULL);
INSERT INTO pos.d_production VALUES (1000029, 1000004, 0, 1000693, 1000001, 'PRO1000029', NULL, NULL, 2, 'DRA', NULL, '2024-10-02 10:21:53.132058', 1000066, '2024-10-02 10:21:53.132059', 1000066, '9755855d-6f1c-4d9e-8b95-d8710a23f250', 'Y', 'N', 'N', NULL, NULL, NULL);


--
-- TOC entry 5523 (class 0 OID 393431)
-- Dependencies: 361
-- Data for Name: d_productionline; Type: TABLE DATA; Schema: pos; Owner: -
--

INSERT INTO pos.d_productionline VALUES (1000000, 1000021, 1000004, 1000016, NULL, 1000690, 'Y', NULL, NULL, '2024-10-01 08:15:23.259319', 1000066, '2024-10-01 08:15:23.259319', 1000066, 'bd8990e8-8ce7-4718-802f-4bee20969aaa', 'Y');
INSERT INTO pos.d_productionline VALUES (1000001, 1000021, 1000004, 1000016, NULL, 1000691, 'N', NULL, NULL, '2024-10-01 08:15:23.266837', 1000066, '2024-10-01 08:15:23.266837', 1000066, 'a5dfb580-885e-4712-9492-4c0d89d72570', 'Y');
INSERT INTO pos.d_productionline VALUES (1000002, 1000021, 1000004, 1000016, NULL, 1000692, 'N', NULL, NULL, '2024-10-01 08:15:23.271835', 1000066, '2024-10-01 08:15:23.271835', 1000066, '377ed4fc-f1c8-4b0d-8d63-7543590f4b77', 'Y');
INSERT INTO pos.d_productionline VALUES (1000003, 1000022, 1000004, 1000016, NULL, 1000690, 'Y', NULL, NULL, '2024-10-01 09:01:54.581793', 1000066, '2024-10-01 09:01:54.581793', 1000066, 'a7bed7ee-5f3b-4d46-af86-adfecab9eb8e', 'Y');
INSERT INTO pos.d_productionline VALUES (1000004, 1000022, 1000004, 1000016, NULL, 1000691, 'N', NULL, NULL, '2024-10-01 09:01:54.596601', 1000066, '2024-10-01 09:01:54.596601', 1000066, '5887ff4c-a1e0-47b2-a849-ea5a2648350b', 'Y');
INSERT INTO pos.d_productionline VALUES (1000005, 1000022, 1000004, 1000016, NULL, 1000692, 'N', NULL, NULL, '2024-10-01 09:01:54.602837', 1000066, '2024-10-01 09:01:54.602837', 1000066, '3b9997d6-1bca-4d54-ab60-0463251b940d', 'Y');
INSERT INTO pos.d_productionline VALUES (1000006, 1000025, 1000004, 1000016, NULL, 1000687, 'Y', NULL, NULL, '2024-10-01 12:04:16.636485', 1000066, '2024-10-01 12:04:16.636485', 1000066, 'f50c9af6-8257-4e1b-8957-78ece81b73dc', 'Y');
INSERT INTO pos.d_productionline VALUES (1000007, 1000025, 1000004, 1000016, NULL, 1000688, 'N', NULL, NULL, '2024-10-01 12:04:16.645344', 1000066, '2024-10-01 12:04:16.645344', 1000066, 'a10c5b6c-0811-471e-8d66-a2d2758c741b', 'Y');
INSERT INTO pos.d_productionline VALUES (1000008, 1000025, 1000004, 1000016, NULL, 1000689, 'N', NULL, NULL, '2024-10-01 12:04:16.650402', 1000066, '2024-10-01 12:04:16.650402', 1000066, '729df5c9-090c-48d6-8e99-ff4a6ee9cfc2', 'Y');
INSERT INTO pos.d_productionline VALUES (1000009, 1000026, 1000004, 1000016, NULL, 1000680, 'Y', NULL, NULL, '2024-10-01 12:04:27.024392', 1000066, '2024-10-01 12:04:27.024392', 1000066, 'b05c29b4-6ee4-4ae5-9efd-2d1c9a841552', 'Y');
INSERT INTO pos.d_productionline VALUES (1000010, 1000026, 1000004, 1000016, NULL, 1000681, 'N', NULL, NULL, '2024-10-01 12:04:27.029437', 1000066, '2024-10-01 12:04:27.029437', 1000066, 'd7973fb3-c310-41d3-b9d2-7e9ebbdaecf8', 'Y');
INSERT INTO pos.d_productionline VALUES (1000011, 1000026, 1000004, 1000016, NULL, 1000682, 'N', NULL, NULL, '2024-10-01 12:04:27.03823', 1000066, '2024-10-01 12:04:27.03823', 1000066, '743134cb-661e-4cea-aee9-8190f4268a20', 'Y');
INSERT INTO pos.d_productionline VALUES (1000012, 1000026, 1000004, 1000016, NULL, 1000683, 'N', NULL, NULL, '2024-10-01 12:04:27.044857', 1000066, '2024-10-01 12:04:27.044857', 1000066, 'd7e274e3-81c4-498a-8c45-249307a7a91d', 'Y');
INSERT INTO pos.d_productionline VALUES (1000013, 1000026, 1000004, 1000016, NULL, 1000684, 'N', NULL, NULL, '2024-10-01 12:04:27.050447', 1000066, '2024-10-01 12:04:27.050447', 1000066, '1433243c-91b7-4e97-9d9d-c62c78b0a58b', 'Y');
INSERT INTO pos.d_productionline VALUES (1000014, 1000027, 1000004, 0, NULL, 1000693, 'Y', NULL, NULL, '2024-10-01 22:42:08.475157', 1000066, '2024-10-01 22:42:08.475157', 1000066, '9e31358b-b9e7-40a0-87b4-7d0f8e76bd3f', 'Y');
INSERT INTO pos.d_productionline VALUES (1000015, 1000027, 1000004, 0, NULL, 1000694, 'N', NULL, NULL, '2024-10-01 22:42:08.486466', 1000066, '2024-10-01 22:42:08.486467', 1000066, 'f56a83a7-0ce3-4b6a-bbb4-8047269220e2', 'Y');
INSERT INTO pos.d_productionline VALUES (1000016, 1000028, 1000004, 0, NULL, 1000690, 'Y', NULL, NULL, '2024-10-01 22:42:39.118167', 1000066, '2024-10-01 22:42:39.118167', 1000066, 'a75bf5d1-5457-400a-82e7-b26b1e9dd7cb', 'Y');
INSERT INTO pos.d_productionline VALUES (1000017, 1000028, 1000004, 0, NULL, 1000691, 'N', NULL, NULL, '2024-10-01 22:42:39.121447', 1000066, '2024-10-01 22:42:39.121447', 1000066, '18e52476-c000-477e-8953-25ddf24bd2c8', 'Y');
INSERT INTO pos.d_productionline VALUES (1000018, 1000028, 1000004, 0, NULL, 1000692, 'N', NULL, NULL, '2024-10-01 22:42:39.124587', 1000066, '2024-10-01 22:42:39.124614', 1000066, '877903e7-494b-4b82-9f4b-fa661a9224b5', 'Y');
INSERT INTO pos.d_productionline VALUES (1000019, 1000029, 1000004, 0, NULL, 1000693, 'Y', NULL, NULL, '2024-10-02 10:21:53.178526', 1000066, '2024-10-02 10:21:53.178527', 1000066, 'e335385e-fdcd-4282-8ec4-95fff2bde13e', 'Y');
INSERT INTO pos.d_productionline VALUES (1000020, 1000029, 1000004, 0, NULL, 1000694, 'N', NULL, NULL, '2024-10-02 10:21:53.180447', 1000066, '2024-10-02 10:21:53.180448', 1000066, 'cee50609-723f-4ddd-a568-db279195a80b', 'Y');


--
-- TOC entry 5533 (class 0 OID 394286)
-- Dependencies: 379
-- Data for Name: d_purchase_order; Type: TABLE DATA; Schema: pos; Owner: -
--

INSERT INTO pos.d_purchase_order VALUES (1000005, 1000004, 1000016, 1000005, NULL, 1000085, 'PO1000004', 'DRA', '2024-09-11 17:15:09.151058', 10000, 'Nhap hang', '2024-09-11 17:15:09.245721', 1000069, '2024-09-11 17:15:09.245721', 1000069, '0790fca2-3a03-456a-8f60-6d73b8518507', 'Y', NULL);
INSERT INTO pos.d_purchase_order VALUES (1000007, 1000004, 1000016, 1000005, 1000042, 1000085, 'PO1000006', 'DRA', '2024-09-11 17:15:09.151058', 10000, 'Nhap hang', '2024-09-11 17:16:40.405613', 1000069, '2024-09-11 17:16:40.405613', 1000069, 'bfa7b2a6-1554-4683-bbf4-e1d272e4a359', 'Y', NULL);
INSERT INTO pos.d_purchase_order VALUES (1000013, 1000004, 1000016, 1000005, 1000042, 1000085, 'PO1000012', 'DRA', '2024-09-11 17:33:22.239484', 10000, 'Nhap hang', '2024-09-11 17:33:22.305044', 1000069, '2024-09-11 17:33:22.305044', 1000069, 'c0107e4d-b5ff-4143-904d-bd442c5dd3be', 'Y', NULL);
INSERT INTO pos.d_purchase_order VALUES (1000015, 1000004, 1000016, 1000005, 1000042, 1000085, 'PO1000014', 'DRA', '2024-09-11 17:33:22.239484', 10000, 'Nhap hang', '2024-09-11 17:33:50.19666', 1000069, '2024-09-11 17:33:50.19666', 1000069, '65a97d02-5b5e-4a85-8e62-03657460610e', 'Y', NULL);
INSERT INTO pos.d_purchase_order VALUES (1000017, 1000004, 1000016, 1000005, 1000042, 1000085, 'PO1000016', 'DRA', '2024-09-12 14:39:49.825669', 10000, 'Nhap hang', '2024-09-12 14:39:49.900086', 1000069, '2024-09-12 14:39:49.900089', 1000069, '586f08b0-f625-471c-95cd-2a385fcb03bd', 'Y', NULL);
INSERT INTO pos.d_purchase_order VALUES (1000023, 1000004, 1000016, 1000005, 1000069, 1000081, 'PO1000022', 'DRA', '2024-09-12 14:39:49.825669', 60000, '', '2024-09-12 15:00:36.605168', 1000069, '2024-09-12 15:00:36.605169', 1000069, 'd22e5dc8-5bd9-4569-a9ab-b65a822887de', 'Y', NULL);
INSERT INTO pos.d_purchase_order VALUES (1000025, 1000004, 1000016, 1000005, 1000069, 1000081, 'PO1000024', 'DRA', '2024-09-12 14:39:49.825669', 30000, '', '2024-09-12 15:05:13.24396', 1000069, '2024-09-12 15:05:13.243961', 1000069, '79b662ec-5cdf-4b76-af20-d902a525447e', 'Y', NULL);
INSERT INTO pos.d_purchase_order VALUES (1000027, 1000004, 1000016, 1000005, 1000069, 1000066, 'PO1000026', 'DRA', '2024-09-12 14:39:49.825669', 30000, '', '2024-09-12 15:09:19.628261', 1000069, '2024-09-12 15:09:19.628262', 1000069, 'ec0217c3-34c0-423f-b164-a3a675c344c4', 'Y', NULL);
INSERT INTO pos.d_purchase_order VALUES (1000029, 1000009, 1000022, 1000005, 1000072, 1000087, 'PO1000028', 'DRA', '2024-09-12 14:39:49.825669', 90000, '', '2024-09-12 15:21:45.208159', 1000071, '2024-09-12 15:21:45.20816', 1000071, 'facefd2b-4e2a-40f3-b3de-0a3cd4dae7e3', 'Y', NULL);
INSERT INTO pos.d_purchase_order VALUES (1000031, 1000009, 1000022, 1000005, 1000073, 1000087, 'PO1000030', 'DRA', '2024-09-12 14:39:49.825669', 115000, '', '2024-09-12 15:22:19.734026', 1000071, '2024-09-12 15:22:19.734026', 1000071, '22dd6711-ec5c-4548-8308-e99e5a1e7953', 'Y', NULL);
INSERT INTO pos.d_purchase_order VALUES (1000033, 1000009, 1000022, 1000005, 1000073, 1000088, 'PO1000032', 'DRA', '2024-09-12 14:39:49.825669', 45000, '', '2024-09-12 15:26:01.561105', 1000071, '2024-09-12 15:26:01.561106', 1000071, '6967b77d-545d-4538-af93-ef39720f5796', 'Y', NULL);
INSERT INTO pos.d_purchase_order VALUES (1000037, 1000009, 1000022, 1000005, 1000073, 1000088, 'PO1000036', 'DRA', '2024-09-12 14:39:49.825669', 90000, '', '2024-09-12 15:43:35.082683', 1000071, '2024-09-12 15:43:35.082684', 1000071, '0fdd95af-8636-495d-b7db-4b8079f743f2', 'Y', NULL);
INSERT INTO pos.d_purchase_order VALUES (1000041, 1000009, 1000022, 1000005, 1000073, 1000087, 'PO1000040', 'COM', '2024-09-12 14:39:49.825669', 0, '', '2024-09-12 15:52:01.991621', 1000071, '2024-09-12 17:03:16.318159', 1000071, '020f51b3-e6ce-4789-ac61-e67c5bb57f7d', 'Y', NULL);
INSERT INTO pos.d_purchase_order VALUES (1000043, 1000009, 1000022, 1000005, 1000073, 1000088, 'PO1000042', 'COM', '2024-09-12 16:47:23.388742', 160000, '', '2024-09-12 16:47:23.459007', 1000071, '2024-09-12 17:31:07.841449', 1000071, 'ce58a560-6170-45b0-9a64-1f464b05b672', 'Y', NULL);
INSERT INTO pos.d_purchase_order VALUES (1000045, 1000009, 1000022, 1000005, 1000073, 1000088, 'PO1000044', 'DRA', '2024-09-12 17:48:57.384467', 60000, '', '2024-09-12 17:48:57.419523', 1000071, '2024-09-12 17:48:57.419523', 1000071, 'c2d64237-ae31-4eff-85b1-b6be5dc84108', 'Y', 1000027);
INSERT INTO pos.d_purchase_order VALUES (1000035, 1000009, 1000022, 1000005, 1000073, 1000087, 'PO1000034', 'COM', '2024-09-12 14:39:49.825669', 0, '', '2024-09-12 15:33:32.446874', 1000071, '2024-09-12 18:13:12.07385', 1000071, '9a8f5d39-0bc4-4565-9bd5-f6891291b4d1', 'Y', NULL);
INSERT INTO pos.d_purchase_order VALUES (1000039, 1000009, 1000022, 1000005, 1000072, 1000088, 'PO1000038', 'COM', '2024-09-12 14:39:49.825669', 450000, '', '2024-09-12 15:44:18.909134', 1000071, '2024-09-12 18:30:33.375163', 1000071, '946ff26a-c10b-4fb0-b6a0-727ca7af83ed', 'Y', 1000027);
INSERT INTO pos.d_purchase_order VALUES (1000047, 1000009, 1000022, 1000005, 1000073, 1000087, 'PO1000046', 'COM', '2024-09-12 17:48:57.384467', 0, '', '2024-09-13 16:21:57.630178', 1000071, '2024-09-13 16:21:57.630179', 1000071, 'cf72b5a6-3ebc-4c21-9ab4-2a890a85222a', 'Y', 1000026);


--
-- TOC entry 5535 (class 0 OID 394312)
-- Dependencies: 381
-- Data for Name: d_purchase_orderline; Type: TABLE DATA; Schema: pos; Owner: -
--

INSERT INTO pos.d_purchase_orderline VALUES (1000008, 1000013, 1000004, 1000022, 1000509, 1, 1, 1, 1, 1000509, 1000509, 1000509, 'Nhap hang', '2024-09-11 17:33:22.34562', 1000069, '2024-09-11 17:33:22.34562', 1000069, '8d35e987-d659-45b8-890a-2cd7c8b20796', 'Y');
INSERT INTO pos.d_purchase_orderline VALUES (1000009, 1000013, 1000004, 1000022, 1000509, 1, 1, 1, 1, 1000506, 1000509, 1000509, 'Nhap hang', '2024-09-11 17:33:22.353622', 1000069, '2024-09-11 17:33:22.353622', 1000069, '6a2bfedb-fa5b-4c7d-9472-66616be6e6fa', 'Y');
INSERT INTO pos.d_purchase_orderline VALUES (1000010, 1000015, 1000004, 1000022, 1000509, 1, 1, 1, 1, 1000509, 1000509, 1000509, 'Nhap hang', '2024-09-11 17:33:50.202661', 1000069, '2024-09-11 17:33:50.202661', 1000069, 'c1a27da8-ef71-433c-965c-0f576f04112f', 'Y');
INSERT INTO pos.d_purchase_orderline VALUES (1000011, 1000015, 1000004, 1000022, 1000509, 1, 1, 1, 1, 1000506, 1000509, 1000509, 'Nhap hang', '2024-09-11 17:33:50.209795', 1000069, '2024-09-11 17:33:50.209795', 1000069, '169c5e80-0cd3-4af2-b327-4ae48b3a45ee', 'Y');
INSERT INTO pos.d_purchase_orderline VALUES (1000012, 1000017, 1000004, 1000022, 1000509, 1, 1, 1, 1, 1000509, 1000509, 1000509, 'Nhap hang', '2024-09-12 14:39:49.956087', 1000069, '2024-09-12 14:39:49.956087', 1000069, '99516fb5-e91c-4cff-9776-c435f46fbf59', 'Y');
INSERT INTO pos.d_purchase_orderline VALUES (1000013, 1000017, 1000004, 1000022, 1000509, 1, 1, 1, 1, 1000506, 1000509, 1000509, 'Nhap hang', '2024-09-12 14:39:49.958708', 1000069, '2024-09-12 14:39:49.958708', 1000069, 'ff64c746-a504-4b94-b866-c6f78ad0e854', 'Y');
INSERT INTO pos.d_purchase_orderline VALUES (1000016, 1000023, 1000004, 1000016, 1000509, 1, 3, NULL, 1, 60000, 60000, 60000, NULL, '2024-09-12 15:00:36.617065', 1000069, '2024-09-12 15:00:36.617065', 1000069, '7a2d9400-2954-4d5b-9f75-f0f228510b4f', 'Y');
INSERT INTO pos.d_purchase_orderline VALUES (1000017, 1000025, 1000004, 1000016, 1000506, 1, 3, NULL, 1, 30000, 30000, 30000, NULL, '2024-09-12 15:05:13.246065', 1000069, '2024-09-12 15:05:13.246065', 1000069, '2d223127-46a5-4e6c-8519-972c188cc90b', 'Y');
INSERT INTO pos.d_purchase_orderline VALUES (1000018, 1000027, 1000004, 1000016, 1000139, 1, 3, NULL, 1, 30000, 30000, 30000, NULL, '2024-09-12 15:09:19.62994', 1000069, '2024-09-12 15:09:19.629941', 1000069, '27827c27-7ba9-40e7-92bf-efee7c015bac', 'Y');
INSERT INTO pos.d_purchase_orderline VALUES (1000019, 1000029, 1000009, 1000022, 1000565, 1, 1, NULL, 1, 30000, 30000, 30000, NULL, '2024-09-12 15:21:45.211532', 1000071, '2024-09-12 15:21:45.211532', 1000071, '51d4ea9e-baef-472c-9059-3d725b122cfb', 'Y');
INSERT INTO pos.d_purchase_orderline VALUES (1000020, 1000029, 1000009, 1000022, 1000562, 1, 1, NULL, 1, 40000, 40000, 40000, NULL, '2024-09-12 15:21:45.215615', 1000071, '2024-09-12 15:21:45.215618', 1000071, 'cfeafddb-67b4-42c7-a6a7-7e5e6b29a28c', 'Y');
INSERT INTO pos.d_purchase_orderline VALUES (1000021, 1000029, 1000009, 1000022, 1000536, 1, 1, NULL, 1, 20000, 20000, 20000, NULL, '2024-09-12 15:21:45.21749', 1000071, '2024-09-12 15:21:45.217491', 1000071, '4d58b4b1-194d-46c0-bca9-185908eb4df0', 'Y');
INSERT INTO pos.d_purchase_orderline VALUES (1000022, 1000031, 1000009, 1000022, 1000577, 1, 1, NULL, 1, 45000, 45000, 45000, NULL, '2024-09-12 15:22:19.73537', 1000071, '2024-09-12 15:22:19.73537', 1000071, 'c4950393-eb18-41c9-bc7c-9088b95df3d3', 'Y');
INSERT INTO pos.d_purchase_orderline VALUES (1000023, 1000031, 1000009, 1000022, 1000571, 1, 1, NULL, 1, 40000, 40000, 40000, NULL, '2024-09-12 15:22:19.736682', 1000071, '2024-09-12 15:22:19.736682', 1000071, '224bbf22-179d-4027-a6b5-c98b6db3cba6', 'Y');
INSERT INTO pos.d_purchase_orderline VALUES (1000024, 1000031, 1000009, 1000022, 1000565, 1, 1, NULL, 1, 30000, 30000, 30000, NULL, '2024-09-12 15:22:19.737864', 1000071, '2024-09-12 15:22:19.737865', 1000071, 'ba7ec8b1-b149-4dfb-84a0-36003f24fdb3', 'Y');
INSERT INTO pos.d_purchase_orderline VALUES (1000025, 1000033, 1000009, 1000022, 1000577, 1, 1, NULL, 1, 45000, 45000, 45000, NULL, '2024-09-12 15:26:01.569787', 1000071, '2024-09-12 15:26:01.569788', 1000071, '1cd0db5f-27e4-4552-8924-f30eefc89848', 'Y');
INSERT INTO pos.d_purchase_orderline VALUES (1000026, 1000035, 1000009, 1000022, 1000565, 1, 1, NULL, 1, 0, 0, 0, NULL, '2024-09-12 15:33:32.44915', 1000071, '2024-09-12 15:33:32.449154', 1000071, 'e0f81013-787a-43a4-bcfc-07d1c7aba80e', 'Y');
INSERT INTO pos.d_purchase_orderline VALUES (1000027, 1000035, 1000009, 1000022, 1000562, 1, 1, NULL, 1, 0, 0, 0, NULL, '2024-09-12 15:33:32.452995', 1000071, '2024-09-12 15:33:32.452996', 1000071, 'f18326e4-97ff-4b2f-b610-6d88417bc945', 'Y');
INSERT INTO pos.d_purchase_orderline VALUES (1000028, 1000035, 1000009, 1000022, 1000536, 1, 1, NULL, 1, 0, 0, 0, NULL, '2024-09-12 15:33:32.454318', 1000071, '2024-09-12 15:33:32.454319', 1000071, 'c37b76f0-2ee3-41ad-85d6-84adafc788c2', 'Y');
INSERT INTO pos.d_purchase_orderline VALUES (1000029, 1000037, 1000009, 1000022, 1000577, 1, 2, NULL, 1, 90000, 90000, 90000, NULL, '2024-09-12 15:43:35.08714', 1000071, '2024-09-12 15:43:35.08714', 1000071, '9e015537-960d-47f8-ba7d-524f0432054d', 'Y');
INSERT INTO pos.d_purchase_orderline VALUES (1000030, 1000039, 1000009, 1000022, 1000577, 1, 5, NULL, 1, 225000, 225000, 225000, NULL, '2024-09-12 15:44:18.910596', 1000071, '2024-09-12 15:44:18.910596', 1000071, 'e1d4d8f4-961d-44b1-80d6-1c4c6cc71434', 'Y');
INSERT INTO pos.d_purchase_orderline VALUES (1000031, 1000041, 1000009, 1000022, 1000565, 1, 1, NULL, 1, 0, 0, 0, NULL, '2024-09-12 15:52:01.994165', 1000071, '2024-09-12 15:52:01.994165', 1000071, '46c2f51f-ef3b-4a5f-93c4-bb219fc70b4c', 'Y');
INSERT INTO pos.d_purchase_orderline VALUES (1000032, 1000041, 1000009, 1000022, 1000562, 1, 1, NULL, 1, 0, 0, 0, NULL, '2024-09-12 15:52:01.99575', 1000071, '2024-09-12 15:52:01.99575', 1000071, '82613150-3818-4030-a0c6-09275562b59e', 'Y');
INSERT INTO pos.d_purchase_orderline VALUES (1000033, 1000041, 1000009, 1000022, 1000577, 1, 1, NULL, 1, 0, 0, 0, NULL, '2024-09-12 15:52:01.997094', 1000071, '2024-09-12 15:52:01.997094', 1000071, 'ff32ae28-f18c-4f6e-bfe1-223d77e8d1ba', 'Y');
INSERT INTO pos.d_purchase_orderline VALUES (1000034, 1000043, 1000009, 1000022, 1000574, 1, 5, NULL, 1, 160000, 160000, 160000, NULL, '2024-09-12 16:47:23.488754', 1000071, '2024-09-12 16:47:23.488754', 1000071, '496b0191-763a-400c-873d-aa5934240cc6', 'Y');
INSERT INTO pos.d_purchase_orderline VALUES (1000035, 1000041, 1000009, 1000022, 1000577, 1, 1, NULL, 1, 0, 0, 0, NULL, '2024-09-12 17:03:16.038686', 1000071, '2024-09-12 17:03:16.038687', 1000071, '479800eb-530b-463f-8afe-9c8c9ffbc9ba', 'Y');
INSERT INTO pos.d_purchase_orderline VALUES (1000036, 1000041, 1000009, 1000022, 1000562, 1, 1, NULL, 1, 0, 0, 0, NULL, '2024-09-12 17:03:16.042199', 1000071, '2024-09-12 17:03:16.0422', 1000071, '1740aa0b-6dc6-4553-842b-2dd6f1e4bafa', 'Y');
INSERT INTO pos.d_purchase_orderline VALUES (1000037, 1000041, 1000009, 1000022, 1000565, 1, 1, NULL, 1, 0, 0, 0, NULL, '2024-09-12 17:03:16.044732', 1000071, '2024-09-12 17:03:16.044733', 1000071, '9037f777-83ec-42b5-b579-8698c8cb107d', 'Y');
INSERT INTO pos.d_purchase_orderline VALUES (1000038, 1000043, 1000009, 1000022, 1000574, 1, 5, NULL, 1, 160000, 160000, 160000, NULL, '2024-09-12 17:31:07.623474', 1000071, '2024-09-12 17:31:07.623475', 1000071, '0093b409-e587-4dcb-b6e4-cea63a2d8db2', 'Y');
INSERT INTO pos.d_purchase_orderline VALUES (1000039, 1000039, 1000009, 1000022, 1000577, 1, 5, NULL, 1, 225000, 225000, 225000, NULL, '2024-09-12 17:32:16.621704', 1000071, '2024-09-12 17:32:16.621705', 1000071, '06c50ac8-0d6e-4fea-b03a-c60cf1bb415b', 'Y');
INSERT INTO pos.d_purchase_orderline VALUES (1000040, 1000045, 1000009, 1000022, 1000574, 1, 3, NULL, 1, 60000, 60000, 60000, NULL, '2024-09-12 17:48:57.450669', 1000071, '2024-09-12 17:48:57.450669', 1000071, 'fca1de03-cff5-4c35-ae84-8203c056a077', 'Y');
INSERT INTO pos.d_purchase_orderline VALUES (1000041, 1000035, 1000009, 1000022, 1000536, 1, 1, NULL, 1, 0, 0, 0, NULL, '2024-09-12 18:13:12.027103', 1000071, '2024-09-12 18:13:12.027104', 1000071, 'db23a102-e3fe-4fe9-bcd6-adec56fd58ed', 'Y');
INSERT INTO pos.d_purchase_orderline VALUES (1000042, 1000035, 1000009, 1000022, 1000562, 1, 1, NULL, 1, 0, 0, 0, NULL, '2024-09-12 18:13:12.029781', 1000071, '2024-09-12 18:13:12.029781', 1000071, 'e55bfc65-df4e-4fbb-a427-27b777a946a8', 'Y');
INSERT INTO pos.d_purchase_orderline VALUES (1000043, 1000035, 1000009, 1000022, 1000565, 1, 1, NULL, 1, 0, 0, 0, NULL, '2024-09-12 18:13:12.031398', 1000071, '2024-09-12 18:13:12.031398', 1000071, '167ba02a-b11d-4a60-a1ff-44f975f4eeb9', 'Y');
INSERT INTO pos.d_purchase_orderline VALUES (1000044, 1000039, 1000009, 1000022, 1000577, 1, 5, NULL, 1, 225000, 225000, 225000, NULL, '2024-09-12 18:30:33.17823', 1000071, '2024-09-12 18:30:33.178231', 1000071, 'a50ff9a7-4123-4fd8-a97a-8388204e505e', 'Y');
INSERT INTO pos.d_purchase_orderline VALUES (1000045, 1000039, 1000009, 1000022, 1000577, 1, 5, NULL, 1, 225000, 225000, 225000, NULL, '2024-09-12 18:30:33.193661', 1000071, '2024-09-12 18:30:33.193662', 1000071, '49b7199a-464f-476c-8b5a-8002ba7a8907', 'Y');
INSERT INTO pos.d_purchase_orderline VALUES (1000046, 1000039, 1000009, 1000022, 1000571, 1, 4, NULL, 1, 0, 0, 0, NULL, '2024-09-12 18:30:33.207077', 1000071, '2024-09-12 18:30:33.207077', 1000071, '021a21cb-dc9b-4b0f-8fb3-5a156075cb1d', 'Y');
INSERT INTO pos.d_purchase_orderline VALUES (1000047, 1000047, 1000009, 1000022, 1000565, 1, 1, NULL, 1, 0, 0, 0, NULL, '2024-09-13 16:21:57.638701', 1000071, '2024-09-13 16:21:57.638701', 1000071, '93f12574-401f-4447-874a-2610b49aa90c', 'Y');
INSERT INTO pos.d_purchase_orderline VALUES (1000048, 1000047, 1000009, 1000022, 1000574, 1, 1, NULL, 1, 0, 0, 0, NULL, '2024-09-13 16:21:57.648412', 1000071, '2024-09-13 16:21:57.648412', 1000071, '78dc85f5-017f-4acc-95f9-0af61bb6d696', 'Y');


--
-- TOC entry 5525 (class 0 OID 393488)
-- Dependencies: 363
-- Data for Name: d_reconciledetail; Type: TABLE DATA; Schema: pos; Owner: -
--

INSERT INTO pos.d_reconciledetail VALUES (1000000, 1000004, 1000016, 'Y', '2024-09-05 22:44:10.148862', 1000069, '2024-09-05 22:44:10.148862', 1000069, 'be6935d3-348d-45cb-917d-d6aa950ebcb8', NULL, 'Consumer XYZ', NULL, NULL, 'a1b2c3d4e5f6g7h8', '00', NULL, 'CO', NULL, NULL, NULL, 'Terminal 01', NULL, 150.00, NULL, 'TRX1234567890', '1000042', NULL, NULL, NULL, 1000085, 1000042, 'FT001');
INSERT INTO pos.d_reconciledetail VALUES (1000001, 1000004, 1000016, 'Y', '2024-09-05 22:49:46.358424', 1000069, '2024-09-05 22:49:46.358424', 1000069, 'f634b48b-46e1-47bb-a273-544bc36c74ae', NULL, 'Consumer XYZ', NULL, NULL, 'a1b2c3d4e5f6g7h8', '00', NULL, 'CO', NULL, NULL, NULL, 'Terminal 01', NULL, 150.00, NULL, 'TRX1234567890', '1000042', NULL, NULL, NULL, 1000085, 1000042, 'FT001');
INSERT INTO pos.d_reconciledetail VALUES (1000002, 1000004, 1000016, 'Y', '2024-09-06 02:51:12.875625', 1000069, '2024-09-06 02:51:12.875632', 1000069, '25f3fd35-37c1-493b-ba4a-bb0e0c3e300a', NULL, 'Consumer XYZ', NULL, NULL, 'a1b2c3d4e5f6g7h8', '00', NULL, 'CO', NULL, NULL, NULL, 'Terminal 01', NULL, 150.00, NULL, 'TRX1234567890', '1000042', NULL, NULL, NULL, 1000085, 1000042, 'FT001');
INSERT INTO pos.d_reconciledetail VALUES (1000003, 0, 1000016, 'Y', '2024-09-06 10:14:56.100079', 0, '2024-09-06 10:14:56.100079', 0, 'e2b21e75-13d9-4b2a-b9cd-78fde9c44709', NULL, 'Consumer XYZ', NULL, NULL, 'a1b2c3d4e5f6g7h8', '00', NULL, 'CO', NULL, NULL, NULL, 'Terminal 01', NULL, 150.00, NULL, 'TRX1234567890', '1000042', NULL, NULL, NULL, 1000085, 1000042, 'FT001');
INSERT INTO pos.d_reconciledetail VALUES (1000004, 0, 1000016, 'Y', '2024-09-06 03:23:54.173866', 0, '2024-09-06 03:23:54.173867', 0, 'f359c7eb-9eba-4184-aab7-2c3c288ce204', NULL, '', NULL, NULL, 'f09a480bd756b7ec52f70421a1051177', '00', NULL, 'CO', NULL, NULL, NULL, 'SSGJSC1', NULL, 2000, NULL, 'Q00033fflu', '1000056', NULL, NULL, NULL, 1000085, 1000056, 'FT24250380000873');
INSERT INTO pos.d_reconciledetail VALUES (1000005, 0, 1000016, 'Y', '2024-09-06 03:24:43.646671', 0, '2024-09-06 03:24:43.646673', 0, '77c1e9b3-61fc-4121-a94e-7df61eee7204', NULL, '', NULL, NULL, '8adb85c65591f864d1439af598b9e016', '00', NULL, 'CO', NULL, NULL, NULL, 'SSGJSC1', NULL, 2000, NULL, 'Q00033fgbe', '1000062', NULL, NULL, NULL, 1000085, 1000062, 'FT24250655150156');
INSERT INTO pos.d_reconciledetail VALUES (1000006, 0, 1000016, 'Y', '2024-09-08 11:21:10.301447', 0, '2024-09-08 11:21:10.30145', 0, '1f4532a1-0941-4ee6-8df2-ccd19169bbe4', NULL, '', NULL, NULL, 'e4faef675930707e7b52557e8a198d2b', '00', NULL, 'CO', NULL, NULL, NULL, 'SSGJSC1', NULL, 2000, NULL, 'Q00034km12', '1000198', NULL, NULL, NULL, 1000085, 1000198, 'FT24253014104808');
INSERT INTO pos.d_reconciledetail VALUES (1000008, 0, 1000016, 'Y', '2024-09-09 00:32:07.798092', 0, '2024-09-09 00:32:07.798092', 0, '801ecaa8-f05a-44af-8a6f-8bc54144e389', NULL, '', NULL, NULL, 'a48a06411b47755f4bdb699d62109e3f', '00', NULL, 'CO', NULL, NULL, NULL, 'SSGJSC1', NULL, 2000, '00020101021238570010A000000727012700069704220113VQRQ00034pahe0208QRIBFTTA5303704540420005802VN62190107NPS68690804CKPM63042DFC', 'Q00033f09o', '1000204', 1000001, 1000001, NULL, 1000085, 1000204, 'FT24250184370364');
INSERT INTO pos.d_reconciledetail VALUES (1000009, 0, 1000016, 'Y', '2024-09-09 00:38:21.026934', 0, '2024-09-09 00:38:21.026934', 0, 'b86200df-5590-42d8-81c8-c7e7751172c0', NULL, '', NULL, NULL, 'a48a06411b47755f4bdb699d62109e3f', '00', NULL, 'CO', NULL, NULL, NULL, 'SSGJSC1', NULL, 2000, '00020101021238570010A000000727012700069704220113VQRQ00034pahe0208QRIBFTTA5303704540420005802VN62190107NPS68690804CKPM63042DFC', 'Q00033f09o', '1000204', 1000001, 1000001, NULL, 1000085, 1000204, 'FT24250184370364');
INSERT INTO pos.d_reconciledetail VALUES (1000010, 0, 1000016, 'Y', '2024-09-09 00:46:55.764515', 0, '2024-09-09 00:46:55.764515', 0, '14d4fe0f-2259-4f3f-aa5c-b70d4781e938', NULL, '', NULL, NULL, 'a48a06411b47755f4bdb699d62109e3f', '00', NULL, 'CO', NULL, NULL, NULL, 'SSGJSC1', NULL, 2000, '00020101021238570010A000000727012700069704220113VQRQ00034pahe0208QRIBFTTA5303704540420005802VN62190107NPS68690804CKPM63042DFC', 'Q00033f09o', '1000204', 1000001, 1000001, NULL, 1000085, 1000204, 'FT24250184370364');
INSERT INTO pos.d_reconciledetail VALUES (1000011, 1000004, 1000016, 'Y', '2024-09-09 00:50:02.34497', 0, '2024-09-09 00:50:02.34497', 0, 'f6f55dfd-a76d-400f-a7c7-d9114a8d3f76', NULL, '', NULL, NULL, 'a48a06411b47755f4bdb699d62109e3f', '00', NULL, 'CO', NULL, NULL, NULL, 'SSGJSC1', NULL, 2000, '00020101021238570010A000000727012700069704220113VQRQ00034pahe0208QRIBFTTA5303704540420005802VN62190107NPS68690804CKPM63042DFC', 'Q00033f09o', '1000204', 1000001, 1000001, NULL, 1000085, 1000204, 'FT24250184370364');
INSERT INTO pos.d_reconciledetail VALUES (1000012, 1000004, 1000016, 'Y', '2024-09-09 00:50:58.387713', 0, '2024-09-09 00:50:58.387713', 0, '2ce4c39d-fa1a-4379-819c-b618299cd872', NULL, '', NULL, NULL, 'a48a06411b47755f4bdb699d62109e3f', '00', NULL, 'CO', NULL, NULL, NULL, 'SSGJSC1', NULL, 2000, '00020101021238570010A000000727012700069704220113VQRQ00034pahe0208QRIBFTTA5303704540420005802VN62190107NPS68690804CKPM63042DFC', 'Q00033f09o', '1000204', 1000001, 1000001, NULL, 1000085, 1000204, 'FT24250184370364');
INSERT INTO pos.d_reconciledetail VALUES (1000016, 1000004, 1000016, 'Y', '2024-09-18 07:02:10.937636', 0, '2024-09-18 07:02:10.937637', 0, 'dbc1d85c-2866-44e4-a2f1-be36064683ad', NULL, NULL, NULL, NULL, 'e2fdd126a22472f2e3e760340ea41702', '00', NULL, 'CO', NULL, NULL, NULL, 'SSGJSC1', NULL, 2000, '00020101021238570010A000000727012700069704220113VQRQ000397cki0208QRIBFTTA5303704540420005802VN62190107NPS68690804CKPM63048B2E', 'FT24262100200227', '1000489', NULL, NULL, NULL, NULL, 1000489, NULL);
INSERT INTO pos.d_reconciledetail VALUES (1000017, 1000004, 1000016, 'Y', '2024-09-18 07:18:08.394494', 0, '2024-09-18 07:18:08.394532', 0, 'b601f6a7-0d22-48b6-8d47-92fbf20a29d6', NULL, NULL, NULL, NULL, 'e2fdd126a22472f2e3e760340ea41702', '00', NULL, 'CO', NULL, NULL, NULL, 'SSGJSC1', NULL, 2000, '00020101021238570010A000000727012700069704220113VQRQ000397cki0208QRIBFTTA5303704540420005802VN62190107NPS68690804CKPM63048B2E', 'FT24262100200227', '1000489', NULL, NULL, NULL, NULL, 1000489, 'FT24262100200227');
INSERT INTO pos.d_reconciledetail VALUES (1000018, 1000004, 1000016, 'Y', '2024-09-18 07:30:03.247548', 0, '2024-09-18 07:30:03.247549', 0, '20ea3eb5-699f-4cb8-801c-c73d010450ea', NULL, NULL, NULL, NULL, 'e2fdd126a22472f2e3e760340ea41702', '00', NULL, 'CO', NULL, NULL, NULL, 'SSGJSC1', NULL, 2000, '00020101021238570010A000000727012700069704220113VQRQ000397cki0208QRIBFTTA5303704540420005802VN62190107NPS68690804CKPM63048B2E', 'FT24262100200227', '1000489', NULL, NULL, NULL, NULL, 1000489, 'FT24262100200227');
INSERT INTO pos.d_reconciledetail VALUES (1000019, 1000004, 1000016, 'Y', '2024-09-18 07:41:28.865153', 0, '2024-09-18 07:41:28.865156', 0, 'ed4e8960-10d0-4da3-888d-263d3d6ca6cf', NULL, NULL, NULL, NULL, '4f855bc87f33e83b8b7d6642540f3c86', '00', NULL, 'CO', NULL, NULL, NULL, 'SSGJSC1', NULL, 2000, '00020101021238570010A000000727012700069704220113VQRQ00039ar980208QRIBFTTA5303704540420005802VN62190107NPS68690804CKPM630406A6', 'FT24262606110623', '1000491', NULL, NULL, NULL, NULL, 1000491, 'FT24262606110623');
INSERT INTO pos.d_reconciledetail VALUES (1000020, 1000004, 1000016, 'Y', '2024-09-18 08:24:08.568787', 0, '2024-09-18 08:24:08.568788', 0, '26a56684-4b68-413f-96e7-05fab75f6411', NULL, NULL, NULL, NULL, 'c198699d309efd59247d96a8534b2275', '00', NULL, 'CO', NULL, NULL, NULL, 'SSGJSC1', NULL, 2000, '00020101021238570010A000000727012700069704220113VQRQ00039b9f20208QRIBFTTA5303704540420005802VN62190107NPS68690804CKPM63046ADD', 'FT24262343595062', '1000493', NULL, NULL, NULL, NULL, 1000493, 'FT24262343595062');
INSERT INTO pos.d_reconciledetail VALUES (1000021, 1000004, 1000016, 'Y', '2024-09-18 08:26:10.478955', 0, '2024-09-18 08:26:10.478956', 0, '562c41a5-b35c-440c-8cce-d10610be6e05', NULL, '', NULL, NULL, 'd01858d82afa7c8d6ae6438ff4e463a7', '00', NULL, 'CO', NULL, NULL, NULL, 'SSGJSC1', NULL, 2000, '00020101021238570010A000000727012700069704220113VQRQ00039bfa60208QRIBFTTA5303704540420005802VN62190107NPS68690804CKPM63041B78', 'Q00039bfa6', '1000495', NULL, NULL, NULL, NULL, 1000495, 'FT24262777565653');
INSERT INTO pos.d_reconciledetail VALUES (1000023, 1000004, 1000016, 'Y', '2024-09-27 03:07:55.565078', 0, '2024-09-27 03:07:55.565078', 0, '6cc7613f-c5c5-45ff-b992-5e5144ffb9e4', NULL, NULL, NULL, NULL, 'd12e5c75953178dcb61b6c9bc222da03', '00', NULL, 'COM', NULL, NULL, NULL, 'SSGJSC1', NULL, 2000, '00020101021238570010A000000727012700069704220113VQRQ0003dts500208QRIBFTTA5303704540420005802VN62190107NPS68690804CKPM630411F3', 'FT24271095655993', '1000786', NULL, NULL, NULL, NULL, 1000786, 'FT24271095655993');
INSERT INTO pos.d_reconciledetail VALUES (1000022, 1000004, 1000016, 'Y', '2024-09-27 03:07:54.146672', 0, '2024-09-27 03:07:54.146672', 0, '967fed8b-61af-4764-ad00-6e48e2f41ef5', NULL, NULL, NULL, NULL, 'd12e5c75953178dcb61b6c9bc222da03', '00', NULL, 'COM', NULL, NULL, NULL, 'SSGJSC1', NULL, 2000, '00020101021238570010A000000727012700069704220113VQRQ0003dts500208QRIBFTTA5303704540420005802VN62190107NPS68690804CKPM630411F3', 'FT24271095655993', '1000786', NULL, NULL, NULL, NULL, 1000786, 'FT24271095655993');
INSERT INTO pos.d_reconciledetail VALUES (1000024, 1000004, 1000016, 'Y', '2024-09-27 03:39:46.406153', 0, '2024-09-27 03:39:46.406154', 0, 'd12a06a3-da0b-4dd1-a0b8-c28288e6399e', NULL, '', NULL, NULL, '6db94dd3f34528859951775c17042d9b', '00', NULL, 'COM', NULL, NULL, NULL, 'SSGJSC1', NULL, 2000, '00020101021238570010A000000727012700069704220113VQRQ0003dudc80208QRIBFTTA5303704540420005802VN62190107NPS68690804CKPM6304B747', 'Q0003dudc8', '1000794', NULL, NULL, NULL, NULL, 1000794, 'FT24271768852901');
INSERT INTO pos.d_reconciledetail VALUES (1000025, 1000004, 1000016, 'Y', '2024-09-27 03:39:50.046962', 0, '2024-09-27 03:39:50.046963', 0, '7a59ad03-3edc-489d-bb13-8012ca406a27', NULL, '', NULL, NULL, '6db94dd3f34528859951775c17042d9b', '00', NULL, 'COM', NULL, NULL, NULL, 'SSGJSC1', NULL, 2000, '00020101021238570010A000000727012700069704220113VQRQ0003dudc80208QRIBFTTA5303704540420005802VN62190107NPS68690804CKPM6304B747', 'Q0003dudc8', '1000794', NULL, NULL, NULL, NULL, 1000794, 'FT24271768852901');
INSERT INTO pos.d_reconciledetail VALUES (1000026, 1000004, 1000016, 'Y', '2024-09-27 03:40:35.333413', 0, '2024-09-27 03:40:35.333414', 0, 'a318814c-10fd-4613-a9b1-2c5a26492dbf', NULL, NULL, NULL, NULL, '6db94dd3f34528859951775c17042d9b', '00', NULL, 'COM', NULL, NULL, NULL, 'SSGJSC1', NULL, 2000, '00020101021238570010A000000727012700069704220113VQRQ0003dudc80208QRIBFTTA5303704540420005802VN62190107NPS68690804CKPM6304B747', 'FT24271768852901', '1000794', NULL, NULL, NULL, NULL, 1000794, 'FT24271768852901');
INSERT INTO pos.d_reconciledetail VALUES (1000027, 1000004, 1000016, 'Y', '2024-09-27 03:40:43.162001', 0, '2024-09-27 03:40:43.162003', 0, '622520c6-e488-4cbb-af94-446f4d3b8b30', NULL, NULL, NULL, NULL, '6db94dd3f34528859951775c17042d9b', '00', NULL, 'COM', NULL, NULL, NULL, 'SSGJSC1', NULL, 2000, '00020101021238570010A000000727012700069704220113VQRQ0003dudc80208QRIBFTTA5303704540420005802VN62190107NPS68690804CKPM6304B747', 'FT24271768852901', '1000794', NULL, NULL, NULL, NULL, 1000794, 'FT24271768852901');
INSERT INTO pos.d_reconciledetail VALUES (1000028, 1000004, 1000016, 'Y', '2024-09-27 03:41:07.173164', 0, '2024-09-27 03:41:07.173165', 0, 'c6a1172d-29c9-4e3b-9f1b-98931beda26d', NULL, NULL, NULL, NULL, '6db94dd3f34528859951775c17042d9b', '00', NULL, 'COM', NULL, NULL, NULL, 'SSGJSC1', NULL, 2000, '00020101021238570010A000000727012700069704220113VQRQ0003dudc80208QRIBFTTA5303704540420005802VN62190107NPS68690804CKPM6304B747', 'FT24271768852901', '1000794', NULL, NULL, NULL, NULL, 1000794, 'FT24271768852901');
INSERT INTO pos.d_reconciledetail VALUES (1000029, 1000004, 1000016, 'Y', '2024-09-27 03:46:32.326672', 0, '2024-09-27 03:46:32.326673', 0, '626a14a7-2035-4fae-af68-8d56e1ccbbd0', NULL, '', NULL, NULL, '03d1ee8c6bc6227e0fcea35a5dbec649', '00', NULL, 'COM', NULL, NULL, NULL, 'SSGJSC1', NULL, 2000, '00020101021238570010A000000727012700069704220113VQRQ0003duh8a0208QRIBFTTA5303704540420005802VN62190107NPS68690804CKPM6304AD48', 'Q0003duh8a', '1000796', NULL, NULL, NULL, NULL, 1000796, 'FT24271075054511');
INSERT INTO pos.d_reconciledetail VALUES (1000030, 1000004, 1000016, 'Y', '2024-09-27 03:46:35.951462', 0, '2024-09-27 03:46:35.951464', 0, '2ff1dd1d-59d3-4acf-9c82-d242a97b3d6a', NULL, '', NULL, NULL, '03d1ee8c6bc6227e0fcea35a5dbec649', '00', NULL, 'COM', NULL, NULL, NULL, 'SSGJSC1', NULL, 2000, '00020101021238570010A000000727012700069704220113VQRQ0003duh8a0208QRIBFTTA5303704540420005802VN62190107NPS68690804CKPM6304AD48', 'Q0003duh8a', '1000796', NULL, NULL, NULL, NULL, 1000796, 'FT24271075054511');
INSERT INTO pos.d_reconciledetail VALUES (1000031, 1000004, 1000016, 'Y', '2024-09-27 03:50:26.543281', 0, '2024-09-27 03:50:26.543282', 0, '6818bc33-6c3e-45a9-ac94-4e484423c00a', NULL, '', NULL, NULL, 'f0d30012b6b518795594bd1afd81a400', '00', NULL, 'COM', NULL, NULL, NULL, 'SSGJSC1', NULL, 2000, '00020101021238570010A000000727012700069704220113VQRQ0003dui7g0208QRIBFTTA5303704540420005802VN62190107NPS68690804CKPM6304E683', 'Q0003dui7g', '1000798', NULL, NULL, NULL, NULL, 1000798, 'FT24271036950843');
INSERT INTO pos.d_reconciledetail VALUES (1000032, 1000004, 1000016, 'Y', '2024-09-27 03:50:30.127143', 0, '2024-09-27 03:50:30.127144', 0, '84b00e67-f39f-434c-a03e-97dc9955138f', NULL, '', NULL, NULL, 'f0d30012b6b518795594bd1afd81a400', '00', NULL, 'COM', NULL, NULL, NULL, 'SSGJSC1', NULL, 2000, '00020101021238570010A000000727012700069704220113VQRQ0003dui7g0208QRIBFTTA5303704540420005802VN62190107NPS68690804CKPM6304E683', 'Q0003dui7g', '1000798', NULL, NULL, NULL, NULL, 1000798, 'FT24271036950843');
INSERT INTO pos.d_reconciledetail VALUES (1000033, 1000004, 1000016, 'Y', '2024-09-27 04:06:29.136712', 0, '2024-09-27 04:06:29.136713', 0, '47145386-b6cd-429c-92d1-b180d4164d6a', NULL, '', NULL, NULL, '4e5f850e548150ab80b60fa97616b520', '00', NULL, 'COM', NULL, NULL, NULL, 'SSGJSC1', NULL, 2000, '00020101021238570010A000000727012700069704220113VQRQ0003dur9m0208QRIBFTTA5303704540420005802VN62190107NPS68690804CKPM6304DA4E', 'Q0003dur9m', '1000800', NULL, NULL, NULL, NULL, 1000800, 'FT24271523088105');
INSERT INTO pos.d_reconciledetail VALUES (1000034, 1000004, 1000016, 'Y', '2024-09-27 04:06:33.629946', 0, '2024-09-27 04:06:33.629947', 0, 'c668e6e7-d134-46d5-9096-245577540316', NULL, '', NULL, NULL, '4e5f850e548150ab80b60fa97616b520', '00', NULL, 'COM', NULL, NULL, NULL, 'SSGJSC1', NULL, 2000, '00020101021238570010A000000727012700069704220113VQRQ0003dur9m0208QRIBFTTA5303704540420005802VN62190107NPS68690804CKPM6304DA4E', 'Q0003dur9m', '1000800', NULL, NULL, NULL, NULL, 1000800, 'FT24271523088105');
INSERT INTO pos.d_reconciledetail VALUES (1000035, 1000004, 1000016, 'Y', '2024-09-27 10:40:47.998532', 0, '2024-09-27 10:40:47.998533', 0, '34e0e10d-41af-4edd-bf82-3d39854b013a', NULL, '', NULL, NULL, 'c24b4619d08f02f381b53a41f1096263', '00', NULL, 'COM', NULL, NULL, NULL, 'SSGJSC1', NULL, 2000, '00020101021238570010A000000727012700069704220113VQRQ0003e4lq60208QRIBFTTA5303704540420005802VN62190107NPS68690804CKPM63044EAE', 'Q0003e4lq6', '1000862', NULL, NULL, NULL, NULL, 1000862, 'FT24271812077790');
INSERT INTO pos.d_reconciledetail VALUES (1000036, 1000004, 1000016, 'Y', '2024-09-27 10:40:53.839307', 0, '2024-09-27 10:40:53.839308', 0, '3aaa5ec0-5ef9-40df-8305-074c25c8c8a5', NULL, '', NULL, NULL, 'c24b4619d08f02f381b53a41f1096263', '00', NULL, 'COM', NULL, NULL, NULL, 'SSGJSC1', NULL, 2000, '00020101021238570010A000000727012700069704220113VQRQ0003e4lq60208QRIBFTTA5303704540420005802VN62190107NPS68690804CKPM63044EAE', 'Q0003e4lq6', '1000862', NULL, NULL, NULL, NULL, 1000862, 'FT24271812077790');
INSERT INTO pos.d_reconciledetail VALUES (1000037, 1000004, 1000016, 'Y', '2024-09-30 03:12:31.819516', 0, '2024-09-30 03:12:31.819518', 0, '88424bb2-24ec-4d34-9a7b-544016dc4b45', NULL, '', NULL, NULL, 'b93e4bf71cac35422dc1a48cca6671a7', '00', NULL, 'COM', NULL, NULL, NULL, 'SSGJSC1', NULL, 2000, '00020101021238570010A000000727012700069704220113VQRQAARHW24800208QRIBFTTA5303704540420005802VN62190107NPS68690804CKPM630484AE', 'QAARHW2480', '1000542', NULL, NULL, NULL, NULL, 1000542, 'FT24274802268394');
INSERT INTO pos.d_reconciledetail VALUES (1000038, 1000004, 1000016, 'Y', '2024-09-30 03:12:36.250957', 0, '2024-09-30 03:12:36.250959', 0, 'ef401b2c-1986-4b9c-ad0f-62e8a0be37a9', NULL, '', NULL, NULL, 'b93e4bf71cac35422dc1a48cca6671a7', '00', NULL, 'COM', NULL, NULL, NULL, 'SSGJSC1', NULL, 2000, '00020101021238570010A000000727012700069704220113VQRQAARHW24800208QRIBFTTA5303704540420005802VN62190107NPS68690804CKPM630484AE', 'QAARHW2480', '1000542', NULL, NULL, NULL, NULL, 1000542, 'FT24274802268394');


--
-- TOC entry 5411 (class 0 OID 385794)
-- Dependencies: 248
-- Data for Name: d_reference; Type: TABLE DATA; Schema: pos; Owner: -
--

INSERT INTO pos.d_reference VALUES (1000001, 0, 'Goods Type', 'Loi hng ha', '2024-08-18 10:35:40.548938', 1000069, '2024-08-30 14:16:43.435306', 1000069, '6466817f-e309-47b7-8dca-5995d97d6682', 'Y');
INSERT INTO pos.d_reference VALUES (1000005, 0, 'Order Status', 'Trng thi t mn', '2024-08-19 17:45:30.483712', 1000069, '2024-08-19 17:45:30.483712', 1000069, 'da5eeef7-689d-4b1c-ae84-4b60553f315f', 'Y');
INSERT INTO pos.d_reference VALUES (1000004, 0, 'Table Reservation Status', 'Trng thi t bn', '2024-08-18 11:51:32.934966', 1000069, '2024-08-18 11:51:32.934967', 1000069, '86124084-24fc-417c-805d-da0dfdfeeb96', 'Y');
INSERT INTO pos.d_reference VALUES (1000006, 0, 'Document Status', 'Trng thi chng t', '2024-08-22 11:48:58.108362', 1000069, '2024-08-22 11:48:58.108362', 1000069, 'd8e4d745-62d3-4401-a7f1-f953db20afb7', 'Y');
INSERT INTO pos.d_reference VALUES (1000003, 0, 'Menu Type', 'Loi thc n ', '2024-08-18 10:57:58.151622', 1000069, '2024-08-18 10:57:58.151622', 1000069, 'cc4c738f-33d5-49da-9d40-aea9b7805c11', 'Y');
INSERT INTO pos.d_reference VALUES (1000007, 0, 'Table Status', 'Trng thi bn', '2024-08-22 17:43:54.702087', 1000069, '2024-08-22 17:43:54.702089', 1000069, 'ff7cbc83-3f43-4d94-9b45-b220a58fa5c0', 'Y');
INSERT INTO pos.d_reference VALUES (1000009, 0, 'Bank Type', 'Loi ti khon', '2024-09-16 02:51:24.610322', 0, '2024-09-16 02:51:24.610322', 0, '467a90d9-0b4b-48df-924c-7d94bd5561a6', 'Y');
INSERT INTO pos.d_reference VALUES (1000010, 0, 'Request Order Status', 'Trng thi yu cu gi mn', '2024-09-17 01:43:50.506325', 0, '2024-09-17 01:43:50.506325', 0, '1d0621f8-db74-4874-9c4c-96c16e696c61', 'Y');
INSERT INTO pos.d_reference VALUES (1000011, 0, 'Data Type Integration', 'Loi d liu tch hp', '2024-09-17 04:34:14.383867', 0, '2024-09-17 04:34:14.383867', 0, '394e656c-2eb2-4384-a9f3-af0a22184054', 'Y');
INSERT INTO pos.d_reference VALUES (1000012, 0, 'Status Integration', 'Trng thi tch hp', '2024-09-17 07:28:19.277785', 0, '2024-09-17 07:28:19.277785', 0, '19c0f155-6bed-4a5b-9304-9ac922c76852', 'Y');
INSERT INTO pos.d_reference VALUES (1000013, 0, 'Flow Integration', 'Chiu tch hp', '2024-09-17 07:28:19.277785', 0, '2024-09-17 07:28:19.277785', 0, '61032b25-772e-425d-bea2-cd908dc9f6a8', '0');
INSERT INTO pos.d_reference VALUES (1000014, 0, 'Shift Type', 'Loi ca', '2024-09-20 00:53:42.984591', 0, '2024-09-20 00:53:42.984591', 0, 'b4fcca67-4003-44f3-943a-fb66b7a578bc', 'Y');


--
-- TOC entry 5412 (class 0 OID 385816)
-- Dependencies: 249
-- Data for Name: d_reference_list; Type: TABLE DATA; Schema: pos; Owner: -
--

INSERT INTO pos.d_reference_list VALUES (1000004, 1000001, 'CBP', 'Combo - ng gi', 0, '231cf5c1-c4d7-4bf4-b35f-184dc648801c', 'Y', '2024-08-18 10:57:20.399442', 1000069, '2024-08-18 10:57:20.399442', 1000069);
INSERT INTO pos.d_reference_list VALUES (1000013, 1000005, 'WTP', 'Ch ch bin', 0, 'b1e9ec62-b746-48c6-a27e-2cc7e756f4e8', 'Y', '2024-08-19 17:48:55.585365', 1000069, '2024-08-19 17:48:55.585365', 1000069);
INSERT INTO pos.d_reference_list VALUES (1000021, 1000006, 'COM', ' hon thnh', 0, '6e722a2a-6a3c-4f41-997e-19eaec3b678b', 'Y', '2024-08-22 11:51:20.955447', 1000069, '2024-08-22 11:51:20.955447', 1000069);
INSERT INTO pos.d_reference_list VALUES (1000017, 1000005, 'DCP', ' ch bin', 0, '26e18a61-16cc-4052-8fab-0bdcef9c32e9', 'Y', '2024-08-19 17:50:50.633744', 1000069, '2024-08-19 17:50:50.633744', 1000069);
INSERT INTO pos.d_reference_list VALUES (1000020, 1000006, 'IPR', 'ang x l', 0, '5878ff01-0df2-4611-b940-0d479edf4a9c', 'Y', '2024-08-22 11:51:04.415044', 1000069, '2024-08-22 11:51:04.415044', 1000069);
INSERT INTO pos.d_reference_list VALUES (1000023, 1000007, 'TIU', 'Bn ang s dng', 0, 'b6950ec0-67e2-4ed7-a543-1487788ca97d', 'Y', '2024-08-22 17:47:05.877194', 1000069, '2024-08-22 17:47:05.877194', 1000069);
INSERT INTO pos.d_reference_list VALUES (1000016, 1000005, 'BPR', 'ang ch bin', 0, '2a751867-5ded-41b4-a5e7-bd003daee32b', 'Y', '2024-08-19 17:50:27.522691', 1000069, '2024-08-19 17:50:27.522691', 1000069);
INSERT INTO pos.d_reference_list VALUES (1000003, 1000001, 'SVC', 'Hng dch v', 0, '31a2af1c-b38a-44a1-bb2e-07e1e08acf1a', 'Y', '2024-08-18 10:57:05.102352', 1000069, '2024-08-18 10:57:05.102352', 1000069);
INSERT INTO pos.d_reference_list VALUES (1000014, 1000005, 'NSK', 'Cha gi bp', 0, 'bcc983c1-fa49-4dcc-8927-1fdf1ab9619a', 'Y', '2024-08-19 17:49:24.039142', 1000069, '2024-08-19 17:49:24.039142', 1000069);
INSERT INTO pos.d_reference_list VALUES (1000025, 1000005, 'KOS', ' gi bp', 0, '3f973ed1-575b-4797-ba83-15f0bac7ed82', 'Y', '2024-08-28 09:26:21.227654', 1000069, '2024-08-28 09:26:21.227654', 1000069);
INSERT INTO pos.d_reference_list VALUES (1000012, 1000004, 'CAN', ' hy', 0, 'ec93dc3f-1405-42cc-922a-7cfb5e12fa70', 'Y', '2024-08-18 11:53:36.862491', 1000069, '2024-08-18 11:53:36.862491', 1000069);
INSERT INTO pos.d_reference_list VALUES (1000019, 1000006, 'DRA', 'n nhp', 0, '983af889-f189-4dea-ad46-d19fa6cce77b', 'Y', '2024-08-22 11:50:34.483665', 1000069, '2024-08-22 11:50:34.483665', 1000069);
INSERT INTO pos.d_reference_list VALUES (1000024, 1000007, 'TBD', 'Bn  t', 0, 'bd64fb82-aec1-4411-af94-e6de82720bc9', 'Y', '2024-08-22 17:47:48.97707', 1000069, '2024-08-22 17:47:48.97707', 1000069);
INSERT INTO pos.d_reference_list VALUES (1000007, 1000003, 'OTH', 'Loi khc', 0, 'd5e75c30-15d7-48af-9ae3-1d237fdc93f1', 'Y', '2024-08-18 10:58:49.859136', 1000069, '2024-08-18 10:58:49.859136', 1000069);
INSERT INTO pos.d_reference_list VALUES (1000006, 1000003, 'FOD', 'Thc n', 0, 'fbbcef9c-e35c-479f-807d-882046d79ac8', 'Y', '2024-08-18 10:58:38.161452', 1000069, '2024-08-18 10:58:38.161452', 1000069);
INSERT INTO pos.d_reference_list VALUES (1000022, 1000007, 'ETB', 'Bn trng', 0, '29cc5eea-4052-4a5e-ac03-1ab57d8924a8', 'Y', '2024-08-22 17:46:25.15017', 1000069, '2024-08-22 17:46:25.150171', 1000069);
INSERT INTO pos.d_reference_list VALUES (1000005, 1000003, 'DRK', 'Nc ung', 0, '3f461bde-c53b-442a-a9b1-9512caf3bac9', 'Y', '2024-08-18 10:58:24.248605', 1000069, '2024-08-18 10:58:24.248605', 1000069);
INSERT INTO pos.d_reference_list VALUES (1000002, 1000001, 'PRD ', 'Hng ch bin', 0, '220f2cf6-34af-4c1f-9254-c506942233c6', 'Y', '2024-08-18 10:56:49.583435', 1000069, '2024-08-18 10:56:49.583435', 1000069);
INSERT INTO pos.d_reference_list VALUES (1000009, 1000004, 'PSB', 'Ch sp bn', 0, '2d1726fb-d17c-4e5a-9040-3827bf1f9e75', 'Y', '2024-08-18 11:52:10.257728', 1000069, '2024-08-18 11:52:10.257729', 1000069);
INSERT INTO pos.d_reference_list VALUES (1000001, 1000001, 'RGD', 'Hng ha thng', 0, '63ab25cb-d5fe-464b-b3af-10a4f171ca6f', 'Y', '2024-08-18 10:55:27.177022', 1000069, '2024-08-18 10:55:27.177022', 1000069);
INSERT INTO pos.d_reference_list VALUES (1000011, 1000004, 'NOS', 'Khng n', 0, '3a82861c-9f23-45b8-a84c-ba6033b90606', 'Y', '2024-08-18 11:53:24.759148', 1000069, '2024-08-18 11:53:24.759148', 1000069);
INSERT INTO pos.d_reference_list VALUES (1000008, 1000004, 'TBL', ' xp bn', 0, '4e310f0f-35a6-4203-9651-e00f17ee5c56', 'Y', '2024-08-18 11:51:55.431381', 1000069, '2024-08-18 11:51:55.431382', 1000069);
INSERT INTO pos.d_reference_list VALUES (1000015, 1000005, 'PRD', ' ch bin', 0, 'd6bb1f15-38db-49d7-bc24-ddfc96236dbf', 'Y', '2024-08-19 17:49:44.796892', 1000069, '2024-08-19 17:49:44.796892', 1000069);
INSERT INTO pos.d_reference_list VALUES (1000018, 1000005, 'DMC', 'Hy mn', 0, 'a45578d3-f182-4099-8d47-24168f19248c', 'Y', '2024-08-19 17:51:08.372483', 1000069, '2024-08-19 17:51:08.372483', 1000069);
INSERT INTO pos.d_reference_list VALUES (1000010, 1000004, 'TRC', ' nhn bn', 0, '603ece6a-f05c-4ae1-9d2e-2d180f309037', 'Y', '2024-08-18 11:52:20.28623', 1000069, '2024-08-18 11:52:20.28623', 1000069);
INSERT INTO pos.d_reference_list VALUES (1000029, 1000006, 'VOD', 'n Hy', 0, 'b650e2aa-bde3-4f18-8e6b-fe16d20a6800', 'Y', '2024-09-06 04:02:05.442333', 0, '2024-09-06 04:02:05.442333', 0);
INSERT INTO pos.d_reference_list VALUES (1000030, 1000009, 'CHE', 'Ti khon ngn hng', 0, '846f208a-5da0-42cf-9386-f39c6aabf6bd', 'Y', '2024-09-16 02:55:06.421122', 0, '2024-09-16 02:55:06.421122', 0);
INSERT INTO pos.d_reference_list VALUES (1000031, 1000009, 'CAS', 'Ti khon tin mt', 0, '48ab5218-105c-4cf7-b3ac-cf621d2f017d', 'Y', '2024-09-16 02:55:06.421122', 0, '2024-09-16 02:55:06.421122', 0);
INSERT INTO pos.d_reference_list VALUES (1000033, 1000011, 'ORG', 'Ca hng chi nhnh', 0, '88bf93c9-06f9-47b6-b8cb-f9d5280795ef', 'Y', '2024-09-17 04:41:42.43141', 0, '2024-09-17 04:41:42.43141', 0);
INSERT INTO pos.d_reference_list VALUES (1000034, 1000011, 'PCG', 'Nhm hng', 0, '34148213-289b-456d-a967-b870c8141999', 'Y', '2024-09-17 04:41:42.43141', 0, '2024-09-17 04:41:42.43141', 0);
INSERT INTO pos.d_reference_list VALUES (1000035, 1000011, 'PRO', 'Hng ha', 0, 'd53f42f9-dbd5-4ae3-973b-67a398bd5dd4', 'Y', '2024-09-17 04:41:42.43141', 0, '2024-09-17 04:41:42.43141', 0);
INSERT INTO pos.d_reference_list VALUES (1000036, 1000011, 'PRL', 'Bng gi', 0, '13df22a2-2ead-432b-9164-515016b6065b', 'Y', '2024-09-17 04:41:42.43141', 0, '2024-09-17 04:41:42.43141', 0);
INSERT INTO pos.d_reference_list VALUES (1000037, 1000011, 'CAV', 'Khch hng / Nh cung cp', 0, 'f44ee07e-2b4e-4cdd-82f2-e6918e2dcf8a', 'Y', '2024-09-17 04:41:42.43141', 0, '2024-09-17 04:41:42.43141', 0);
INSERT INTO pos.d_reference_list VALUES (1000038, 1000011, 'CUS', 'Ngi dng', 0, 'e9f92632-8f7a-4aee-b620-6f246a690709', 'Y', '2024-09-17 04:41:42.43141', 0, '2024-09-17 04:41:42.43141', 0);
INSERT INTO pos.d_reference_list VALUES (1000039, 1000011, 'WHO', 'Kho hng', 0, 'bc8c04ae-241d-4e6e-b072-fc0691473e0b', 'Y', '2024-09-17 04:41:42.43141', 0, '2024-09-17 04:41:42.43141', 0);
INSERT INTO pos.d_reference_list VALUES (1000040, 1000011, 'FLO', 'khu vc / tng', 0, 'dca0ac0f-38c6-4e6c-8c12-70e43dc8e052', 'Y', '2024-09-17 04:41:42.43141', 0, '2024-09-17 04:41:42.43141', 0);
INSERT INTO pos.d_reference_list VALUES (1000041, 1000011, 'TBL', 'Phng bn', 0, 'c0699412-f876-4c86-828f-4bee55ae4389', 'Y', '2024-09-17 04:41:42.43141', 0, '2024-09-17 04:41:42.43141', 0);
INSERT INTO pos.d_reference_list VALUES (1000042, 1000011, 'COP', 'Coupo', 0, '2233188b-29c4-4661-a118-37b315aeb4db', 'Y', '2024-09-17 04:41:42.43141', 0, '2024-09-17 04:41:42.43141', 0);
INSERT INTO pos.d_reference_list VALUES (1000043, 1000011, 'SOR', 'n hng', 0, '7b5d030b-225f-479f-842d-ee9f9e9cb0a7', 'Y', '2024-09-17 04:41:42.43141', 0, '2024-09-17 04:41:42.43141', 0);
INSERT INTO pos.d_reference_list VALUES (1000044, 1000011, 'KDS', 'n bar/bp', 0, '6279a319-a344-4944-bc1e-12c221fae365', 'Y', '2024-09-17 04:41:42.43141', 0, '2024-09-17 04:41:42.43141', 0);
INSERT INTO pos.d_reference_list VALUES (1000045, 1000011, 'PTM', 'im bn hng', 0, '91f45828-02d0-4c4e-a45c-556845f93739', 'Y', '2024-09-17 04:41:42.43141', 0, '2024-09-17 04:41:42.43141', 0);
INSERT INTO pos.d_reference_list VALUES (1000047, 1000010, 'PND', 'Ch xc nhn', 0, '54639e83-80e7-4f74-83b9-c9d0bbe93de0', 'Y', '2024-09-17 04:57:18.978784', 0, '2024-09-17 04:57:18.978784', 0);
INSERT INTO pos.d_reference_list VALUES (1000048, 1000010, 'CNF', ' xc nhn', 0, '903d3993-6a2c-45d5-b4bc-fcd64d6cd584', 'Y', '2024-09-17 04:57:18.978784', 0, '2024-09-17 04:57:18.978784', 0);
INSERT INTO pos.d_reference_list VALUES (1000049, 1000010, 'VOID', ' hy', 0, '87d24c78-6ee3-4ba7-a859-f4a1885ee873', 'Y', '2024-09-17 04:57:18.978784', 0, '2024-09-17 04:57:18.978784', 0);
INSERT INTO pos.d_reference_list VALUES (1000050, 1000012, 'COM', 'Thnh cng', 0, 'eedb8563-844c-4208-be00-f24b79e8c779', 'Y', '2024-09-17 07:35:14.454058', 0, '2024-09-17 07:35:14.454058', 0);
INSERT INTO pos.d_reference_list VALUES (1000051, 1000012, 'FAI', 'Tht bi', 0, 'dbe08b68-3d19-47c4-af1a-75fd6eee0bf2', 'Y', '2024-09-17 07:35:14.454058', 0, '2024-09-17 07:35:14.454058', 0);
INSERT INTO pos.d_reference_list VALUES (1000052, 1000013, 'ETP', 'ERP v POS', 0, 'd7d6f9a5-e736-4c01-8082-95da045427a5', 'Y', '2024-09-17 07:35:14.454058', 0, '2024-09-17 07:35:14.454058', 0);
INSERT INTO pos.d_reference_list VALUES (1000053, 1000013, 'PTE', 'POS v ERP', 0, '0a9eddf7-f113-439e-ad2c-333251b283c5', 'Y', '2024-09-17 07:35:14.454058', 0, '2024-09-17 07:35:14.454058', 0);
INSERT INTO pos.d_reference_list VALUES (1000054, 1000014, 'MOR', 'Bui sng', 0, '45031915-0cf1-4cab-99ec-f967d2900089', 'Y', '2024-09-20 00:56:23.760049', 0, '2024-09-20 00:56:23.760049', 0);
INSERT INTO pos.d_reference_list VALUES (1000055, 1000014, 'LUN', 'Bui chiu', 0, 'b7a00f75-e6b7-4e37-80f1-7a2b843aa674', 'Y', '2024-09-20 00:56:23.760049', 0, '2024-09-20 00:56:23.760049', 0);
INSERT INTO pos.d_reference_list VALUES (1000056, 1000014, 'EVE', 'Bui ti', 0, '3df5c3be-56d2-4341-b2bf-6decf7afc2b4', 'Y', '2024-09-20 00:56:23.760049', 0, '2024-09-20 00:56:23.760049', 0);
INSERT INTO pos.d_reference_list VALUES (1000057, 1000005, 'PAI', ' tr mn', 0, '6e4ee1c4-8130-493b-9036-e45b8d16c38a', 'Y', '2024-10-01 04:05:54.253214', 0, '2024-10-01 04:05:54.253214', 0);


--
-- TOC entry 5538 (class 0 OID 394573)
-- Dependencies: 388
-- Data for Name: d_request_order; Type: TABLE DATA; Schema: pos; Owner: -
--

INSERT INTO pos.d_request_order VALUES (1000003, 1000004, 1000016, '2024-09-17 23:38:45.228506', 1000069, '2024-09-17 23:38:45.228506', 1000069, 1000006, 'ROD123456789', 'PND', 1000012, 1000077, '2024-09-17 12:34:56', 'e5b65f65-22eb-45b6-8d0d-829c659ddea1', NULL, 'Y');
INSERT INTO pos.d_request_order VALUES (1000004, 1000004, 1000016, '2024-09-17 23:45:51.069435', 1000069, '2024-09-17 23:45:51.069435', 1000069, 1000006, 'ROD123456789', 'PND', 1000012, 1000077, '2024-09-17 12:34:56', '5c8ef675-c1b2-458c-8044-bb7870e2b161', NULL, 'Y');
INSERT INTO pos.d_request_order VALUES (1000002, 1000004, 1000016, '2024-09-17 23:30:48.96478', 1000069, '2024-09-17 23:30:48.96478', 1000069, 1000006, 'ROD123456789', 'PND', 1000012, 1000077, '2024-09-18 08:40:45', '9ebcfc49-0e10-48a3-90af-f1095db81023', NULL, 'Y');
INSERT INTO pos.d_request_order VALUES (1000008, 1000004, 1000016, '2024-10-01 01:58:48.524375', 1000066, '2024-10-01 01:58:48.524375', 1000066, 1000006, 'ROD123456789', 'PND', 1000012, 1000077, '2024-09-17 05:34:56', '5b711add-9446-48a3-9945-30fb9ab4a794', NULL, 'Y');


--
-- TOC entry 5539 (class 0 OID 394610)
-- Dependencies: 389
-- Data for Name: d_request_orderline; Type: TABLE DATA; Schema: pos; Owner: -
--

INSERT INTO pos.d_request_orderline VALUES (1000002, 1000004, 1000016, '2024-09-17 23:30:52.443081', 1000069, '2024-09-17 23:30:52.443081', 1000069, 1000407, 1000002, 3, 'Product A Description', 16000.00, 48000.00, 'd3aac00d-0753-4c86-9627-28a04ff903c2', 'Y');
INSERT INTO pos.d_request_orderline VALUES (1000003, 1000004, 1000016, '2024-09-17 23:38:47.136419', 1000069, '2024-09-17 23:38:47.136419', 1000069, 1000407, 1000003, 3, 'Product A Description', 16000.00, 48000.00, '8655f2e4-19b2-460d-b7ed-569f2b38c6c2', 'Y');
INSERT INTO pos.d_request_orderline VALUES (1000004, 1000004, 1000016, '2024-09-17 23:45:52.668722', 1000069, '2024-09-17 23:45:52.668722', 1000069, 1000407, 1000004, 3, 'Product A Description', 16000.00, 48000.00, '61f122cc-91f4-4752-be55-4b9da1a62358', 'Y');
INSERT INTO pos.d_request_orderline VALUES (1000008, 1000004, 1000016, '2024-10-01 01:58:48.58118', 1000066, '2024-10-01 01:58:48.58118', 1000066, 1000407, 1000008, 3, 'Product A Description', 16000.00, 48000.00, '6efaa7fb-31d2-48b6-8a83-a1d8547d46c7', 'Y');


--
-- TOC entry 5413 (class 0 OID 385824)
-- Dependencies: 250
-- Data for Name: d_reservation_line; Type: TABLE DATA; Schema: pos; Owner: -
--



--
-- TOC entry 5414 (class 0 OID 385832)
-- Dependencies: 251
-- Data for Name: d_reservation_order; Type: TABLE DATA; Schema: pos; Owner: -
--

INSERT INTO pos.d_reservation_order VALUES (1000194, 1000016, 1000004, '2024-09-27 11:50:09.995797', 1000066, '2024-09-27 11:50:09.995798', 1000066, 'Y', 'H Anh T 1', NULL, NULL, 'H Anh T 1', '12312', '', 2, '2024-09-27 11:50:06', NULL, 'PSB', '3bfbef74-dfc4-4905-a8c3-a6d6ea117ba0', '12121', 1000040, '1', 1000185, NULL, NULL);
INSERT INTO pos.d_reservation_order VALUES (1000192, 1000016, 1000004, '2024-09-27 11:48:47.234081', 1000066, '2024-09-27 11:50:21.589901', 1000066, 'Y', 'Tuyt Nh', 999975, 1000164, 'Tuyt Nh', '0326647677', '', 2, '2024-09-27 12:00:00', NULL, 'CAN', '2536903e-fe42-41d2-b476-b41252b212ea', NULL, 1000055, '1', 1000185, NULL, NULL);
INSERT INTO pos.d_reservation_order VALUES (1000198, 1000016, 1000004, '2024-10-02 10:59:07.819468', 1000066, '2024-10-02 14:08:00.100813', 1000066, 'Y', 'Lu Sc Dn ', 999973, 1000163, 'Lu Sc Dn ', '45123', '', 1, '2024-10-02 12:00:00', NULL, 'NOS', 'a9039c4a-a783-45bd-b535-42d47c5882ad', NULL, 1000044, '1', 1000185, NULL, NULL);
INSERT INTO pos.d_reservation_order VALUES (1000191, 1000016, 1000004, '2024-09-26 11:20:09.525831', 1000066, '2024-09-26 14:09:41.944946', 1000066, 'Y', 'Lu Sc Dn ', 999972, 1000076, 'Lu Sc Dn ', '45123', '', 1, '2024-09-26 12:00:00', NULL, 'NOS', '5bb1101b-db79-4b7d-8a61-fc914962b87e', NULL, 1000044, '1', 1000185, NULL, NULL);
INSERT INTO pos.d_reservation_order VALUES (1000195, 1000016, 1000004, '2024-09-27 11:50:35.000673', 1000066, '2024-09-27 15:08:36.480417', 1000066, 'Y', 'Nguyn Hiu Hin', 1000012, 1000077, 'Nguyn Hiu Hin', '123123', '', 2, '2024-09-27 13:00:00', NULL, 'NOS', '0e28f494-4f63-40f1-9bd7-81612b484b88', NULL, 1000062, '1', 1000185, NULL, NULL);
INSERT INTO pos.d_reservation_order VALUES (1000193, 1000016, 1000004, '2024-09-27 11:49:37.93126', 1000066, '2024-09-27 15:08:36.480298', 1000066, 'Y', 'Nguyn Minh Hngg', 999972, 1000162, 'Nguyn Minh Hngg', '3212', '', 2, '2024-09-27 12:00:00', NULL, 'NOS', 'd4fda7f8-ff96-497f-ba46-728a477d4cda', NULL, 1000042, '1', 1000185, NULL, NULL);
INSERT INTO pos.d_reservation_order VALUES (1000196, 1000016, 1000004, '2024-09-27 16:11:36.342868', 1000066, '2024-09-27 16:12:42.322925', 1000066, 'Y', 'Tuyt Nh', 999972, 1000073, 'Tuyt Nh', '', '', 4, '2024-09-27 17:11:00', NULL, 'TRC', 'eb8fd2e4-149b-4797-9b11-701d54e82eab', '', 1000055, '1', 1000185, NULL, NULL);
INSERT INTO pos.d_reservation_order VALUES (1000197, 1000016, 1000004, '2024-09-27 16:13:35.048144', 1000066, '2024-09-27 16:13:45.199064', 1000066, 'Y', 'Nguyn Minh Hngg', 999972, 1000039, 'Nguyn Minh Hngg', '3212', '', 2, '2024-09-27 19:00:00', NULL, 'TRC', '7c84de14-c409-4c45-bc13-0908778fc510', NULL, 1000042, '1', 1000185, NULL, NULL);


--
-- TOC entry 5415 (class 0 OID 385843)
-- Dependencies: 252
-- Data for Name: d_role; Type: TABLE DATA; Schema: pos; Owner: -
--

INSERT INTO pos.d_role VALUES (1000000, 1000004, 'ADMIN', 'ADMIN', '2024-09-17 08:37:03.335228', 0, '2024-09-17 08:37:03.335228', 0, 'Y', '4c79a452-cb12-4eab-9aaa-82e44b62c3dc', NULL);
INSERT INTO pos.d_role VALUES (1000001, 1000004, 'USER', 'USER', '2024-09-17 08:39:26.885968', 0, '2024-09-17 08:39:26.885968', 0, 'Y', '3dbd931d-7114-4f0c-9b83-fc504df86398', NULL);
INSERT INTO pos.d_role VALUES (1000002, 1000004, 'STAFF', 'STAFF', '2024-09-18 08:27:05.152365', 0, '2024-09-18 08:27:05.152365', 0, 'Y', '924341e8-8c02-4ec7-9643-925ae9b7dfb0', NULL);
INSERT INTO pos.d_role VALUES (1000003, 1000004, 'DIS', 'DBIZ_INV_SuperUser', '2024-09-25 14:55:12.353016', 0, '2024-09-25 14:55:12.353016', 0, 'Y', '91904681-165a-498d-b625-47e1fce4e5a6', 1000717);
INSERT INTO pos.d_role VALUES (1000004, 1000004, 'ADMIN1', 'Administrator POS', '2024-09-25 14:55:12.353016', 0, '2024-09-25 14:55:12.353016', 0, 'Y', '648418ee-3ca0-4d39-a59e-be8b3583f94b', 1000735);
INSERT INTO pos.d_role VALUES (1000005, 1000004, 'KST', 'Kitchen Staff', '2024-09-25 14:55:12.353016', 0, '2024-09-25 14:55:12.353016', 0, 'Y', '42332695-9f66-4c90-9b45-43ed90178911', 1000739);
INSERT INTO pos.d_role VALUES (1000006, 1000004, 'CIS', 'CheckIn Staff', '2024-09-25 14:55:12.353016', 0, '2024-09-25 14:55:12.353016', 0, 'Y', '942043bf-14a0-4607-9529-13d0e002af2f', 1000745);
INSERT INTO pos.d_role VALUES (1000007, 1000004, 'ELP', 'Employee POS', '2024-09-25 14:55:12.353016', 0, '2024-09-25 14:55:12.353016', 0, 'Y', '78e52e82-1406-47b4-b0dd-59e39baa5942', 1000737);
INSERT INTO pos.d_role VALUES (1000008, 1000004, 'SSF', 'Serve Staff', '2024-09-25 14:55:12.353016', 0, '2024-09-25 14:55:12.353016', 0, 'Y', '579db781-7b35-43f5-8b08-4250851ee99d', 1000740);
INSERT INTO pos.d_role VALUES (1000009, 1000004, 'MNP', 'Manager POS', '2024-09-25 14:55:12.353016', 0, '2024-09-25 14:55:12.353016', 0, 'Y', '0109d7b6-c776-4d0d-a769-ba629ad8be0a', 1000736);


--
-- TOC entry 5503 (class 0 OID 393021)
-- Dependencies: 341
-- Data for Name: d_shift_control; Type: TABLE DATA; Schema: pos; Owner: -
--

INSERT INTO pos.d_shift_control VALUES (1000024, 1000004, 1000016, 1000069, 5, 1000008, NULL, '2024-09-24 16:29:46', 'MOR', '2024-09-24 16:04:52.324254', 1000069, '2024-09-24 16:29:45.952991', 1000069, '54e35379-2622-404a-9aa0-4876839b30dd', 'Y', 'Y', NULL, 120000, 12000, -108000, 1000007, 'CA1000024', NULL);
INSERT INTO pos.d_shift_control VALUES (1000025, 1000004, 1000016, 1000070, 6, 1000008, NULL, '2024-09-24 16:30:56', 'MOR', '2024-09-24 16:30:47.905677', 1000069, '2024-09-24 16:30:55.645093', 1000069, 'cc04432b-aad8-4ce4-bee5-4f7eadddb499', 'Y', 'Y', NULL, 120000, 100000, -20000, 1000007, 'CA1000025', NULL);
INSERT INTO pos.d_shift_control VALUES (1000010, 1000004, 1000016, 1000070, 1, 1000010, NULL, NULL, 'MOR', '2024-09-20 11:22:47.494186', 1000069, '2024-09-20 11:23:15.20436', 1000069, '16046856-beb2-4bb2-9607-a64daf8d2ab5', 'Y', 'Y', NULL, 100000, NULL, NULL, 1000007, 'CA1000000', NULL);
INSERT INTO pos.d_shift_control VALUES (1000011, 1000004, 1000016, 1000070, 1, 1000010, NULL, NULL, 'MOR', '2024-09-20 11:23:15.220755', 1000069, '2024-09-22 11:42:34.276354', 1000069, 'c3ddef17-7f50-4917-b593-a2f880e3c535', 'Y', 'Y', NULL, 100000, NULL, NULL, 1000007, 'CA1000011', NULL);
INSERT INTO pos.d_shift_control VALUES (1000014, 1000004, 1000016, 1000070, 1, 1000010, NULL, NULL, 'MOR', '2024-09-23 08:59:19.510248', 1000069, '2024-09-23 09:04:05.782318', 1000069, '8fdff1fd-ce22-4e18-9301-622bc0f67e42', 'Y', 'Y', NULL, 100000, NULL, NULL, 1000007, 'CA1000012', NULL);
INSERT INTO pos.d_shift_control VALUES (1000015, 1000004, 1000016, 1000070, 1, 1000010, '2024-09-23 09:04:26', NULL, 'MOR', '2024-09-23 09:04:39.727296', 1000069, '2024-09-23 09:13:46.275198', 1000069, 'b107f358-5402-4b67-98db-04567003311e', 'Y', 'Y', NULL, 100000, NULL, NULL, 1000007, 'CA1000015', NULL);
INSERT INTO pos.d_shift_control VALUES (1000016, 1000004, 1000016, 1000070, 1, 1000010, '2024-09-23 09:14:31', NULL, 'MOR', '2024-09-23 09:14:47.079071', 1000069, '2024-09-23 09:20:25.531473', 1000069, '131fc9d6-d54e-4e50-b9e5-ae1cd8efdda9', 'Y', 'Y', NULL, 100000, NULL, NULL, 1000007, 'CA1000016', NULL);
INSERT INTO pos.d_shift_control VALUES (1000017, 1000004, 1000016, 1000070, 1, 1000010, '2024-09-23 09:14:31', NULL, 'MOR', '2024-09-23 09:15:09.263087', 1000069, '2024-09-23 09:20:29.437213', 1000069, '5cc5f2ca-e110-4b02-aed1-8da727cccf21', 'Y', 'Y', NULL, 100000, NULL, NULL, 1000007, 'CA1000017', NULL);
INSERT INTO pos.d_shift_control VALUES (1000018, 1000004, 1000016, 1000070, 1, 1000010, '2024-09-23 09:14:31', NULL, 'MOR', '2024-09-23 09:18:36.534218', 1000069, '2024-09-23 09:20:34.029758', 1000069, 'f07df5e2-91f2-4dd2-930d-bbfd450f8352', 'Y', 'Y', NULL, 100000, NULL, NULL, 1000007, 'CA1000018', NULL);
INSERT INTO pos.d_shift_control VALUES (1000019, 1000004, 1000016, 1000070, 1, 1000010, '2024-09-23 09:14:31', NULL, 'MOR', '2024-09-23 09:19:08.636859', 1000069, '2024-09-23 09:20:46.580311', 1000069, 'a889754a-12aa-47c2-bc85-78af765ddbdf', 'Y', 'Y', NULL, 100000, NULL, NULL, 1000007, 'CA1000019', NULL);
INSERT INTO pos.d_shift_control VALUES (1000026, 1000004, 1000016, 1000079, 7, 1000008, NULL, '2024-09-25 09:24:38', 'MOR', '2024-09-24 17:02:06.5175', 1000069, '2024-09-25 09:24:38.635664', 1000069, '749eae60-8913-4b61-953d-2065c993a7c9', 'Y', 'Y', NULL, 1, 123.123, 123.122, 1000007, 'CA1000026', NULL);
INSERT INTO pos.d_shift_control VALUES (1000020, 1000004, 1000016, 1000070, 1, 1000010, NULL, '2024-09-25 11:10:00', 'MOR', '2024-09-23 09:25:26.915648', 1000069, '2024-09-24 14:18:34.108631', 1000069, '97f422db-5a5a-43bc-a966-25ba5def0e9c', 'Y', 'Y', NULL, 100000, 60000, -40000, 1000007, 'CA1000020', NULL);
INSERT INTO pos.d_shift_control VALUES (1000021, 1000004, 1000016, 1000079, 2, 1000008, NULL, '2024-09-24 16:00:24', 'MOR', '2024-09-23 17:40:25.420101', 1000069, '2024-09-24 16:00:23.386605', 1000069, '32cb482c-cef4-4b8a-835f-e221f9be4055', 'Y', 'Y', NULL, 100000, 10000, -90000, 1000007, 'CA1000021', NULL);
INSERT INTO pos.d_shift_control VALUES (1000022, 1000004, 1000016, 1000078, 3, 1000008, NULL, '2024-09-24 16:02:48', 'MOR', '2024-09-24 16:01:13.781473', 1000069, '2024-09-24 16:02:47.10392', 1000069, 'cfd2f885-c46e-44ab-9435-2815c3f5f6ae', 'Y', 'Y', NULL, 50000, 30000, -20000, 1000007, 'CA1000022', NULL);
INSERT INTO pos.d_shift_control VALUES (1000023, 1000004, 1000016, 1000070, 4, 1000008, NULL, '2024-09-24 16:04:01', 'MOR', '2024-09-24 16:03:51.293804', 1000069, '2024-09-24 16:04:00.242993', 1000069, '069b7d6d-9ff3-40a3-ab8c-7a8e334c3971', 'Y', 'Y', NULL, 40000, 30000, -10000, 1000007, 'CA1000023', NULL);
INSERT INTO pos.d_shift_control VALUES (1000027, 1000004, 1000016, 1000079, 8, 1000008, NULL, '2024-09-25 11:20:51', 'MOR', '2024-09-25 09:34:56.888038', 1000069, '2024-09-25 11:20:52.143534', 1000069, '4a2d709b-4c12-4292-8dcb-0985f3f7f073', 'Y', 'Y', NULL, 1, 123, 122, 1000007, 'CA1000027', NULL);
INSERT INTO pos.d_shift_control VALUES (1000028, 1000004, 1000016, 1000079, 9, 1000008, NULL, '2024-09-25 11:51:42', 'MOR', '2024-09-25 11:43:24.509594', 1000069, '2024-09-25 11:51:45.699411', 1000069, '4ba84e56-e143-4487-bc7e-2ccd94cbaba6', 'Y', 'Y', NULL, 20000, 20000, 0, 1000007, 'CA1000028', NULL);
INSERT INTO pos.d_shift_control VALUES (1000029, 1000004, 1000016, 1000070, 1, 1000010, NULL, '2024-09-25 11:10:00', 'MOR', '2024-09-25 11:54:45.94524', 1000069, '2024-09-25 16:26:32.976132', 1000069, '85b2ed27-df2e-4e01-86df-dccc26f5953e', 'Y', 'Y', NULL, 100000, NULL, NULL, 1000007, 'CA1000029', NULL);
INSERT INTO pos.d_shift_control VALUES (1000030, 1000004, 1000016, 1000069, 10, 1000008, '2024-09-25 16:26:39', NULL, NULL, '2024-09-25 16:26:46.885496', 1000069, '2024-09-25 16:26:46.885496', 1000069, '84b63df0-a2b9-4667-b2f7-62e61f7d32b9', 'Y', 'Y', NULL, 1, NULL, NULL, 1000007, 'CA1000030', NULL);
INSERT INTO pos.d_shift_control VALUES (1000031, 1000004, 1000016, 1000078, 11, 1000008, NULL, '2024-09-25 16:47:46', NULL, '2024-09-25 16:38:54.877931', 1000069, '2024-09-25 16:47:46.988718', 1000069, '13b228e6-b2d3-4c59-ab21-2a54af72f556', 'Y', 'Y', NULL, 1, 10, 9.999, 1000007, 'CA1000031', NULL);
INSERT INTO pos.d_shift_control VALUES (1000032, 1000004, 1000016, 1000070, 12, 1000008, NULL, '2024-09-26 17:14:36', 'MOR', '2024-09-25 16:48:51.109692', 1000069, '2024-09-26 17:14:40.351788', 1000066, 'ceda9763-efd4-4295-ae27-e7c69532ebac', 'Y', 'Y', NULL, 100000, 50, -50, 1000007, 'CA1000032', NULL);
INSERT INTO pos.d_shift_control VALUES (1000033, 1000004, 1000016, 1000184, 13, 1000008, NULL, '2024-09-26 17:16:43', NULL, '2024-09-26 17:15:26.204359', 1000066, '2024-09-26 17:16:44.155697', 1000066, '85d97722-4c4a-45d8-b0bc-9a23e7f7da6e', 'Y', 'Y', NULL, 200000, 100, -100, 1000007, 'CA1000033', NULL);
INSERT INTO pos.d_shift_control VALUES (1000034, 1000004, 1000016, 1000078, 14, 1000008, NULL, '2024-09-27 11:24:09', NULL, '2024-09-26 17:17:01.794384', 1000066, '2024-09-27 11:24:09.920278', 1000066, 'c8a8d56a-8d72-4315-abfc-c0c5ccc5979b', 'Y', 'Y', NULL, 1, 123, 29770122, 1000007, 'CA1000034', NULL);
INSERT INTO pos.d_shift_control VALUES (1000035, 1000004, 1000016, 1000070, 15, 1000008, NULL, '2024-09-27 17:59:27', 'MOR', '2024-09-27 11:26:24.795149', 1000066, '2024-09-27 17:59:31.758838', 1000066, '6499d585-dda6-4044-93a3-a12f0c3048b8', 'Y', 'Y', NULL, 200000, 30000000, 60079000, 1000007, 'CA1000035', NULL);
INSERT INTO pos.d_shift_control VALUES (1000036, 1000004, 1000016, 1000070, 16, 1000008, NULL, '2024-09-30 16:22:07', 'MOR', '2024-09-28 12:25:55.456423', 1000066, '2024-09-30 16:26:24.297469', 1000066, '8d1d2531-b5d5-4458-abcb-b744be0fb3ed', 'Y', 'Y', NULL, 30000, 20000, 30269000, 1000007, 'CA1000036', NULL);
INSERT INTO pos.d_shift_control VALUES (1000037, 1000004, 1000016, 1000070, 17, 1000008, '2024-09-30 16:27:41', NULL, 'MOR', '2024-09-30 16:27:47.918453', 1000066, '2024-09-30 16:27:47.918453', 1000066, '4c515916-3768-474e-8adc-158c8fd59cc3', 'Y', 'N', NULL, 100000, NULL, NULL, 1000007, 'CA1000037', NULL);
INSERT INTO pos.d_shift_control VALUES (1000038, 1000004, 1000016, 1000070, 18, 1000008, NULL, '2024-10-02 01:41:03', 'MOR', '2024-09-30 17:31:24.583574', 1000066, '2024-10-02 01:45:24.689394', 1000066, 'e4384b40-322d-425f-ad13-ca3767cee3c8', 'Y', 'Y', NULL, 200000, 10000, -190000, 1000007, 'CA1000038', NULL);
INSERT INTO pos.d_shift_control VALUES (1000039, 1000004, 1000016, 1000070, 19, 1000008, '2024-10-02 01:41:03', NULL, 'MOR', '2024-10-02 01:46:22.951019', 1000066, '2024-10-02 01:46:22.95102', 1000066, '88f28be9-d950-425b-88f8-2a51426d1b1d', 'Y', 'N', NULL, 20000, NULL, NULL, 1000007, 'CA1000039', NULL);


--
-- TOC entry 5416 (class 0 OID 385855)
-- Dependencies: 253
-- Data for Name: d_storage_onhand; Type: TABLE DATA; Schema: pos; Owner: -
--



--
-- TOC entry 5417 (class 0 OID 385866)
-- Dependencies: 254
-- Data for Name: d_table; Type: TABLE DATA; Schema: pos; Owner: -
--

INSERT INTO pos.d_table VALUES (1000073, 1000016, 1000004, '2024-08-17 10:39:15.535796', 1000069, '2024-10-02 10:58:47.835511', 1000066, 'Y', 'B41', 'Bn - 41', 'Bn to', 999972, 'TIU', '3e17c40c-5354-428a-aa9d-e5fbb94c78a6', 10, 0, NULL, 'N', NULL, 'N', NULL, 'N');
INSERT INTO pos.d_table VALUES (1000089, 1000030, 1000004, '2024-09-18 22:08:02.190611', 1000069, '2024-09-18 22:08:47.626136', 1000069, 'Y', 'B01', 'Bn 2', 'B01', 999982, 'ETB', 'cad620de-751c-443e-a469-d8c374378929', 2, 1, NULL, 'N', NULL, 'N', NULL, 'N');
INSERT INTO pos.d_table VALUES (1000030, 1000003, 1000003, '2024-07-31 11:10:40.066871', 1000068, '2024-07-31 11:10:40.066873', 1000068, 'Y', 'B9', 'Bn - 09', 'Bn h', 999964, 'ETB', '1821b8bb-8d0d-4b01-814f-1a4dc6548ad8', 2, 1, NULL, 'N', NULL, 'N', NULL, 'N');
INSERT INTO pos.d_table VALUES (1000037, 1000016, 1000004, '2024-08-07 09:19:44.255929', 1000069, '2024-09-25 11:21:16.872503', 1000069, 'Y', 'B16', 'Bn - 16', ' ', 999972, 'TIU', '7a9d7029-003d-4e8e-94bc-af325f05c8ba', 2, 1, NULL, 'N', NULL, 'N', NULL, 'N');
INSERT INTO pos.d_table VALUES (1000047, 1000016, 1000004, '2024-08-07 09:21:05.235521', 1000069, '2024-09-27 11:28:49.236741', 1000066, 'Y', 'B24', 'Bn - 24', ' ', 999974, 'ETB', '215c925b-2d98-4664-aefa-5175f66cd750', 2, 1, NULL, 'N', NULL, 'N', NULL, 'N');
INSERT INTO pos.d_table VALUES (1000032, 1000016, 1000004, '2024-08-07 09:19:22.070725', 1000069, '2024-09-25 11:20:46.097503', 1000069, 'Y', 'B11', 'Bn - 11', ' ', 999972, 'TIU', '0f358426-9982-4c95-becf-47afe784160a', 2, 1, NULL, 'N', NULL, 'N', NULL, 'N');
INSERT INTO pos.d_table VALUES (1000036, 1000016, 1000004, '2024-08-07 09:19:39.325795', 1000069, '2024-09-26 23:27:24.080499', 1000066, 'Y', 'B15', 'Bn - 15', ' ', 999972, 'ETB', 'e0d07d6c-934f-424d-a9a9-4dee33237c4c', 2, 1, NULL, 'N', NULL, 'N', NULL, 'N');
INSERT INTO pos.d_table VALUES (1000057, 1000016, 1000004, '2024-08-07 09:22:19.317118', 1000069, '2024-09-25 11:07:59.374225', 1000069, 'Y', 'B33', 'Bn - 33', ' ', 999975, 'ETB', '0e879b35-34f4-4202-b9d0-9192b0ff5653', 2, 1, NULL, 'N', NULL, 'N', NULL, 'N');
INSERT INTO pos.d_table VALUES (1000087, 1000030, 1000004, '2024-09-18 22:07:21.073224', 1000069, '2024-09-18 22:08:09.566649', 1000069, 'Y', 'B01', 'Bn 1', ' ', 999982, 'ETB', 'be300bbe-3e87-4428-8057-0fda12f5a605', 2, 1, NULL, 'N', NULL, 'N', NULL, 'N');
INSERT INTO pos.d_table VALUES (1000068, 1000016, 1000004, '2024-08-07 11:39:14.230906', 1000069, '2024-09-17 16:36:34.080153', 1000069, 'Y', 'B37', 'Bn - 37', 'Bn', 999976, 'ETB', '945958dc-8384-4874-9a39-fedcda4a3ef9', 11, 0, NULL, 'N', NULL, 'N', NULL, 'N');
INSERT INTO pos.d_table VALUES (1000045, 1000016, 1000004, '2024-08-07 09:20:41.145141', 1000069, '2024-09-26 10:19:16.435301', 1000066, 'Y', 'B23', 'Bn - 23', ' ', 999973, 'TIU', '6939b089-c942-4df1-bf79-32e70fa88a4d', 2, 1, NULL, 'N', NULL, 'N', NULL, 'N');
INSERT INTO pos.d_table VALUES (1000062, 1000016, 1000004, '2024-08-07 11:36:29.219726', 1000069, '2024-09-27 13:38:52.323876', 1000066, 'Y', 'B6', 'Bn - 06', 'Bn trng', 999976, 'ETB', 'b1d8d5ce-d0f4-4ee6-807c-59a871134645', 20, 1, NULL, 'N', NULL, 'N', NULL, 'N');
INSERT INTO pos.d_table VALUES (1000114, 1000033, 1000004, '2024-09-22 17:13:17.942176', 1000069, '2024-09-22 17:13:17.942176', 1000069, 'Y', '8', 'Bn 8', NULL, 1000036, 'ETB', '3911915a-5084-4c0b-8fbe-5148a6e12888', 1, NULL, 0, 'N', NULL, 'N', 1000011, 'N');
INSERT INTO pos.d_table VALUES (1000115, 1000038, 1000004, '2024-09-22 17:13:18.000062', 1000069, '2024-09-22 17:13:18.000062', 1000069, 'Y', '2', 'Bn 2', NULL, 1000020, 'ETB', 'd50cf756-abd8-4ea4-b9da-71ba96a5cb70', 10, NULL, 0, 'N', NULL, 'N', 1000054, 'N');
INSERT INTO pos.d_table VALUES (1000116, 1000033, 1000004, '2024-09-22 17:13:18.078214', 1000069, '2024-09-22 17:13:18.078214', 1000069, 'Y', '23', 'Bn 23', NULL, 1000013, 'ETB', 'b2b6df21-12da-48f6-b1d2-5d6cf4520af5', 1, NULL, 0, 'N', NULL, 'N', 1000014, 'N');
INSERT INTO pos.d_table VALUES (1000165, 1000016, 1000004, '2024-09-26 17:58:46.745918', 1000066, '2024-09-30 06:44:20.334463', 1000066, 'N', 'B5', 'Bn 5', ' ', 999975, 'TIU', '421ce7d3-dc14-4a98-a97b-3fde5e5e902b', 2, 1, NULL, NULL, NULL, NULL, NULL, NULL);
INSERT INTO pos.d_table VALUES (1000064, 1000016, 1000004, '2024-08-07 11:37:34.030055', 1000069, '2024-09-20 08:55:00.59017', 1000069, 'Y', 'B51', 'Bn - 51', 'Bn trng', 999976, 'ETB', 'a2b84b5d-9244-41b3-a5e9-5febc861cf9a', 12, 0, NULL, 'N', NULL, 'N', NULL, 'N');
INSERT INTO pos.d_table VALUES (1000163, 1000016, 1000004, '2024-09-25 15:42:30.249134', 1000069, '2024-10-02 10:59:07.829497', 1000066, 'Y', '112', 'Bn - 60', 'Ban to', 999973, 'TBD', 'a79901b2-3c96-48ff-ab09-2c7a9c7480c3', 10, 0, NULL, NULL, NULL, NULL, NULL, NULL);
INSERT INTO pos.d_table VALUES (1000055, 1000016, 1000004, '2024-08-07 09:21:59.167518', 1000069, '2024-09-30 04:42:26.918953', 1000066, 'Y', 'B31', 'Bn - 31', ' ', 999975, 'ETB', '12edb49f-2300-4640-a894-4cc4e5c6c564', 2, 1, NULL, 'N', NULL, 'N', NULL, 'N');
INSERT INTO pos.d_table VALUES (1000141, 1000038, 1000004, '2024-09-22 17:13:19.571344', 1000069, '2024-09-22 17:13:19.571344', 1000069, 'Y', '3', 'Bn 3', NULL, 1000020, 'ETB', 'acaa3813-7721-45e3-a769-c9149bfb7e19', 10, NULL, 0, 'N', NULL, 'N', 1000055, 'N');
INSERT INTO pos.d_table VALUES (1000142, 1000038, 1000004, '2024-09-22 17:13:19.625383', 1000069, '2024-09-22 17:13:19.625383', 1000069, 'Y', '1', 'Room 101', NULL, 1000024, 'ETB', '8098a075-b3a2-4317-857e-5462f0d9d0b2', 10, NULL, 0, 'N', NULL, 'N', 1000039, 'N');
INSERT INTO pos.d_table VALUES (1000023, 1000003, 1000002, '2024-07-22 16:34:11.384657', 1000037, '2024-07-22 16:34:11.384659', 1000037, 'Y', 'B3', 'Bn - 03', 'Bn h', 999963, 'ETB', '3dc13179-02ac-4b0e-936e-5a9c03698975', 2, 0, NULL, 'N', NULL, 'N', NULL, 'N');
INSERT INTO pos.d_table VALUES (1000056, 1000016, 1000004, '2024-08-07 09:22:14.498161', 1000069, '2024-09-27 10:39:32.493533', 1000066, 'Y', 'B32', 'Bn - 32', ' ', 999975, 'ETB', 'f49f43b5-8ede-4215-afa2-f09982c1c0ca', 2, 1, NULL, 'N', NULL, 'N', NULL, 'N');
INSERT INTO pos.d_table VALUES (1000040, 1000016, 1000004, '2024-08-07 09:19:57.298896', 1000069, '2024-09-26 10:56:02.940896', 1000069, 'Y', 'B19', 'Bn - 19', ' Ban to', 999972, 'ETB', 'aa1a0430-403f-4f86-9059-f6222ff2e0c9', 2, 1, NULL, 'N', NULL, 'N', NULL, 'N');
INSERT INTO pos.d_table VALUES (1000078, 1000016, 1000004, '2024-08-26 17:31:36.481602', 1000069, '2024-09-24 10:46:47.365976', 1000069, 'Y', 'B50', 'Bn - 50', '1', 999975, 'TIU', '8c7edaa0-a802-4282-aee9-bb4d77b593fb', 12, 0, NULL, 'N', NULL, 'N', NULL, 'N');
INSERT INTO pos.d_table VALUES (1000029, 1000001, 1000002, '2024-07-31 09:51:55.852874', 1000037, '2024-07-31 09:51:55.852877', 1000037, 'Y', 'B8', 'Bn - 08', 'Bn vip', 999957, 'ETB', '15eff874-39a7-43dd-9502-d75a779d16dd', 3, 0, NULL, 'N', NULL, 'N', NULL, 'N');
INSERT INTO pos.d_table VALUES (1000027, 1000003, 1000002, '2024-07-24 12:33:22.15152', 1000037, '2024-07-25 10:47:26.561879', 1000037, 'Y', 'B7', 'Bn - 07', 'Bn vip', 999966, 'ETB', 'de6aeb46-d976-4adc-98b3-ad67c6b127cd', 33, 1, NULL, 'N', NULL, 'N', NULL, 'N');
INSERT INTO pos.d_table VALUES (1000025, 1000003, 1000003, '2024-07-24 10:11:53.673266', 1000068, '2024-07-24 10:11:53.673266', 1000068, 'Y', 'B2', 'Bn - 02', 'Bn h', 999964, 'ETB', '9b8b6e96-0818-4d2e-bc9f-7914211b9320', 2, 1, NULL, 'N', NULL, 'N', NULL, 'N');
INSERT INTO pos.d_table VALUES (1000066, 1000016, 1000004, '2024-08-07 11:38:35.222062', 1000069, '2024-09-20 10:14:05.145859', 1000069, 'Y', 'B35', 'Bn - 35', 'Bn trng', 999976, 'ETB', 'c61f5fa7-547f-4085-b33c-e7942c671e66', 21, 0, NULL, 'N', NULL, 'N', NULL, 'N');
INSERT INTO pos.d_table VALUES (1000070, 1000016, 1000004, '2024-08-07 11:39:54.893844', 1000069, '2024-09-27 17:20:12.426424', 1000066, 'Y', 'B39', 'Bn - 39', 'B', 999976, 'ETB', '2581a6ac-a385-4917-80d4-7e00cddd51b8', 11, 0, NULL, 'N', NULL, 'N', NULL, 'N');
INSERT INTO pos.d_table VALUES (1000026, 1000003, 1000002, '2024-07-24 11:59:13.47666', 1000037, '2024-07-24 11:59:13.476663', 1000037, 'Y', 'B5', 'Bn - 05', 'Bn to', 999964, 'ETB', 'bf469f3d-c011-4f1f-b149-60eb55a9fe3f', 10, 0, NULL, 'N', NULL, 'N', NULL, 'N');
INSERT INTO pos.d_table VALUES (1000034, 1000016, 1000004, '2024-08-07 09:19:30.022508', 1000069, '2024-09-26 23:34:12.898024', 1000066, 'Y', 'B13', 'Bn - 13', ' ', 999972, 'ETB', 'f1b4178e-0ebb-467b-9ea9-140ec14943e2', 2, 1, NULL, 'N', NULL, 'N', NULL, 'N');
INSERT INTO pos.d_table VALUES (1000033, 1000016, 1000004, '2024-08-07 09:19:26.504501', 1000069, '2024-09-27 09:35:08.471513', 1000066, 'Y', 'B12', 'Bn - 12', ' ', 999972, 'ETB', '3b663d6c-94f3-45be-b23b-ee5ba1beb3c6', 2, 1, NULL, 'N', NULL, 'N', NULL, 'N');
INSERT INTO pos.d_table VALUES (1000065, 1000016, 1000004, '2024-08-07 11:37:58.606125', 1000069, '2024-09-17 17:54:41.289365', 1000069, 'Y', 'B45', 'Bn - 45', 'Bn trng rt trng nha', 999976, 'ETB', '569de64c-6adf-43a2-8602-da8ba8d8f9e1', 23, 2, NULL, 'N', NULL, 'N', NULL, 'N');
INSERT INTO pos.d_table VALUES (1000035, 1000016, 1000004, '2024-08-07 09:19:33.78718', 1000069, '2024-09-22 20:37:05.70676', 1000069, 'Y', 'B14', 'Bn - 14', ' ', 999972, 'ETB', '2950ea6e-a613-4458-8cd2-08bb285052c9', 2, 1, NULL, 'N', NULL, 'N', NULL, 'N');
INSERT INTO pos.d_table VALUES (1000058, 1000016, 1000004, '2024-08-07 09:22:23.268453', 1000069, '2024-09-22 20:34:58.096335', 1000069, 'Y', 'B34', 'Bn - 34', ' ', 999975, 'ETB', '1a718c98-a179-4ce4-8ea2-86b31b4c0457', 2, 1, NULL, 'N', NULL, 'N', NULL, 'N');
INSERT INTO pos.d_table VALUES (1000063, 1000016, 1000004, '2024-08-07 11:37:01.347313', 1000069, '2024-09-27 17:21:34.180539', 1000066, 'Y', 'B47', 'Bn - 47', 'Bn trng', 999976, 'ETB', '05ac63ea-2f84-46df-bcde-66f3d20ae6b0', 10, 2, NULL, 'N', NULL, 'N', NULL, 'N');
INSERT INTO pos.d_table VALUES (1000059, 1000016, 1000004, '2024-08-07 09:22:26.393149', 1000069, '2024-09-25 11:04:44.799036', 1000069, 'Y', 'B1', 'Bn - 01', ' ', 999975, 'ETB', 'c3ccd71d-3573-4fe2-a80d-58a70b561622', 2, 1, NULL, 'N', NULL, 'N', NULL, 'N');
INSERT INTO pos.d_table VALUES (1000061, 1000016, 1000004, '2024-08-07 11:36:02.627606', 1000069, '2024-09-20 15:10:11.283911', 1000069, 'Y', 'B4', 'Bn - 04', 'Bn trng ', 999976, 'ETB', '27485e45-9291-49ce-8dd2-8eef17f230a0', 20, 1, NULL, 'N', NULL, 'N', NULL, 'N');
INSERT INTO pos.d_table VALUES (1000043, 1000016, 1000004, '2024-08-07 09:20:32.103001', 1000069, '2024-09-26 09:50:58.865849', 1000069, 'N', 'B22', 'Bn - 22', ' ', 999973, 'ETB', '934a4294-e6ca-4154-84a8-fe0379ca042e', 2, 1, NULL, 'N', NULL, 'N', NULL, 'N');
INSERT INTO pos.d_table VALUES (1000074, 1000016, 1000004, '2024-08-17 10:40:15.123894', 1000069, '2024-09-27 09:54:54.063965', 1000066, 'Y', 'B42', 'Bn - 42', 'Bn ln', 999977, 'ETB', '1441339e-6822-44be-88f9-8d3762f4eb1f', 10, 0, NULL, 'N', NULL, 'N', NULL, 'N');
INSERT INTO pos.d_table VALUES (1000054, 1000016, 1000004, '2024-08-07 09:21:55.101105', 1000069, '2024-09-27 11:32:47.001279', 1000066, 'Y', 'B30', 'Bn - 30', ' ', 999975, 'ETB', 'c2e836b0-3796-4231-ae5d-f8675038ed89', 2, 1, NULL, 'N', NULL, 'N', NULL, 'N');
INSERT INTO pos.d_table VALUES (1000031, 1000016, 1000004, '2024-08-07 09:19:06.167222', 1000069, '2024-09-26 23:25:30.905435', 1000066, 'Y', 'B10', 'Bn - 10', ' ', 999972, 'ETB', '61aab7bb-8934-4a72-a1e0-023f1c66b32f', 2, 1, NULL, 'N', NULL, 'N', NULL, 'N');
INSERT INTO pos.d_table VALUES (1000060, 1000016, 1000004, '2024-08-07 09:22:29.574324', 1000069, '2024-09-25 14:51:13.996144', 1000069, 'Y', 'B43', 'Bn - 43', ' ', 999975, 'ETB', '0a0ab94a-7924-459c-80e0-fce5d34ec3e5', 2, 1, NULL, 'N', NULL, 'N', NULL, 'N');
INSERT INTO pos.d_table VALUES (1000052, 1000016, 1000004, '2024-08-07 09:21:47.294973', 1000069, '2024-09-30 04:07:38.024253', 1000066, 'Y', 'B28', 'Bn - 28', ' ', 999975, 'ETB', 'a3942c57-9b99-4bfe-ab6c-ed758f392d90', 2, 1, NULL, 'N', NULL, 'N', NULL, 'N');
INSERT INTO pos.d_table VALUES (1000069, 1000016, 1000004, '2024-08-07 11:39:35.528769', 1000069, '2024-09-27 10:09:10.26793', 1000066, 'Y', 'B38', 'Bn - 38', 'Bn', 999976, 'ETB', '5fca46c5-9a5b-430c-a59c-f5a5119a517b', 12, 0, NULL, 'N', NULL, 'N', NULL, 'N');
INSERT INTO pos.d_table VALUES (1000038, 1000016, 1000004, '2024-08-07 09:19:48.432928', 1000069, '2024-09-27 10:10:57.857409', 1000066, 'Y', 'B17', 'Bn - 17', ' ', 999972, 'ETB', '8047251d-8d4d-4f1d-8bdc-f4ba14e2d06e', 2, 1, NULL, 'N', NULL, 'N', NULL, 'N');
INSERT INTO pos.d_table VALUES (1000051, 1000016, 1000004, '2024-08-07 09:21:42.820513', 1000069, '2024-09-27 10:36:41.843843', 1000066, 'Y', 'B27', 'Bn - 27', ' ', 999975, 'ETB', 'ca94d9d9-0123-4412-8bd9-48621c7859ef', 2, 1, NULL, 'N', NULL, 'N', NULL, 'N');
INSERT INTO pos.d_table VALUES (1000117, 1000038, 1000004, '2024-09-22 17:13:18.13142', 1000069, '2024-09-22 17:13:18.13142', 1000069, 'Y', '4', 'Room 104', NULL, 1000024, 'ETB', 'd2fdcde8-d113-40ab-a789-e94832c9c956', 10, NULL, 0, 'N', NULL, 'N', 1000044, 'N');
INSERT INTO pos.d_table VALUES (1000042, 1000016, 1000004, '2024-08-07 09:20:28.932811', 1000069, '2024-09-17 14:53:37.725186', 1000069, 'Y', 'B21', 'Bn - 21', ' ', 999973, 'ETB', 'a1b4de06-f24f-4dfb-aa6d-c3694dc3dde6', 2, 1, NULL, 'N', NULL, 'N', NULL, 'N');
INSERT INTO pos.d_table VALUES (1000118, 1000038, 1000004, '2024-09-22 17:13:18.178423', 1000069, '2024-09-22 17:13:18.178423', 1000069, 'Y', '', 'Bn 1A', NULL, 1000036, 'ETB', '81cc7c6e-7e12-4255-a90f-a4eab20a58fb', 1, NULL, 0, 'N', NULL, 'N', 1000052, 'N');
INSERT INTO pos.d_table VALUES (1000071, 1000016, 1000004, '2024-08-07 11:40:17.237248', 1000069, '2024-09-25 16:09:59.99922', 1000069, 'Y', 'B40', 'Bn - 40', ' Ban siu nho=', 999976, 'ETB', 'e370d294-4a7d-4231-a79c-b4cf27abfa45', 12, 0, NULL, 'N', NULL, 'N', NULL, 'N');
INSERT INTO pos.d_table VALUES (1000119, 1000033, 1000004, '2024-09-22 17:13:18.224402', 1000069, '2024-09-22 17:13:18.224402', 1000069, 'Y', '10', 'Bn 10', NULL, 1000036, 'ETB', '5c0d4bf4-6554-42a6-b396-539f34a38a21', 1, NULL, 0, 'N', NULL, 'N', 1000013, 'N');
INSERT INTO pos.d_table VALUES (1000120, 1000033, 1000004, '2024-09-22 17:13:18.283456', 1000069, '2024-09-22 17:13:18.283456', 1000069, 'Y', '1', 'Bn 1', NULL, 1000036, 'ETB', '932fdec1-9352-4603-b880-c39fbcb14b5c', 1, NULL, 0, 'N', NULL, 'N', 1000003, 'N');
INSERT INTO pos.d_table VALUES (1000121, 1000038, 1000004, '2024-09-22 17:13:18.342814', 1000069, '2024-09-22 17:13:18.342814', 1000069, 'Y', '1A', 'Bn 1A', NULL, 1000037, 'ETB', '44d48950-3c6a-4134-a5f4-6fb75f5e1dbc', 100, NULL, 0, 'N', NULL, 'N', 1000016, 'N');
INSERT INTO pos.d_table VALUES (1000122, 1000038, 1000004, '2024-09-22 17:13:18.390452', 1000069, '2024-09-22 17:13:18.390452', 1000069, 'Y', '1', 'Bn 1D', NULL, 1000020, 'ETB', 'f42ee9fd-6ab0-4184-bd59-66d8e8bb5861', 1, NULL, 0, 'N', NULL, 'N', 1000050, 'N');
INSERT INTO pos.d_table VALUES (1000123, 1000038, 1000004, '2024-09-22 17:13:18.460409', 1000069, '2024-09-22 17:13:18.460409', 1000069, 'Y', '2B', 'Bn 2B', NULL, 1000018, 'ETB', 'afd2070a-4220-4a41-8f5d-0461d063e95b', 1, NULL, 0, 'N', NULL, 'N', 1000021, 'N');
INSERT INTO pos.d_table VALUES (1000067, 1000016, 1000004, '2024-08-07 11:38:52.114481', 1000069, '2024-09-16 15:38:20.070432', 1000069, 'Y', 'B36', 'Bn - 36', 'Bn', 999976, 'ETB', 'af61d088-d4c9-4bed-9382-7aafda6d47cd', 11, 0, NULL, 'N', NULL, 'N', NULL, 'N');
INSERT INTO pos.d_table VALUES (1000124, 1000038, 1000004, '2024-09-22 17:13:18.523268', 1000069, '2024-09-22 17:13:18.523268', 1000069, 'Y', '6', 'Bn 6', NULL, 1000020, 'ETB', '1e60fdb8-69be-4d25-9f38-ab8d9a0aac33', 10, NULL, 0, 'N', NULL, 'N', 1000058, 'N');
INSERT INTO pos.d_table VALUES (1000125, 1000038, 1000004, '2024-09-22 17:13:18.57559', 1000069, '2024-09-22 17:13:18.57559', 1000069, 'Y', '7', 'Bn 7', NULL, 1000020, 'ETB', 'd247c360-616d-4d15-9355-beddb7a1b54a', 10, NULL, 0, 'N', NULL, 'N', 1000059, 'N');
INSERT INTO pos.d_table VALUES (1000127, 1000038, 1000004, '2024-09-22 17:13:18.728124', 1000069, '2024-09-22 17:13:18.728124', 1000069, 'Y', '2', 'Room 102', NULL, 1000024, 'ETB', '9123129e-8df4-4ad8-a798-05aacc9b5c3d', 10, NULL, 0, 'N', NULL, 'N', 1000041, 'N');
INSERT INTO pos.d_table VALUES (1000128, 1000038, 1000004, '2024-09-22 17:13:18.784327', 1000069, '2024-09-22 17:13:18.784327', 1000069, 'Y', 'T2', 'Bn 12', NULL, 1000032, 'ETB', '5c88c56d-571c-472d-85c1-28683f3194cc', 20, NULL, 0, 'N', NULL, 'N', 1000025, 'N');
INSERT INTO pos.d_table VALUES (1000129, 1000038, 1000004, '2024-09-22 17:13:18.848269', 1000069, '2024-09-22 17:13:18.848269', 1000069, 'Y', '6', 'Bn 6', NULL, 1000021, 'ETB', '0b7e6c5b-08b8-42c6-8a64-abe334521c5b', 10, NULL, 0, 'N', NULL, 'N', 1000035, 'N');
INSERT INTO pos.d_table VALUES (1000130, 1000038, 1000004, '2024-09-22 17:13:18.924555', 1000069, '2024-09-22 17:13:18.924555', 1000069, 'Y', '7', 'Bn 7', NULL, 1000022, 'ETB', '0a2a9d22-d60b-43f4-b3d3-d2c7816e5e36', 10, NULL, 0, 'N', NULL, 'N', 1000036, 'N');
INSERT INTO pos.d_table VALUES (1000126, 1000038, 1000004, '2024-09-22 17:13:18.622468', 1000069, '2024-09-22 22:15:10.230832', 1000069, 'Y', '3', 'Room 103', NULL, 1000024, 'ETB', 'd4064be0-c8f4-4eda-9c58-f9fcbb67e87e', 10, NULL, 0, 'N', NULL, 'N', 1000043, 'N');
INSERT INTO pos.d_table VALUES (1000131, 1000033, 1000004, '2024-09-22 17:13:18.992724', 1000069, '2024-09-22 17:13:18.992724', 1000069, 'Y', '6', 'Bn 6', NULL, 1000036, 'ETB', '46e34c68-a7a4-451f-b0f0-203d4acdf586', 1, NULL, 0, 'N', NULL, 'N', 1000009, 'N');
INSERT INTO pos.d_table VALUES (1000138, 1000033, 1000004, '2024-09-22 17:13:19.400512', 1000069, '2024-09-22 20:22:44.420203', 1000069, 'Y', '2', 'Bn 2', NULL, 1000036, 'ETB', 'ded7d181-0ba8-4213-bdd2-fa5a149938ee', 1, NULL, 0, 'N', NULL, 'N', 1000005, 'N');
INSERT INTO pos.d_table VALUES (1000132, 1000038, 1000004, '2024-09-22 17:13:19.059068', 1000069, '2024-09-22 17:13:19.059068', 1000069, 'Y', '1', 'Bn 1D', NULL, 1000018, 'ETB', 'f5abddd3-41e4-430e-a2e9-00bfbf24c595', 1, NULL, 0, 'N', NULL, 'N', 1000051, 'N');
INSERT INTO pos.d_table VALUES (1000077, 1000016, 1000004, '2024-08-26 14:23:15.982083', 1000069, '2024-09-27 11:50:41.514247', 1000066, 'Y', 'B49', 'Bn - 49', 'h', 1000012, 'ETB', '0c80d704-0c9f-42c3-af3c-eb3af68a3989', 3, 2, NULL, 'N', NULL, 'N', NULL, 'N');
INSERT INTO pos.d_table VALUES (1000048, 1000016, 1000004, '2024-08-07 09:21:11.028458', 1000069, '2024-09-27 17:25:55.046737', 1000066, 'Y', 'B25', 'Bn - 25', ' ', 999974, 'ETB', '0589b329-bcb6-44df-b11e-3be7a6f4be8e', 2, 1, NULL, 'N', NULL, 'N', NULL, 'N');
INSERT INTO pos.d_table VALUES (1000050, 1000016, 1000004, '2024-08-07 09:21:18.91901', 1000069, '2024-09-20 17:36:44.059121', 1000069, 'Y', 'B26', 'Bn - 26', ' ', 999974, 'ETB', '855a98c7-deab-41e5-9289-b9929d31958c', 2, 1, NULL, 'N', NULL, 'N', NULL, 'N');
INSERT INTO pos.d_table VALUES (1000109, 1000038, 1000004, '2024-09-22 17:13:13.033299', 1000069, '2024-09-22 17:13:13.033299', 1000069, 'Y', '4', 'Bn 4', NULL, 1000035, 'ETB', '3ed0a346-41fd-4216-9de2-63e62a01c293', 10, NULL, 0, 'N', NULL, 'N', 1000033, 'N');
INSERT INTO pos.d_table VALUES (1000041, 1000016, 1000004, '2024-08-07 09:20:25.228524', 1000069, '2024-09-26 10:19:07.330607', 1000066, 'Y', 'B20', 'Bn - 20', ' ', 999973, 'ETB', '75529db2-ca5f-43bf-955b-747aa863d59a', 2, 1, NULL, 'N', NULL, 'N', NULL, 'N');
INSERT INTO pos.d_table VALUES (1000110, 1000038, 1000004, '2024-09-22 17:13:13.98031', 1000069, '2024-09-22 17:13:13.98031', 1000069, 'Y', '1', 'Bn 1', NULL, 1000023, 'ETB', 'edf486de-8efd-4482-9651-e676479e7a2a', 10, NULL, 0, 'N', NULL, 'N', 1000037, 'N');
INSERT INTO pos.d_table VALUES (1000111, 1000038, 1000004, '2024-09-22 17:13:14.606534', 1000069, '2024-09-22 17:13:14.606534', 1000069, 'Y', '5', 'Bn 5', NULL, 1000021, 'ETB', '4ba004ad-e136-4339-b7b1-f8626b62423b', 10, NULL, 0, 'N', NULL, 'N', 1000034, 'N');
INSERT INTO pos.d_table VALUES (1000112, 1000033, 1000004, '2024-09-22 17:13:15.246721', 1000069, '2024-09-22 17:13:15.246721', 1000069, 'Y', '5', 'Bn 5', NULL, 1000036, 'ETB', '43c0ddc2-a459-4f0b-a584-e349a4845251', 1, NULL, 0, 'N', NULL, 'N', 1000008, 'N');
INSERT INTO pos.d_table VALUES (1000133, 1000033, 1000004, '2024-09-22 17:13:19.114721', 1000069, '2024-09-22 17:13:19.114721', 1000069, 'Y', '9', 'Bn 9', NULL, 1000036, 'ETB', 'daaaafc0-8a93-443e-a7c0-f1a3a1d72ad1', 1, NULL, 0, 'N', NULL, 'N', 1000012, 'N');
INSERT INTO pos.d_table VALUES (1000113, 1000033, 1000004, '2024-09-22 17:13:17.880087', 1000069, '2024-09-22 17:13:17.880087', 1000069, 'Y', '3', 'Bn 3', NULL, 1000036, 'ETB', '89045694-bf6d-4180-a292-a57121fa8c9a', 1, NULL, 0, 'N', NULL, 'N', 1000006, 'N');
INSERT INTO pos.d_table VALUES (1000134, 1000038, 1000004, '2024-09-22 17:13:19.162641', 1000069, '2024-09-22 17:13:19.162641', 1000069, 'Y', 'ban3A', 'Bn 3A', NULL, 1000034, 'ETB', '829d27ce-c299-4ed5-a85f-a6548448343c', 1, NULL, 0, 'N', NULL, 'N', 1000053, 'N');
INSERT INTO pos.d_table VALUES (1000135, 1000038, 1000004, '2024-09-22 17:13:19.223632', 1000069, '2024-09-22 17:13:19.223632', 1000069, 'Y', '1F', 'Bn 1F', NULL, 1000032, 'ETB', '27253d9c-f409-47fa-bb7a-ffe6745bf5ce', 20, NULL, 0, 'N', NULL, 'N', 1000024, 'N');
INSERT INTO pos.d_table VALUES (1000136, 1000033, 1000004, '2024-09-22 17:13:19.282156', 1000069, '2024-09-22 17:13:19.282156', 1000069, 'Y', '7', 'Bn 7', NULL, 1000036, 'ETB', '7ce13125-74dc-4a46-bb32-4db4acc8bf10', 1, NULL, 0, 'N', NULL, 'N', 1000010, 'N');
INSERT INTO pos.d_table VALUES (1000137, 1000038, 1000004, '2024-09-22 17:13:19.345437', 1000069, '2024-09-22 17:13:19.345437', 1000069, 'Y', '1', 'Bn 1E', NULL, 1000017, 'ETB', '0d13d032-d65b-4d80-abb9-a281a05f93aa', 10, NULL, 0, 'N', NULL, 'N', 1000022, 'N');
INSERT INTO pos.d_table VALUES (1000139, 1000033, 1000004, '2024-09-22 17:13:19.450608', 1000069, '2024-09-22 17:13:19.450608', 1000069, 'Y', '4', 'Bn 4', NULL, 1000036, 'ETB', '389a8d18-4703-4fec-9797-d8ca31a7cb9f', 1, NULL, 0, 'N', NULL, 'N', 1000007, 'N');
INSERT INTO pos.d_table VALUES (1000140, 1000038, 1000004, '2024-09-22 17:13:19.514379', 1000069, '2024-09-22 17:13:19.514379', 1000069, 'Y', '4', 'Bn 4', NULL, 1000020, 'ETB', '1d31999a-4884-49b3-8c45-5b9d47463429', 10, NULL, 0, 'N', NULL, 'N', 1000056, 'N');
INSERT INTO pos.d_table VALUES (1000143, 1000038, 1000004, '2024-09-22 17:13:19.708399', 1000069, '2024-09-22 17:13:19.708399', 1000069, 'Y', '1', 'Phng 101', NULL, 1000033, 'ETB', 'c3f0519f-7e0a-4eb2-81af-52e0be23db94', 10, NULL, 0, 'Y', NULL, 'N', 1000038, 'N');
INSERT INTO pos.d_table VALUES (1000144, 1000038, 1000004, '2024-09-22 17:13:19.775534', 1000069, '2024-09-22 17:13:19.775534', 1000069, 'Y', '1B', 'Bn 1B', NULL, 1000018, 'ETB', 'b7b6d730-2fd3-45d0-9ce1-68d4e466b1a2', 1, NULL, 0, 'N', NULL, 'N', 1000017, 'Y');
INSERT INTO pos.d_table VALUES (1000145, 1000038, 1000004, '2024-09-22 17:13:19.836171', 1000069, '2024-09-22 17:13:19.836171', 1000069, 'Y', '1', 'Room 501', NULL, 1000028, 'ETB', '5cae77e8-c9f2-4c5f-bb04-376ee815cd7e', 10, NULL, 0, 'N', NULL, 'N', 1000048, 'N');
INSERT INTO pos.d_table VALUES (1000146, 1000038, 1000004, '2024-09-22 17:13:19.897352', 1000069, '2024-09-22 17:13:19.897352', 1000069, 'Y', '4', 'Room 201', NULL, 1000025, 'ETB', '2ecd29ed-9cea-484e-ab9a-1c6d4abe4483', 10, NULL, 0, 'N', NULL, 'N', 1000045, 'N');
INSERT INTO pos.d_table VALUES (1000147, 1000038, 1000004, '2024-09-22 17:13:19.948769', 1000069, '2024-09-22 17:13:19.948769', 1000069, 'Y', '1', 'Room 301', NULL, 1000026, 'ETB', '1939bc30-90dd-4b36-84c3-f4f6f9e25b45', 10, NULL, 0, 'N', NULL, 'N', 1000046, 'N');
INSERT INTO pos.d_table VALUES (1000148, 1000038, 1000004, '2024-09-22 17:13:20.010074', 1000069, '2024-09-22 17:13:20.010074', 1000069, 'Y', '1', 'Room 401', NULL, 1000027, 'ETB', 'a4f280d5-9a8d-4b3b-9e14-41e3221a8313', 10, NULL, 0, 'N', NULL, 'N', 1000047, 'N');
INSERT INTO pos.d_table VALUES (1000149, 1000038, 1000004, '2024-09-22 17:13:20.068245', 1000069, '2024-09-22 17:13:20.068245', 1000069, 'Y', '2', 'Bn 2E', NULL, 1000017, 'ETB', '738cec77-bb35-4295-ad64-901de7963a52', 10, NULL, 0, 'N', NULL, 'N', 1000023, 'N');
INSERT INTO pos.d_table VALUES (1000150, 1000038, 1000004, '2024-09-22 17:13:20.129823', 1000069, '2024-09-22 17:13:20.129823', 1000069, 'Y', '5', 'Bn 5', NULL, 1000020, 'ETB', '2f189c9b-2971-43a9-b186-9958a8d343da', 10, NULL, 0, 'N', NULL, 'N', 1000057, 'N');
INSERT INTO pos.d_table VALUES (1000151, 1000038, 1000004, '2024-09-22 17:13:20.209464', 1000069, '2024-09-22 17:13:20.209464', 1000069, 'Y', '1', 'Room 601', NULL, 1000029, 'ETB', 'b7591a27-f62d-414f-acd2-c2805ac648d5', 10, NULL, 0, 'N', NULL, 'N', 1000049, 'N');
INSERT INTO pos.d_table VALUES (1000152, 1000038, 1000004, '2024-09-22 17:13:20.278401', 1000069, '2024-09-22 17:13:20.278401', 1000069, 'Y', '3F', 'Bn 3F', NULL, 1000032, 'ETB', '4cba02dc-52a4-41a8-b783-c88921f34135', 8, NULL, 0, 'N', NULL, 'N', 1000027, 'N');
INSERT INTO pos.d_table VALUES (1000153, 1000038, 1000004, '2024-09-22 17:13:20.340254', 1000069, '2024-09-22 17:13:20.340254', 1000069, 'Y', '2A', 'Bn 2A', NULL, 1000037, 'ETB', 'e7e533be-a6bc-4174-9929-873331368adb', 1, NULL, 0, 'N', NULL, 'N', 1000020, 'N');
INSERT INTO pos.d_table VALUES (1000154, 1000038, 1000004, '2024-09-22 17:13:20.395721', 1000069, '2024-09-22 17:13:20.395721', 1000069, 'Y', '1D', 'Bn 1D', NULL, 1000031, 'ETB', '97acccde-8259-4c3c-9e89-2dacc1a3ef7e', 1, NULL, 0, 'N', NULL, 'N', 1000019, 'N');
INSERT INTO pos.d_table VALUES (1000155, 1000038, 1000004, '2024-09-22 17:13:20.455439', 1000069, '2024-09-22 17:13:20.455439', 1000069, 'Y', '2', 'Bn 2', NULL, 1000035, 'ETB', '28d760b6-7021-46f5-8c3a-84d60a386e6c', 10, NULL, 0, 'N', NULL, 'N', 1000031, 'N');
INSERT INTO pos.d_table VALUES (1000156, 1000038, 1000004, '2024-09-22 17:13:20.512543', 1000069, '2024-09-22 17:13:20.512543', 1000069, 'Y', '2F', 'Bn 2F', NULL, 1000032, 'ETB', 'c35de24b-71a1-4a5b-9ed5-900f7653e8ad', 10, NULL, 0, 'N', NULL, 'N', 1000026, 'N');
INSERT INTO pos.d_table VALUES (1000157, 1000038, 1000004, '2024-09-22 17:13:20.586096', 1000069, '2024-09-22 17:13:20.586096', 1000069, 'Y', '1C', 'Bn 1C', NULL, 1000030, 'ETB', '81bf2e44-6ee9-4ff6-81a6-9b69ca544b47', 1, NULL, 0, 'N', NULL, 'N', 1000018, 'N');
INSERT INTO pos.d_table VALUES (1000158, 1000038, 1000004, '2024-09-22 17:13:20.673333', 1000069, '2024-09-22 17:13:20.673333', 1000069, 'Y', '3', 'Bn 3', NULL, 1000035, 'ETB', '6981f6ae-db35-4f45-ac92-37b397d18768', 10, NULL, 0, 'N', NULL, 'N', 1000032, 'N');
INSERT INTO pos.d_table VALUES (1000159, 1000038, 1000004, '2024-09-22 17:13:20.74451', 1000069, '2024-09-22 17:13:20.74451', 1000069, 'Y', '1', 'Bn 1', NULL, 1000035, 'ETB', '6379e3d7-fd8a-486b-8c03-b06d0149ce05', 10, NULL, 0, 'Y', NULL, 'N', 1000029, 'N');
INSERT INTO pos.d_table VALUES (1000160, 1000038, 1000004, '2024-09-22 17:13:20.808507', 1000069, '2024-09-22 17:13:20.808507', 1000069, 'Y', 'LB1', 'Line Buffet Tng 1', NULL, 1000019, 'ETB', 'e3fceecd-98a7-491b-8d20-2b7f10423311', 1, NULL, 0, 'N', NULL, 'N', 1000028, 'Y');
INSERT INTO pos.d_table VALUES (1000053, 1000016, 1000004, '2024-08-07 09:21:50.536471', 1000069, '2024-09-20 17:25:22.965691', 1000069, 'Y', 'B29', 'Bn - 29', ' ', 999975, 'ETB', 'ff122911-b892-4145-948b-92cfb873036c', 2, 1, NULL, 'N', NULL, 'N', NULL, 'N');
INSERT INTO pos.d_table VALUES (1000049, 1000016, 1000004, '2024-08-07 09:21:15.19093', 1000069, '2024-09-24 10:53:21.904703', 1000069, 'Y', 'B46', 'Bn - 46', ' ', 999974, 'ETB', '606e309e-ed54-49ac-a447-586744b55616', 3, 2, NULL, 'N', NULL, 'N', NULL, 'N');
INSERT INTO pos.d_table VALUES (1000076, 1000016, 1000004, '2024-08-26 14:17:21.400127', 1000069, '2024-09-27 11:07:26.389673', 1000066, 'Y', 'B48', 'Bn - 48', 'hi', 999972, 'ETB', 'f137c7a8-79fa-4463-91c0-29133710720c', 2, 2, NULL, 'N', NULL, 'N', NULL, 'N');
INSERT INTO pos.d_table VALUES (1000039, 1000016, 1000004, '2024-08-07 09:19:52.645008', 1000069, '2024-09-27 16:13:45.707249', 1000066, 'Y', 'B18', 'Bn - 18', ' ', 999972, 'ETB', '4af92d3a-b7c3-4c36-bf36-3aaed3cc2741', 2, 1, NULL, 'N', NULL, 'N', NULL, 'N');
INSERT INTO pos.d_table VALUES (1000046, 1000016, 1000004, '2024-08-07 09:21:02.045519', 1000069, '2024-09-27 10:31:26.955781', 1000066, 'Y', 'B44', 'Bn - 44', ' ', 999974, 'ETB', '5d54e191-588d-43ea-94fb-bda8dbf0da57', 2, 1, NULL, 'N', NULL, 'N', NULL, 'N');
INSERT INTO pos.d_table VALUES (1000164, 1000016, 1000004, '2024-09-25 16:50:02.418411', 1000069, '2024-09-30 16:23:55.692897', 1000066, 'Y', '1544', 'Bn -  18', '', 999975, 'ETB', 'f6a6b9a3-f190-4c4c-90cd-2449dc0e4632', 0, 0, NULL, NULL, NULL, NULL, NULL, NULL);
INSERT INTO pos.d_table VALUES (1000162, 1000016, 1000004, '2024-09-23 16:54:53.248572', 1000069, '2024-09-30 16:23:06.953375', 1000066, 'Y', 'B02', 'Bn - 61', 'Bn to', 999972, 'TIU', '88d4b49e-e286-412b-b712-9033ae1ddc48', 10, 0, NULL, NULL, NULL, NULL, NULL, NULL);


--
-- TOC entry 5501 (class 0 OID 392962)
-- Dependencies: 339
-- Data for Name: d_table_use_ref; Type: TABLE DATA; Schema: pos; Owner: -
--

INSERT INTO pos.d_table_use_ref VALUES (1000002, 0, '2024-08-28', 0, '2024-08-28', 0, 'Y', 'Product', '056609f7-adc4-47ac-ab96-e7aecb28eb3b', 0, 1000003, 'productType');
INSERT INTO pos.d_table_use_ref VALUES (1000001, 0, '2024-08-28', 0, '2024-08-28', 0, 'Y', 'Table', '7b82e1a0-3881-4184-b75b-68ec01929e7e', 0, 1000007, 'tableStatus');
INSERT INTO pos.d_table_use_ref VALUES (1000000, 0, '2024-08-28', 0, '2024-08-28', 0, 'Y', 'ReservationOrder', '5797d0cb-6a24-47ad-b42d-83de6fafaa66', 0, 1000004, 'status');
INSERT INTO pos.d_table_use_ref VALUES (1000005, 0, '2024-08-28', 0, '2024-08-28', 0, 'Y', 'KitchenOrderLine', 'b6b43d24-e2c0-4a70-9688-f4d6aa5d1844', 0, 1000005, 'orderlineStatus');
INSERT INTO pos.d_table_use_ref VALUES (1000003, 0, '2024-08-28', 0, '2024-08-28', 0, 'Y', 'Product', '50ed678a-cf52-41ee-b302-90ff90d9e5e7', 0, 1000001, 'groupType');
INSERT INTO pos.d_table_use_ref VALUES (1000004, 0, '2024-08-28', 0, '2024-08-28', 0, 'Y', 'KitchenOrder', 'c273e034-4acf-4602-b9f0-0b6ee452b30d', 0, 1000005, 'orderStatus');


--
-- TOC entry 5418 (class 0 OID 385874)
-- Dependencies: 255
-- Data for Name: d_tax; Type: TABLE DATA; Schema: pos; Owner: -
--

INSERT INTO pos.d_tax VALUES (1000005, 1000009, 1000022, 'VAT10', 1000008, 10, 'Y', 'N', NULL, '2024-09-12 09:21:16.366093', 1000071, '2024-09-12 09:21:16.366096', 1000071, 'c0d30f9b-73da-43f5-9ff5-a4b86615e4a5');
INSERT INTO pos.d_tax VALUES (1000003, 1000004, 1000016, 'VAT 10', 1000008, 10, 'Y', 'N', NULL, '2024-08-29 17:31:51.832382', 1000069, '2024-09-24 11:20:36.609792', 1000069, '5540d837-5124-4647-86a3-5f3b2d666f30');
INSERT INTO pos.d_tax VALUES (1000002, 1000004, 1000016, 'VAT 5', 1000008, 6, 'Y', 'N', NULL, '2024-08-15 17:34:34.769153', 1000069, '2024-09-27 00:12:30.890014', 1000066, '95a50523-b8bb-468e-810b-29d028192079');
INSERT INTO pos.d_tax VALUES (1000004, 1000004, 1000016, 'VAT 8', 1000008, 8, 'Y', 'N', NULL, '2024-08-29 17:33:04.015281', 1000069, '2024-09-27 00:35:39.156697', 1000066, 'fbd4a944-9bf8-4753-91fb-0f025f311c84');


--
-- TOC entry 5419 (class 0 OID 385884)
-- Dependencies: 256
-- Data for Name: d_tax_category; Type: TABLE DATA; Schema: pos; Owner: -
--

INSERT INTO pos.d_tax_category VALUES (1000006, 1000004, 1000016, 'NHM VAT5', 'This is an example description that can be up to 255 characters long.', 'N', 'N', 1000069, '2024-08-15 11:56:25.631311', '2024-08-15 11:56:25.631311', 1000069, 'f4ededc7-3b8a-44fb-9e21-9238092bbb40');
INSERT INTO pos.d_tax_category VALUES (1000008, 1000004, 1000016, 'NHM VAT8', 'This is an example description that can be up to 255 characters long.', 'Y', 'Y', 1000069, '2024-08-15 12:00:50.381239', '2024-08-15 12:01:25.749058', 1000069, '13b02b85-3005-4baa-9c42-fd2abd75a9a1');


--
-- TOC entry 5420 (class 0 OID 385893)
-- Dependencies: 257
-- Data for Name: d_tenant; Type: TABLE DATA; Schema: pos; Owner: -
--

INSERT INTO pos.d_tenant VALUES (1000048, 'F&B', 'FB_XAMPLE1', 'https://duytien14.ssg.vn', 1000000, 'Y', '100000', NULL, NULL, '2024-09-26 10:51:24.106276', 0, '2024-09-26 10:51:24.509833', 0, '855ac760-76c7-42d9-84ed-7409c9d201b7', 'usr_d362c627f0d0', 'MmI1ZWQ2MTAt', 'db_4bb0a314b744', 'SUCCESS');
INSERT INTO pos.d_tenant VALUES (1000049, 'F&B', 'FB_XAMPLE2', 'https://duytien15.ssg.vn', 1000000, 'Y', '100000', NULL, NULL, '2024-09-26 16:37:06.041982', 0, '2024-09-26 16:37:06.365694', 0, '01d5c946-d743-4460-a423-06a6bfb55bfa', 'usr_a30217d18490', 'NGVmNzM5ZTct', 'db_e44341329209', 'SUCCESS');
INSERT INTO pos.d_tenant VALUES (1000003, 'DBIZ', 'DBIZ Tech', 'https://digitalbiz.com.vn/', 1000008, 'Y', '100002', NULL, NULL, '2024-07-12 02:40:30.086812', 0, '2024-07-23 22:30:32.435023', 1000068, '58cae7a5-6a68-4571-b522-4c04f7e9fe55', NULL, NULL, NULL, NULL);
INSERT INTO pos.d_tenant VALUES (1000004, 'F&B', 'F&B Sample', 'https://dbizmobile.ssg.vn:8443/webui/index.zul', 1000008, 'Y', '100001', NULL, NULL, '2024-07-03 11:58:43.413357', 0, '2024-07-22 23:14:07.095951', 1000037, '732237ed-fcc9-4c5b-a615-fc86ba0e3c59', NULL, NULL, NULL, NULL);
INSERT INTO pos.d_tenant VALUES (0, 'SYSTEM', 'SYSTEM', NULL, NULL, 'Y', NULL, NULL, NULL, '2024-08-24 05:51:46.280949', 0, '2024-08-24 05:51:46.280949', 0, '2731f792-90fe-46ff-92fc-dd590981ae28', NULL, NULL, NULL, NULL);
INSERT INTO pos.d_tenant VALUES (1000009, 'THEP', 'Thp Ty Nam', 'https://taynamsteel.com/vi/san-pham/', NULL, 'Y', NULL, NULL, NULL, '2024-09-10 08:33:04.728475', 0, '2024-09-10 08:33:04.728475', 0, 'b482aa25-79fa-4d0a-976d-cdf548856b5f', NULL, NULL, NULL, NULL);
INSERT INTO pos.d_tenant VALUES (1000050, 'F&B', 'FB_XAMPLE3', 'https://duytien16.ssg.vn', 1000000, 'Y', '100000', NULL, NULL, '2024-09-26 16:51:37.163159', 0, '2024-09-26 16:51:37.583105', 0, 'bdc0d11c-8ed1-4391-a30a-251b512cce3f', 'usr_57f99a9d0903', 'NDUyMmM5ZmMt', 'db_cd8d0706dc73', 'SUCCESS');
INSERT INTO pos.d_tenant VALUES (1000051, 'F&B', 'FB_XAMPLE4', 'https://FB_XAMPLE4.ssg.vn', 1000000, 'Y', '100000', NULL, NULL, '2024-09-27 03:00:40.131781', 0, '2024-09-27 03:00:40.633359', 0, '9a559c2c-e7b4-401b-a83c-fc4285dc5124', 'usr_c175f3c86f98', 'OGVkZDQyMzQt', 'db_dbc879798f5b', 'SUCCESS');
INSERT INTO pos.d_tenant VALUES (1000052, 'F&B', 'FB_XAMPLE5', 'https://FB_XAMPLE5.ssg.vn', 1000000, 'Y', '100000', NULL, NULL, '2024-09-27 11:45:23.252334', 0, '2024-09-27 11:45:24.046395', 0, '3e7b117e-0022-40c4-8284-3c56ec1a9f23', 'usr_668306ed7c7f', 'OTA1NGE4OTct', 'db_2482ae1687d3', 'SUCCESS');
INSERT INTO pos.d_tenant VALUES (1000053, 'F&B', 'FB_XAMPLE6', 'https://FB_XAMPLE6.ssg.vn', 1000000, 'Y', '100000', NULL, NULL, '2024-09-28 09:51:30.874647', 0, '2024-09-28 09:51:31.393788', 0, 'df18efd2-81b2-4be4-852b-b09940558627', 'usr_a1da15e2b474', 'MzE3ZWM3MWIt', 'db_944115b0f44e', 'SUCCESS');
INSERT INTO pos.d_tenant VALUES (1000054, 'F&B', 'FB_XAMPLE7', 'https://FB_XAMPLE7.ssg.vn', 1000000, 'Y', '100000', NULL, NULL, '2024-09-28 10:12:39.92579', 0, '2024-09-28 10:12:40.316887', 0, '73db2023-710a-444c-8ed5-e5d4a91bb8c1', 'usr_6e221bc0fe76', 'ZjVjN2NmZDQt', 'db_69e867bec123', 'SUCCESS');
INSERT INTO pos.d_tenant VALUES (1000055, 'F&B', 'FB_XAMPLE8', 'https://FB_XAMPLE8.ssg.vn', 1000000, 'Y', '100000', NULL, NULL, '2024-09-28 10:16:46.402333', 0, '2024-09-28 10:16:46.783982', 0, 'ce88501b-1a8e-4271-a9c9-37562b42dbcd', 'usr_2601c59c5786', 'ZjgxYjU5NDkt', 'db_8da07a1ba413', 'SUCCESS');
INSERT INTO pos.d_tenant VALUES (1000056, 'F&B', 'FB_XAMPLE9', 'https://FB_XAMPLE9.ssg.vn', 1000000, 'Y', '100000', NULL, NULL, '2024-09-28 10:20:19.891941', 0, '2024-09-28 10:20:20.198149', 0, 'c02418da-6907-45ad-8f9f-62afd3687053', 'usr_1d6d0c8dc665', 'ZjAyZWY3NGIt', 'db_1d6d0c8dc665', 'SUCCESS');
INSERT INTO pos.d_tenant VALUES (1000057, 'F&B', 'FB_XAMPLE10', 'https://FB_XAMPLE10.ssg.vn', 1000000, 'Y', '100000', NULL, NULL, '2024-09-28 10:28:46.261118', 0, '2024-09-28 10:28:46.683478', 0, '63489255-bc7a-48b0-b166-8fac93048db7', 'usr_8ae604db7b43', 'ZGJmYTA2YWEt', 'db_fa38c4c263bf', 'SUCCESS');
INSERT INTO pos.d_tenant VALUES (1000002, 'ONSEN', 'Onsen FUJI', 'https://dbizmobile.sssg.vn:8443/webui/index.zul', 1000008, 'Y', '100000', NULL, NULL, '2024-07-03 11:58:43.413357', 0, '2024-07-22 23:14:07.095951', 1000037, '63a6ad5f-4812-4c31-a90d-b1b7d8dcdc1e', NULL, NULL, NULL, NULL);
INSERT INTO pos.d_tenant VALUES (1000058, 'F&B', 'FB_XAMPLE11', 'https://FB_XAMPLE11.ssg.vn', 1000000, 'Y', '100000', NULL, NULL, '2024-10-02 07:14:50.495425', 0, '2024-10-02 07:14:53.404183', 0, '77a03bc9-9e68-474b-bec9-e6231181df33', 'usr_ea28223922d5', 'MjY3YzY5ZGYt', 'db_181fa42566d3', 'SUCCESS');
INSERT INTO pos.d_tenant VALUES (1000047, 'F&B', 'FB_XAMPLE', 'https://duytien13.ssg.vn', 1000000, 'Y', '100000', NULL, NULL, '2024-09-26 09:23:19.499658', 0, '2024-09-26 09:23:19.83512', 0, 'c85cc0df-a67e-4295-8236-41384cfed545', 'usr_d669d846769c', 'NWZhNzU1MTIt', 'db_e2086d1d873e', 'SUCCESS');


--
-- TOC entry 5552 (class 0 OID 550267)
-- Dependencies: 423
-- Data for Name: d_tenant_banner; Type: TABLE DATA; Schema: pos; Owner: -
--



--
-- TOC entry 5421 (class 0 OID 385904)
-- Dependencies: 258
-- Data for Name: d_uom; Type: TABLE DATA; Schema: pos; Owner: -
--

INSERT INTO pos.d_uom VALUES (1000003, 1000003, 1000003, '2024-07-12 03:18:38.917481', 0, '2024-07-12 03:18:38.917481', 0, 'B', 'B', NULL, '', 'Y');
INSERT INTO pos.d_uom VALUES (1000000, 1000001, 1000002, '2024-07-10 05:11:24.951595', 0, '2024-07-10 05:11:24.951595', 0, 'C', 'Cy', NULL, 'bb8511c4-a7d0-472d-a9bb-bfc321423bd2', 'Y');
INSERT INTO pos.d_uom VALUES (1000002, 1000001, 1000002, '2024-07-12 03:18:38.917481', 0, '2024-07-12 03:18:38.917481', 0, 'M', 'Mt', NULL, '8bfb3525-e011-446d-8527-7e0e1cf47019', 'Y');
INSERT INTO pos.d_uom VALUES (1000009, 1000003, 1000003, '2024-07-12 03:18:38.917481', 0, '2024-07-12 03:18:38.917481', 0, 'CI', 'Ci', NULL, '8bfb3525-e011-446d-8527-7e0e1cf47999', 'Y');
INSERT INTO pos.d_uom VALUES (1000010, 1000016, 1000004, '2024-08-04 12:04:41.711988', 1000069, '2024-08-04 12:04:41.711988', 1000069, 'KG', 'Kilogram', 'kilogram', 'ecae96d3-3e47-4a78-951c-0798d2924589', 'Y');
INSERT INTO pos.d_uom VALUES (1000011, 1000016, 1000004, '2024-08-04 12:08:40.663141', 1000069, '2024-08-04 12:08:40.663141', 1000069, 'Trai', 'Chai', 'trn 18+ ', '256df28d-e71c-4251-a1e8-59606f9f234d', 'Y');
INSERT INTO pos.d_uom VALUES (1000012, 1000016, 1000004, '2024-08-04 12:14:50.883728', 1000069, '2024-08-04 12:14:50.883728', 1000069, 'Phn', 'Phn', 'trn 18+ ', 'd33432de-316c-4d27-84f7-cb8002fd3842', 'Y');
INSERT INTO pos.d_uom VALUES (1000013, 1000016, 1000004, '2024-08-07 09:11:14.255668', 1000069, '2024-08-07 09:11:14.25567', 1000069, 'Con', 'Con', ' ', 'ec83bd4c-c354-4455-93f8-b187c763a375', 'Y');
INSERT INTO pos.d_uom VALUES (1000014, 1000016, 1000004, '2024-08-29 09:20:31.082091', 1000069, '2024-08-29 09:20:31.082093', 1000069, 'H', 'H', NULL, '44f6cc94-21c6-4760-836e-a36412264e58', 'Y');
INSERT INTO pos.d_uom VALUES (1000015, 1000016, 1000004, '2024-08-29 09:46:42.867592', 1000069, '2024-08-29 09:46:42.867593', 1000069, 'L', 'L', NULL, 'c4d14f18-4817-4b0f-9444-8e409078fc35', 'Y');
INSERT INTO pos.d_uom VALUES (1000016, 1000022, 1000009, '2024-09-11 15:06:36.296689', 1000071, '2024-09-11 15:06:36.296691', 1000071, 'M', 'M', NULL, 'b3a26123-f33e-441c-ac77-ae836fe962ac', 'Y');
INSERT INTO pos.d_uom VALUES (1000017, 1000022, 1000009, '2024-09-11 18:07:41.064878', 1000071, '2024-09-11 18:07:41.064879', 1000071, 'Cy', 'Cy', ' ', '49fbc434-00c2-4f51-85f4-29d1c8a815a0', 'Y');
INSERT INTO pos.d_uom VALUES (1000018, 1000016, 1000004, '2024-09-26 15:01:26.503808', 1000066, '2024-09-26 15:01:26.503809', 1000066, 'Ly', 'Ly', NULL, '2646576b-126d-4798-be77-3d5ffe32c269', 'Y');
INSERT INTO pos.d_uom VALUES (1000019, 1000016, 1000004, '2024-09-27 15:51:59.594639', 1000066, '2024-09-27 15:51:59.59464', 1000066, 'g', 'g', NULL, 'cf2dc629-63e8-4d62-bfec-16c2ec5ec463', 'Y');


--
-- TOC entry 5490 (class 0 OID 391463)
-- Dependencies: 328
-- Data for Name: d_uom_product; Type: TABLE DATA; Schema: pos; Owner: -
--

INSERT INTO pos.d_uom_product VALUES (1000026, 1000004, '2024-08-30 08:36:41.820147', 1000069, '2024-08-30 08:36:41.820147', 1000069, 1000356, '1000011', NULL, 10000, 'b0c9ef62-51d7-4cf4-b6e6-47480b2404f1', NULL, 0);
INSERT INTO pos.d_uom_product VALUES (1000027, 1000004, '2024-08-30 08:36:41.892703', 1000069, '2024-08-30 08:36:41.892703', 1000069, 1000359, '1000011', NULL, 10000, 'd5478738-e94c-4e6f-89d0-f99d16b22d14', NULL, 0);
INSERT INTO pos.d_uom_product VALUES (1000028, 1000004, '2024-09-02 22:44:57.159365', 1000069, '2024-09-02 22:44:57.159366', 1000069, 1000368, '1000012', NULL, 100000, 'bea3986a-39f5-44a7-9a38-e0bdc733fea1', NULL, NULL);
INSERT INTO pos.d_uom_product VALUES (1000029, 1000004, '2024-09-02 22:44:57.202645', 1000069, '2024-09-02 22:44:57.202646', 1000069, 1000371, '1000012', 1, 100000, 'e9d5ef0b-593f-4732-8e4b-0ed15c784c4d', NULL, NULL);
INSERT INTO pos.d_uom_product VALUES (1000030, 1000004, '2024-09-02 22:44:57.208718', 1000069, '2024-09-02 22:44:57.208718', 1000069, 1000374, '1000012', 1, 100000, '2e5868b9-c6d5-44f3-8153-f566d1c6e6f2', NULL, NULL);
INSERT INTO pos.d_uom_product VALUES (1000031, 1000004, '2024-09-03 22:22:20.630087', 1000069, '2024-09-03 22:22:20.630087', 1000069, 1000377, '1000012', NULL, 100000, 'a76a0d7f-a7a3-4b06-aefd-3d7399e557c1', NULL, 0);
INSERT INTO pos.d_uom_product VALUES (1000032, 1000004, '2024-09-03 22:22:20.757811', 1000069, '2024-09-03 22:22:20.757811', 1000069, 1000380, '1000012', 1, 100000, '40b2a339-b5ac-4824-a15d-7bd3174038f7', NULL, 0);
INSERT INTO pos.d_uom_product VALUES (1000033, 1000004, '2024-09-04 09:23:01.448896', 1000069, '2024-09-04 09:23:01.448897', 1000069, 1000383, '1000014', NULL, 100000, '9c52c8b3-d4cc-4454-baa6-518ae5d64d0b', NULL, 0);
INSERT INTO pos.d_uom_product VALUES (1000034, 1000004, '2024-09-04 09:23:01.505928', 1000069, '2024-09-04 09:23:01.505929', 1000069, 1000386, '1000014', 1, 100000, 'a188c9be-c571-46d8-819f-6797d81def92', NULL, 0);
INSERT INTO pos.d_uom_product VALUES (1000035, 1000004, '2024-09-04 09:23:01.513926', 1000069, '2024-09-04 09:23:01.513927', 1000069, 1000389, '1000014', 1, 100000, 'd66c618b-741e-4b52-a89b-a80042451eba', NULL, 0);
INSERT INTO pos.d_uom_product VALUES (1000036, 1000004, '2024-09-04 09:47:43.904734', 1000069, '2024-09-04 09:47:43.904736', 1000069, 1000392, '1000014', NULL, 100000, '67d500a1-3a43-44ad-99f1-b7c5ef45e956', NULL, 0);
INSERT INTO pos.d_uom_product VALUES (1000037, 1000004, '2024-09-04 09:47:43.968447', 1000069, '2024-09-04 09:47:43.968448', 1000069, 1000395, '1000014', 1, 100000, 'e0a01921-3567-47ed-aecb-9e4a2744fc5d', NULL, 0);
INSERT INTO pos.d_uom_product VALUES (1000038, 1000004, '2024-09-04 09:47:43.981018', 1000069, '2024-09-04 09:47:43.981019', 1000069, 1000398, '1000014', 1, 100000, '63c4f1bd-0446-497b-9b6b-a8fcc58390e9', NULL, 0);
INSERT INTO pos.d_uom_product VALUES (1000039, 1000004, '2024-09-04 09:49:27.130973', 1000069, '2024-09-04 09:49:27.130974', 1000069, 1000401, '1000012', NULL, 10000, 'e76c957e-9641-407e-8bae-f6da5878bc1e', NULL, 0);
INSERT INTO pos.d_uom_product VALUES (1000040, 1000004, '2024-09-04 09:49:27.143326', 1000069, '2024-09-04 09:49:27.143327', 1000069, 1000404, '1000012', 1, 10000, '253ff8e8-9dd9-4b67-ad86-4c64be7ef705', NULL, 0);
INSERT INTO pos.d_uom_product VALUES (1000041, 1000004, '2024-09-04 17:35:06.964717', 1000069, '2024-09-04 17:35:06.964718', 1000069, 1000407, '1000012', NULL, 100000, 'f6aeafee-10fc-4690-b9a9-d6bb4431c7a7', NULL, 0);
INSERT INTO pos.d_uom_product VALUES (1000042, 1000004, '2024-09-04 17:35:07.157993', 1000069, '2024-09-04 17:35:07.157994', 1000069, 1000410, '1000012', 1, 100000, '7251cf73-d70b-4476-914e-b05a98ac8b78', NULL, 0);
INSERT INTO pos.d_uom_product VALUES (1000043, 1000004, '2024-09-05 09:22:46.649248', 1000069, '2024-09-05 09:22:46.649249', 1000069, 1000413, '1000014', NULL, 100000, '25248085-29f1-45b4-be0a-8b1703b0c43d', NULL, 0);
INSERT INTO pos.d_uom_product VALUES (1000044, 1000004, '2024-09-05 09:22:46.714691', 1000069, '2024-09-05 09:22:46.714692', 1000069, 1000416, '1000014', 1, 100000, 'ad32262b-825d-437d-b6a2-b964d53c473a', NULL, 0);
INSERT INTO pos.d_uom_product VALUES (1000045, 1000004, '2024-09-05 09:22:46.72476', 1000069, '2024-09-05 09:22:46.724761', 1000069, 1000419, '1000014', 1, 100000, '18e0bc0b-0271-4e67-8119-32bd485bb054', NULL, 0);
INSERT INTO pos.d_uom_product VALUES (1000046, 1000004, '2024-09-05 09:22:46.735206', 1000069, '2024-09-05 09:22:46.735207', 1000069, 1000422, '1000014', 1, 100000, '72a18141-e50d-4b95-9ba8-7d68ae11094e', NULL, 0);
INSERT INTO pos.d_uom_product VALUES (1000047, 1000004, '2024-09-05 09:22:46.759363', 1000069, '2024-09-05 09:22:46.759364', 1000069, 1000425, '1000014', 1, 100000, '285ca3f7-fe6e-4d96-aca3-b355e9fcf533', NULL, 0);
INSERT INTO pos.d_uom_product VALUES (1000048, 1000004, '2024-09-05 09:22:46.779488', 1000069, '2024-09-05 09:22:46.779489', 1000069, 1000428, '1000014', 1, 100000, '7dc8f013-8904-4d50-8a1f-7f27abac2070', NULL, 0);
INSERT INTO pos.d_uom_product VALUES (1000049, 1000004, '2024-09-05 09:22:46.790182', 1000069, '2024-09-05 09:22:46.790183', 1000069, 1000431, '1000014', 1, 100000, 'b7825ace-5a42-4513-9c49-2d3b58e9203d', NULL, 0);
INSERT INTO pos.d_uom_product VALUES (1000050, 1000004, '2024-09-05 09:22:46.800518', 1000069, '2024-09-05 09:22:46.800543', 1000069, 1000434, '1000014', 1, 100000, 'c9c63700-9e1a-4f9c-a6b4-7dc645806b9a', NULL, 0);
INSERT INTO pos.d_uom_product VALUES (1000051, 1000004, '2024-09-05 09:22:46.810217', 1000069, '2024-09-05 09:22:46.810217', 1000069, 1000437, '1000014', 1, 100000, '319a79e1-2c18-4603-81db-4ea43c551aab', NULL, 0);
INSERT INTO pos.d_uom_product VALUES (1000052, 1000004, '2024-09-05 09:22:46.818848', 1000069, '2024-09-05 09:22:46.818848', 1000069, 1000440, '1000014', 1, 100000, '7ab688bf-fb76-45d7-bce1-f61353e65e33', NULL, 0);
INSERT INTO pos.d_uom_product VALUES (1000053, 1000004, '2024-09-05 09:22:46.827214', 1000069, '2024-09-05 09:22:46.827214', 1000069, 1000443, '1000014', 1, 100000, '9f60ec08-14df-4582-becf-e6342fffdac6', NULL, 0);
INSERT INTO pos.d_uom_product VALUES (1000054, 1000004, '2024-09-05 09:22:46.834585', 1000069, '2024-09-05 09:22:46.834585', 1000069, 1000446, '1000014', 1, 100000, 'd11d0172-da0b-4980-bc1c-876c9f1e18d2', NULL, 0);
INSERT INTO pos.d_uom_product VALUES (1000055, 1000004, '2024-09-05 09:22:46.843831', 1000069, '2024-09-05 09:22:46.843832', 1000069, 1000449, '1000014', 1, 100000, '6f83fefd-0b9b-4137-8b3a-8d038b2f71e7', NULL, 0);
INSERT INTO pos.d_uom_product VALUES (1000056, 1000004, '2024-09-05 09:22:46.856086', 1000069, '2024-09-05 09:22:46.856086', 1000069, 1000452, '1000014', 1, 100000, '3391556b-1dbf-43d2-b756-6c539a5db701', NULL, 0);
INSERT INTO pos.d_uom_product VALUES (1000057, 1000004, '2024-09-05 09:22:46.872058', 1000069, '2024-09-05 09:22:46.872058', 1000069, 1000455, '1000014', 1, 100000, 'f166e83e-3432-4d10-a366-42082bc92533', NULL, 0);
INSERT INTO pos.d_uom_product VALUES (1000058, 1000004, '2024-09-05 09:22:46.895783', 1000069, '2024-09-05 09:22:46.895783', 1000069, 1000458, '1000014', 1, 100000, 'dcc7fe13-71e3-4910-8b40-3d0b3f35cf82', NULL, 0);
INSERT INTO pos.d_uom_product VALUES (1000059, 1000004, '2024-09-05 09:22:46.91044', 1000069, '2024-09-05 09:22:46.91044', 1000069, 1000461, '1000014', 1, 100000, '3d22f243-ac43-423b-a566-a2c52ce22aeb', NULL, 0);
INSERT INTO pos.d_uom_product VALUES (1000060, 1000004, '2024-09-05 09:22:46.922258', 1000069, '2024-09-05 09:22:46.922258', 1000069, 1000464, '1000014', 1, 100000, 'c953aa26-e063-463a-90b2-c01fd5bec184', NULL, 0);
INSERT INTO pos.d_uom_product VALUES (1000061, 1000004, '2024-09-05 09:22:46.933347', 1000069, '2024-09-05 09:22:46.933347', 1000069, 1000467, '1000014', 1, 100000, '16c8beaf-9d1b-4b53-8ff0-e5c6704b4861', NULL, 0);
INSERT INTO pos.d_uom_product VALUES (1000062, 1000004, '2024-09-05 09:29:12.104902', 1000069, '2024-09-05 09:29:12.104902', 1000069, 1000470, '1000013', NULL, 100000, 'dd4855f8-1be2-4ab6-b65b-25015cfd8b9b', NULL, 0);
INSERT INTO pos.d_uom_product VALUES (1000068, 1000009, '2024-09-11 16:32:36.649926', 1000071, '2024-09-11 16:32:36.649928', 1000071, 1000536, '1000016', NULL, 20000, 'b0dde186-953d-49da-8622-6f7704d45b81', NULL, 0);
INSERT INTO pos.d_uom_product VALUES (1000083, 1000009, '2024-09-11 17:57:24.638441', 1000071, '2024-09-11 17:57:24.638441', 1000071, 1000562, '1000016', NULL, 40000, 'f0202f0e-5922-459a-ab6d-e1eabb8cbe76', NULL, 0);
INSERT INTO pos.d_uom_product VALUES (1000084, 1000009, '2024-09-11 17:59:37.359031', 1000071, '2024-09-11 17:59:37.359032', 1000071, 1000565, '1000016', NULL, 30000, '3ab743ee-096e-4910-9da4-c9d2a2f004c4', NULL, 0);
INSERT INTO pos.d_uom_product VALUES (1000085, 1000009, '2024-09-11 18:10:24.899082', 1000071, '2024-09-11 18:10:24.899082', 1000071, 1000568, '1000017', NULL, 40000, 'df1f513f-23e4-45dd-bc83-572c52ece57b', NULL, 0);
INSERT INTO pos.d_uom_product VALUES (1000086, 1000009, '2024-09-11 18:12:49.984683', 1000071, '2024-09-11 18:12:49.984683', 1000071, 1000571, '1000017', NULL, 40000, '84396159-79a2-4bd1-b999-050f35ed54bc', NULL, 0);
INSERT INTO pos.d_uom_product VALUES (1000087, 1000009, '2024-09-11 18:14:23.702356', 1000071, '2024-09-11 18:14:23.702357', 1000071, 1000574, '1000017', NULL, 32000, 'fdda1174-9d30-4cf4-9665-14dcc47055eb', NULL, 0);
INSERT INTO pos.d_uom_product VALUES (1000088, 1000009, '2024-09-11 18:15:54.635062', 1000071, '2024-09-11 18:15:54.635062', 1000071, 1000577, '1000017', NULL, 45000, '10bfc37d-a8a4-4127-aa66-5f2d0cb07c88', NULL, 0);
INSERT INTO pos.d_uom_product VALUES (1000098, 1000004, '2024-09-18 21:18:35.443075', 1000069, '2024-09-18 21:18:35.443075', 1000069, 1000622, '1000011', NULL, 10000, '1449fea7-fe52-44ac-940c-1443305a3940', NULL, 0);
INSERT INTO pos.d_uom_product VALUES (1000099, 1000004, '2024-09-18 21:18:35.510556', 1000069, '2024-09-18 21:18:35.510556', 1000069, 1000623, '1000011', NULL, 10000, 'ef5ebbcb-8d3e-4fad-a954-d2e49c0c576d', NULL, 0);
INSERT INTO pos.d_uom_product VALUES (1000100, 1000004, '2024-09-18 21:53:32.414571', 1000069, '2024-09-18 21:53:32.414572', 1000069, 1000626, '1000011', NULL, 10000, 'd923e5ee-3ff5-4c8f-b4f3-767b6420083f', NULL, 0);
INSERT INTO pos.d_uom_product VALUES (1000101, 1000004, '2024-09-18 21:53:32.474984', 1000069, '2024-09-18 21:53:32.474986', 1000069, 1000627, '1000011', NULL, 10000, 'c68ed3e8-1140-423f-8f85-137d0a27c2bb', NULL, 0);
INSERT INTO pos.d_uom_product VALUES (1000116, 1000004, '2024-09-18 23:25:57.893959', 1000069, '2024-09-18 23:25:57.893959', 1000069, 1000642, '1000014', NULL, 100000, '576ca70c-0184-4b94-9663-d8593260fc9f', NULL, 0);
INSERT INTO pos.d_uom_product VALUES (1000117, 1000004, '2024-09-18 23:24:42.573973', 1000069, '2024-09-18 23:24:42.573975', 1000069, 1000643, '1000014', NULL, 100000, '3547fd81-7707-478d-b4b7-da1ed0ed457d', NULL, 0);
INSERT INTO pos.d_uom_product VALUES (1000118, 1000004, '2024-09-18 23:36:56.486572', 1000069, '2024-09-18 23:36:56.486574', 1000069, 1000644, '1000012', NULL, 15000, '86d7a5cf-0a25-4b3d-b377-bc4cd158baf5', NULL, 0);
INSERT INTO pos.d_uom_product VALUES (1000121, 1000004, '2024-09-19 07:14:08.53777', 1000069, '2024-09-19 07:14:08.53777', 1000069, 1000651, '1000014', NULL, 100000, '0e229767-a0eb-415b-a856-83815448ef05', NULL, 0);
INSERT INTO pos.d_uom_product VALUES (1000122, 1000004, '2024-09-19 11:10:15.800636', 1000069, '2024-09-19 11:10:15.800638', 1000069, 1000654, '1000012', NULL, 10000, '5e0c9b16-8e10-4690-a9b6-505ec9701313', NULL, 0);
INSERT INTO pos.d_uom_product VALUES (1000123, 1000004, '2024-09-19 11:24:58.280726', 1000069, '2024-09-19 11:24:58.280726', 1000069, 1000658, '1000011', NULL, 10000, 'dee8461d-89db-4991-8ffa-4cdf1172f9dd', NULL, 0);
INSERT INTO pos.d_uom_product VALUES (1000124, 1000004, '2024-09-19 11:24:58.827527', 1000069, '2024-09-19 11:24:58.827527', 1000069, 1000659, '1000011', NULL, 10000, '6fb724b6-ced2-46b1-8554-f397cb099e4f', NULL, 0);
INSERT INTO pos.d_uom_product VALUES (1000125, 1000004, '2024-09-19 11:20:59.600427', 1000069, '2024-09-19 11:20:59.60043', 1000069, 1000662, '1000011', NULL, 10000, '3f1bd775-6f54-4242-bc9a-79699d5e8482', NULL, 0);
INSERT INTO pos.d_uom_product VALUES (1000126, 1000004, '2024-09-19 11:20:59.644053', 1000069, '2024-09-19 11:20:59.644055', 1000069, 1000663, '1000011', NULL, 10000, '710b72c0-a835-411c-93ff-a11912bb2be9', NULL, 0);
INSERT INTO pos.d_uom_product VALUES (1000127, 1000004, '2024-09-19 12:50:00.732906', 1000069, '2024-09-19 12:50:00.732906', 1000069, 1000675, '1000011', NULL, 10000, '985a92d1-3608-4758-b83f-0a5bbd9a8822', NULL, 0);
INSERT INTO pos.d_uom_product VALUES (1000128, 1000004, '2024-09-19 12:50:00.82391', 1000069, '2024-09-19 12:50:00.82391', 1000069, 1000676, '1000011', NULL, 10000, '969c4229-660a-4d7c-95c4-ce3c820e7a66', NULL, 0);
INSERT INTO pos.d_uom_product VALUES (1000129, 1000004, '2024-09-26 11:27:34.308114', 1000066, '2024-09-26 11:27:34.308114', 1000066, 1000698, '1000012', NULL, 10000, '386da9c2-3902-4795-90c4-8b3e2954907f', NULL, 0);
INSERT INTO pos.d_uom_product VALUES (1000130, 1000004, '2024-09-26 11:30:44.084539', 1000066, '2024-09-26 11:30:44.084539', 1000066, 1000699, '1000010', NULL, 30000, 'db09f4a3-2442-41fd-93db-8c94dda43b1c', NULL, 0);
INSERT INTO pos.d_uom_product VALUES (1000131, 1000004, '2024-09-26 11:40:03.768124', 1000066, '2024-09-26 11:40:03.768124', 1000066, 1000700, '1000014', NULL, 10000, '134797a4-8b1d-4131-8d14-16aa4d38fb66', NULL, 0);
INSERT INTO pos.d_uom_product VALUES (1000132, 1000004, '2024-09-26 11:43:04.158375', 1000066, '2024-09-26 11:43:04.158376', 1000066, 1000701, '1000011', NULL, 10000, '20708838-2902-4545-a611-5c128382db1d', NULL, 0);
INSERT INTO pos.d_uom_product VALUES (1000133, 1000004, '2024-09-26 11:50:54.683704', 1000066, '2024-09-26 11:50:54.683705', 1000066, 1000702, '1000015', NULL, 10000, '6f52a729-3db5-4e4a-a33d-700640ce1772', NULL, 0);
INSERT INTO pos.d_uom_product VALUES (1000134, 1000004, '2024-09-26 14:41:19.624187', 1000066, '2024-09-26 14:41:19.624188', 1000066, 1000704, '1000012', NULL, 20000, '64a408bf-2851-4bb4-993a-8463881ec352', NULL, 0);
INSERT INTO pos.d_uom_product VALUES (1000135, 1000004, '2024-09-26 15:47:32.373887', 1000066, '2024-09-26 15:47:32.373888', 1000066, 1000709, '1000012', NULL, 220000, '5245aa17-3ac5-454e-9035-473ecbdbfade', NULL, 0);
INSERT INTO pos.d_uom_product VALUES (1000136, 1000004, '2024-09-26 15:49:14.716966', 1000066, '2024-09-26 15:49:14.716967', 1000066, 1000710, '1000012', NULL, 300000, '2851716e-43d4-464a-88d6-dcffdc089744', NULL, 0);
INSERT INTO pos.d_uom_product VALUES (1000137, 1000004, '2024-09-26 18:51:18.269704', 1000066, '2024-09-26 18:51:18.269704', 1000066, 1000718, '1000012', NULL, 100000, '852ab47a-e99c-46d4-b5dc-404f98c7cc84', NULL, 0);
INSERT INTO pos.d_uom_product VALUES (1000138, 1000004, '2024-09-27 10:16:06.544416', 1000066, '2024-09-27 10:16:06.544417', 1000066, 1000720, '1000012', NULL, 2000, 'f2045d8b-3714-479a-9aca-45722b1f5332', NULL, 0);
INSERT INTO pos.d_uom_product VALUES (1000140, 1000004, '2024-09-27 12:12:06.240023', 1000066, '2024-09-27 12:12:06.240023', 1000066, 1000731, '1000012', 1, 20000, '8643683b-89d2-4067-bd26-623e8154a280', NULL, 0);
INSERT INTO pos.d_uom_product VALUES (1000141, 1000004, '2024-09-27 12:12:06.692914', 1000066, '2024-09-27 12:12:06.692915', 1000066, 1000732, '1000012', 1, 20000, '9d0062d1-ced5-4a2c-8bfb-cb5be2018c1e', NULL, 0);
INSERT INTO pos.d_uom_product VALUES (1000142, 1000004, '2024-09-27 12:12:07.139194', 1000066, '2024-09-27 12:12:07.139195', 1000066, 1000733, '1000012', 1, 20000, '7ee98df5-b490-42e5-bf87-c40f3462ff13', NULL, 0);
INSERT INTO pos.d_uom_product VALUES (1000143, 1000004, '2024-09-27 13:11:43.882228', 1000066, '2024-09-27 13:11:43.882229', 1000066, 1000735, '1000012', 1, 20000, '761c4607-4df4-44fa-aeef-4b2d879bbf00', NULL, 0);
INSERT INTO pos.d_uom_product VALUES (1000144, 1000004, '2024-09-27 13:11:47.527005', 1000066, '2024-09-27 13:11:47.527006', 1000066, 1000736, '1000012', 1, 20000, '43ad9e19-49bd-4a1c-9e1f-9173c064aa24', NULL, 0);
INSERT INTO pos.d_uom_product VALUES (1000150, 1000004, '2024-09-27 17:41:00.737865', 1000066, '2024-09-27 17:41:00.737866', 1000066, 1000762, '1000012', 1, 15000, '2b272fbb-aa21-44ed-9485-dd5741348acc', NULL, 0);
INSERT INTO pos.d_uom_product VALUES (1000151, 1000004, '2024-09-27 17:41:01.255381', 1000066, '2024-09-27 17:41:01.255381', 1000066, 1000763, '1000012', 1, 15000, '4f360da3-039a-48ea-985a-7c6fa3a4199b', NULL, 0);
INSERT INTO pos.d_uom_product VALUES (1000152, 1000004, '2024-09-27 17:41:01.879715', 1000066, '2024-09-27 17:41:01.879715', 1000066, 1000764, '1000012', 1, 15000, '3d63c563-11f7-45fe-828a-faf60d5c9677', NULL, 0);
INSERT INTO pos.d_uom_product VALUES (1000153, 1000004, '2024-09-28 11:58:16.178476', 1000066, '2024-09-28 11:58:16.178476', 1000066, 1000783, '1000012', 1, 10000, '060a8b2d-9d58-40ee-8a2b-571032d22a0e', NULL, 0);
INSERT INTO pos.d_uom_product VALUES (1000154, 1000004, '2024-09-28 11:58:16.262354', 1000066, '2024-09-28 11:58:16.262354', 1000066, 1000784, '1000012', 1, 10000, '243d7add-2dde-4648-8222-1071c83bc7d9', NULL, 0);
INSERT INTO pos.d_uom_product VALUES (1000155, 1000004, '2024-09-28 11:58:16.366861', 1000066, '2024-09-28 11:58:16.366861', 1000066, 1000785, '1000012', 1, 10000, 'fe18f790-660e-4365-905d-c97fd8facc26', NULL, 0);


--
-- TOC entry 5422 (class 0 OID 385911)
-- Dependencies: 259
-- Data for Name: d_user; Type: TABLE DATA; Schema: pos; Owner: -
--

INSERT INTO pos.d_user VALUES (1000073, 'vts@gmail.com', 'VLXD VTS', NULL, '$2a$10$j6s1Hq0C6MmMI2jJtFc/0eKGb.2EQqH9TmASIybaBozy0smAIOfmG', NULL, NULL, NULL, 'Y', 1000009, NULL, 'Y', NULL, NULL, '2024-09-12 02:13:56.582864', 0, '2024-09-12 02:13:56.582864', 0, '1fc6b090-9324-4712-9dab-f3589dc48404', NULL);
INSERT INTO pos.d_user VALUES (1000072, 'cuahang1@gmail.com', 'VLXD DEMO', NULL, '$2a$10$j6s1Hq0C6MmMI2jJtFc/0eKGb.2EQqH9TmASIybaBozy0smAIOfmG', NULL, NULL, NULL, 'Y', 1000009, NULL, 'Y', NULL, NULL, '2024-09-11 04:28:32.150994', 0, '2024-09-11 04:28:32.150994', 0, 'fd3b321d-8e1f-48eb-a84e-dcd6f3d01765', NULL);
INSERT INTO pos.d_user VALUES (1000078, 'Administrator', 'Administrator', '00000', '$2a$10$j6s1Hq0C6MmMI2jJtFc/0eKGb.2EQqH9TmASIybaBozy0smAIOfmG', NULL, 'administrator@gmail.com', NULL, 'Y', 1000004, NULL, 'Y', NULL, NULL, '2024-09-18 08:24:39.809855', 0, '2024-09-18 08:24:39.809855', 0, '54a03466-98dd-472b-89ca-79d579e4cf49', NULL);
INSERT INTO pos.d_user VALUES (1000070, 'thanhnc', 'Nguyn Ch Thanh', '+843444', '$2a$10$j6s1Hq0C6MmMI2jJtFc/0eKGb.2EQqH9TmASIybaBozy0smAIOfmG', NULL, 'chithanh@gmail.com', NULL, 'Y', 1000004, NULL, 'Y', NULL, NULL, '2024-07-08 16:41:43.061964', 0, NULL, 0, '48520631-a0f3-4e7f-8203-ac329b6167af', NULL);
INSERT INTO pos.d_user VALUES (1000001, 'thanhnc0', 'Nguyn Ch Thanh', '0384449114', '$2a$10$uZCq2CDh7IwGOlnhGnv3hu7qVb31CKZzK31sveCqYtxqzKsxISasu', NULL, 'chithanh03062001@gmail.com', NULL, 'Y', 1000002, NULL, 'Y', NULL, NULL, '2024-07-08 02:18:27.065047', 0, '2024-07-08 02:18:27.065047', 0, '38215a91-7dab-419b-8716-956a8413ec4a', NULL);
INSERT INTO pos.d_user VALUES (1000079, 'User', 'Thanh', NULL, '$2a$10$j6s1Hq0C6MmMI2jJtFc/0eKGb.2EQqH9TmASIybaBozy0smAIOfmG', NULL, NULL, NULL, 'Y', 1000004, NULL, 'Y', NULL, NULL, '2024-09-18 08:26:13.736236', 0, '2024-09-18 08:26:13.736236', 0, 'ef943fc4-3064-43f8-ae56-53eb75930a72', NULL);
INSERT INTO pos.d_user VALUES (1000037, 'WebService', 'Dbiz', '0000000', '$2a$10$KiTO2H9FZ5lQjY3ZSI.wAeZGkQkA4iDXdaYzHeREej36/bqkjeIyS', NULL, 'WebService@gmail.com', NULL, 'Y', 1000002, NULL, 'Y', NULL, NULL, '2024-07-08 20:50:15.048367', NULL, NULL, NULL, 'd192f6d2-5c17-4ffc-b8e9-29628023b186', NULL);
INSERT INTO pos.d_user VALUES (1000035, 'thanhnc', 'Nguyn Ch Thanh', '+843444', '$2a$10$j6s1Hq0C6MmMI2jJtFc/0eKGb.2EQqH9TmASIybaBozy0smAIOfmG', NULL, 'chithanh@gmail.com', NULL, 'Y', 1000002, NULL, 'Y', NULL, NULL, '2024-07-08 16:41:43.061964', NULL, NULL, NULL, '5821f3eb-aefb-44bf-b306-d01a5ee24b56', NULL);
INSERT INTO pos.d_user VALUES (1000066, 'WebService', 'Dbiz', '0000000', '$2a$10$KiTO2H9FZ5lQjY3ZSI.wAeZGkQkA4iDXdaYzHeREej36/bqkjeIyS', NULL, 'WebService@gmail.com', NULL, 'Y', 1000004, NULL, 'Y', NULL, NULL, '2024-07-11 16:29:14.726232', 1000037, NULL, NULL, '4cb9995e-d53d-40fe-8799-4ceeaecb89ac', NULL);
INSERT INTO pos.d_user VALUES (1000186, 'thanhnc', NULL, NULL, '$2a$10$vMnadp0oefA8IQSLsAlDUetznuK1JrDMJu/27RMA7jHAs6hknBc7.', NULL, NULL, NULL, 'Y', NULL, NULL, 'Y', NULL, NULL, '2024-09-26 04:55:13.035131', 0, '2024-09-26 04:55:13.035131', 0, '49577b79-5615-4035-9b30-1bec60347efa', NULL);
INSERT INTO pos.d_user VALUES (1000077, 'WebService', NULL, NULL, '$2a$10$KiTO2H9FZ5lQjY3ZSI.wAeZGkQkA4iDXdaYzHeREej36/bqkjeIyS', NULL, NULL, NULL, 'Y', NULL, NULL, 'Y', NULL, NULL, '2024-09-12 10:00:38.585751', 0, '2024-09-12 10:00:38.585751', 0, '3559602f-37ba-4972-988b-287057968a8f', NULL);
INSERT INTO pos.d_user VALUES (1000071, 'WebService', 'WebService', NULL, '$2a$10$KiTO2H9FZ5lQjY3ZSI.wAeZGkQkA4iDXdaYzHeREej36/bqkjeIyS', NULL, NULL, NULL, 'Y', NULL, NULL, 'Y', NULL, NULL, '2024-09-11 04:28:32.150994', 0, '2024-09-11 04:28:32.150994', 0, '30937152-dab8-48aa-bcfd-a4ae76185f2b', NULL);
INSERT INTO pos.d_user VALUES (1000068, 'WebService', 'Dbiz', '0000000', '$2a$10$KiTO2H9FZ5lQjY3ZSI.wAeZGkQkA4iDXdaYzHeREej36/bqkjeIyS', NULL, 'WebService@gmail.com', NULL, 'Y', NULL, NULL, 'Y', NULL, NULL, '2024-07-08 20:50:15.048367', NULL, NULL, NULL, '46676fd0-1b0b-4d0c-b0e0-1a40b69a1780', NULL);
INSERT INTO pos.d_user VALUES (1000064, 'tesst1', 'Dbiz', '0000000', '$2a$10$k4g68H1eAZIq6.pOoOAo7eh8QMA.eRU1/itEP5Yd2hCrN24vwQJmW', NULL, 'WebService@gmail.com', NULL, 'Y', 1000002, NULL, 'Y', NULL, NULL, '2024-07-11 04:47:47.654848', 1000037, NULL, NULL, 'f7ff763e-df71-404a-92fc-4a433f5f9c27', NULL);
INSERT INTO pos.d_user VALUES (1000065, 'WebService13343', 'Dbiz', '0000000', '$2a$10$jSqw17teUbkWMgQ2judmRuTalKZ51rRnnCyBBsp4h/A9gxUvaMYAS', NULL, 'WebService@gmail.com', NULL, 'Y', 1000002, NULL, 'Y', NULL, NULL, '2024-07-11 16:28:51.23276', 1000037, NULL, NULL, '72bb0769-ab2e-4974-aedd-487fad2ebe5e', NULL);
INSERT INTO pos.d_user VALUES (1000069, 'WebService', 'Dbiz', '0000000', '$2a$10$KiTO2H9FZ5lQjY3ZSI.wAeZGkQkA4iDXdaYzHeREej36/bqkjeIyS', NULL, 'WebService@gmail.com', NULL, 'Y', NULL, NULL, 'Y', NULL, NULL, '2024-07-08 20:50:15.048367', 0, NULL, 0, 'b1d7a7c6-c406-4c46-9842-dc62d3476aff', NULL);
INSERT INTO pos.d_user VALUES (1000076, 'WebService', NULL, NULL, '$2a$10$KiTO2H9FZ5lQjY3ZSI.wAeZGkQkA4iDXdaYzHeREej36/bqkjeIyS', NULL, NULL, NULL, 'Y', NULL, NULL, 'Y', NULL, NULL, '2024-09-12 09:59:40.367027', 0, '2024-09-12 09:59:40.367027', 0, '09842088-5fda-43c6-9b91-09efb7402b79', NULL);
INSERT INTO pos.d_user VALUES (1000172, 'ofb_bepnong', 'ofb_bepnong', NULL, '$2a$10$zCH2b.cHkNImqieaaPG6WOsE2FXlp4nAHNNSwzVeFcDUwhJnqPyMS', NULL, '', NULL, 'Y', 1000004, NULL, 'Y', NULL, NULL, '2024-09-25 23:20:23.836638', 1000069, '2024-09-25 23:20:23.836638', 1000069, '5cf93370-94b8-4bda-92af-b57b4869278e', 1001362);
INSERT INTO pos.d_user VALUES (1000173, 'ofb_bar', 'ofb_bar', NULL, '$2a$10$VOJfoUhGn3HrjdxF6FFE1.uyiSFSV3gdSZ0gQAe2VQL40eq3jh6WW', NULL, '', NULL, 'Y', 1000004, NULL, 'Y', NULL, NULL, '2024-09-25 23:20:24.090708', 1000069, '2024-09-25 23:20:24.090708', 1000069, '07b8454f-e6dd-4e12-9725-cc73b9abe828', 1001378);
INSERT INTO pos.d_user VALUES (1000174, 'nvbep', 'nvbep', NULL, '$2a$10$NbPiGc1.7YgBAiYfpJHQaOemes5t2gKIQoLlZ0Rv6cXmvxdjccoaK', NULL, 'khanhnq@ssg.vn', NULL, 'Y', 1000004, NULL, 'Y', NULL, NULL, '2024-09-25 23:20:24.274039', 1000069, '2024-09-25 23:20:24.274039', 1000069, 'dd180783-2fae-4c09-b06b-b2c72e34cd44', 1001336);
INSERT INTO pos.d_user VALUES (1000175, 'OFB_BEPLANH', 'OFB_BEPLANH', NULL, '$2a$10$Xx9XUHLPzmLrxi9OVe/NxOcEOxytO8MEwLopBYueaTq2lCG1h8o0C', NULL, '', NULL, 'Y', 1000004, NULL, 'Y', NULL, NULL, '2024-09-25 23:20:24.536603', 1000069, '2024-09-25 23:20:24.536603', 1000069, '8b6492ad-abc7-4f4d-998f-ccc70fcfe2a5', 1001368);
INSERT INTO pos.d_user VALUES (1000176, 'testnv', 'testnv', NULL, '$2a$10$ZwPytq/VQeAIcNusdBclFeN/D62TrtZSOO3WtxW6a89h/ANOV6Tmi', NULL, '', NULL, 'Y', 1000004, NULL, 'Y', NULL, NULL, '2024-09-25 23:20:24.774719', 1000069, '2024-09-25 23:20:24.774719', 1000069, '5c0a51f6-019b-45c4-847e-d761559d4145', 1001787);
INSERT INTO pos.d_user VALUES (1000177, 'dev', 'dev', NULL, '$2a$10$yOBg7Z7EK0uOMqM574YlH.6qMjyja71D7in6qaX3nGJO3HcEe9xhm', NULL, 'chithanh03062001@gmail.com', NULL, 'Y', 1000004, NULL, 'Y', NULL, NULL, '2024-09-25 23:20:24.999574', 1000069, '2024-09-25 23:20:24.999574', 1000069, '8e93b863-31ad-432b-b343-4fdd01228cb9', 1001324);
INSERT INTO pos.d_user VALUES (1000178, 'KDSTest', 'KDSTest', NULL, '$2a$10$JZTGebsfiMbA76TiwT962.OZjRXerejropYTFV43zqTZsrJpF.RiK', NULL, 'KDSTest@gmail.com', NULL, 'Y', 1000004, NULL, 'Y', NULL, NULL, '2024-09-25 23:20:25.680673', 1000069, '2024-09-25 23:20:25.680673', 1000069, 'cda90871-b224-41cf-adb3-0d640445b4de', 1001792);
INSERT INTO pos.d_user VALUES (1000179, 'nvphucvu', 'nvphucvu', NULL, '$2a$10$BCC5SztGv2xirVrxyKX0mugvasSF4tYUleRFtC4mt/aNTWC8CDaV.', NULL, 'khanhnq@ssg.vn', NULL, 'Y', 1000004, NULL, 'Y', NULL, NULL, '2024-09-25 23:20:25.854951', 1000069, '2024-09-25 23:20:25.854951', 1000069, 'b99baece-a16f-495b-ad02-b5b693dbe3d4', 1001338);
INSERT INTO pos.d_user VALUES (1000180, 'OFB_BEPBANH', 'OFB_BEPBANH', NULL, '$2a$10$QcdbjFZe0PftZEGF8arJce2wK6Pc0hx6GO0eEspelpHhNzcpG80Aa', NULL, '', NULL, 'Y', 1000004, NULL, 'Y', NULL, NULL, '2024-09-25 23:20:26.209932', 1000069, '2024-09-25 23:20:26.209932', 1000069, '93477122-c2de-47b3-a4f1-98ec50598511', 1001375);
INSERT INTO pos.d_user VALUES (1000181, 'nvpos', 'nvpos', NULL, '$2a$10$NoLqIbG7SectbOXL8Na/B.6LNuVhQrQpkYJD7/E9c6TP6DxJcDiGy', NULL, '', NULL, 'Y', 1000004, NULL, 'Y', NULL, NULL, '2024-09-25 23:20:26.431368', 1000069, '2024-09-25 23:20:26.431368', 1000069, 'd2e94e8c-ac7f-4fa7-9a17-1726abae584c', 1001451);
INSERT INTO pos.d_user VALUES (1000182, 'Staff', 'Staff', NULL, '$2a$10$q3VSO.uFuG11WMX/Dj9/Xe9D56DVTkCVACkZ6cG9YKiJxbqxCLpDa', NULL, '', NULL, 'Y', 1000004, NULL, 'Y', NULL, NULL, '2024-09-25 23:20:27.382045', 1000069, '2024-09-25 23:20:27.382045', 1000069, 'c5f852b6-a65e-4acd-a89e-16e17d688261', 1001339);
INSERT INTO pos.d_user VALUES (1000183, 'OFB_PVU', 'OFB_PVU', NULL, '$2a$10$Je1fiUlaMZoWYhXH.XitNuO.QvPWOTr4gcFAe06/VRcLYtH/6j9.6', NULL, '', NULL, 'Y', 1000004, NULL, 'Y', NULL, NULL, '2024-09-25 23:20:27.598526', 1000069, '2024-09-25 23:20:27.598526', 1000069, 'c37a1992-5a6d-4e53-ad7a-0589c1c156c4', 1001376);
INSERT INTO pos.d_user VALUES (1000184, 'nvbar', 'nvbar', NULL, '$2a$10$/TV1jvprw2oE.UnkmXGJdO7CgqGTFc7Qp/n9OLoeZxO6F43nhJd/6', NULL, 'khanhnq@ssg.vn', NULL, 'Y', 1000004, NULL, 'Y', NULL, NULL, '2024-09-25 23:20:27.895124', 1000069, '2024-09-25 23:20:27.895124', 1000069, '1add1789-6249-4fc9-8ea8-1840e8cc9fe4', 1001337);
INSERT INTO pos.d_user VALUES (1000185, 'testkds', 'testkds', NULL, '$2a$10$eqkgiNM1GhDkjO5FuAfRkO5YsZlZ1onmmpqoRaLHRzon5h4l9xc1u', NULL, '', NULL, 'Y', 1000004, NULL, 'Y', NULL, NULL, '2024-09-25 23:20:28.351115', 1000069, '2024-09-25 23:20:28.351115', 1000069, 'ed5e4f5b-3a6f-420f-8626-0583b7ccce63', 1001788);
INSERT INTO pos.d_user VALUES (1000187, 'WebService', 'WebService', NULL, '$2a$10$ZGwze4Et1Tc7xdvkMVVNYub4OpXSlYjjjklnuhelDlo20yHyWNlwK', NULL, NULL, NULL, 'Y', NULL, NULL, 'Y', NULL, NULL, '2024-09-26 07:30:32.81741', 0, '2024-09-26 07:30:32.81741', 0, '23dfc2b7-a1eb-4c1f-8d91-9a17bb00647d', NULL);
INSERT INTO pos.d_user VALUES (1000194, 'WebService', 'WebService', NULL, '$2a$10$.E1rtXNR.Mu4niOSCvBdcORXLagGL1Lb..IKe7ehvArTSIcXWd63S', NULL, NULL, NULL, 'Y', 1000047, NULL, 'Y', NULL, NULL, '2024-09-26 09:23:36.07188', 0, '2024-09-26 09:23:36.07188', 0, 'c2a40874-746b-4511-8da9-eb549b6b0135', NULL);
INSERT INTO pos.d_user VALUES (1000195, 'WebService', 'WebService', NULL, '$2a$10$WMrD7eDQFEjQspOb2KiqeOrDRyuOY85s0Jesxh9kvC0.egRRH3raK', NULL, NULL, NULL, 'Y', 1000048, NULL, 'Y', NULL, NULL, '2024-09-26 10:51:41.293245', 0, '2024-09-26 10:51:41.293245', 0, '9056771f-f1db-4548-8d16-9bef90c02951', NULL);
INSERT INTO pos.d_user VALUES (1000196, 'WebService', 'WebService', NULL, '$2a$10$36xOzskRGz6L0ETu4T3z/.0YhVyeol8.2QadeuEGOZ5LmcZ3Fzvm.', NULL, NULL, NULL, 'Y', 1000049, NULL, 'Y', NULL, NULL, '2024-09-26 16:37:16.588216', 0, '2024-09-26 16:37:16.588216', 0, 'aa35bfd7-49c0-44a4-9730-fdaa52bdad09', NULL);
INSERT INTO pos.d_user VALUES (1000197, 'WebService', 'WebService', NULL, '$2a$10$8ukhHXGJi2mVwszCZa6Leu1gHpp1PaiCQt8xtTCw9SBIsAPgQB0xG', NULL, NULL, NULL, 'Y', 1000050, NULL, 'Y', NULL, NULL, '2024-09-26 16:51:48.206528', 0, '2024-09-26 16:51:48.206528', 0, '66569d05-10a8-404f-b0cf-eff51e43c632', NULL);
INSERT INTO pos.d_user VALUES (1000198, 'WebService', 'WebService', NULL, '$2a$10$vN30QIiJCNhLupSNgoq2uuRmVblHsiTt5OSNNTHGSBEB2IURKtsf2', NULL, NULL, NULL, 'Y', 1000051, NULL, 'Y', NULL, NULL, '2024-09-27 03:00:59.913548', 0, '2024-09-27 03:00:59.913548', 0, 'f46105bb-7bd4-4e9c-80ec-2b0ba3970b13', NULL);
INSERT INTO pos.d_user VALUES (1000199, 'WebService', 'WebService', NULL, '$2a$10$Ic1jo4UUIi8WNJdh87nEh.6wslc5.QjEO1pJ88VrPvWmIU21HAuPW', NULL, NULL, NULL, 'Y', 1000052, NULL, 'Y', NULL, NULL, '2024-09-27 11:46:09.557958', 0, '2024-09-27 11:46:09.557958', 0, '2d1d4968-b434-49eb-b5a6-100f3495031f', NULL);
INSERT INTO pos.d_user VALUES (1000200, 'WebService', 'WebService', NULL, '$2a$10$lgdKJIdRNPyfTum/r1IJS.4BXTVlu3V2k9ROXfKvKCLnRHQD73saO', NULL, NULL, NULL, 'Y', 1000053, NULL, 'Y', NULL, NULL, '2024-09-28 09:51:46.886827', 0, '2024-09-28 09:51:46.886827', 0, '4e51082b-96af-4ad6-91e0-9e93f9d3a231', NULL);
INSERT INTO pos.d_user VALUES (1000201, 'WebService', 'WebService', NULL, '$2a$10$4NAIkm9YBapDMwMqJ9XuluD9iwJp.5qiubLFNQA21bJZfRIT9TKsq', NULL, NULL, NULL, 'Y', 1000056, NULL, 'Y', NULL, NULL, '2024-09-28 10:20:34.982138', 0, '2024-09-28 10:20:34.982138', 0, 'd6e84c3d-c7a2-49df-9ea3-907a2093f7d7', NULL);
INSERT INTO pos.d_user VALUES (1000202, 'WebService', 'WebService', NULL, '$2a$10$sN2LvSytRQJuxl6KlB9iEel242/L/qTvHVCY1u..CjVjKhudeH7l2', NULL, NULL, NULL, 'Y', 1000057, NULL, 'Y', NULL, NULL, '2024-09-28 10:29:01.682821', 0, '2024-09-28 10:29:01.682821', 0, '7a760d86-4e9d-476d-bd02-703edd1ba5b1', NULL);
INSERT INTO pos.d_user VALUES (1000203, 'WebService', 'WebService', NULL, '$2a$10$xkpFCWchy4CVRTS4PIkmn.fHP/HVxYyhQ264gBMvf3e8TU7uO4RMK', NULL, NULL, NULL, 'Y', 1000058, NULL, 'Y', NULL, NULL, '2024-10-02 07:15:21.436216', 0, '2024-10-02 07:15:21.436216', 0, 'e2f3a5af-4a13-4127-8854-c58d3b9e07b9', NULL);


--
-- TOC entry 5424 (class 0 OID 385924)
-- Dependencies: 261
-- Data for Name: d_user_role_access; Type: TABLE DATA; Schema: pos; Owner: -
--

INSERT INTO pos.d_user_role_access VALUES (1000070, 1000001, 1000004, '2024-09-17 08:41:35.050677', 0, '2024-09-17 08:41:35.050677', 0, 'Y', '9a593c1d-b452-4d64-b09f-186a40ce09f5');
INSERT INTO pos.d_user_role_access VALUES (1000079, 1000001, 1000004, '2024-09-18 08:30:33.477116', 0, '2024-09-18 08:30:33.477116', 0, 'Y', '6240a303-8ce4-49e3-a2c5-c60d3fe9fa64');
INSERT INTO pos.d_user_role_access VALUES (1000079, 1000002, 1000004, '2024-09-18 08:30:33.477116', 0, '2024-09-18 08:30:33.477116', 0, 'Y', 'd1317b70-2ae7-416f-ae4b-3c3fb9b4aeb0');
INSERT INTO pos.d_user_role_access VALUES (1000172, 1000005, 1000004, '2024-09-25 23:20:23.993183', 1000069, '2024-09-25 23:20:23.993183', 1000069, 'Y', 'ae7cb167-90b4-47f9-8043-22631a84c11c');
INSERT INTO pos.d_user_role_access VALUES (1000173, 1000005, 1000004, '2024-09-25 23:20:24.159896', 1000069, '2024-09-25 23:20:24.159896', 1000069, 'Y', 'a964939d-ef23-4082-9f16-190f43b7218f');
INSERT INTO pos.d_user_role_access VALUES (1000174, 1000005, 1000004, '2024-09-25 23:20:24.407571', 1000069, '2024-09-25 23:20:24.407571', 1000069, 'Y', 'f8507778-1754-4509-beff-6a3042fe1c65');
INSERT INTO pos.d_user_role_access VALUES (1000175, 1000005, 1000004, '2024-09-25 23:20:24.621635', 1000069, '2024-09-25 23:20:24.621635', 1000069, 'Y', '29459e37-7173-4b55-b5e9-5351831f531b');
INSERT INTO pos.d_user_role_access VALUES (1000175, 1000003, 1000004, '2024-09-25 23:20:24.699145', 1000069, '2024-09-25 23:20:24.699145', 1000069, 'Y', '94f97416-e84d-43b5-bae3-a01142d10b20');
INSERT INTO pos.d_user_role_access VALUES (1000176, 1000008, 1000004, '2024-09-25 23:20:24.923561', 1000069, '2024-09-25 23:20:24.923561', 1000069, 'Y', 'c2723953-dad4-4fff-8366-8e7cc1df4839');
INSERT INTO pos.d_user_role_access VALUES (1000177, 1000008, 1000004, '2024-09-25 23:20:25.418247', 1000069, '2024-09-25 23:20:25.418247', 1000069, 'Y', '61c385d5-225b-4a03-8abd-5a18f5a4f799');
INSERT INTO pos.d_user_role_access VALUES (1000177, 1000005, 1000004, '2024-09-25 23:20:25.461351', 1000069, '2024-09-25 23:20:25.461351', 1000069, 'Y', '075841ce-5a75-4777-847f-bdb2b7fe47ab');
INSERT INTO pos.d_user_role_access VALUES (1000177, 1000006, 1000004, '2024-09-25 23:20:25.500362', 1000069, '2024-09-25 23:20:25.500362', 1000069, 'Y', 'b54a99c3-5b72-4d18-98aa-13c305ca11eb');
INSERT INTO pos.d_user_role_access VALUES (1000177, 1000004, 1000004, '2024-09-25 23:20:25.537873', 1000069, '2024-09-25 23:20:25.537873', 1000069, 'Y', '9e029f92-2977-4e08-a6bd-9dfdc2ca45b7');
INSERT INTO pos.d_user_role_access VALUES (1000177, 1000009, 1000004, '2024-09-25 23:20:25.603048', 1000069, '2024-09-25 23:20:25.603048', 1000069, 'Y', '32b25f31-6b2a-46af-9aa5-b4f851e3a254');
INSERT INTO pos.d_user_role_access VALUES (1000178, 1000005, 1000004, '2024-09-25 23:20:25.776655', 1000069, '2024-09-25 23:20:25.776655', 1000069, 'Y', 'e141567e-8283-4799-9bfa-a5007d4a997f');
INSERT INTO pos.d_user_role_access VALUES (1000179, 1000008, 1000004, '2024-09-25 23:20:26.114828', 1000069, '2024-09-25 23:20:26.114828', 1000069, 'Y', '93ef4fe4-f655-4e7e-a2e4-223cc4339e19');
INSERT INTO pos.d_user_role_access VALUES (1000180, 1000005, 1000004, '2024-09-25 23:20:26.351987', 1000069, '2024-09-25 23:20:26.351987', 1000069, 'Y', 'f9aa2218-f3e7-452b-8640-764514e9365f');
INSERT INTO pos.d_user_role_access VALUES (1000181, 1000009, 1000004, '2024-09-25 23:20:27.053776', 1000069, '2024-09-25 23:20:27.053776', 1000069, 'Y', '7a76f8ae-6e0e-4a59-a193-31979c802392');
INSERT INTO pos.d_user_role_access VALUES (1000181, 1000005, 1000004, '2024-09-25 23:20:27.126307', 1000069, '2024-09-25 23:20:27.126307', 1000069, 'Y', '9081c67f-bfcc-4311-82cf-a9e755a55615');
INSERT INTO pos.d_user_role_access VALUES (1000181, 1000008, 1000004, '2024-09-25 23:20:27.178315', 1000069, '2024-09-25 23:20:27.178315', 1000069, 'Y', '4b3d0d1a-b8cf-4394-b468-53daf8aa5a62');
INSERT INTO pos.d_user_role_access VALUES (1000181, 1000004, 1000004, '2024-09-25 23:20:27.21434', 1000069, '2024-09-25 23:20:27.21434', 1000069, 'Y', 'c0be02d1-293a-4ce5-9899-825ed1432b3c');
INSERT INTO pos.d_user_role_access VALUES (1000181, 1000007, 1000004, '2024-09-25 23:20:27.246543', 1000069, '2024-09-25 23:20:27.246543', 1000069, 'Y', 'c427c06b-6a2a-4060-866a-eef1581adaf1');
INSERT INTO pos.d_user_role_access VALUES (1000182, 1000005, 1000004, '2024-09-25 23:20:27.495599', 1000069, '2024-09-25 23:20:27.495599', 1000069, 'Y', 'e9d6b5ba-cc91-41ee-a188-463ec2608045');
INSERT INTO pos.d_user_role_access VALUES (1000183, 1000008, 1000004, '2024-09-25 23:20:27.805596', 1000069, '2024-09-25 23:20:27.805596', 1000069, 'Y', '2af37dae-ba39-4202-8c44-0edf4ca03316');
INSERT INTO pos.d_user_role_access VALUES (1000184, 1000005, 1000004, '2024-09-25 23:20:28.181969', 1000069, '2024-09-25 23:20:28.181969', 1000069, 'Y', '57b0e75c-13bc-4465-93de-a7021213b5f8');
INSERT INTO pos.d_user_role_access VALUES (1000184, 1000008, 1000004, '2024-09-25 23:20:28.249505', 1000069, '2024-09-25 23:20:28.249505', 1000069, 'Y', '3e01154e-c0c9-466e-abe7-af781670f7d3');
INSERT INTO pos.d_user_role_access VALUES (1000185, 1000005, 1000004, '2024-09-25 23:20:28.583178', 1000069, '2024-09-25 23:20:28.583178', 1000069, 'Y', '7c884e73-0d45-4678-9468-cfbd5ecd4d73');


--
-- TOC entry 5423 (class 0 OID 385920)
-- Dependencies: 260
-- Data for Name: d_userorg_access; Type: TABLE DATA; Schema: pos; Owner: -
--

INSERT INTO pos.d_userorg_access VALUES (1000070, 1000016, 1000004, '2024-09-17 08:44:30.587419', 0, '2024-09-17 08:44:30.587419', 0, 'Y', '58a9391c-807e-417d-a5c2-abaf05d9ad6b');
INSERT INTO pos.d_userorg_access VALUES (1000079, 1000019, 1000004, '2024-09-18 08:30:02.999322', 0, '2024-09-18 08:30:02.999322', 0, 'Y', '646a3798-03ed-48f9-a94d-d4f0ff48a4e8');
INSERT INTO pos.d_userorg_access VALUES (1000079, 1000030, 1000004, '2024-09-18 08:30:02.999322', 0, '2024-09-18 08:30:02.999322', 0, 'Y', '9652f739-cbdf-41dd-a2a0-5df619aed9d5');
INSERT INTO pos.d_userorg_access VALUES (1000172, 1000038, 1000004, '2024-09-25 23:20:23.961185', 1000069, '2024-09-25 23:20:23.961185', 1000069, 'Y', '966b0810-1365-46e3-9b52-42127d7f02b0');
INSERT INTO pos.d_userorg_access VALUES (1000173, 1000038, 1000004, '2024-09-25 23:20:24.128888', 1000069, '2024-09-25 23:20:24.128888', 1000069, 'Y', '3f1fd834-1e61-4627-8681-439c66baee0e');
INSERT INTO pos.d_userorg_access VALUES (1000174, 1000038, 1000004, '2024-09-25 23:20:24.382578', 1000069, '2024-09-25 23:20:24.382578', 1000069, 'Y', '2344a3f4-e53b-47ce-8e72-17d09f276bad');
INSERT INTO pos.d_userorg_access VALUES (1000175, 1000038, 1000004, '2024-09-25 23:20:24.581604', 1000069, '2024-09-25 23:20:24.581604', 1000069, 'Y', '60901f81-0ec4-4a8b-81d2-6886a6ea4cd3');
INSERT INTO pos.d_userorg_access VALUES (1000176, 1000038, 1000004, '2024-09-25 23:20:24.821438', 1000069, '2024-09-25 23:20:24.821438', 1000069, 'Y', '73d278c2-1177-45ea-a1d9-032c2b41f8b9');
INSERT INTO pos.d_userorg_access VALUES (1000177, 0, 1000004, '2024-09-25 23:20:25.044', 1000069, '2024-09-25 23:20:25.044', 1000069, 'Y', '53be0d49-213c-4428-8c06-af76b267cb3a');
INSERT INTO pos.d_userorg_access VALUES (1000177, 1000038, 1000004, '2024-09-25 23:20:25.106094', 1000069, '2024-09-25 23:20:25.106094', 1000069, 'Y', '90dae133-9efe-4e26-910a-ad46d9f50190');
INSERT INTO pos.d_userorg_access VALUES (1000177, 1000034, 1000004, '2024-09-25 23:20:25.241799', 1000069, '2024-09-25 23:20:25.241799', 1000069, 'Y', 'afb45735-7ac8-4072-b000-2ff40cd4c16e');
INSERT INTO pos.d_userorg_access VALUES (1000177, 1000033, 1000004, '2024-09-25 23:20:25.287799', 1000069, '2024-09-25 23:20:25.287799', 1000069, 'Y', '8e9c2aaa-4d3b-43c4-8cd9-076c4e1b24df');
INSERT INTO pos.d_userorg_access VALUES (1000178, 1000038, 1000004, '2024-09-25 23:20:25.719194', 1000069, '2024-09-25 23:20:25.719194', 1000069, 'Y', '528f5df7-2016-4515-a001-6dfcc6c558f8');
INSERT INTO pos.d_userorg_access VALUES (1000179, 1000038, 1000004, '2024-09-25 23:20:25.90407', 1000069, '2024-09-25 23:20:25.90407', 1000069, 'Y', '7211e932-24e1-448e-bfb7-a1314e718ed4');
INSERT INTO pos.d_userorg_access VALUES (1000180, 1000038, 1000004, '2024-09-25 23:20:26.270462', 1000069, '2024-09-25 23:20:26.270462', 1000069, 'Y', 'a9749a71-e73c-4530-bbd4-e61a1450b8f6');
INSERT INTO pos.d_userorg_access VALUES (1000181, 1000038, 1000004, '2024-09-25 23:20:26.482364', 1000069, '2024-09-25 23:20:26.482364', 1000069, 'Y', 'be84482a-4af0-499c-b530-ef5e6446a6b3');
INSERT INTO pos.d_userorg_access VALUES (1000181, 1000033, 1000004, '2024-09-25 23:20:26.80696', 1000069, '2024-09-25 23:20:26.80696', 1000069, 'Y', '3d9e8de4-e44e-46ba-a36c-440056177d0b');
INSERT INTO pos.d_userorg_access VALUES (1000183, 0, 1000004, '2024-09-25 23:20:27.678088', 1000069, '2024-09-25 23:20:27.678088', 1000069, 'Y', 'a57637dc-8ba5-4eaf-a85f-344e9c31894a');
INSERT INTO pos.d_userorg_access VALUES (1000183, 1000038, 1000004, '2024-09-25 23:20:27.752597', 1000069, '2024-09-25 23:20:27.752597', 1000069, 'Y', '392ecc58-42bd-4ee7-a7e3-fbff069c3757');
INSERT INTO pos.d_userorg_access VALUES (1000184, 1000034, 1000004, '2024-09-25 23:20:27.977874', 1000069, '2024-09-25 23:20:27.977874', 1000069, 'Y', 'fabac14b-0288-47fb-ba89-802021231747');
INSERT INTO pos.d_userorg_access VALUES (1000184, 0, 1000004, '2024-09-25 23:20:28.084428', 1000069, '2024-09-25 23:20:28.084428', 1000069, 'Y', 'fe3e1a04-1112-4b64-b643-baed912380d0');
INSERT INTO pos.d_userorg_access VALUES (1000184, 1000038, 1000004, '2024-09-25 23:20:28.13198', 1000069, '2024-09-25 23:20:28.13198', 1000069, 'Y', '313eee13-46e6-477b-a9c9-bbde746716f0');
INSERT INTO pos.d_userorg_access VALUES (1000185, 1000038, 1000004, '2024-09-25 23:20:28.404119', 1000069, '2024-09-25 23:20:28.404119', 1000069, 'Y', '35d0182b-df22-46c9-a594-4fbaa1d12179');


--
-- TOC entry 5425 (class 0 OID 385928)
-- Dependencies: 262
-- Data for Name: d_vendor; Type: TABLE DATA; Schema: pos; Owner: -
--

INSERT INTO pos.d_vendor VALUES (1000004, 1000002, 'vendor_code', 'Vendor Name', '123456789', '987654321', '123 Main St', '456 Secondary St', 'TAX12345', 'vendor@example.com', '1985-01-01', NULL, '2024-07-12 16:11:22.4493', 1000037, '2024-07-12 16:11:22.4493', NULL, 'Y', 'eeebae5a-aaeb-427e-8613-6a2be289d334', NULL, NULL, NULL, NULL, NULL, NULL, 'N', NULL, NULL, NULL);
INSERT INTO pos.d_vendor VALUES (1000081, 1000004, 'VEN1000080', 'Dch v n ung', '0327657667', NULL, NULL, NULL, NULL, 'nhu@gmsil.com', NULL, NULL, '2024-09-09 11:15:53.182502', 1000069, '2024-09-09 11:15:53.182503', NULL, 'Y', '24890e2e-bcd0-47c2-a369-d04ddbb08aee', NULL, 1000043, NULL, NULL, NULL, NULL, 'N', NULL, NULL, NULL);
INSERT INTO pos.d_vendor VALUES (1000007, 1000002, 'vendor_code', 'Vendor Name21', '123456789', '987654321', '123 Main St', '456 Secondary St', 'TAX12345', 'vendor@example.com', '1985-01-01', NULL, '2024-07-15 00:12:31.355372', 1000037, '2024-07-15 19:08:44.431691', 1000037, 'Y', 'b07782bf-b3b6-43d9-9d1a-3be1e114a21f', NULL, NULL, NULL, NULL, NULL, NULL, 'N', NULL, NULL, NULL);
INSERT INTO pos.d_vendor VALUES (1000015, 1000002, 'vendor_code', 'Vendor Name123', '123456789', '987654321', '123 Main St', '456 Secondary St', 'TAX12345', 'vendor@example.com', '1985-01-01', NULL, '2024-07-15 21:36:53.567774', 1000037, '2024-07-15 21:53:34.88454', 1000037, 'Y', '884281d6-fbef-4368-8865-e98fec7e2d61', NULL, NULL, NULL, NULL, NULL, NULL, 'N', NULL, NULL, NULL);
INSERT INTO pos.d_vendor VALUES (1000073, 1000004, 'Test1', 'Nh Tuyt', '0327647667', NULL, NULL, NULL, NULL, 'vvff', NULL, NULL, '2024-09-06 08:59:37.206512', 1000069, '2024-09-06 08:59:37.206515', NULL, 'Y', 'e3df36d9-e001-4ac0-a587-d1115670f03d', NULL, NULL, NULL, NULL, NULL, NULL, 'N', NULL, NULL, NULL);
INSERT INTO pos.d_vendor VALUES (1000017, 1000002, 'vendor_code1111', 'Vendor Name100213', '1234567189', '987654321', '123 Main St', '456 Secondary St', 'TAX12345', 'vendor@example.com', '1985-01-01', NULL, '2024-07-16 09:13:59.458994', 1000037, '2024-07-16 10:44:17.445838', 1000037, 'Y', '2dcdcba0-e3df-4bd5-a95b-9b8158048efc', NULL, NULL, NULL, NULL, NULL, NULL, 'N', NULL, NULL, NULL);
INSERT INTO pos.d_vendor VALUES (1000140, 1000004, '04534535445  mam6', '', '', NULL, NULL, NULL, NULL, NULL, NULL, NULL, '2024-09-25 00:15:57.255792', 1000069, '2024-09-25 00:15:57.255792', 1000069, 'Y', 'edeb4a0d-20c4-4f8e-b0af-748f1cdaf5c0', NULL, 1000095, '', NULL, NULL, 1002732, 'N', 'mam6', 0, NULL);
INSERT INTO pos.d_vendor VALUES (1000141, 1000004, '098556753  vvv', 'vvv', '098556753', NULL, NULL, NULL, NULL, NULL, NULL, NULL, '2024-09-25 00:15:57.281677', 1000069, '2024-09-25 00:15:57.281677', 1000069, 'Y', '1e17b9c0-638f-4ead-b48f-38b1077525cc', NULL, 1000095, '', NULL, NULL, 1002708, 'N', 'vvv', 0, NULL);
INSERT INTO pos.d_vendor VALUES (1000142, 1000004, '12331123  zzz', 'zzz', '12331123', NULL, NULL, NULL, NULL, NULL, NULL, NULL, '2024-09-25 00:15:57.305653', 1000069, '2024-09-25 00:15:57.305653', 1000069, 'Y', '557fb920-e647-4561-8d28-0d31c8e4d63f', NULL, 1000095, '', NULL, NULL, 1002691, 'N', 'zzz', 0, NULL);
INSERT INTO pos.d_vendor VALUES (1000143, 1000004, '0952432432  Test3', 'Test3', '0952432432', NULL, NULL, NULL, NULL, NULL, NULL, NULL, '2024-09-25 00:15:57.330233', 1000069, '2024-09-25 00:15:57.330233', 1000069, 'Y', 'ab87c60d-928c-418b-8205-77fa7c0c6833', NULL, 1000095, '', NULL, NULL, 1002692, 'N', 'Test3', 0, NULL);
INSERT INTO pos.d_vendor VALUES (1000144, 1000004, '1000016', 'CusDMOx', '0954354534', NULL, NULL, NULL, NULL, NULL, NULL, NULL, '2024-09-25 00:15:57.354483', 1000069, '2024-09-25 00:15:57.354483', 1000069, 'Y', '8a9bfc0e-256f-4f15-85dd-2925160447be', NULL, 1000095, 'czxcz', NULL, NULL, 1002723, 'N', 'CusDMO', 0, NULL);
INSERT INTO pos.d_vendor VALUES (1000145, 1000004, '09453456340  mam5', 'mam5', '09453456340', NULL, NULL, NULL, NULL, NULL, NULL, NULL, '2024-09-25 00:15:57.383709', 1000069, '2024-09-25 00:15:57.383709', 1000069, 'Y', '60eb1db1-9d4a-48aa-abd7-78baa49fad42', NULL, 1000095, '', NULL, NULL, 1002731, 'N', 'mam5', 0, NULL);
INSERT INTO pos.d_vendor VALUES (1000147, 1000004, '096775675', 'Test', '096775675', NULL, NULL, NULL, NULL, NULL, NULL, NULL, '2024-09-25 00:15:57.462504', 1000069, '2024-09-25 00:15:57.462504', 1000069, 'Y', '8f6d2b29-2711-4b6f-aa75-1911d08c5d61', NULL, 1000095, '', NULL, NULL, 1002690, 'N', 'Test', 0, NULL);
INSERT INTO pos.d_vendor VALUES (1000148, 1000004, '1000015', 'NVDemo', '', NULL, NULL, NULL, NULL, NULL, NULL, NULL, '2024-09-25 00:15:57.486881', 1000069, '2024-09-25 00:15:57.486881', 1000069, 'Y', 'ae693e2b-e23f-471b-ac77-a958ac98f96b', NULL, 1000095, '', NULL, NULL, 1002722, 'N', 'NVDemox', 0, NULL);
INSERT INTO pos.d_vendor VALUES (1000149, 1000004, '09523432422  mam', 'mam', '09523432422', NULL, NULL, NULL, NULL, NULL, NULL, NULL, '2024-09-25 00:15:57.512442', 1000069, '2024-09-25 00:15:57.512442', 1000069, 'Y', 'ccb5fd28-5994-4d51-80ef-0e603942507d', NULL, 1000095, '', NULL, NULL, 1002727, 'N', 'mam', 0, NULL);
INSERT INTO pos.d_vendor VALUES (1000150, 1000004, '1000014', 'CusDemo', '090009999', NULL, NULL, NULL, NULL, NULL, NULL, NULL, '2024-09-25 00:15:57.537655', 1000069, '2024-09-25 00:15:57.537655', 1000069, 'Y', 'f950fb88-4f47-42e5-ae13-123537763da4', NULL, 1000095, '', NULL, NULL, 1002721, 'N', 'CusDemo666', 0, NULL);
INSERT INTO pos.d_vendor VALUES (1000151, 1000004, '09883444333  mam9', 'mam9', '09883444333', NULL, NULL, NULL, NULL, NULL, NULL, NULL, '2024-09-25 00:15:57.574763', 1000069, '2024-09-25 00:15:57.574763', 1000069, 'Y', 'f15c0020-102b-4e63-88cb-0e5fddf5fa91', NULL, 1000095, '', NULL, NULL, 1002735, 'N', 'mam9', 0, NULL);
INSERT INTO pos.d_vendor VALUES (1000152, 1000004, 'NCC100001', '', '', NULL, NULL, NULL, NULL, NULL, NULL, NULL, '2024-09-25 00:15:57.599847', 1000069, '2024-09-25 00:15:57.599847', 1000069, 'Y', 'dda1c066-d4e6-499a-baea-241548496a92', NULL, 1000095, '', NULL, NULL, 1002657, 'N', 'Cng ty Thc phm H Ni', 0, NULL);
INSERT INTO pos.d_vendor VALUES (1000153, 1000004, '094867867  mam7', 'mam7', '094867867', NULL, NULL, NULL, NULL, NULL, NULL, NULL, '2024-09-25 00:15:57.625713', 1000069, '2024-09-25 00:15:57.625713', 1000069, 'Y', 'e68113dc-54ce-4f9d-9d98-13ef940b4103', NULL, 1000095, '', NULL, NULL, 1002733, 'N', 'mam7', 0, NULL);
INSERT INTO pos.d_vendor VALUES (1000154, 1000004, '09876543333  khnh', 'khnh', '09876543333', NULL, NULL, NULL, NULL, NULL, NULL, NULL, '2024-09-25 00:15:57.657767', 1000069, '2024-09-25 00:15:57.657767', 1000069, 'Y', '04a61e02-6b5e-4f7b-9c0e-bc1a4f98fdac', NULL, 1000095, '', NULL, NULL, 1002710, 'N', 'khnh', 0, NULL);
INSERT INTO pos.d_vendor VALUES (1000155, 1000004, '0922212111  mam8', 'mam8', '0922212111', NULL, NULL, NULL, NULL, NULL, NULL, NULL, '2024-09-25 00:15:57.698733', 1000069, '2024-09-25 00:15:57.698733', 1000069, 'Y', 'c2645c37-3c5c-4d1e-a397-1522f3f332fd', NULL, 1000095, '', NULL, NULL, 1002734, 'N', 'mam8', 0, NULL);
INSERT INTO pos.d_vendor VALUES (1000156, 1000004, '1000008', 'khch order mang ve1233123123132', '0987654321', NULL, NULL, NULL, NULL, NULL, NULL, NULL, '2024-09-25 00:15:57.728829', 1000069, '2024-09-25 00:15:57.728829', 1000069, 'Y', '00b761fc-67bf-49d1-8faf-4d8fc95b4d98', NULL, 1000095, '', NULL, NULL, 1002676, 'N', 'khch order mang ve 123', 0, NULL);
INSERT INTO pos.d_vendor VALUES (1000160, 1000004, '09453533533  mam3', 'mam3', '09453533533', NULL, NULL, NULL, NULL, NULL, NULL, NULL, '2024-09-25 00:15:57.840537', 1000069, '2024-09-25 00:15:57.840537', 1000069, 'Y', '564ec1bf-4fee-4cd5-8853-697e2319f8b5', NULL, 1000095, '', NULL, NULL, 1002729, 'N', 'mam3', 0, NULL);
INSERT INTO pos.d_vendor VALUES (1000161, 1000004, '0932432323  mam4', 'mam4', '0932432323', NULL, NULL, NULL, NULL, NULL, NULL, NULL, '2024-09-25 00:15:57.878057', 1000069, '2024-09-25 00:15:57.878057', 1000069, 'Y', '5a5938e9-56ef-4816-a2fe-0bc744acb7dd', NULL, 1000095, '', NULL, NULL, 1002730, 'N', 'mam4', 0, NULL);
INSERT INTO pos.d_vendor VALUES (1000165, 1000004, 'NCC0100002', 'Cng ty TNHH thc phm Vit Nam ', '', NULL, NULL, NULL, NULL, NULL, NULL, NULL, '2024-09-25 00:15:57.997725', 1000069, '2024-09-25 00:15:57.997725', 1000069, 'Y', 'ccd393cb-3d8e-47e8-9b46-6b4befd1d54c', NULL, 1000098, '', NULL, NULL, 1002743, 'N', 'Cng ty TNHH thc phm Vit Nam ', 0, NULL);
INSERT INTO pos.d_vendor VALUES (1000087, 1000009, '1000001', 'VTS', '0971902297', NULL, NULL, NULL, NULL, NULL, NULL, NULL, '2024-09-11 16:24:43.843052', 1000071, '2024-09-11 16:24:43.843052', 1000071, 'Y', '65a9d68d-6e57-4139-b5ee-a34a8e957048', NULL, 1000062, NULL, NULL, NULL, NULL, 'N', NULL, NULL, NULL);
INSERT INTO pos.d_vendor VALUES (1000088, 1000009, '1000002', 'HSG', '0971902290', NULL, NULL, NULL, NULL, NULL, NULL, NULL, '2024-09-11 16:25:20.452855', 1000071, '2024-09-11 16:25:20.452855', 1000071, 'Y', '9dac38c3-61ce-4a61-a7cc-244ed3b6ab10', NULL, 1000062, NULL, NULL, NULL, NULL, 'N', NULL, NULL, NULL);
INSERT INTO pos.d_vendor VALUES (1000118, 1000004, 'NVCT100013', '', '', NULL, NULL, NULL, NULL, NULL, NULL, NULL, '2024-09-25 00:15:56.519866', 1000069, '2024-09-25 00:15:56.519866', 1000069, 'Y', '4cd0972a-f5a9-401b-b9b6-497b1dd610f5', NULL, 1000085, '', NULL, NULL, 1003468, 'N', 'Phm Qunh Nhung', 0, NULL);
INSERT INTO pos.d_vendor VALUES (1000119, 1000004, 'NVCT100019', '', '', NULL, NULL, NULL, NULL, NULL, NULL, NULL, '2024-09-25 00:15:56.547793', 1000069, '2024-09-25 00:15:56.547793', 1000069, 'Y', 'cd8e12e8-91c3-4a43-b046-eb9c2fe4c323', NULL, 1000085, '', NULL, NULL, 1003488, 'N', 'Phm Th Giang', 0, NULL);
INSERT INTO pos.d_vendor VALUES (1000077, 1000004, 'VEN1000076', ' Nguyn Th A', '0327656666', NULL, NULL, NULL, NULL, NULL, NULL, NULL, '2024-09-06 09:01:31.844458', 1000069, '2024-09-06 09:01:31.84446', NULL, 'Y', '030b12a6-37ee-4203-bed1-f0243773396d', NULL, NULL, NULL, NULL, NULL, NULL, 'N', NULL, NULL, NULL);
INSERT INTO pos.d_vendor VALUES (1000090, 1000004, 'NCC0100001', 'Phm Cng Vinh', '', NULL, NULL, NULL, NULL, NULL, NULL, NULL, '2024-09-25 00:15:55.657317', 1000069, '2024-09-25 00:15:55.657317', 1000069, 'Y', '3291f86d-c51f-4ef3-a58e-ed3273b25c5c', NULL, 1000081, '', NULL, NULL, 1002739, 'N', 'Ch nh - Trn Th Bch Lin', 0, NULL);
INSERT INTO pos.d_vendor VALUES (1000091, 1000004, '090909090909', 'Ch Chu', '1111111111111', NULL, NULL, NULL, NULL, NULL, NULL, NULL, '2024-09-25 00:15:55.705808', 1000069, '2024-09-25 00:15:55.705808', 1000069, 'Y', '2c04a73b-3064-41b4-9267-8424df38c2a1', NULL, 1000081, '', NULL, NULL, 1002763, 'N', 'Ch nh Trn Th Bch Lin', 0, NULL);
INSERT INTO pos.d_vendor VALUES (1000092, 1000004, 'NCC0200001', 'Ch nh Trn Th Bch Lin', '099977788889', NULL, NULL, NULL, NULL, NULL, NULL, NULL, '2024-09-25 00:15:55.750656', 1000069, '2024-09-25 00:15:55.750656', 1000069, 'Y', '9622d538-ad2c-4162-9f7d-b777d7bd4061', NULL, 1000081, '', NULL, NULL, 1003483, 'N', 'Ch nh Trn Th Bch Lin', 0, NULL);
INSERT INTO pos.d_vendor VALUES (1000093, 1000004, 'NVCT100015', 'QUANLYMUAHANG', '', NULL, NULL, NULL, NULL, NULL, NULL, NULL, '2024-09-25 00:15:55.778802', 1000069, '2024-09-25 00:15:55.778802', 1000069, 'Y', 'f13a758b-d796-43c2-9779-a054146cad51', NULL, 1000085, '', NULL, NULL, 1003473, 'N', 'Nguyn Vn Bnh', 0, NULL);
INSERT INTO pos.d_vendor VALUES (1000094, 1000004, 'NVCT100012', '', '', NULL, NULL, NULL, NULL, NULL, NULL, NULL, '2024-09-25 00:15:55.808287', 1000069, '2024-09-25 00:15:55.808287', 1000069, 'Y', 'cba188e9-b0ff-408f-8055-b168670e7f48', NULL, 1000085, '', NULL, NULL, 1003464, 'N', 'ABC', 0, NULL);
INSERT INTO pos.d_vendor VALUES (1000095, 1000004, '0953454344', 'bbb', '0953454344', NULL, NULL, NULL, NULL, NULL, NULL, NULL, '2024-09-25 00:15:55.839586', 1000069, '2024-09-25 00:15:55.839586', 1000069, 'Y', 'b638993c-842d-4f45-bc4d-d28106608911', NULL, 1000085, '', NULL, NULL, 1002709, 'N', 'bbb', 0, NULL);
INSERT INTO pos.d_vendor VALUES (1000096, 1000004, 'NVCT100022', '', '', NULL, NULL, NULL, NULL, NULL, NULL, NULL, '2024-09-25 00:15:55.868698', 1000069, '2024-09-25 00:15:55.868698', 1000069, 'Y', '04922390-2eb3-4340-b60a-04646497512e', NULL, 1000085, '', NULL, NULL, 1003579, 'N', 'Hong Minh Quang', 0, NULL);
INSERT INTO pos.d_vendor VALUES (1000097, 1000004, 'NVCT100023', '', '', NULL, NULL, NULL, NULL, NULL, NULL, NULL, '2024-09-25 00:15:55.892756', 1000069, '2024-09-25 00:15:55.892756', 1000069, 'Y', 'b068dfe7-7274-4e3b-a616-8600f78ecbd4', NULL, 1000085, '', NULL, NULL, 1003580, 'N', 'Hong Minh Quang', 0, NULL);
INSERT INTO pos.d_vendor VALUES (1000098, 1000004, 'NVCT003', '', '', NULL, NULL, NULL, NULL, NULL, NULL, NULL, '2024-09-25 00:15:55.920883', 1000069, '2024-09-25 00:15:55.920883', 1000069, 'Y', '1c88d495-010f-4f4e-b33f-96db73c7396e', NULL, 1000085, '', NULL, NULL, 1003416, 'N', 'Phm Vn Cng ', 0, NULL);
INSERT INTO pos.d_vendor VALUES (1000099, 1000004, 'NVCT100004', '', '', NULL, NULL, NULL, NULL, NULL, NULL, NULL, '2024-09-25 00:15:55.947514', 1000069, '2024-09-25 00:15:55.947514', 1000069, 'Y', 'e1643174-7087-40f3-a39f-282348fca07a', NULL, 1000085, '', NULL, NULL, 1002805, 'N', 'Test chc nng sinh m t ng - NV', 0, NULL);
INSERT INTO pos.d_vendor VALUES (1000100, 1000004, 'NVCT100021', 'ANPASO', '0908443948', NULL, NULL, NULL, NULL, NULL, NULL, NULL, '2024-09-25 00:15:55.973878', 1000069, '2024-09-25 00:15:55.973878', 1000069, 'Y', '2390b833-2ab3-40e4-ac88-1e475a22fab2', NULL, 1000085, '', NULL, NULL, 1003569, 'N', 'APS_NGUYN VN A', 0, NULL);
INSERT INTO pos.d_vendor VALUES (1000101, 1000004, 'HS02', '', '', NULL, NULL, NULL, NULL, NULL, NULL, NULL, '2024-09-25 00:15:56.000858', 1000069, '2024-09-25 00:15:56.000858', 1000069, 'Y', '03800085-69af-4f90-8d9b-33237a8f8094', NULL, 1000085, '', NULL, NULL, 1002777, 'N', 'Nguyn Th Vn ', 0, NULL);
INSERT INTO pos.d_vendor VALUES (1000102, 1000004, '1000004', '', '', NULL, NULL, NULL, NULL, NULL, NULL, NULL, '2024-09-25 00:15:56.024425', 1000069, '2024-09-25 00:15:56.024425', 1000069, 'Y', '305b1671-e073-4047-a237-2b09da35b5f8', NULL, 1000085, '', NULL, NULL, 1002786, 'N', 'Nguyn Vn Anh ', 0, NULL);
INSERT INTO pos.d_vendor VALUES (1000103, 1000004, '1000030', '', '', NULL, NULL, NULL, NULL, NULL, NULL, NULL, '2024-09-25 00:15:56.050987', 1000069, '2024-09-25 00:15:56.050987', 1000069, 'Y', '9b13b2ec-5b4d-4642-9f22-b3bfbb28ed54', NULL, 1000085, '', NULL, NULL, 1002793, 'N', 'NVPOS', 0, NULL);
INSERT INTO pos.d_vendor VALUES (1000104, 1000004, 'NVCT100002', 'NVPOS', '', NULL, NULL, NULL, NULL, NULL, NULL, NULL, '2024-09-25 00:15:56.075439', 1000069, '2024-09-25 00:15:56.075439', 1000069, 'Y', 'f350078b-6910-4057-90e0-d81cfccfbcc8', NULL, 1000085, 'm', NULL, NULL, 1002802, 'N', 'NVPOS', 0, NULL);
INSERT INTO pos.d_vendor VALUES (1000105, 1000004, 'HSUV01', '', '', NULL, NULL, NULL, NULL, NULL, NULL, NULL, '2024-09-25 00:15:56.105886', 1000069, '2024-09-25 00:15:56.105886', 1000069, 'Y', 'c5814617-dfd6-4898-9047-694e9e9a2c39', NULL, 1000085, '', NULL, NULL, 1002775, 'N', 'Phm Vn An ', 0, NULL);
INSERT INTO pos.d_vendor VALUES (1000106, 1000004, 'NVCT100011', '', '', NULL, NULL, NULL, NULL, NULL, NULL, NULL, '2024-09-25 00:15:56.140923', 1000069, '2024-09-25 00:15:56.140923', 1000069, 'Y', '60870841-a9fa-49d9-8b1b-92b86797fa58', NULL, 1000085, '', NULL, NULL, 1003419, 'N', 'Ngyn Vn A', 0, NULL);
INSERT INTO pos.d_vendor VALUES (1000107, 1000004, '1111', '', '', NULL, NULL, NULL, NULL, NULL, NULL, NULL, '2024-09-25 00:15:56.168517', 1000069, '2024-09-25 00:15:56.168517', 1000069, 'Y', 'f0240eef-fdf6-455e-9636-dcd129374a88', NULL, 1000085, '', NULL, NULL, 1003428, 'N', 'Nguyn Vn A', 0, NULL);
INSERT INTO pos.d_vendor VALUES (1000108, 1000004, 'NVCT01', '', '', NULL, NULL, NULL, NULL, NULL, NULL, NULL, '2024-09-25 00:15:56.193687', 1000069, '2024-09-25 00:15:56.193687', 1000069, 'Y', 'deee3f38-e66f-478c-8b51-9ed922bf5b68', NULL, 1000085, '', NULL, NULL, 1003430, 'N', 'Nguyn Vn B', 0, NULL);
INSERT INTO pos.d_vendor VALUES (1000109, 1000004, 'NVCT0201', '', '', NULL, NULL, NULL, NULL, NULL, NULL, NULL, '2024-09-25 00:15:56.221749', 1000069, '2024-09-25 00:15:56.221749', 1000069, 'Y', '306df740-01de-4cf9-95ec-f67a21995225', NULL, 1000085, '', NULL, NULL, 1003433, 'N', 'Nguyn Th C', 0, NULL);
INSERT INTO pos.d_vendor VALUES (1000110, 1000004, 'NVCT010101', '', '', NULL, NULL, NULL, NULL, NULL, NULL, NULL, '2024-09-25 00:15:56.250851', 1000069, '2024-09-25 00:15:56.250851', 1000069, 'Y', '86f13a1b-b2d4-4265-9714-6545343c257d', NULL, 1000085, '', NULL, NULL, 1003434, 'N', 'Nguyn Th Loan', 0, NULL);
INSERT INTO pos.d_vendor VALUES (1000111, 1000004, 'NVCT0111', '', '', NULL, NULL, NULL, NULL, NULL, NULL, NULL, '2024-09-25 00:15:56.2772', 1000069, '2024-09-25 00:15:56.2772', 1000069, 'Y', '5521c40f-724b-4f48-aaf9-a0fbbe399274', NULL, 1000085, '', NULL, NULL, 1003435, 'N', 'Nguyn Th Anh', 0, NULL);
INSERT INTO pos.d_vendor VALUES (1000112, 1000004, 'NVCT100008', '', '', NULL, NULL, NULL, NULL, NULL, NULL, NULL, '2024-09-25 00:15:56.307376', 1000069, '2024-09-25 00:15:56.307376', 1000069, 'Y', '994335c9-4cc7-4fef-8d2d-9dbca5133a46', NULL, 1000085, '.', NULL, NULL, 1002947, 'N', 'Tng Diu Khanh', 0, NULL);
INSERT INTO pos.d_vendor VALUES (1000113, 1000004, '1000024', '', '', NULL, NULL, NULL, NULL, NULL, NULL, NULL, '2024-09-25 00:15:56.33639', 1000069, '2024-09-25 00:15:56.33639', 1000069, 'Y', 'd9c6e47f-ba8b-496c-b72f-73b124bfa88f', NULL, 1000085, '', NULL, NULL, 1002761, 'N', 'HoangMinh1', 0, NULL);
INSERT INTO pos.d_vendor VALUES (1000114, 1000004, '1000025', 'YENNTH', '', NULL, NULL, NULL, NULL, NULL, NULL, NULL, '2024-09-25 00:15:56.360783', 1000069, '2024-09-25 00:15:56.360783', 1000069, 'Y', '5d8ce43f-850c-437a-948a-e2d034bf41a7', NULL, 1000085, '', NULL, NULL, 1002764, 'N', 'DBIZ', 0, NULL);
INSERT INTO pos.d_vendor VALUES (1000115, 1000004, 'ABC123', '', '', NULL, NULL, NULL, NULL, NULL, NULL, NULL, '2024-09-25 00:15:56.394903', 1000069, '2024-09-25 00:15:56.394903', 1000069, 'Y', '72ab140e-fed2-4bed-9335-694087ad0839', NULL, 1000085, '', NULL, NULL, 1003463, 'N', 'Dng Ch Thanh', 0, NULL);
INSERT INTO pos.d_vendor VALUES (1000117, 1000004, 'NVCT100006', 'nvpos2', '0123455555', NULL, NULL, NULL, NULL, NULL, NULL, NULL, '2024-09-25 00:15:56.493813', 1000069, '2024-09-25 00:15:56.493813', 1000069, 'Y', '13f11cd5-6b18-49ce-9094-369da7d79754', NULL, 1000085, '.', NULL, NULL, 1002921, 'N', 'Nhn vin Pos02', 0, NULL);
INSERT INTO pos.d_vendor VALUES (1000121, 1000004, 'NVCT100003', '', '', NULL, NULL, NULL, NULL, NULL, NULL, NULL, '2024-09-25 00:15:56.630021', 1000069, '2024-09-25 00:15:56.630021', 1000069, 'Y', 'f4996399-88c3-49b7-9789-7e9387ac6063', NULL, 1000085, '', NULL, NULL, 1002803, 'N', 'NVPOS', 0, NULL);
INSERT INTO pos.d_vendor VALUES (1000122, 1000004, 'NVCT100010', 'huengo', '020202002020', NULL, NULL, NULL, NULL, NULL, NULL, NULL, '2024-09-25 00:15:56.659434', 1000069, '2024-09-25 00:15:56.659434', 1000069, 'Y', '5c63adce-0fef-431b-a9e6-31ce0a7e45cd', NULL, 1000085, '', NULL, NULL, 1003390, 'N', 'User Thanh Hue', 0, NULL);
INSERT INTO pos.d_vendor VALUES (1000029, 1000002, 'vendor_code11', 'Vendor Name', '123456789', '987654321', '123 Main St', '456 Secondary St', 'TAX12345', 'vendor@example.com', '1985-01-01', NULL, '2024-07-16 04:16:43.462332', 1000037, '2024-07-16 04:17:41.433785', 1000037, 'Y', '26df1367-314a-4cac-9572-8d135e0a7f6c', NULL, NULL, NULL, NULL, NULL, NULL, 'N', NULL, NULL, NULL);
INSERT INTO pos.d_vendor VALUES (1000062, 1000002, 'code0--122--00-', 'Name Vendor-0', '12340056789', '98760054321', '123 Main St', '456 Secondary St', 'TAX12345', 'vendorloo@example.com', '1985-01-01', NULL, '2024-07-18 01:31:46.515924', 1000037, '2024-07-18 01:37:29.501178', 1000037, 'Y', '1451e131-f5f4-4b25-9200-acee63984d2c', NULL, NULL, NULL, NULL, NULL, NULL, 'N', NULL, NULL, NULL);
INSERT INTO pos.d_vendor VALUES (1000053, 1000002, 'ThanhNC1', 'Vendor Name', '----', '987654321', '123 Main St', '456 Secondary St', 'TAX12345', 'vendor@example.com', '1985-01-01', NULL, '2024-07-17 06:55:27.65495', 1000037, '2024-07-17 06:56:30.858778', 1000037, 'Y', '2ebc0a0b-a0c1-47de-a0e0-de9560cce8c5', NULL, NULL, NULL, NULL, NULL, NULL, 'N', NULL, NULL, NULL);
INSERT INTO pos.d_vendor VALUES (1000054, 1000002, 'ThanhNC1', 'Vendor Name', '----', '987654321', '123 Main St', '456 Secondary St', 'TAX12345', 'vendor@example.com', '1985-01-01', NULL, '2024-07-17 06:56:39.811903', 1000037, '2024-07-17 06:57:24.80838', 1000037, 'Y', '69b73554-fe93-40a6-b0d4-8314f6cd953a', NULL, NULL, NULL, NULL, NULL, NULL, 'N', NULL, NULL, NULL);
INSERT INTO pos.d_vendor VALUES (1000037, 1000002, 'vendor_code', 'Vendor Name', '123456789', '987654321', '123 Main St', '456 Secondary St', 'TAX12345', 'vendor@example.com', '1985-01-01', NULL, '2024-07-16 06:13:57.365719', 1000037, '2024-07-16 06:13:57.365719', NULL, 'Y', 'a29b8d0a-d536-4308-a289-0542bf445603', NULL, NULL, NULL, NULL, NULL, NULL, 'N', NULL, NULL, NULL);
INSERT INTO pos.d_vendor VALUES (1000038, 1000002, 'vendor_code', 'Vendor Name', '123456789', '987654321', '123 Main St', '456 Secondary St', 'TAX12345', 'vendor@example.com', '1985-01-01', NULL, '2024-07-16 06:21:46.820361', 1000037, '2024-07-16 06:21:46.820361', NULL, 'Y', 'd5fe553c-f7a2-42fe-8297-813827b4186d', NULL, NULL, NULL, NULL, NULL, NULL, 'N', NULL, NULL, NULL);
INSERT INTO pos.d_vendor VALUES (1000039, 1000002, 'vendor_code', 'Vendor Name', '123456789', '987654321', '123 Main St', '456 Secondary St', 'TAX12345', 'vendor@example.com', '1985-01-01', NULL, '2024-07-16 06:34:09.760552', 1000037, '2024-07-16 06:34:09.760552', NULL, 'Y', '1e25b14f-4229-4088-ad81-fe0a152fcc30', NULL, NULL, NULL, NULL, NULL, NULL, 'N', NULL, NULL, NULL);
INSERT INTO pos.d_vendor VALUES (1000040, 1000002, 'vendor_code', 'Vendor Name', '123456789', '987654321', '123 Main St', '456 Secondary St', 'TAX12345', 'vendor@example.com', '1985-01-01', NULL, '2024-07-16 06:34:14.991286', 1000037, '2024-07-16 06:34:14.991286', NULL, 'Y', 'f8357f5a-0def-4a73-80b7-ebc141879673', NULL, NULL, NULL, NULL, NULL, NULL, 'N', NULL, NULL, NULL);
INSERT INTO pos.d_vendor VALUES (1000044, 1000002, 'vendor_code', 'Vendor Name', '123456789', '987654321', '123 Main St', '456 Secondary St', 'TAX12345', 'vendor@example.com', '1985-01-01', NULL, '2024-07-17 03:45:45.892383', 1000037, '2024-07-17 03:45:45.892383', NULL, 'Y', '999ed181-e0c6-44ea-a83f-e33d28707766', NULL, NULL, NULL, NULL, NULL, NULL, 'N', NULL, NULL, NULL);
INSERT INTO pos.d_vendor VALUES (1000045, 1000002, 'vendor_code', 'Vendor Name', '123456789', '987654321', '123 Main St', '456 Secondary St', 'TAX12345', 'vendor@example.com', '1985-01-01', NULL, '2024-07-17 03:46:00.063189', 1000037, '2024-07-17 03:46:00.063189', NULL, 'Y', 'bdb37b50-4c8f-4d90-aff8-050fbf3948ed', NULL, NULL, NULL, NULL, NULL, NULL, 'N', NULL, NULL, NULL);
INSERT INTO pos.d_vendor VALUES (1000056, 1000002, 'ThanhNC1', 'Vendor Name000', '----', '987654321', '123 Main St', '456 Secondary St', 'TAX12345', 'vendor@example.com', '1985-01-01', NULL, '2024-07-17 07:04:53.779894', 1000037, '2024-07-17 07:05:32.019273', 1000037, 'Y', '5c95aab8-6bd5-4d6b-ba7b-b2a74fa4bc6f', NULL, NULL, NULL, NULL, NULL, NULL, 'N', NULL, NULL, NULL);
INSERT INTO pos.d_vendor VALUES (1000034, 1000002, '000000-----', 'Nguyn Ch Thanh-----', '12345678900', '987654321', '123 Main St', '456 Secondary St', 'TAX12345', 'vendor@example.com', '1985-01-01', NULL, '2024-07-16 04:40:01.875151', 1000037, '2024-07-17 06:29:41.698049', 1000037, 'Y', '490a1f7b-cf73-4ae5-b14e-3bdfe0e28f58', NULL, NULL, NULL, NULL, NULL, NULL, 'N', NULL, NULL, NULL);
INSERT INTO pos.d_vendor VALUES (1000064, 1000002, NULL, 'tu1', '0898449505', NULL, '123', NULL, '123', '', NULL, NULL, '2024-07-31 21:51:11.455828', 1000037, '2024-07-31 21:51:11.45583', NULL, 'Y', 'c81029da-f668-4b33-b2e3-cad2be540448', NULL, 1000015, NULL, NULL, NULL, NULL, 'N', NULL, NULL, NULL);
INSERT INTO pos.d_vendor VALUES (1000046, 1000002, 'vendor_code', 'Vendor Name', '----', '987654321', '123 Main St', '456 Secondary St', 'TAX12345', 'vendor@example.com', '1985-01-01', NULL, '2024-07-17 06:48:45.223079', 1000037, '2024-07-17 06:49:32.255573', 1000037, 'Y', '7f1315b7-f59b-4d15-9965-e580a6a4b891', NULL, NULL, NULL, NULL, NULL, NULL, 'N', NULL, NULL, NULL);
INSERT INTO pos.d_vendor VALUES (1000047, 1000002, 'ThanhNC', 'Vendor Name', '----', '987654321', '123 Main St', '456 Secondary St', 'TAX12345', 'vendor@example.com', '1985-01-01', NULL, '2024-07-17 06:49:46.851685', 1000037, '2024-07-17 06:50:10.335734', 1000037, 'Y', 'a4e6b07b-66d1-4f8a-9d01-75dbe148e7f4', NULL, NULL, NULL, NULL, NULL, NULL, 'N', NULL, NULL, NULL);
INSERT INTO pos.d_vendor VALUES (1000048, 1000002, 'ThanhNC', 'Vendor Name', '----', '987654321', '123 Main St', '456 Secondary St', 'TAX12345', 'vendor@example.com', '1985-01-01', NULL, '2024-07-17 06:50:24.431939', 1000037, '2024-07-17 06:50:44.064851', 1000037, 'Y', 'b5f00430-74c4-41d3-863f-b9f504bcb7a6', NULL, NULL, NULL, NULL, NULL, NULL, 'N', NULL, NULL, NULL);
INSERT INTO pos.d_vendor VALUES (1000049, 1000002, 'vendor_code', 'Vendor Name', '123456789', '987654321', '123 Main St', '456 Secondary St', 'TAX12345', 'vendor@example.com', '1985-01-01', NULL, '2024-07-17 06:51:09.178846', 1000037, '2024-07-17 06:51:09.178846', NULL, 'Y', 'dede7624-2e25-4855-b570-0efb40a3ed00', NULL, NULL, NULL, NULL, NULL, NULL, 'N', NULL, NULL, NULL);
INSERT INTO pos.d_vendor VALUES (1000050, 1000002, 'vendor_code', 'Vendor Name', '123456789', '987654321', '123 Main St', '456 Secondary St', 'TAX12345', 'vendor@example.com', '1985-01-01', NULL, '2024-07-17 06:51:33.665385', 1000037, '2024-07-17 06:51:33.665385', NULL, 'Y', 'a4d2e51e-c2d3-4fa0-b630-f71bd85a434d', NULL, NULL, NULL, NULL, NULL, NULL, 'N', NULL, NULL, NULL);
INSERT INTO pos.d_vendor VALUES (1000051, 1000002, 'vendor_code', 'Vendor Name', '123456789', '987654321', '123 Main St', '456 Secondary St', 'TAX12345', 'vendor@example.com', '1985-01-01', NULL, '2024-07-17 06:55:14.748552', 1000037, '2024-07-17 06:55:14.748552', NULL, 'Y', '8117bca1-ac35-4a83-936b-55f356c31ab7', NULL, NULL, NULL, NULL, NULL, NULL, 'N', NULL, NULL, NULL);
INSERT INTO pos.d_vendor VALUES (1000052, 1000002, 'vendor_code', 'Vendor Name', '123456789', '987654321', '123 Main St', '456 Secondary St', 'TAX12345', 'vendor@example.com', '1985-01-01', NULL, '2024-07-17 06:55:20.53064', 1000037, '2024-07-17 06:55:20.53064', NULL, 'Y', '0abb1cd4-6bdd-4ba4-bcdb-ebac11446024', NULL, NULL, NULL, NULL, NULL, NULL, 'N', NULL, NULL, NULL);
INSERT INTO pos.d_vendor VALUES (1000057, 1000002, '----', 'Vendor Name000', '----', '987654321', '123 Main St', '456 Secondary St', 'TAX12345', 'vendor@example.com', '1985-01-01', NULL, '2024-07-17 07:06:22.277152', 1000037, '2024-07-17 07:07:47.034828', 1000037, 'Y', '3489fe23-d603-4408-841d-3e833b44d9c6', NULL, NULL, NULL, NULL, NULL, NULL, 'N', NULL, NULL, NULL);
INSERT INTO pos.d_vendor VALUES (1000059, 1000002, 'code0--122--00-', 'Name Vendor-0', '12340056789', '98760054321', '123 Main St', '456 Secondary St', 'TAX12345', 'vendorloo@example.com', '1985-01-01', NULL, '2024-07-17 07:35:13.182182', 1000037, '2024-07-17 07:40:35.767904', 1000037, 'Y', '7462d817-c8af-46ea-8618-10c2deb3bcbc', NULL, NULL, NULL, NULL, NULL, NULL, 'N', NULL, NULL, NULL);
INSERT INTO pos.d_vendor VALUES (1000041, 1000002, 'code0--122--00-', 'Name Vendor-0', '12340056789', '98760054321', '123 Main St', '456 Secondary St', 'TAX12345', 'vendorloo@example.com', '1985-01-01', NULL, '2024-07-17 11:47:45.549384', 1000037, '2024-07-18 01:26:58.687774', 1000037, 'Y', '36be592c-15e1-4cef-a1c0-138fcffe8ed4', NULL, NULL, NULL, NULL, NULL, NULL, 'N', NULL, NULL, NULL);
INSERT INTO pos.d_vendor VALUES (1000055, 1000002, 'code0--122--00', 'Vendor 0', '123456789', '987654321', '123 Main St', '456 Secondary St', 'TAX12345', 'vendor@example.com', '1985-01-01', NULL, '2024-07-17 07:02:30.805355', 1000037, '2024-07-17 07:34:09.726374', 1000037, 'Y', '36588965-9f54-4fce-b5cb-1f0483e0bed9', NULL, NULL, NULL, NULL, NULL, NULL, 'N', NULL, NULL, NULL);
INSERT INTO pos.d_vendor VALUES (1000060, 1000002, 'vendor_code', 'Vendor Name', '123456789', '987654321', '123 Main St', '456 Secondary St', 'TAX12345', 'vendor@example.com', '1985-01-01', NULL, '2024-07-18 01:28:49.778784', 1000037, '2024-07-18 01:28:49.778784', NULL, 'Y', '2c1cddd9-c140-4414-a403-980a4aae9e04', NULL, NULL, NULL, NULL, NULL, NULL, 'N', NULL, NULL, NULL);
INSERT INTO pos.d_vendor VALUES (1000061, 1000002, 'vendor_code', 'Vendor Name', '123456789', '987654321', '123 Main St', '456 Secondary St', 'TAX12345', 'vendor@example.com', '1985-01-01', NULL, '2024-07-18 01:28:56.662971', 1000037, '2024-07-18 01:28:56.662971', NULL, 'Y', '23baa0ac-2c77-405f-9336-6f4636d5f41e', NULL, NULL, NULL, NULL, NULL, NULL, 'N', NULL, NULL, NULL);
INSERT INTO pos.d_vendor VALUES (1000065, 1000004, NULL, 'qwe', '1234567892', NULL, '', NULL, '', '', NULL, NULL, '2024-08-12 17:21:40.702678', 1000069, '2024-08-12 17:21:40.702679', NULL, 'Y', '13f354c3-15d2-4729-b7d6-59afc46e007a', NULL, 1000024, '', NULL, NULL, NULL, 'N', NULL, NULL, NULL);
INSERT INTO pos.d_vendor VALUES (1000058, 1000004, 'code0--122--00-', 'Name Vendor-0', '123400567892', '98760054321', '123 Main St', '456 Secondary St', 'TAX12345', 'vendorloo@example.com', '1985-01-01', NULL, '2024-07-17 07:08:33.618995', 1000037, '2024-07-18 01:36:36.51115', 1000037, 'Y', '5bd98f77-4f89-4905-9f00-29c3be9246e0', NULL, NULL, NULL, NULL, NULL, NULL, 'N', NULL, NULL, NULL);
INSERT INTO pos.d_vendor VALUES (1000066, 1000004, 'vendor_code', 'Vendor Name 1', '123456789', '987654321', '123 Main St', '456 Secondary St', 'TAX12345', 'vendor@example.com', '1985-01-01', NULL, '2024-08-29 12:56:55.505031', 1000069, '2024-08-29 12:56:55.505031', 1000069, 'Y', '3cf58539-505d-4d1a-8c21-15875c80b42c', 10000, 1000024, '', NULL, NULL, NULL, 'N', NULL, NULL, NULL);
INSERT INTO pos.d_vendor VALUES (1000079, 1000004, 'VEN1000078', 'Nguyn B', '221111', NULL, NULL, NULL, NULL, NULL, NULL, NULL, '2024-09-06 09:02:42.447872', 1000069, '2024-09-06 09:02:42.447874', NULL, 'Y', '68668d7a-b192-4d0f-8502-093c7a384559', NULL, 1000041, NULL, NULL, NULL, NULL, 'N', NULL, NULL, NULL);
INSERT INTO pos.d_vendor VALUES (1000123, 1000004, 'NVCT100009', 'userSync25', '', NULL, NULL, NULL, NULL, NULL, NULL, NULL, '2024-09-25 00:15:56.688049', 1000069, '2024-09-25 00:15:56.688049', 1000069, 'Y', '66e3b47e-8b87-4525-b6ca-6f4759994988', NULL, 1000085, '', NULL, NULL, 1003347, 'N', 'userSync', 0, NULL);
INSERT INTO pos.d_vendor VALUES (1000125, 1000004, 'POSNv22', 'POSNv234', '', NULL, NULL, NULL, NULL, NULL, NULL, NULL, '2024-09-25 00:15:56.762791', 1000069, '2024-09-25 00:15:56.762791', 1000069, 'Y', 'be6c417d-2064-4bdd-af58-e5fa869b9547', NULL, 1000085, '', NULL, NULL, 1002779, 'N', 'POSNv22', 0, NULL);
INSERT INTO pos.d_vendor VALUES (1000126, 1000004, 'nhanvien', 'Thu ngn', '', NULL, NULL, NULL, NULL, NULL, NULL, NULL, '2024-09-25 00:15:56.796597', 1000069, '2024-09-25 00:15:56.796597', 1000069, 'Y', '9a260b3a-f782-4263-a42c-1b617597609d', NULL, 1000085, 'Thu Ngn', NULL, NULL, 1002788, 'N', 'Thu Ngn', 0, NULL);
INSERT INTO pos.d_vendor VALUES (1000127, 1000004, 'NVCT0001', 'GIAMDOC', '', NULL, NULL, NULL, NULL, NULL, NULL, NULL, '2024-09-25 00:15:56.826225', 1000069, '2024-09-25 00:15:56.826225', 1000069, 'Y', '4effbf7b-91ac-4aca-9f81-59894d71def6', NULL, 1000085, '', NULL, NULL, 1003393, 'N', 'L Vn c', 0, NULL);
INSERT INTO pos.d_vendor VALUES (1000128, 1000004, 'NVCT100016', '', '', NULL, NULL, NULL, NULL, NULL, NULL, NULL, '2024-09-25 00:15:56.853835', 1000069, '2024-09-25 00:15:56.853835', 1000069, 'Y', '48c58927-b744-48da-8e8a-961f7c89e501', NULL, 1000085, '', NULL, NULL, 1003474, 'N', 'Phm Linh Trang', 0, NULL);
INSERT INTO pos.d_vendor VALUES (1000129, 1000004, 'NVCT100017', '', '', NULL, NULL, NULL, NULL, NULL, NULL, NULL, '2024-09-25 00:15:56.884419', 1000069, '2024-09-25 00:15:56.884419', 1000069, 'Y', '65dacc23-8793-4dbd-b6b8-e2b7c7d10221', NULL, 1000085, '', NULL, NULL, 1003475, 'N', 'Nguyn Vn Anh', 0, NULL);
INSERT INTO pos.d_vendor VALUES (1000130, 1000004, 'NVCT100018', '', '', NULL, NULL, NULL, NULL, NULL, NULL, NULL, '2024-09-25 00:15:56.911459', 1000069, '2024-09-25 00:15:56.911459', 1000069, 'Y', '3772e850-bf98-4957-8909-de307b44931c', NULL, 1000085, '', NULL, NULL, 1003477, 'N', 'Phm Vn A', 0, NULL);
INSERT INTO pos.d_vendor VALUES (1000131, 1000004, 'NVCT100020', 'KETOANTRUONG', '', NULL, NULL, NULL, NULL, NULL, NULL, NULL, '2024-09-25 00:15:56.939856', 1000069, '2024-09-25 00:15:56.939856', 1000069, 'Y', 'e06d6124-4797-4b3e-b7c0-347884f15b5f', NULL, 1000085, '', NULL, NULL, 1003489, 'N', 'Phm Th H Giang', 0, NULL);
INSERT INTO pos.d_vendor VALUES (1000132, 1000004, 'NVCT100007', 'THUYVT', '0357543210', NULL, NULL, NULL, NULL, NULL, NULL, NULL, '2024-09-25 00:15:56.963046', 1000069, '2024-09-25 00:15:56.963046', 1000069, 'Y', '159e8e57-7c50-4b19-aa16-7659ee6ee375', NULL, 1000085, '', NULL, NULL, 1002936, 'N', 'V Th Thy', 0, NULL);
INSERT INTO pos.d_vendor VALUES (1000133, 1000004, '10000', '', '', NULL, NULL, NULL, NULL, NULL, NULL, NULL, '2024-09-25 00:15:56.988103', 1000069, '2024-09-25 00:15:56.988103', 1000069, 'Y', '5116206a-37dd-4f1b-9d53-91c2bc159e88', NULL, 1000085, '', NULL, NULL, 1003423, 'N', 'Phm Vn ', 0, NULL);
INSERT INTO pos.d_vendor VALUES (1000134, 1000004, 'NVCT100014', '', '', NULL, NULL, NULL, NULL, NULL, NULL, NULL, '2024-09-25 00:15:57.017541', 1000069, '2024-09-25 00:15:57.017541', 1000069, 'Y', 'fdbbd407-83ac-4fb3-8543-bd90050e9c73', NULL, 1000085, '', NULL, NULL, 1003470, 'N', 'L Minh Hng', 0, NULL);
INSERT INTO pos.d_vendor VALUES (1000170, 1000004, 'NCC0100003', 'Nguyn Ngc Huy', '', NULL, NULL, NULL, NULL, NULL, NULL, NULL, '2024-09-25 00:15:58.14115', 1000069, '2024-09-25 00:15:58.14115', 1000069, 'Y', 'bce42439-5fef-447f-b83c-83d252b6a657', NULL, 1000098, '', NULL, NULL, 1002752, 'N', 'Cng ty thc phm Hong ng', 0, NULL);
INSERT INTO pos.d_vendor VALUES (1000173, 1000004, 'NCC0100005', 'Nhung', '', NULL, NULL, NULL, NULL, NULL, NULL, NULL, '2024-09-25 00:15:58.237984', 1000069, '2024-09-25 00:15:58.237984', 1000069, 'Y', 'f757c25d-be3e-41d4-9ff8-9171f5836856', NULL, 1000098, '', NULL, NULL, 1002785, 'N', 'Cng ty c phn ONSEN', 0, NULL);
INSERT INTO pos.d_vendor VALUES (1000180, 1000004, 'NCC010002', 'Nguyn Hu Tun', '', NULL, NULL, NULL, NULL, NULL, NULL, NULL, '2024-09-25 00:15:58.450702', 1000069, '2024-09-25 00:15:58.450702', 1000069, 'Y', '398037f3-d9be-43b9-8487-4cdbbd227b22', NULL, 1000098, '', NULL, NULL, 1002746, 'N', 'Cng ty vn chuyn H Ni', 0, NULL);
INSERT INTO pos.d_vendor VALUES (1000124, 1000004, 'POS03', 'POS03-TANG2', '', NULL, NULL, NULL, NULL, NULL, NULL, NULL, '2024-09-25 00:15:56.714479', 1000069, '2024-09-25 08:35:39.980647', 1000069, 'Y', '339e2e94-b0b5-4461-a23d-0b3e01a83481', NULL, 1000085, '', NULL, NULL, 1002778, 'N', 'POS03-TANG2', 0, NULL);
INSERT INTO pos.d_vendor VALUES (1000120, 1000004, ' 098766567 khnh onsen', 'khanhPOS', '', NULL, NULL, NULL, NULL, NULL, NULL, NULL, '2024-09-25 00:15:56.583903', 1000069, '2024-09-25 08:35:40.219749', 1000069, 'Y', '4e5b88ec-8c94-426b-98be-f8b26e03b55e', NULL, 1000085, '', NULL, NULL, 1002762, 'N', 'khnh onsen', 0, NULL);
INSERT INTO pos.d_vendor VALUES (1000116, 1000004, 'NVCT100005', 'nvpos', '0319872450', NULL, NULL, NULL, NULL, NULL, NULL, NULL, '2024-09-25 00:15:56.421619', 1000069, '2024-09-25 08:35:40.268041', 1000069, 'Y', '23db7a4d-9874-409d-b19e-cc17712ebec1', NULL, 1000085, '.', NULL, NULL, 1002920, 'N', 'Nhn vin Pos', 0, NULL);
INSERT INTO pos.d_vendor VALUES (1000138, 1000004, 'DTNB00001', 'nvbar', '', NULL, NULL, NULL, NULL, NULL, NULL, NULL, '2024-09-25 00:15:57.119988', 1000069, '2024-09-25 08:35:40.903041', 1000069, 'Y', '5dd22a1d-ac15-4c07-bedd-dd5ba26766c8', NULL, 1000090, 'zz', NULL, NULL, 1002663, 'N', 'CNG TY C PHN ONSEN FUJI', 0, NULL);
INSERT INTO pos.d_vendor VALUES (1000193, 1000004, 'vendor_code', 'Vendor Name', '123456789', '987654321', '123 Main St', '456 Secondary St', 'TAX12345', 'vendor@example.com', '1985-01-01', NULL, '2024-09-26 09:31:10.855897', 1000069, '2024-09-26 09:31:10.855897', 1000069, 'Y', '126f460d-b5ff-4e3c-a7fa-fe37e1cc6b08', NULL, 1000021, NULL, NULL, NULL, NULL, NULL, NULL, NULL, NULL);
INSERT INTO pos.d_vendor VALUES (1000186, 1000004, 'NCC0100008', 'NCC Nguyn vt liu', '0327657667', NULL, NULL, NULL, NULL, NULL, NULL, NULL, '2024-09-25 00:15:58.64012', 1000069, '2024-09-26 15:47:34.626968', 1000066, 'Y', '2ab36aaa-11cb-4795-a0a4-49556f5ea525', NULL, 1000098, '', NULL, NULL, 1002831, 'N', 'Cng ty c phn Deborah', 0, NULL);


--
-- TOC entry 5468 (class 0 OID 388478)
-- Dependencies: 305
-- Data for Name: d_vendor_audit; Type: TABLE DATA; Schema: pos; Owner: -
--

INSERT INTO pos.d_vendor_audit VALUES (1000015, 1000002, 'vendor_code', 'Vendor Name', '123456789', '987654321', '123 Main St', '456 Secondary St', 'TAX12345', 'vendor@example.com', '1985-01-01', 1000091, '2024-07-15 21:33:08.280473', NULL, '2024-07-15 21:33:08.280473', NULL, 'Y', '884281d6-fbef-4368-8865-e98fec7e2d61', 7, 0, 100000);
INSERT INTO pos.d_vendor_audit VALUES (1000015, 1000002, 'vendor_code', 'Vendor Name123', '123456789', '987654321', '123 Main St', '456 Secondary St', 'TAX12345', 'vendor@example.com', '1985-01-01', 1000091, '2024-07-15 21:49:49.576444', NULL, '2024-07-15 21:49:49.576444', NULL, 'Y', '884281d6-fbef-4368-8865-e98fec7e2d61', 10, 1, 1000016);
INSERT INTO pos.d_vendor_audit VALUES (1000017, 1000002, 'vendor_code', 'Vendor Name', '123456789', '987654321', '123 Main St', '456 Secondary St', 'TAX12345', 'vendor@example.com', '1985-01-01', 1000092, '2024-07-16 09:10:14.152636', NULL, '2024-07-16 09:10:14.152636', NULL, 'Y', '2dcdcba0-e3df-4bd5-a95b-9b8158048efc', 11, 0, 1000018);
INSERT INTO pos.d_vendor_audit VALUES (1000017, 1000002, 'vendor_code', 'Vendor Name123', '123456789', '987654321', '123 Main St', '456 Secondary St', 'TAX12345', 'vendor@example.com', '1985-01-01', 1000092, '2024-07-16 09:10:20.151585', NULL, '2024-07-16 09:10:20.151585', NULL, 'Y', '2dcdcba0-e3df-4bd5-a95b-9b8158048efc', 12, 1, 1000019);
INSERT INTO pos.d_vendor_audit VALUES (1000017, 1000002, 'vendor_code0000', 'Vendor Name123', '123456789', '987654321', '123 Main St', '456 Secondary St', 'TAX12345', 'vendor@example.com', '1985-01-01', 1000092, '2024-07-16 09:36:06.755714', NULL, '2024-07-16 09:36:06.755714', NULL, 'Y', '2dcdcba0-e3df-4bd5-a95b-9b8158048efc', 13, 1, 1000020);
INSERT INTO pos.d_vendor_audit VALUES (1000017, 1000002, 'vendor_code1111', 'Vendor Name123', '123456789', '987654321', '123 Main St', '456 Secondary St', 'TAX12345', 'vendor@example.com', '1985-01-01', 1000092, '2024-07-16 09:37:19.733532', NULL, '2024-07-16 09:37:19.733532', NULL, 'Y', '2dcdcba0-e3df-4bd5-a95b-9b8158048efc', 14, 1, 1000021);
INSERT INTO pos.d_vendor_audit VALUES (1000017, 1000002, 'vendor_code1111', 'Vendor Name10023', '123456789', '987654321', '123 Main St', '456 Secondary St', 'TAX12345', 'vendor@example.com', '1985-01-01', 1000092, '2024-07-16 09:38:39.769482', NULL, '2024-07-16 09:38:39.769482', NULL, 'Y', '2dcdcba0-e3df-4bd5-a95b-9b8158048efc', 15, 1, 1000022);
INSERT INTO pos.d_vendor_audit VALUES (1000034, 1000002, 'vendor_code', 'Vendor Name', '123456789', '987654321', '123 Main St', '456 Secondary St', 'TAX12345', 'vendor@example.com', '1985-01-01', 1000104, '2024-07-16 04:36:16.339614', NULL, '2024-07-16 04:36:16.339614', NULL, 'Y', '490a1f7b-cf73-4ae5-b14e-3bdfe0e28f58', 16, 0, 1000035);
INSERT INTO pos.d_vendor_audit VALUES (1000034, 1000002, 'vendor_code11', 'Vendor Name', '123456789', '987654321', '123 Main St', '456 Secondary St', 'TAX12345', 'vendor@example.com', '1985-01-01', 1000104, '2024-07-16 04:37:04.229923', NULL, '2024-07-16 04:37:04.229923', NULL, 'Y', '490a1f7b-cf73-4ae5-b14e-3bdfe0e28f58', 17, 1, 1000036);


--
-- TOC entry 5426 (class 0 OID 385939)
-- Dependencies: 263
-- Data for Name: d_voucher; Type: TABLE DATA; Schema: pos; Owner: -
--



--
-- TOC entry 5427 (class 0 OID 385963)
-- Dependencies: 264
-- Data for Name: d_warehouse; Type: TABLE DATA; Schema: pos; Owner: -
--

INSERT INTO pos.d_warehouse VALUES (1000002, 1000005, 1000002, '2024-07-21 23:19:15.78506', 1000037, '2024-07-21 23:19:15.78506', 1000037, 'Y', 'WH1', 'Warehouse1', NULL, 'Tho Nguyn Si Gn', 'Y', '8120b747-7248-4fc8-9d2d-0d8347746045', NULL, NULL);
INSERT INTO pos.d_warehouse VALUES (1000003, 1000001, 1000002, '2024-07-21 23:19:23.851718', 1000037, '2024-07-21 23:19:23.851718', 1000037, 'Y', 'WH1', 'Warehouse1', NULL, 'Tho Nguyn Si Gn', 'Y', '78dfa021-3de5-40c2-b2db-306913e97411', NULL, NULL);
INSERT INTO pos.d_warehouse VALUES (1000004, 1000003, 1000003, '2024-07-23 23:44:44.411968', 1000068, '2024-07-23 23:45:44.657173', 1000068, 'Y', 'WH122', 'Warehouse1222', NULL, 'Tho Nguyn Si Gn', 'Y', '0e34b401-9dbe-4cbc-9a15-d484c8c0c4ad', NULL, NULL);
INSERT INTO pos.d_warehouse VALUES (1000005, 1000003, 1000003, '2024-07-23 23:45:57.081644', 1000068, '2024-07-23 23:45:57.081644', 1000068, 'Y', 'WH2', 'Warehouse1', NULL, 'Tho Nguyn Si Gn', 'Y', '46cd43f7-b820-4016-b387-f7a736d5c38a', NULL, NULL);
INSERT INTO pos.d_warehouse VALUES (1000006, 1000016, 1000004, '2024-08-12 10:10:21.820852', 1000069, '2024-08-12 10:10:21.820852', 1000069, 'Y', 'WH1', 'Warehouse1', NULL, 'Tho Nguyn Si Gn', 'Y', 'e23afa1e-5f74-4d3a-b0ca-60d94711d527', NULL, NULL);
INSERT INTO pos.d_warehouse VALUES (1000008, 0, 1000004, '2024-08-30 11:53:39.013448', 1000069, '2024-08-30 11:53:39.013448', 1000069, 'Y', 'WH1000007', 'Warehouse1', NULL, 'Tho Nguyn Si Gn', 'Y', '21dfb40f-a81f-41c3-97d0-77c644adf0f1', NULL, NULL);
INSERT INTO pos.d_warehouse VALUES (1000000, 1000001, 1000002, '2024-07-15 18:52:03.355836', 1000037, '2024-07-15 18:52:03.355836', 1000037, 'Y', 'WH1', 'Warehouse1', NULL, 'Tho Nguyn Si Gn', 'Y', '0ccfa2b0-511b-4d72-9eb7-17200db17adc', NULL, NULL);
INSERT INTO pos.d_warehouse VALUES (1000026, 1000022, 1000009, '2024-09-11 17:05:42.749598', 1000071, '2024-09-11 17:05:42.749599', 1000071, 'Y', 'WSH0001', 'Kho hng k gi', NULL, NULL, 'Y', '75110b2f-c182-45ec-9a20-39c01416dab1', NULL, NULL);
INSERT INTO pos.d_warehouse VALUES (1000027, 1000022, 1000009, '2024-09-12 11:11:09.04166', 1000071, '2024-09-12 11:11:09.041663', 1000071, 'Y', 'WSH0002', 'Kho bn l', NULL, NULL, 'Y', '23a8c1c3-3b74-4831-8d1a-c5b79c0d1c49', NULL, NULL);
INSERT INTO pos.d_warehouse VALUES (1000033, 1000021, 1000004, '2024-09-18 11:25:08.714904', 1000069, '2024-09-18 11:25:08.714912', 1000069, 'Y', 'Kho1', 'KHO 2', 'hi', NULL, 'Y', '2ca1b730-39e7-46a2-975c-e44daa470113', NULL, NULL);
INSERT INTO pos.d_warehouse VALUES (1000041, 1000016, 1000004, '2024-09-27 09:04:53.221297', 1000066, '2024-09-27 11:41:41.789913', 1000066, 'Y', 'WH100003427', 'Kho nguyn vt liu', NULL, NULL, 'Y', 'b239717b-3c46-42c0-957c-daa6be2d112c', NULL, NULL);


--
-- TOC entry 5467 (class 0 OID 388439)
-- Dependencies: 304
-- Data for Name: revinfo; Type: TABLE DATA; Schema: pos; Owner: -
--

INSERT INTO pos.revinfo VALUES (7, 1721093813588, NULL);
INSERT INTO pos.revinfo VALUES (10, 1721094814892, NULL);
INSERT INTO pos.revinfo VALUES (11, 1721096039558, NULL);
INSERT INTO pos.revinfo VALUES (12, 1721096045498, NULL);
INSERT INTO pos.revinfo VALUES (13, 1721097613694, NULL);
INSERT INTO pos.revinfo VALUES (14, 1721097677308, NULL);
INSERT INTO pos.revinfo VALUES (15, 1721097771071, NULL);
INSERT INTO pos.revinfo VALUES (8, 1721117803491, NULL);
INSERT INTO pos.revinfo VALUES (9, 1721117865935, NULL);
INSERT INTO pos.revinfo VALUES (16, 1721119201950, NULL);
INSERT INTO pos.revinfo VALUES (17, 1721119258164, NULL);


--
-- TOC entry 5546 (class 0 OID 394978)
-- Dependencies: 400
-- Data for Name: tenants; Type: TABLE DATA; Schema: pos; Owner: -
--

INSERT INTO pos.tenants VALUES (62, 'TIEN1', 'tien1', 'TIEN1', '123456', 'CREATED');
INSERT INTO pos.tenants VALUES (63, 'TIEN1', 'tien1', 'TIEN1', '123456', 'FAILED_TO_CREATE');
INSERT INTO pos.tenants VALUES (64, 'TIEN2', 'tien2', 'TIEN2', '123456', 'CREATED');
INSERT INTO pos.tenants VALUES (65, 'TIEN3', 'tien3', 'TIEN3', '123456', 'CREATED');
INSERT INTO pos.tenants VALUES (66, 'TIEN5', NULL, 'TIEN5', '123456', 'CREATED');


--
-- TOC entry 5545 (class 0 OID 394972)
-- Dependencies: 399
-- Data for Name: user_roles; Type: TABLE DATA; Schema: pos; Owner: -
--

INSERT INTO pos.user_roles VALUES (1, 'SYS_ADMIN');
INSERT INTO pos.user_roles VALUES (3, 'ADMIN');
INSERT INTO pos.user_roles VALUES (4, 'ADMIN');
INSERT INTO pos.user_roles VALUES (5, 'ADMIN');
INSERT INTO pos.user_roles VALUES (6, 'ADMIN');
INSERT INTO pos.user_roles VALUES (7, 'ADMIN');
INSERT INTO pos.user_roles VALUES (8, 'ADMIN');
INSERT INTO pos.user_roles VALUES (9, 'ADMIN');
INSERT INTO pos.user_roles VALUES (10, 'ADMIN');
INSERT INTO pos.user_roles VALUES (11, 'ADMIN');
INSERT INTO pos.user_roles VALUES (12, 'ADMIN');
INSERT INTO pos.user_roles VALUES (13, 'ADMIN');
INSERT INTO pos.user_roles VALUES (14, 'ADMIN');
INSERT INTO pos.user_roles VALUES (15, 'ADMIN');
INSERT INTO pos.user_roles VALUES (16, 'ADMIN');
INSERT INTO pos.user_roles VALUES (17, 'ADMIN');
INSERT INTO pos.user_roles VALUES (18, 'ADMIN');
INSERT INTO pos.user_roles VALUES (19, 'ADMIN');
INSERT INTO pos.user_roles VALUES (20, 'ADMIN');
INSERT INTO pos.user_roles VALUES (21, 'ADMIN');
INSERT INTO pos.user_roles VALUES (22, 'ADMIN');
INSERT INTO pos.user_roles VALUES (23, 'ADMIN');
INSERT INTO pos.user_roles VALUES (24, 'ADMIN');
INSERT INTO pos.user_roles VALUES (25, 'ADMIN');
INSERT INTO pos.user_roles VALUES (26, 'ADMIN');


--
-- TOC entry 5543 (class 0 OID 394963)
-- Dependencies: 397
-- Data for Name: users; Type: TABLE DATA; Schema: pos; Owner: -
--

INSERT INTO pos.users VALUES (25, 'tien1@gmai.com', '$2a$10$Du0Vtl6acrjzQ5y06wU4oekptxtqYVr28EyoJgq3Lk80Jrs78s6Ge', 62);
INSERT INTO pos.users VALUES (26, 'tien1@gmai.com', '$2a$10$oytzxSj575BKNjsp6OnJO.mgrCErAuc.3dGE2/H3gXVDKvCFzI47q', 64);


--
-- TOC entry 5560 (class 0 OID 0)
-- Dependencies: 395
-- Name: d_api_trace_log_sq; Type: SEQUENCE SET; Schema: pos; Owner: -
--

SELECT pg_catalog.setval('pos.d_api_trace_log_sq', 1000000, false);


--
-- TOC entry 5561 (class 0 OID 0)
-- Dependencies: 330
-- Name: d_assign_org_sq; Type: SEQUENCE SET; Schema: pos; Owner: -
--

SELECT pg_catalog.setval('pos.d_assign_org_sq', 1000188, true);


--
-- TOC entry 5562 (class 0 OID 0)
-- Dependencies: 332
-- Name: d_attribute_sq; Type: SEQUENCE SET; Schema: pos; Owner: -
--

SELECT pg_catalog.setval('pos.d_attribute_sq', 1000010, true);


--
-- TOC entry 5563 (class 0 OID 0)
-- Dependencies: 350
-- Name: d_attribute_value_sq; Type: SEQUENCE SET; Schema: pos; Owner: -
--

SELECT pg_catalog.setval('pos.d_attribute_value_sq', 1000001, true);


--
-- TOC entry 5564 (class 0 OID 0)
-- Dependencies: 352
-- Name: d_bank_sq; Type: SEQUENCE SET; Schema: pos; Owner: -
--

SELECT pg_catalog.setval('pos.d_bank_sq', 1000064, true);


--
-- TOC entry 5565 (class 0 OID 0)
-- Dependencies: 354
-- Name: d_bankaccount_sq; Type: SEQUENCE SET; Schema: pos; Owner: -
--

SELECT pg_catalog.setval('pos.d_bankaccount_sq', 1000006, true);


--
-- TOC entry 5566 (class 0 OID 0)
-- Dependencies: 326
-- Name: d_cancel_reason_sq; Type: SEQUENCE SET; Schema: pos; Owner: -
--

SELECT pg_catalog.setval('pos.d_cancel_reason_sq', 1000013, true);


--
-- TOC entry 5567 (class 0 OID 0)
-- Dependencies: 265
-- Name: d_changelog_sq; Type: SEQUENCE SET; Schema: pos; Owner: -
--

SELECT pg_catalog.setval('pos.d_changelog_sq', 1000195, true);


--
-- TOC entry 5568 (class 0 OID 0)
-- Dependencies: 266
-- Name: d_config_sq; Type: SEQUENCE SET; Schema: pos; Owner: -
--

SELECT pg_catalog.setval('pos.d_config_sq', 1000017, true);


--
-- TOC entry 5569 (class 0 OID 0)
-- Dependencies: 336
-- Name: d_coupon_sq; Type: SEQUENCE SET; Schema: pos; Owner: -
--

SELECT pg_catalog.setval('pos.d_coupon_sq', 1000000, false);


--
-- TOC entry 5570 (class 0 OID 0)
-- Dependencies: 267
-- Name: d_currency_sq; Type: SEQUENCE SET; Schema: pos; Owner: -
--

SELECT pg_catalog.setval('pos.d_currency_sq', 1000000, true);


--
-- TOC entry 5571 (class 0 OID 0)
-- Dependencies: 268
-- Name: d_customer_sq; Type: SEQUENCE SET; Schema: pos; Owner: -
--

SELECT pg_catalog.setval('pos.d_customer_sq', 1000715, true);


--
-- TOC entry 5572 (class 0 OID 0)
-- Dependencies: 269
-- Name: d_doctype_sq; Type: SEQUENCE SET; Schema: pos; Owner: -
--

SELECT pg_catalog.setval('pos.d_doctype_sq', 1000007, true);


--
-- TOC entry 5573 (class 0 OID 0)
-- Dependencies: 356
-- Name: d_erp_integration_sq; Type: SEQUENCE SET; Schema: pos; Owner: -
--

SELECT pg_catalog.setval('pos.d_erp_integration_sq', 1000010, true);


--
-- TOC entry 5574 (class 0 OID 0)
-- Dependencies: 271
-- Name: d_expense_category_sq; Type: SEQUENCE SET; Schema: pos; Owner: -
--

SELECT pg_catalog.setval('pos.d_expense_category_sq', 1000000, false);


--
-- TOC entry 5575 (class 0 OID 0)
-- Dependencies: 270
-- Name: d_expense_sq; Type: SEQUENCE SET; Schema: pos; Owner: -
--

SELECT pg_catalog.setval('pos.d_expense_sq', 1000000, false);


--
-- TOC entry 5576 (class 0 OID 0)
-- Dependencies: 272
-- Name: d_floor_sq; Type: SEQUENCE SET; Schema: pos; Owner: -
--

SELECT pg_catalog.setval('pos.d_floor_sq', 1000048, true);


--
-- TOC entry 5577 (class 0 OID 0)
-- Dependencies: 273
-- Name: d_image_sq; Type: SEQUENCE SET; Schema: pos; Owner: -
--

SELECT pg_catalog.setval('pos.d_image_sq', 1000444, true);


--
-- TOC entry 5578 (class 0 OID 0)
-- Dependencies: 274
-- Name: d_industry_sq; Type: SEQUENCE SET; Schema: pos; Owner: -
--

SELECT pg_catalog.setval('pos.d_industry_sq', 1000015, true);


--
-- TOC entry 5579 (class 0 OID 0)
-- Dependencies: 372
-- Name: d_integration_history_sq; Type: SEQUENCE SET; Schema: pos; Owner: -
--

SELECT pg_catalog.setval('pos.d_integration_history_sq', 1000068, true);


--
-- TOC entry 5580 (class 0 OID 0)
-- Dependencies: 275
-- Name: d_invoice_sq; Type: SEQUENCE SET; Schema: pos; Owner: -
--

SELECT pg_catalog.setval('pos.d_invoice_sq', 1000259, true);


--
-- TOC entry 5581 (class 0 OID 0)
-- Dependencies: 276
-- Name: d_invoiceline_sq; Type: SEQUENCE SET; Schema: pos; Owner: -
--

SELECT pg_catalog.setval('pos.d_invoiceline_sq', 1000360, true);


--
-- TOC entry 5582 (class 0 OID 0)
-- Dependencies: 318
-- Name: d_kitchen_order_sq; Type: SEQUENCE SET; Schema: pos; Owner: -
--

SELECT pg_catalog.setval('pos.d_kitchen_order_sq', 1000184, true);


--
-- TOC entry 5583 (class 0 OID 0)
-- Dependencies: 320
-- Name: d_kitchen_orderline_sq; Type: SEQUENCE SET; Schema: pos; Owner: -
--

SELECT pg_catalog.setval('pos.d_kitchen_orderline_sq', 1000268, true);


--
-- TOC entry 5584 (class 0 OID 0)
-- Dependencies: 277
-- Name: d_language_sq; Type: SEQUENCE SET; Schema: pos; Owner: -
--

SELECT pg_catalog.setval('pos.d_language_sq', 1000000, false);


--
-- TOC entry 5585 (class 0 OID 0)
-- Dependencies: 278
-- Name: d_locator_sq; Type: SEQUENCE SET; Schema: pos; Owner: -
--

SELECT pg_catalog.setval('pos.d_locator_sq', 1000020, true);


--
-- TOC entry 5586 (class 0 OID 0)
-- Dependencies: 322
-- Name: d_note_group_sq; Type: SEQUENCE SET; Schema: pos; Owner: -
--

SELECT pg_catalog.setval('pos.d_note_group_sq', 1000007, true);


--
-- TOC entry 5587 (class 0 OID 0)
-- Dependencies: 324
-- Name: d_note_sq; Type: SEQUENCE SET; Schema: pos; Owner: -
--

SELECT pg_catalog.setval('pos.d_note_sq', 1000008, true);


--
-- TOC entry 5588 (class 0 OID 0)
-- Dependencies: 279
-- Name: d_notification_sq; Type: SEQUENCE SET; Schema: pos; Owner: -
--

SELECT pg_catalog.setval('pos.d_notification_sq', 1000000, false);


--
-- TOC entry 5589 (class 0 OID 0)
-- Dependencies: 280
-- Name: d_order_sq; Type: SEQUENCE SET; Schema: pos; Owner: -
--

SELECT pg_catalog.setval('pos.d_order_sq', 1000078, true);


--
-- TOC entry 5590 (class 0 OID 0)
-- Dependencies: 281
-- Name: d_orderline_sq; Type: SEQUENCE SET; Schema: pos; Owner: -
--

SELECT pg_catalog.setval('pos.d_orderline_sq', 1000142, true);


--
-- TOC entry 5591 (class 0 OID 0)
-- Dependencies: 422
-- Name: d_org_banner_sq; Type: SEQUENCE SET; Schema: pos; Owner: -
--

SELECT pg_catalog.setval('pos.d_org_banner_sq', 1000000, false);


--
-- TOC entry 5592 (class 0 OID 0)
-- Dependencies: 282
-- Name: d_org_sq; Type: SEQUENCE SET; Schema: pos; Owner: -
--

SELECT pg_catalog.setval('pos.d_org_sq', 1000038, true);


--
-- TOC entry 5593 (class 0 OID 0)
-- Dependencies: 314
-- Name: d_partner_group_sq; Type: SEQUENCE SET; Schema: pos; Owner: -
--

SELECT pg_catalog.setval('pos.d_partner_group_sq', 1000114, true);


--
-- TOC entry 5594 (class 0 OID 0)
-- Dependencies: 368
-- Name: d_pay_method_sq; Type: SEQUENCE SET; Schema: pos; Owner: -
--

SELECT pg_catalog.setval('pos.d_pay_method_sq', 1000018, true);


--
-- TOC entry 5595 (class 0 OID 0)
-- Dependencies: 283
-- Name: d_payment_sq; Type: SEQUENCE SET; Schema: pos; Owner: -
--

SELECT pg_catalog.setval('pos.d_payment_sq', 1000232, true);


--
-- TOC entry 5596 (class 0 OID 0)
-- Dependencies: 370
-- Name: d_paymethod_org_sq; Type: SEQUENCE SET; Schema: pos; Owner: -
--

SELECT pg_catalog.setval('pos.d_paymethod_org_sq', 1000015, true);


--
-- TOC entry 5597 (class 0 OID 0)
-- Dependencies: 348
-- Name: d_pc_terminalaccess_sq; Type: SEQUENCE SET; Schema: pos; Owner: -
--

SELECT pg_catalog.setval('pos.d_pc_terminalaccess_sq', 1000170, true);


--
-- TOC entry 5598 (class 0 OID 0)
-- Dependencies: 405
-- Name: d_pos_closedcash_sq; Type: SEQUENCE SET; Schema: pos; Owner: -
--

SELECT pg_catalog.setval('pos.d_pos_closedcash_sq', 1000000, false);


--
-- TOC entry 5599 (class 0 OID 0)
-- Dependencies: 284
-- Name: d_pos_order_sq; Type: SEQUENCE SET; Schema: pos; Owner: -
--

SELECT pg_catalog.setval('pos.d_pos_order_sq', 1000926, true);


--
-- TOC entry 5600 (class 0 OID 0)
-- Dependencies: 285
-- Name: d_pos_orderline_sq; Type: SEQUENCE SET; Schema: pos; Owner: -
--

SELECT pg_catalog.setval('pos.d_pos_orderline_sq', 1000908, true);


--
-- TOC entry 5601 (class 0 OID 0)
-- Dependencies: 344
-- Name: d_pos_payment_sq; Type: SEQUENCE SET; Schema: pos; Owner: -
--

SELECT pg_catalog.setval('pos.d_pos_payment_sq', 1000319, true);


--
-- TOC entry 5602 (class 0 OID 0)
-- Dependencies: 346
-- Name: d_pos_taxline_sq; Type: SEQUENCE SET; Schema: pos; Owner: -
--

SELECT pg_catalog.setval('pos.d_pos_taxline_sq', 1000119, true);


--
-- TOC entry 5603 (class 0 OID 0)
-- Dependencies: 334
-- Name: d_pos_terminal_sq; Type: SEQUENCE SET; Schema: pos; Owner: -
--

SELECT pg_catalog.setval('pos.d_pos_terminal_sq', 1000046, true);


--
-- TOC entry 5604 (class 0 OID 0)
-- Dependencies: 312
-- Name: d_pricelist_org_sq; Type: SEQUENCE SET; Schema: pos; Owner: -
--

SELECT pg_catalog.setval('pos.d_pricelist_org_sq', 1000070, true);


--
-- TOC entry 5605 (class 0 OID 0)
-- Dependencies: 310
-- Name: d_pricelist_product_sq; Type: SEQUENCE SET; Schema: pos; Owner: -
--

SELECT pg_catalog.setval('pos.d_pricelist_product_sq', 1000379, true);


--
-- TOC entry 5606 (class 0 OID 0)
-- Dependencies: 308
-- Name: d_pricelist_sq; Type: SEQUENCE SET; Schema: pos; Owner: -
--

SELECT pg_catalog.setval('pos.d_pricelist_sq', 1000059, true);


--
-- TOC entry 5607 (class 0 OID 0)
-- Dependencies: 316
-- Name: d_print_report_sq; Type: SEQUENCE SET; Schema: pos; Owner: -
--

SELECT pg_catalog.setval('pos.d_print_report_sq', 1000017, true);


--
-- TOC entry 5608 (class 0 OID 0)
-- Dependencies: 287
-- Name: d_product_category_sq; Type: SEQUENCE SET; Schema: pos; Owner: -
--

SELECT pg_catalog.setval('pos.d_product_category_sq', 1000424, true);


--
-- TOC entry 5609 (class 0 OID 0)
-- Dependencies: 288
-- Name: d_product_combo_sq; Type: SEQUENCE SET; Schema: pos; Owner: -
--

SELECT pg_catalog.setval('pos.d_product_combo_sq', 1000060, true);


--
-- TOC entry 5610 (class 0 OID 0)
-- Dependencies: 342
-- Name: d_product_location_sq; Type: SEQUENCE SET; Schema: pos; Owner: -
--

SELECT pg_catalog.setval('pos.d_product_location_sq', 1000000, false);


--
-- TOC entry 5611 (class 0 OID 0)
-- Dependencies: 286
-- Name: d_product_sq; Type: SEQUENCE SET; Schema: pos; Owner: -
--

SELECT pg_catalog.setval('pos.d_product_sq', 1000786, true);


--
-- TOC entry 5612 (class 0 OID 0)
-- Dependencies: 358
-- Name: d_production_sq; Type: SEQUENCE SET; Schema: pos; Owner: -
--

SELECT pg_catalog.setval('pos.d_production_sq', 1000029, true);


--
-- TOC entry 5613 (class 0 OID 0)
-- Dependencies: 360
-- Name: d_productionline_sq; Type: SEQUENCE SET; Schema: pos; Owner: -
--

SELECT pg_catalog.setval('pos.d_productionline_sq', 1000020, true);


--
-- TOC entry 5614 (class 0 OID 0)
-- Dependencies: 378
-- Name: d_purchase_order_sq; Type: SEQUENCE SET; Schema: pos; Owner: -
--

SELECT pg_catalog.setval('pos.d_purchase_order_sq', 1000047, true);


--
-- TOC entry 5615 (class 0 OID 0)
-- Dependencies: 380
-- Name: d_purchase_orderline_sq; Type: SEQUENCE SET; Schema: pos; Owner: -
--

SELECT pg_catalog.setval('pos.d_purchase_orderline_sq', 1000048, true);


--
-- TOC entry 5616 (class 0 OID 0)
-- Dependencies: 362
-- Name: d_reconciledetail_sq; Type: SEQUENCE SET; Schema: pos; Owner: -
--

SELECT pg_catalog.setval('pos.d_reconciledetail_sq', 1000038, true);


--
-- TOC entry 5617 (class 0 OID 0)
-- Dependencies: 290
-- Name: d_reference_list_sq; Type: SEQUENCE SET; Schema: pos; Owner: -
--

SELECT pg_catalog.setval('pos.d_reference_list_sq', 1000057, true);


--
-- TOC entry 5618 (class 0 OID 0)
-- Dependencies: 289
-- Name: d_reference_sq; Type: SEQUENCE SET; Schema: pos; Owner: -
--

SELECT pg_catalog.setval('pos.d_reference_sq', 1000014, true);


--
-- TOC entry 5619 (class 0 OID 0)
-- Dependencies: 386
-- Name: d_request_order_sq; Type: SEQUENCE SET; Schema: pos; Owner: -
--

SELECT pg_catalog.setval('pos.d_request_order_sq', 1000008, true);


--
-- TOC entry 5620 (class 0 OID 0)
-- Dependencies: 387
-- Name: d_request_orderline_sq; Type: SEQUENCE SET; Schema: pos; Owner: -
--

SELECT pg_catalog.setval('pos.d_request_orderline_sq', 1000008, true);


--
-- TOC entry 5621 (class 0 OID 0)
-- Dependencies: 291
-- Name: d_reservation_line_sq; Type: SEQUENCE SET; Schema: pos; Owner: -
--

SELECT pg_catalog.setval('pos.d_reservation_line_sq', 1000000, false);


--
-- TOC entry 5622 (class 0 OID 0)
-- Dependencies: 292
-- Name: d_reservation_order_sq; Type: SEQUENCE SET; Schema: pos; Owner: -
--

SELECT pg_catalog.setval('pos.d_reservation_order_sq', 1000198, true);


--
-- TOC entry 5623 (class 0 OID 0)
-- Dependencies: 293
-- Name: d_role_sq; Type: SEQUENCE SET; Schema: pos; Owner: -
--

SELECT pg_catalog.setval('pos.d_role_sq', 1000009, true);


--
-- TOC entry 5624 (class 0 OID 0)
-- Dependencies: 340
-- Name: d_shift_control_sq; Type: SEQUENCE SET; Schema: pos; Owner: -
--

SELECT pg_catalog.setval('pos.d_shift_control_sq', 1000039, true);


--
-- TOC entry 5625 (class 0 OID 0)
-- Dependencies: 294
-- Name: d_storage_onhand_sq; Type: SEQUENCE SET; Schema: pos; Owner: -
--

SELECT pg_catalog.setval('pos.d_storage_onhand_sq', 1000000, false);


--
-- TOC entry 5626 (class 0 OID 0)
-- Dependencies: 295
-- Name: d_table_sq; Type: SEQUENCE SET; Schema: pos; Owner: -
--

SELECT pg_catalog.setval('pos.d_table_sq', 1000165, true);


--
-- TOC entry 5627 (class 0 OID 0)
-- Dependencies: 338
-- Name: d_table_use_ref_sq; Type: SEQUENCE SET; Schema: pos; Owner: -
--

SELECT pg_catalog.setval('pos.d_table_use_ref_sq', 1000005, true);


--
-- TOC entry 5628 (class 0 OID 0)
-- Dependencies: 297
-- Name: d_tax_category_sq; Type: SEQUENCE SET; Schema: pos; Owner: -
--

SELECT pg_catalog.setval('pos.d_tax_category_sq', 1000008, true);


--
-- TOC entry 5629 (class 0 OID 0)
-- Dependencies: 296
-- Name: d_tax_sq; Type: SEQUENCE SET; Schema: pos; Owner: -
--

SELECT pg_catalog.setval('pos.d_tax_sq', 1000023, true);


--
-- TOC entry 5630 (class 0 OID 0)
-- Dependencies: 421
-- Name: d_tenant_banner_sq; Type: SEQUENCE SET; Schema: pos; Owner: -
--

SELECT pg_catalog.setval('pos.d_tenant_banner_sq', 1000000, false);


--
-- TOC entry 5631 (class 0 OID 0)
-- Dependencies: 298
-- Name: d_tenant_sq; Type: SEQUENCE SET; Schema: pos; Owner: -
--

SELECT pg_catalog.setval('pos.d_tenant_sq', 1000058, true);


--
-- TOC entry 5632 (class 0 OID 0)
-- Dependencies: 329
-- Name: d_uom_product_sq; Type: SEQUENCE SET; Schema: pos; Owner: -
--

SELECT pg_catalog.setval('pos.d_uom_product_sq', 1000155, true);


--
-- TOC entry 5633 (class 0 OID 0)
-- Dependencies: 299
-- Name: d_uom_sq; Type: SEQUENCE SET; Schema: pos; Owner: -
--

SELECT pg_catalog.setval('pos.d_uom_sq', 1000019, true);


--
-- TOC entry 5634 (class 0 OID 0)
-- Dependencies: 300
-- Name: d_user_sq; Type: SEQUENCE SET; Schema: pos; Owner: -
--

SELECT pg_catalog.setval('pos.d_user_sq', 1000203, true);


--
-- TOC entry 5635 (class 0 OID 0)
-- Dependencies: 301
-- Name: d_vendor_sq; Type: SEQUENCE SET; Schema: pos; Owner: -
--

SELECT pg_catalog.setval('pos.d_vendor_sq', 1000201, true);


--
-- TOC entry 5636 (class 0 OID 0)
-- Dependencies: 302
-- Name: d_voucher_sq; Type: SEQUENCE SET; Schema: pos; Owner: -
--

SELECT pg_catalog.setval('pos.d_voucher_sq', 1000000, false);


--
-- TOC entry 5637 (class 0 OID 0)
-- Dependencies: 303
-- Name: d_warehouse_sq; Type: SEQUENCE SET; Schema: pos; Owner: -
--

SELECT pg_catalog.setval('pos.d_warehouse_sq', 1000041, true);


--
-- TOC entry 5638 (class 0 OID 0)
-- Dependencies: 307
-- Name: hibernate_sequence; Type: SEQUENCE SET; Schema: pos; Owner: -
--

SELECT pg_catalog.setval('pos.hibernate_sequence', 17, true);


--
-- TOC entry 5639 (class 0 OID 0)
-- Dependencies: 401
-- Name: tenants_id_seq; Type: SEQUENCE SET; Schema: pos; Owner: -
--

SELECT pg_catalog.setval('pos.tenants_id_seq', 66, true);


--
-- TOC entry 5640 (class 0 OID 0)
-- Dependencies: 398
-- Name: users_id_seq; Type: SEQUENCE SET; Schema: pos; Owner: -
--

SELECT pg_catalog.setval('pos.users_id_seq', 26, true);


--
-- TOC entry 4766 (class 2606 OID 385488)
-- Name: d_changelog D_ChangeLog_pkey; Type: CONSTRAINT; Schema: pos; Owner: -
--

ALTER TABLE ONLY pos.d_changelog
    ADD CONSTRAINT "D_ChangeLog_pkey" PRIMARY KEY (d_changelog_id);


--
-- TOC entry 4770 (class 2606 OID 385498)
-- Name: d_config D_Config_pkey; Type: CONSTRAINT; Schema: pos; Owner: -
--

ALTER TABLE ONLY pos.d_config
    ADD CONSTRAINT "D_Config_pkey" PRIMARY KEY (d_config_id);


--
-- TOC entry 4968 (class 2606 OID 392923)
-- Name: d_coupon D_Coupon_pkey; Type: CONSTRAINT; Schema: pos; Owner: -
--

ALTER TABLE ONLY pos.d_coupon
    ADD CONSTRAINT "D_Coupon_pkey" PRIMARY KEY (d_coupon_id);


--
-- TOC entry 4773 (class 2606 OID 385506)
-- Name: d_currency D_Currency_pkey; Type: CONSTRAINT; Schema: pos; Owner: -
--

ALTER TABLE ONLY pos.d_currency
    ADD CONSTRAINT "D_Currency_pkey" PRIMARY KEY (d_currency_id);


--
-- TOC entry 4776 (class 2606 OID 385520)
-- Name: d_customer D_Customer_pkey; Type: CONSTRAINT; Schema: pos; Owner: -
--

ALTER TABLE ONLY pos.d_customer
    ADD CONSTRAINT "D_Customer_pkey" PRIMARY KEY (d_customer_id);


--
-- TOC entry 4778 (class 2606 OID 385532)
-- Name: d_doctype D_DocType_pkey; Type: CONSTRAINT; Schema: pos; Owner: -
--

ALTER TABLE ONLY pos.d_doctype
    ADD CONSTRAINT "D_DocType_pkey" PRIMARY KEY (d_doctype_id);


--
-- TOC entry 4785 (class 2606 OID 385550)
-- Name: d_expense_category D_Expense_Category_pkey; Type: CONSTRAINT; Schema: pos; Owner: -
--

ALTER TABLE ONLY pos.d_expense_category
    ADD CONSTRAINT "D_Expense_Category_pkey" PRIMARY KEY (d_expense_category_id);


--
-- TOC entry 4783 (class 2606 OID 385542)
-- Name: d_expense D_Expense_pkey; Type: CONSTRAINT; Schema: pos; Owner: -
--

ALTER TABLE ONLY pos.d_expense
    ADD CONSTRAINT "D_Expense_pkey" PRIMARY KEY (d_expense_id);


--
-- TOC entry 4790 (class 2606 OID 385562)
-- Name: d_floor D_Floor_pkey; Type: CONSTRAINT; Schema: pos; Owner: -
--

ALTER TABLE ONLY pos.d_floor
    ADD CONSTRAINT "D_Floor_pkey" PRIMARY KEY (d_floor_id);


--
-- TOC entry 4798 (class 2606 OID 385573)
-- Name: d_image D_Image_pkey; Type: CONSTRAINT; Schema: pos; Owner: -
--

ALTER TABLE ONLY pos.d_image
    ADD CONSTRAINT "D_Image_pkey" PRIMARY KEY (d_image_id);


--
-- TOC entry 4802 (class 2606 OID 385584)
-- Name: d_industry D_Industry_pkey; Type: CONSTRAINT; Schema: pos; Owner: -
--

ALTER TABLE ONLY pos.d_industry
    ADD CONSTRAINT "D_Industry_pkey" PRIMARY KEY (d_industry_id);


--
-- TOC entry 4810 (class 2606 OID 385622)
-- Name: d_invoiceline D_InvoiceLine_pkey; Type: CONSTRAINT; Schema: pos; Owner: -
--

ALTER TABLE ONLY pos.d_invoiceline
    ADD CONSTRAINT "D_InvoiceLine_pkey" PRIMARY KEY (d_invoiceline_id);


--
-- TOC entry 4806 (class 2606 OID 385594)
-- Name: d_invoice D_Invoice_pkey; Type: CONSTRAINT; Schema: pos; Owner: -
--

ALTER TABLE ONLY pos.d_invoice
    ADD CONSTRAINT "D_Invoice_pkey" PRIMARY KEY (d_invoice_id);


--
-- TOC entry 4814 (class 2606 OID 385629)
-- Name: d_language D_Language_pkey; Type: CONSTRAINT; Schema: pos; Owner: -
--

ALTER TABLE ONLY pos.d_language
    ADD CONSTRAINT "D_Language_pkey" PRIMARY KEY (d_language_id);


--
-- TOC entry 4818 (class 2606 OID 385640)
-- Name: d_locator D_Locator_pkey; Type: CONSTRAINT; Schema: pos; Owner: -
--

ALTER TABLE ONLY pos.d_locator
    ADD CONSTRAINT "D_Locator_pkey" PRIMARY KEY (d_locator_id);


--
-- TOC entry 4823 (class 2606 OID 385649)
-- Name: d_notification D_Notification_pkey; Type: CONSTRAINT; Schema: pos; Owner: -
--

ALTER TABLE ONLY pos.d_notification
    ADD CONSTRAINT "D_Notification_pkey" PRIMARY KEY (d_notification_id);


--
-- TOC entry 4829 (class 2606 OID 385710)
-- Name: d_orderline D_OrderLine_pkey; Type: CONSTRAINT; Schema: pos; Owner: -
--

ALTER TABLE ONLY pos.d_orderline
    ADD CONSTRAINT "D_OrderLine_pkey" PRIMARY KEY (d_orderline_id);


--
-- TOC entry 4826 (class 2606 OID 385691)
-- Name: d_order D_Order_pkey; Type: CONSTRAINT; Schema: pos; Owner: -
--

ALTER TABLE ONLY pos.d_order
    ADD CONSTRAINT "D_Order_pkey" PRIMARY KEY (d_order_id);


--
-- TOC entry 4831 (class 2606 OID 385724)
-- Name: d_org D_Org_pkey; Type: CONSTRAINT; Schema: pos; Owner: -
--

ALTER TABLE ONLY pos.d_org
    ADD CONSTRAINT "D_Org_pkey" PRIMARY KEY (d_org_id);


--
-- TOC entry 4841 (class 2606 OID 385761)
-- Name: d_pos_orderline D_POS_OrderLine_pkey; Type: CONSTRAINT; Schema: pos; Owner: -
--

ALTER TABLE ONLY pos.d_pos_orderline
    ADD CONSTRAINT "D_POS_OrderLine_pkey" PRIMARY KEY (d_pos_orderline_id);


--
-- TOC entry 4838 (class 2606 OID 385751)
-- Name: d_pos_order D_POS_Order_pkey; Type: CONSTRAINT; Schema: pos; Owner: -
--

ALTER TABLE ONLY pos.d_pos_order
    ADD CONSTRAINT "D_POS_Order_pkey" PRIMARY KEY (d_pos_order_id);


--
-- TOC entry 4965 (class 2606 OID 392894)
-- Name: d_pos_terminal D_POS_Terminal_pkey; Type: CONSTRAINT; Schema: pos; Owner: -
--

ALTER TABLE ONLY pos.d_pos_terminal
    ADD CONSTRAINT "D_POS_Terminal_pkey" PRIMARY KEY (d_pos_terminal_id);


--
-- TOC entry 4835 (class 2606 OID 385736)
-- Name: d_payment D_Payment_pkey; Type: CONSTRAINT; Schema: pos; Owner: -
--

ALTER TABLE ONLY pos.d_payment
    ADD CONSTRAINT "D_Payment_pkey" PRIMARY KEY (d_payment_id);


--
-- TOC entry 4850 (class 2606 OID 385784)
-- Name: d_product_category D_Product_Category_pkey; Type: CONSTRAINT; Schema: pos; Owner: -
--

ALTER TABLE ONLY pos.d_product_category
    ADD CONSTRAINT "D_Product_Category_pkey" PRIMARY KEY (d_product_category_id);


--
-- TOC entry 4853 (class 2606 OID 385791)
-- Name: d_product_combo D_Product_Combo_pkey; Type: CONSTRAINT; Schema: pos; Owner: -
--

ALTER TABLE ONLY pos.d_product_combo
    ADD CONSTRAINT "D_Product_Combo_pkey" PRIMARY KEY (d_product_combo_id);


--
-- TOC entry 4844 (class 2606 OID 385776)
-- Name: d_product D_Product_pkey; Type: CONSTRAINT; Schema: pos; Owner: -
--

ALTER TABLE ONLY pos.d_product
    ADD CONSTRAINT "D_Product_pkey" PRIMARY KEY (d_product_id);


--
-- TOC entry 5028 (class 2606 OID 394620)
-- Name: d_request_orderline D_REQUESTLINE_ORDER_pkey; Type: CONSTRAINT; Schema: pos; Owner: -
--

ALTER TABLE ONLY pos.d_request_orderline
    ADD CONSTRAINT "D_REQUESTLINE_ORDER_pkey" PRIMARY KEY (d_request_orderline_id);


--
-- TOC entry 5026 (class 2606 OID 394584)
-- Name: d_request_order D_REQUEST_ORDER_pkey; Type: CONSTRAINT; Schema: pos; Owner: -
--

ALTER TABLE ONLY pos.d_request_order
    ADD CONSTRAINT "D_REQUEST_ORDER_pkey" PRIMARY KEY (d_request_order_id);


--
-- TOC entry 5007 (class 2606 OID 393500)
-- Name: d_reconciledetail D_ReconcileDetail_pkey; Type: CONSTRAINT; Schema: pos; Owner: -
--

ALTER TABLE ONLY pos.d_reconciledetail
    ADD CONSTRAINT "D_ReconcileDetail_pkey" PRIMARY KEY (d_reconciledetail_id);


--
-- TOC entry 4863 (class 2606 OID 385821)
-- Name: d_reference_list D_Reference_List_pkey; Type: CONSTRAINT; Schema: pos; Owner: -
--

ALTER TABLE ONLY pos.d_reference_list
    ADD CONSTRAINT "D_Reference_List_pkey" PRIMARY KEY (d_reference_list_id);


--
-- TOC entry 4858 (class 2606 OID 385798)
-- Name: d_reference D_Reference_pkey; Type: CONSTRAINT; Schema: pos; Owner: -
--

ALTER TABLE ONLY pos.d_reference
    ADD CONSTRAINT "D_Reference_pkey" PRIMARY KEY (d_reference_id);


--
-- TOC entry 4868 (class 2606 OID 385829)
-- Name: d_reservation_line D_Reservation_Line_pkey; Type: CONSTRAINT; Schema: pos; Owner: -
--

ALTER TABLE ONLY pos.d_reservation_line
    ADD CONSTRAINT "D_Reservation_Line_pkey" PRIMARY KEY (d_reservation_line_id);


--
-- TOC entry 4871 (class 2606 OID 385840)
-- Name: d_reservation_order D_Reservation_Order_pkey; Type: CONSTRAINT; Schema: pos; Owner: -
--

ALTER TABLE ONLY pos.d_reservation_order
    ADD CONSTRAINT "D_Reservation_Order_pkey" PRIMARY KEY (d_reservation_order_id);


--
-- TOC entry 4874 (class 2606 OID 385848)
-- Name: d_role D_Role_pkey; Type: CONSTRAINT; Schema: pos; Owner: -
--

ALTER TABLE ONLY pos.d_role
    ADD CONSTRAINT "D_Role_pkey" PRIMARY KEY (d_role_id);


--
-- TOC entry 4975 (class 2606 OID 393031)
-- Name: d_shift_control D_Shift_Control_pkey; Type: CONSTRAINT; Schema: pos; Owner: -
--

ALTER TABLE ONLY pos.d_shift_control
    ADD CONSTRAINT "D_Shift_Control_pkey" PRIMARY KEY (d_shift_control_id);


--
-- TOC entry 4879 (class 2606 OID 385863)
-- Name: d_storage_onhand D_Storage_Onhand_pkey; Type: CONSTRAINT; Schema: pos; Owner: -
--

ALTER TABLE ONLY pos.d_storage_onhand
    ADD CONSTRAINT "D_Storage_Onhand_pkey" PRIMARY KEY (d_storage_onhand_id);


--
-- TOC entry 4882 (class 2606 OID 385871)
-- Name: d_table D_Table_pkey; Type: CONSTRAINT; Schema: pos; Owner: -
--

ALTER TABLE ONLY pos.d_table
    ADD CONSTRAINT "D_Table_pkey" PRIMARY KEY (d_table_id);


--
-- TOC entry 4892 (class 2606 OID 385890)
-- Name: d_tax_category D_Tax_Category_pkey; Type: CONSTRAINT; Schema: pos; Owner: -
--

ALTER TABLE ONLY pos.d_tax_category
    ADD CONSTRAINT "D_Tax_Category_pkey" PRIMARY KEY (d_tax_category_id);


--
-- TOC entry 4889 (class 2606 OID 385881)
-- Name: d_tax D_Tax_pkey; Type: CONSTRAINT; Schema: pos; Owner: -
--

ALTER TABLE ONLY pos.d_tax
    ADD CONSTRAINT "D_Tax_pkey" PRIMARY KEY (d_tax_id);


--
-- TOC entry 4895 (class 2606 OID 385901)
-- Name: d_tenant D_Tenant_pkey; Type: CONSTRAINT; Schema: pos; Owner: -
--

ALTER TABLE ONLY pos.d_tenant
    ADD CONSTRAINT "D_Tenant_pkey" PRIMARY KEY (d_tenant_id);


--
-- TOC entry 4955 (class 2606 OID 391474)
-- Name: d_uom_product D_UOM_Product_pkey; Type: CONSTRAINT; Schema: pos; Owner: -
--

ALTER TABLE ONLY pos.d_uom_product
    ADD CONSTRAINT "D_UOM_Product_pkey" PRIMARY KEY (d_uom_product_id);


--
-- TOC entry 4898 (class 2606 OID 385908)
-- Name: d_uom D_UOM_pkey; Type: CONSTRAINT; Schema: pos; Owner: -
--

ALTER TABLE ONLY pos.d_uom
    ADD CONSTRAINT "D_UOM_pkey" PRIMARY KEY (d_uom_id);


--
-- TOC entry 4903 (class 2606 OID 385917)
-- Name: d_user D_User_pkey; Type: CONSTRAINT; Schema: pos; Owner: -
--

ALTER TABLE ONLY pos.d_user
    ADD CONSTRAINT "D_User_pkey" PRIMARY KEY (d_user_id);


--
-- TOC entry 4912 (class 2606 OID 385936)
-- Name: d_vendor D_Vendor_pkey; Type: CONSTRAINT; Schema: pos; Owner: -
--

ALTER TABLE ONLY pos.d_vendor
    ADD CONSTRAINT "D_Vendor_pkey" PRIMARY KEY (d_vendor_id);


--
-- TOC entry 4922 (class 2606 OID 388498)
-- Name: d_vendor_audit D_Vendoradu_pkey; Type: CONSTRAINT; Schema: pos; Owner: -
--

ALTER TABLE ONLY pos.d_vendor_audit
    ADD CONSTRAINT "D_Vendoradu_pkey" PRIMARY KEY (id);


--
-- TOC entry 4915 (class 2606 OID 385947)
-- Name: d_voucher D_Voucher_pkey; Type: CONSTRAINT; Schema: pos; Owner: -
--

ALTER TABLE ONLY pos.d_voucher
    ADD CONSTRAINT "D_Voucher_pkey" PRIMARY KEY (d_voucher_id);


--
-- TOC entry 4918 (class 2606 OID 385972)
-- Name: d_warehouse D_Warehouse_pkey; Type: CONSTRAINT; Schema: pos; Owner: -
--

ALTER TABLE ONLY pos.d_warehouse
    ADD CONSTRAINT "D_Warehouse_pkey" PRIMARY KEY (d_warehouse_id);


--
-- TOC entry 5032 (class 2606 OID 394899)
-- Name: d_api_trace_log D_api_tracelog_pkey; Type: CONSTRAINT; Schema: pos; Owner: -
--

ALTER TABLE ONLY pos.d_api_trace_log
    ADD CONSTRAINT "D_api_tracelog_pkey" PRIMARY KEY (d_api_trace_log);


--
-- TOC entry 4991 (class 2606 OID 393247)
-- Name: d_bank D_bank_pkey; Type: CONSTRAINT; Schema: pos; Owner: -
--

ALTER TABLE ONLY pos.d_bank
    ADD CONSTRAINT "D_bank_pkey" PRIMARY KEY (d_bank_id);


--
-- TOC entry 5034 (class 2606 OID 409301)
-- Name: d_pos_closedcash D_closedcash_pkey; Type: CONSTRAINT; Schema: pos; Owner: -
--

ALTER TABLE ONLY pos.d_pos_closedcash
    ADD CONSTRAINT "D_closedcash_pkey" PRIMARY KEY (d_pos_closedcash_id);


--
-- TOC entry 4961 (class 2606 OID 392851)
-- Name: d_attribute D_d_attribute_pkey; Type: CONSTRAINT; Schema: pos; Owner: -
--

ALTER TABLE ONLY pos.d_attribute
    ADD CONSTRAINT "D_d_attribute_pkey" PRIMARY KEY (d_attribute_id);


--
-- TOC entry 4989 (class 2606 OID 393191)
-- Name: d_attribute_value D_d_attribute_value_pkey; Type: CONSTRAINT; Schema: pos; Owner: -
--

ALTER TABLE ONLY pos.d_attribute_value
    ADD CONSTRAINT "D_d_attribute_value_pkey" PRIMARY KEY (d_attribute_value_id);


--
-- TOC entry 4986 (class 2606 OID 393138)
-- Name: d_pc_terminalaccess D_d_pc_terminalaccess_pkey; Type: CONSTRAINT; Schema: pos; Owner: -
--

ALTER TABLE ONLY pos.d_pc_terminalaccess
    ADD CONSTRAINT "D_d_pc_terminalaccess_pkey" PRIMARY KEY (d_pc_terminalaccess_id);


--
-- TOC entry 4970 (class 2606 OID 392971)
-- Name: d_table_use_ref D_d_table_use_ref_pkey; Type: CONSTRAINT; Schema: pos; Owner: -
--

ALTER TABLE ONLY pos.d_table_use_ref
    ADD CONSTRAINT "D_d_table_use_ref_pkey" PRIMARY KEY (d_table_use_ref_id);


--
-- TOC entry 5038 (class 2606 OID 550300)
-- Name: d_org_banner D_org_banner_pkey; Type: CONSTRAINT; Schema: pos; Owner: -
--

ALTER TABLE ONLY pos.d_org_banner
    ADD CONSTRAINT "D_org_banner_pkey" PRIMARY KEY (d_tenant_banner_id);


--
-- TOC entry 4977 (class 2606 OID 393056)
-- Name: d_product_location D_product_location_pkey; Type: CONSTRAINT; Schema: pos; Owner: -
--

ALTER TABLE ONLY pos.d_product_location
    ADD CONSTRAINT "D_product_location_pkey" PRIMARY KEY (d_product_location_id);


--
-- TOC entry 5036 (class 2606 OID 550278)
-- Name: d_tenant_banner D_tenant_banner_pkey; Type: CONSTRAINT; Schema: pos; Owner: -
--

ALTER TABLE ONLY pos.d_tenant_banner
    ADD CONSTRAINT "D_tenant_banner_pkey" PRIMARY KEY (d_tenant_banner_id);


--
-- TOC entry 4957 (class 2606 OID 392802)
-- Name: d_assign_org_product d_assign_org_pkey; Type: CONSTRAINT; Schema: pos; Owner: -
--

ALTER TABLE ONLY pos.d_assign_org_product
    ADD CONSTRAINT d_assign_org_pkey PRIMARY KEY (d_assign_org_id);


--
-- TOC entry 4959 (class 2606 OID 392804)
-- Name: d_assign_org_product d_assign_org_product_pk; Type: CONSTRAINT; Schema: pos; Owner: -
--

ALTER TABLE ONLY pos.d_assign_org_product
    ADD CONSTRAINT d_assign_org_product_pk UNIQUE (d_tenant_id, d_org_id, d_product_id);


--
-- TOC entry 4995 (class 2606 OID 393274)
-- Name: d_bankaccount d_bankaccountpkey; Type: CONSTRAINT; Schema: pos; Owner: -
--

ALTER TABLE ONLY pos.d_bankaccount
    ADD CONSTRAINT d_bankaccountpkey PRIMARY KEY (d_bankaccount_id);


--
-- TOC entry 4952 (class 2606 OID 390969)
-- Name: d_cancel_reason d_cancel_reason_pkey; Type: CONSTRAINT; Schema: pos; Owner: -
--

ALTER TABLE ONLY pos.d_cancel_reason
    ADD CONSTRAINT d_cancel_reason_pkey PRIMARY KEY (d_cancel_reason_id);


--
-- TOC entry 4998 (class 2606 OID 393369)
-- Name: d_erp_integration d_erp_integrationpkey; Type: CONSTRAINT; Schema: pos; Owner: -
--

ALTER TABLE ONLY pos.d_erp_integration
    ADD CONSTRAINT d_erp_integrationpkey PRIMARY KEY (d_erp_integration_id);


--
-- TOC entry 4792 (class 2606 OID 394948)
-- Name: d_floor d_floor_pk; Type: CONSTRAINT; Schema: pos; Owner: -
--

ALTER TABLE ONLY pos.d_floor
    ADD CONSTRAINT d_floor_pk UNIQUE (d_org_id, name);


--
-- TOC entry 4794 (class 2606 OID 426971)
-- Name: d_floor d_floor_pk_2; Type: CONSTRAINT; Schema: pos; Owner: -
--

ALTER TABLE ONLY pos.d_floor
    ADD CONSTRAINT d_floor_pk_2 UNIQUE (d_org_id, floor_no);


--
-- TOC entry 5018 (class 2606 OID 393805)
-- Name: d_integration_history d_integration_historypkey; Type: CONSTRAINT; Schema: pos; Owner: -
--

ALTER TABLE ONLY pos.d_integration_history
    ADD CONSTRAINT d_integration_historypkey PRIMARY KEY (d_integration_history_id);


--
-- TOC entry 4940 (class 2606 OID 390879)
-- Name: d_kitchen_order d_kitchen_order_pkey; Type: CONSTRAINT; Schema: pos; Owner: -
--

ALTER TABLE ONLY pos.d_kitchen_order
    ADD CONSTRAINT d_kitchen_order_pkey PRIMARY KEY (d_kitchen_order_id);


--
-- TOC entry 4943 (class 2606 OID 390905)
-- Name: d_kitchen_orderline d_kitchen_orderline_pkey; Type: CONSTRAINT; Schema: pos; Owner: -
--

ALTER TABLE ONLY pos.d_kitchen_orderline
    ADD CONSTRAINT d_kitchen_orderline_pkey PRIMARY KEY (d_kitchen_orderline_id);


--
-- TOC entry 4946 (class 2606 OID 390928)
-- Name: d_note_group d_note_group_pkey; Type: CONSTRAINT; Schema: pos; Owner: -
--

ALTER TABLE ONLY pos.d_note_group
    ADD CONSTRAINT d_note_group_pkey PRIMARY KEY (d_note_group_id);


--
-- TOC entry 4949 (class 2606 OID 390946)
-- Name: d_note d_note_pkey; Type: CONSTRAINT; Schema: pos; Owner: -
--

ALTER TABLE ONLY pos.d_note
    ADD CONSTRAINT d_note_pkey PRIMARY KEY (d_note_id);


--
-- TOC entry 4935 (class 2606 OID 389560)
-- Name: d_partner_group d_partner_group_pkey; Type: CONSTRAINT; Schema: pos; Owner: -
--

ALTER TABLE ONLY pos.d_partner_group
    ADD CONSTRAINT d_partner_group_pkey PRIMARY KEY (d_partner_group_id);


--
-- TOC entry 5010 (class 2606 OID 538396)
-- Name: d_pay_method d_pay_method_name_uk; Type: CONSTRAINT; Schema: pos; Owner: -
--

ALTER TABLE ONLY pos.d_pay_method
    ADD CONSTRAINT d_pay_method_name_uk UNIQUE (name);


--
-- TOC entry 5015 (class 2606 OID 393776)
-- Name: d_paymethod_org d_paymethod_orgpkey; Type: CONSTRAINT; Schema: pos; Owner: -
--

ALTER TABLE ONLY pos.d_paymethod_org
    ADD CONSTRAINT d_paymethod_orgpkey PRIMARY KEY (d_paymethod_org_id);


--
-- TOC entry 5012 (class 2606 OID 393722)
-- Name: d_pay_method d_paymethodpkey; Type: CONSTRAINT; Schema: pos; Owner: -
--

ALTER TABLE ONLY pos.d_pay_method
    ADD CONSTRAINT d_paymethodpkey PRIMARY KEY (d_pay_method_id);


--
-- TOC entry 5030 (class 2606 OID 415884)
-- Name: d_pos_org_access d_pos_org_access_pk; Type: CONSTRAINT; Schema: pos; Owner: -
--

ALTER TABLE ONLY pos.d_pos_org_access
    ADD CONSTRAINT d_pos_org_access_pk PRIMARY KEY (d_pos_terminal_id, d_user_id, d_org_id);


--
-- TOC entry 4981 (class 2606 OID 393084)
-- Name: d_pos_payment d_pos_payment_pkey; Type: CONSTRAINT; Schema: pos; Owner: -
--

ALTER TABLE ONLY pos.d_pos_payment
    ADD CONSTRAINT d_pos_payment_pkey PRIMARY KEY (d_pos_payment_id);


--
-- TOC entry 4984 (class 2606 OID 393112)
-- Name: d_pos_taxline d_pos_taxline_pkey; Type: CONSTRAINT; Schema: pos; Owner: -
--

ALTER TABLE ONLY pos.d_pos_taxline
    ADD CONSTRAINT d_pos_taxline_pkey PRIMARY KEY (d_pos_taxline_id);


--
-- TOC entry 4933 (class 2606 OID 388802)
-- Name: d_pricelist_org d_pricelist_org_pkey; Type: CONSTRAINT; Schema: pos; Owner: -
--

ALTER TABLE ONLY pos.d_pricelist_org
    ADD CONSTRAINT d_pricelist_org_pkey PRIMARY KEY (d_pricelist_org_id);


--
-- TOC entry 4925 (class 2606 OID 388762)
-- Name: d_pricelist d_pricelist_pkey; Type: CONSTRAINT; Schema: pos; Owner: -
--

ALTER TABLE ONLY pos.d_pricelist
    ADD CONSTRAINT d_pricelist_pkey PRIMARY KEY (d_pricelist_id);


--
-- TOC entry 4928 (class 2606 OID 392755)
-- Name: d_pricelist_product d_pricelist_product_pk; Type: CONSTRAINT; Schema: pos; Owner: -
--

ALTER TABLE ONLY pos.d_pricelist_product
    ADD CONSTRAINT d_pricelist_product_pk UNIQUE (d_pricelist_id, d_product_id);


--
-- TOC entry 4930 (class 2606 OID 388783)
-- Name: d_pricelist_product d_pricelist_product_pkey; Type: CONSTRAINT; Schema: pos; Owner: -
--

ALTER TABLE ONLY pos.d_pricelist_product
    ADD CONSTRAINT d_pricelist_product_pkey PRIMARY KEY (d_pricelist_product_id);


--
-- TOC entry 4938 (class 2606 OID 390236)
-- Name: d_print_report d_print_report_pkey; Type: CONSTRAINT; Schema: pos; Owner: -
--

ALTER TABLE ONLY pos.d_print_report
    ADD CONSTRAINT d_print_report_pkey PRIMARY KEY (d_print_report_id);


--
-- TOC entry 4855 (class 2606 OID 390043)
-- Name: d_product_combo d_product_combo_d_org_id_d_tenant_id_d_product_id_d_product_key; Type: CONSTRAINT; Schema: pos; Owner: -
--

ALTER TABLE ONLY pos.d_product_combo
    ADD CONSTRAINT d_product_combo_d_org_id_d_tenant_id_d_product_id_d_product_key UNIQUE (d_org_id, d_tenant_id, d_product_id, d_product_component_id);


--
-- TOC entry 4846 (class 2606 OID 390091)
-- Name: d_product d_product_d_tenant_id_d_org_id_code_key; Type: CONSTRAINT; Schema: pos; Owner: -
--

ALTER TABLE ONLY pos.d_product
    ADD CONSTRAINT d_product_d_tenant_id_d_org_id_code_key UNIQUE (d_tenant_id, d_org_id, code);


--
-- TOC entry 5001 (class 2606 OID 393417)
-- Name: d_production d_production_pkey; Type: CONSTRAINT; Schema: pos; Owner: -
--

ALTER TABLE ONLY pos.d_production
    ADD CONSTRAINT d_production_pkey PRIMARY KEY (d_production_id);


--
-- TOC entry 5004 (class 2606 OID 393444)
-- Name: d_productionline d_productionline_pkey; Type: CONSTRAINT; Schema: pos; Owner: -
--

ALTER TABLE ONLY pos.d_productionline
    ADD CONSTRAINT d_productionline_pkey PRIMARY KEY (d_productionline_id);


--
-- TOC entry 5024 (class 2606 OID 394324)
-- Name: d_purchase_orderline d_purchase_orderlinepkey; Type: CONSTRAINT; Schema: pos; Owner: -
--

ALTER TABLE ONLY pos.d_purchase_orderline
    ADD CONSTRAINT d_purchase_orderlinepkey PRIMARY KEY (d_purchase_orderline_id);


--
-- TOC entry 5021 (class 2606 OID 394298)
-- Name: d_purchase_order d_purchase_orderpkey; Type: CONSTRAINT; Schema: pos; Owner: -
--

ALTER TABLE ONLY pos.d_purchase_order
    ADD CONSTRAINT d_purchase_orderpkey PRIMARY KEY (d_purchase_order_id);


--
-- TOC entry 4865 (class 2606 OID 392690)
-- Name: d_reference_list d_reference_list_pk; Type: CONSTRAINT; Schema: pos; Owner: -
--

ALTER TABLE ONLY pos.d_reference_list
    ADD CONSTRAINT d_reference_list_pk UNIQUE (d_reference_id, value);


--
-- TOC entry 4860 (class 2606 OID 392620)
-- Name: d_reference d_reference_pk; Type: CONSTRAINT; Schema: pos; Owner: -
--

ALTER TABLE ONLY pos.d_reference
    ADD CONSTRAINT d_reference_pk UNIQUE (name, d_tenant_id);


--
-- TOC entry 4876 (class 2606 OID 536170)
-- Name: d_role d_role_pk; Type: CONSTRAINT; Schema: pos; Owner: -
--

ALTER TABLE ONLY pos.d_role
    ADD CONSTRAINT d_role_pk UNIQUE (code);


--
-- TOC entry 4884 (class 2606 OID 392793)
-- Name: d_table d_table_pk; Type: CONSTRAINT; Schema: pos; Owner: -
--

ALTER TABLE ONLY pos.d_table
    ADD CONSTRAINT d_table_pk UNIQUE (d_floor_id, name, table_no);


--
-- TOC entry 4886 (class 2606 OID 394828)
-- Name: d_table d_table_uniqu; Type: CONSTRAINT; Schema: pos; Owner: -
--

ALTER TABLE ONLY pos.d_table
    ADD CONSTRAINT d_table_uniqu UNIQUE (d_org_id, d_table_id, name, d_floor_id, table_no);


--
-- TOC entry 4972 (class 2606 OID 392989)
-- Name: d_table_use_ref d_table_use_ref_pk; Type: CONSTRAINT; Schema: pos; Owner: -
--

ALTER TABLE ONLY pos.d_table_use_ref
    ADD CONSTRAINT d_table_use_ref_pk UNIQUE (d_tenant_id, d_reference_id, domain_name, domain_column);


--
-- TOC entry 4900 (class 2606 OID 393162)
-- Name: d_uom d_uom_pk; Type: CONSTRAINT; Schema: pos; Owner: -
--

ALTER TABLE ONLY pos.d_uom
    ADD CONSTRAINT d_uom_pk UNIQUE (d_tenant_id, code, name);


--
-- TOC entry 4905 (class 2606 OID 388136)
-- Name: d_user d_user_pk; Type: CONSTRAINT; Schema: pos; Owner: -
--

ALTER TABLE ONLY pos.d_user
    ADD CONSTRAINT d_user_pk UNIQUE (d_tenant_id, user_name);


--
-- TOC entry 4909 (class 2606 OID 415880)
-- Name: d_user_role_access d_user_role_access_pk; Type: CONSTRAINT; Schema: pos; Owner: -
--

ALTER TABLE ONLY pos.d_user_role_access
    ADD CONSTRAINT d_user_role_access_pk PRIMARY KEY (d_user_id, d_role_id);


--
-- TOC entry 4907 (class 2606 OID 415882)
-- Name: d_userorg_access d_userorg_access_pk; Type: CONSTRAINT; Schema: pos; Owner: -
--

ALTER TABLE ONLY pos.d_userorg_access
    ADD CONSTRAINT d_userorg_access_pk PRIMARY KEY (d_user_id, d_org_id);


--
-- TOC entry 4920 (class 2606 OID 388443)
-- Name: revinfo revinfo_pkey; Type: CONSTRAINT; Schema: pos; Owner: -
--

ALTER TABLE ONLY pos.revinfo
    ADD CONSTRAINT revinfo_pkey PRIMARY KEY (rev);


--
-- TOC entry 4764 (class 1259 OID 385490)
-- Name: D_ChangeLog_UU_Idx; Type: INDEX; Schema: pos; Owner: -
--

CREATE UNIQUE INDEX "D_ChangeLog_UU_Idx" ON pos.d_changelog USING btree (d_changelog_uu);


--
-- TOC entry 4767 (class 1259 OID 393899)
-- Name: D_Config_Name_Idx; Type: INDEX; Schema: pos; Owner: -
--

CREATE INDEX "D_Config_Name_Idx" ON pos.d_config USING btree (name);


--
-- TOC entry 4768 (class 1259 OID 385500)
-- Name: D_Config_UU_Idx; Type: INDEX; Schema: pos; Owner: -
--

CREATE INDEX "D_Config_UU_Idx" ON pos.d_config USING btree (d_config_uu);


--
-- TOC entry 4966 (class 1259 OID 392934)
-- Name: D_Coupon_UU_Idx; Type: INDEX; Schema: pos; Owner: -
--

CREATE UNIQUE INDEX "D_Coupon_UU_Idx" ON pos.d_coupon USING btree (d_coupon_uu);


--
-- TOC entry 4771 (class 1259 OID 385508)
-- Name: D_Currency_UU_Idx; Type: INDEX; Schema: pos; Owner: -
--

CREATE UNIQUE INDEX "D_Currency_UU_Idx" ON pos.d_currency USING btree (d_currency_uu);


--
-- TOC entry 4774 (class 1259 OID 385521)
-- Name: D_Customer_UU_Idx; Type: INDEX; Schema: pos; Owner: -
--

CREATE UNIQUE INDEX "D_Customer_UU_Idx" ON pos.d_customer USING btree (d_customer_uu);


--
-- TOC entry 4779 (class 1259 OID 385534)
-- Name: D_Doctype_UU_Idx; Type: INDEX; Schema: pos; Owner: -
--

CREATE UNIQUE INDEX "D_Doctype_UU_Idx" ON pos.d_doctype USING btree (d_doctype_uu);


--
-- TOC entry 4780 (class 1259 OID 385545)
-- Name: D_Expense_ExpenseCategory; Type: INDEX; Schema: pos; Owner: -
--

CREATE INDEX "D_Expense_ExpenseCategory" ON pos.d_expense USING btree (d_expense_category_id);


--
-- TOC entry 4781 (class 1259 OID 385544)
-- Name: D_Expense_UU_Idx; Type: INDEX; Schema: pos; Owner: -
--

CREATE UNIQUE INDEX "D_Expense_UU_Idx" ON pos.d_expense USING btree (d_expense_uu);


--
-- TOC entry 4787 (class 1259 OID 385563)
-- Name: D_Floor_ID_Idx; Type: INDEX; Schema: pos; Owner: -
--

CREATE UNIQUE INDEX "D_Floor_ID_Idx" ON pos.d_floor USING btree (d_floor_id);


--
-- TOC entry 4788 (class 1259 OID 385564)
-- Name: D_Floor_UU_Idx; Type: INDEX; Schema: pos; Owner: -
--

CREATE UNIQUE INDEX "D_Floor_UU_Idx" ON pos.d_floor USING btree (d_floor_uu);


--
-- TOC entry 4795 (class 1259 OID 385574)
-- Name: D_Image_ID_Idx; Type: INDEX; Schema: pos; Owner: -
--

CREATE UNIQUE INDEX "D_Image_ID_Idx" ON pos.d_image USING btree (d_image_id);


--
-- TOC entry 4796 (class 1259 OID 385575)
-- Name: D_Image_UU_Idx; Type: INDEX; Schema: pos; Owner: -
--

CREATE UNIQUE INDEX "D_Image_UU_Idx" ON pos.d_image USING btree (d_image_uu);


--
-- TOC entry 4799 (class 1259 OID 385585)
-- Name: D_Industry_ID_Idx; Type: INDEX; Schema: pos; Owner: -
--

CREATE UNIQUE INDEX "D_Industry_ID_Idx" ON pos.d_industry USING btree (d_industry_id);


--
-- TOC entry 4800 (class 1259 OID 385586)
-- Name: D_Industry_UU_Idx; Type: INDEX; Schema: pos; Owner: -
--

CREATE UNIQUE INDEX "D_Industry_UU_Idx" ON pos.d_industry USING btree (d_industry_uu);


--
-- TOC entry 4807 (class 1259 OID 385623)
-- Name: D_InvoiceLine_ID_Idx; Type: INDEX; Schema: pos; Owner: -
--

CREATE UNIQUE INDEX "D_InvoiceLine_ID_Idx" ON pos.d_invoiceline USING btree (d_invoiceline_id);


--
-- TOC entry 4808 (class 1259 OID 385624)
-- Name: D_InvoiceLine_UU_Idx; Type: INDEX; Schema: pos; Owner: -
--

CREATE UNIQUE INDEX "D_InvoiceLine_UU_Idx" ON pos.d_invoiceline USING btree (d_invoiceline_uu);


--
-- TOC entry 4803 (class 1259 OID 385595)
-- Name: D_Invoice_ID_Idx; Type: INDEX; Schema: pos; Owner: -
--

CREATE UNIQUE INDEX "D_Invoice_ID_Idx" ON pos.d_invoice USING btree (d_invoice_id);


--
-- TOC entry 4804 (class 1259 OID 385596)
-- Name: D_Invoice_UU_Idx; Type: INDEX; Schema: pos; Owner: -
--

CREATE UNIQUE INDEX "D_Invoice_UU_Idx" ON pos.d_invoice USING btree (d_invoice_uu);


--
-- TOC entry 4811 (class 1259 OID 385630)
-- Name: D_Language_ID_Idx; Type: INDEX; Schema: pos; Owner: -
--

CREATE UNIQUE INDEX "D_Language_ID_Idx" ON pos.d_language USING btree (d_language_id);


--
-- TOC entry 4812 (class 1259 OID 385631)
-- Name: D_Language_UU_Idx; Type: INDEX; Schema: pos; Owner: -
--

CREATE UNIQUE INDEX "D_Language_UU_Idx" ON pos.d_language USING btree (d_language_uu);


--
-- TOC entry 4815 (class 1259 OID 385641)
-- Name: D_Locator_ID_Idx; Type: INDEX; Schema: pos; Owner: -
--

CREATE UNIQUE INDEX "D_Locator_ID_Idx" ON pos.d_locator USING btree (d_locator_id);


--
-- TOC entry 4816 (class 1259 OID 385642)
-- Name: D_Locator_UU_Idx; Type: INDEX; Schema: pos; Owner: -
--

CREATE UNIQUE INDEX "D_Locator_UU_Idx" ON pos.d_locator USING btree (d_locator_uu);


--
-- TOC entry 4820 (class 1259 OID 385650)
-- Name: D_Notification_ID_Idx; Type: INDEX; Schema: pos; Owner: -
--

CREATE UNIQUE INDEX "D_Notification_ID_Idx" ON pos.d_notification USING btree (d_notification_id);


--
-- TOC entry 4821 (class 1259 OID 385651)
-- Name: D_Notification_UU_Idx; Type: INDEX; Schema: pos; Owner: -
--

CREATE UNIQUE INDEX "D_Notification_UU_Idx" ON pos.d_notification USING btree (d_notification_uu);


--
-- TOC entry 4827 (class 1259 OID 385712)
-- Name: D_OrderLine_UU_Idx; Type: INDEX; Schema: pos; Owner: -
--

CREATE UNIQUE INDEX "D_OrderLine_UU_Idx" ON pos.d_orderline USING btree (d_orderline_uu);


--
-- TOC entry 4824 (class 1259 OID 385693)
-- Name: D_Order_UU_Idx; Type: INDEX; Schema: pos; Owner: -
--

CREATE UNIQUE INDEX "D_Order_UU_Idx" ON pos.d_order USING btree (d_order_uu);


--
-- TOC entry 4839 (class 1259 OID 385763)
-- Name: D_POS_OrderLine_UU_Idx; Type: INDEX; Schema: pos; Owner: -
--

CREATE UNIQUE INDEX "D_POS_OrderLine_UU_Idx" ON pos.d_pos_orderline USING btree (d_pos_orderline_uu);


--
-- TOC entry 4836 (class 1259 OID 385753)
-- Name: D_POS_Order_UU_Idx; Type: INDEX; Schema: pos; Owner: -
--

CREATE UNIQUE INDEX "D_POS_Order_UU_Idx" ON pos.d_pos_order USING btree (d_pos_order_uu);


--
-- TOC entry 4963 (class 1259 OID 392905)
-- Name: D_POS_Terminal_UU_Idx; Type: INDEX; Schema: pos; Owner: -
--

CREATE UNIQUE INDEX "D_POS_Terminal_UU_Idx" ON pos.d_pos_terminal USING btree (d_pos_terminal_uu);


--
-- TOC entry 4833 (class 1259 OID 385738)
-- Name: D_Payment_UU_Idx; Type: INDEX; Schema: pos; Owner: -
--

CREATE UNIQUE INDEX "D_Payment_UU_Idx" ON pos.d_payment USING btree (d_payment_uu);


--
-- TOC entry 4931 (class 1259 OID 388808)
-- Name: D_PriceList_Org_UU_Idx; Type: INDEX; Schema: pos; Owner: -
--

CREATE UNIQUE INDEX "D_PriceList_Org_UU_Idx" ON pos.d_pricelist_org USING btree (d_pricelist_org_uu);


--
-- TOC entry 4926 (class 1259 OID 388789)
-- Name: D_PriceList_Product_UU_Idx; Type: INDEX; Schema: pos; Owner: -
--

CREATE UNIQUE INDEX "D_PriceList_Product_UU_Idx" ON pos.d_pricelist_product USING btree (d_pricelist_product_uu);


--
-- TOC entry 4923 (class 1259 OID 388768)
-- Name: D_PriceList_UU_Idx; Type: INDEX; Schema: pos; Owner: -
--

CREATE UNIQUE INDEX "D_PriceList_UU_Idx" ON pos.d_pricelist USING btree (d_pricelist_uu);


--
-- TOC entry 4936 (class 1259 OID 390242)
-- Name: D_Print_Report_UU_Idx; Type: INDEX; Schema: pos; Owner: -
--

CREATE UNIQUE INDEX "D_Print_Report_UU_Idx" ON pos.d_print_report USING btree (d_print_report_uu);


--
-- TOC entry 4848 (class 1259 OID 385786)
-- Name: D_Product_Category_UU_Idx; Type: INDEX; Schema: pos; Owner: -
--

CREATE UNIQUE INDEX "D_Product_Category_UU_Idx" ON pos.d_product_category USING btree (d_product_category_uu);


--
-- TOC entry 4851 (class 1259 OID 385793)
-- Name: D_Product_Combo_UU_Idx; Type: INDEX; Schema: pos; Owner: -
--

CREATE UNIQUE INDEX "D_Product_Combo_UU_Idx" ON pos.d_product_combo USING btree (d_product_combo_uu);


--
-- TOC entry 4842 (class 1259 OID 385778)
-- Name: D_Product_UU_Idx; Type: INDEX; Schema: pos; Owner: -
--

CREATE UNIQUE INDEX "D_Product_UU_Idx" ON pos.d_product USING btree (d_product_uu);


--
-- TOC entry 5005 (class 1259 OID 393501)
-- Name: D_ReconcileDetail_UU_Idx; Type: INDEX; Schema: pos; Owner: -
--

CREATE UNIQUE INDEX "D_ReconcileDetail_UU_Idx" ON pos.d_reconciledetail USING btree (d_reconciledetail_uu);


--
-- TOC entry 4861 (class 1259 OID 385823)
-- Name: D_Reference_List_UU_Idx; Type: INDEX; Schema: pos; Owner: -
--

CREATE UNIQUE INDEX "D_Reference_List_UU_Idx" ON pos.d_reference_list USING btree (d_reference_list_uu);


--
-- TOC entry 4856 (class 1259 OID 385800)
-- Name: D_Reference_UU_Idx; Type: INDEX; Schema: pos; Owner: -
--

CREATE UNIQUE INDEX "D_Reference_UU_Idx" ON pos.d_reference USING btree (d_reference_uu);


--
-- TOC entry 4866 (class 1259 OID 385831)
-- Name: D_Reservation_Line_UU_Idx; Type: INDEX; Schema: pos; Owner: -
--

CREATE UNIQUE INDEX "D_Reservation_Line_UU_Idx" ON pos.d_reservation_line USING btree (d_reservation_line_uu);


--
-- TOC entry 4869 (class 1259 OID 385842)
-- Name: D_Reservation_Order_UU_Idx; Type: INDEX; Schema: pos; Owner: -
--

CREATE UNIQUE INDEX "D_Reservation_Order_UU_Idx" ON pos.d_reservation_order USING btree (d_reservation_order_uu);


--
-- TOC entry 4872 (class 1259 OID 385850)
-- Name: D_Role_UU_Idx; Type: INDEX; Schema: pos; Owner: -
--

CREATE UNIQUE INDEX "D_Role_UU_Idx" ON pos.d_role USING btree (d_role_uu);


--
-- TOC entry 4973 (class 1259 OID 393042)
-- Name: D_Shift_Control_UU_Idx; Type: INDEX; Schema: pos; Owner: -
--

CREATE UNIQUE INDEX "D_Shift_Control_UU_Idx" ON pos.d_shift_control USING btree (d_shift_control_uu);


--
-- TOC entry 4877 (class 1259 OID 385865)
-- Name: D_Storage_Onhand_UU_Idx; Type: INDEX; Schema: pos; Owner: -
--

CREATE UNIQUE INDEX "D_Storage_Onhand_UU_Idx" ON pos.d_storage_onhand USING btree (d_storage_onhand_uu);


--
-- TOC entry 4880 (class 1259 OID 385873)
-- Name: D_Table_UU_Idx; Type: INDEX; Schema: pos; Owner: -
--

CREATE UNIQUE INDEX "D_Table_UU_Idx" ON pos.d_table USING btree (d_table_uu);


--
-- TOC entry 4890 (class 1259 OID 385892)
-- Name: D_Tax_Category_UU_Idx; Type: INDEX; Schema: pos; Owner: -
--

CREATE UNIQUE INDEX "D_Tax_Category_UU_Idx" ON pos.d_tax_category USING btree (d_tax_category_uu);


--
-- TOC entry 4887 (class 1259 OID 385883)
-- Name: D_Tax_UU_Idx; Type: INDEX; Schema: pos; Owner: -
--

CREATE UNIQUE INDEX "D_Tax_UU_Idx" ON pos.d_tax USING btree (d_tax_uu);


--
-- TOC entry 4893 (class 1259 OID 385903)
-- Name: D_Tenant_UU_Idx; Type: INDEX; Schema: pos; Owner: -
--

CREATE UNIQUE INDEX "D_Tenant_UU_Idx" ON pos.d_tenant USING btree (d_tenant_uu);


--
-- TOC entry 4896 (class 1259 OID 385910)
-- Name: D_UOM_UU_Idx; Type: INDEX; Schema: pos; Owner: -
--

CREATE UNIQUE INDEX "D_UOM_UU_Idx" ON pos.d_uom USING btree (d_uom_uu);


--
-- TOC entry 4901 (class 1259 OID 385919)
-- Name: D_User_UU_Idx; Type: INDEX; Schema: pos; Owner: -
--

CREATE UNIQUE INDEX "D_User_UU_Idx" ON pos.d_user USING btree (d_user_uu);


--
-- TOC entry 4910 (class 1259 OID 385938)
-- Name: D_Vendor_UU_Idx; Type: INDEX; Schema: pos; Owner: -
--

CREATE UNIQUE INDEX "D_Vendor_UU_Idx" ON pos.d_vendor USING btree (d_vendor_uu);


--
-- TOC entry 4913 (class 1259 OID 385949)
-- Name: D_Voucher_UU_Idx; Type: INDEX; Schema: pos; Owner: -
--

CREATE UNIQUE INDEX "D_Voucher_UU_Idx" ON pos.d_voucher USING btree (d_voucher_uu);


--
-- TOC entry 4819 (class 1259 OID 385643)
-- Name: D_Warehouse_ID_Idx; Type: INDEX; Schema: pos; Owner: -
--

CREATE INDEX "D_Warehouse_ID_Idx" ON pos.d_locator USING btree (d_warehouse_id);


--
-- TOC entry 4916 (class 1259 OID 385973)
-- Name: D_Warehouse_UU_Idx; Type: INDEX; Schema: pos; Owner: -
--

CREATE UNIQUE INDEX "D_Warehouse_UU_Idx" ON pos.d_warehouse USING btree (d_warehouse_uu);


--
-- TOC entry 4962 (class 1259 OID 392857)
-- Name: d_attribute_d_attribute_uu_index; Type: INDEX; Schema: pos; Owner: -
--

CREATE INDEX d_attribute_d_attribute_uu_index ON pos.d_attribute USING btree (d_attribute_uu);


--
-- TOC entry 4992 (class 1259 OID 393258)
-- Name: d_bank_UU_Idx; Type: INDEX; Schema: pos; Owner: -
--

CREATE UNIQUE INDEX "d_bank_UU_Idx" ON pos.d_bank USING btree (d_bank_uu);


--
-- TOC entry 4993 (class 1259 OID 393290)
-- Name: d_bankaccount_UU_Idx; Type: INDEX; Schema: pos; Owner: -
--

CREATE UNIQUE INDEX "d_bankaccount_UU_Idx" ON pos.d_bankaccount USING btree (d_bankaccount_uu);


--
-- TOC entry 4953 (class 1259 OID 390975)
-- Name: d_cancel_reason_uu_Idx; Type: INDEX; Schema: pos; Owner: -
--

CREATE UNIQUE INDEX "d_cancel_reason_uu_Idx" ON pos.d_cancel_reason USING btree (d_cancel_reason_uu);


--
-- TOC entry 4996 (class 1259 OID 393380)
-- Name: d_erp_integration_UU_Idx; Type: INDEX; Schema: pos; Owner: -
--

CREATE UNIQUE INDEX "d_erp_integration_UU_Idx" ON pos.d_erp_integration USING btree (d_erp_integration_uu);


--
-- TOC entry 4786 (class 1259 OID 387600)
-- Name: d_expense_category_uu_idx; Type: INDEX; Schema: pos; Owner: -
--

CREATE INDEX d_expense_category_uu_idx ON pos.d_expense_category USING btree (d_expense_category_uu);


--
-- TOC entry 5016 (class 1259 OID 393816)
-- Name: d_integration_historyn_UU_Idx; Type: INDEX; Schema: pos; Owner: -
--

CREATE UNIQUE INDEX "d_integration_historyn_UU_Idx" ON pos.d_integration_history USING btree (d_integration_history_uu);


--
-- TOC entry 4941 (class 1259 OID 390885)
-- Name: d_kitchen_order_uu_Idx; Type: INDEX; Schema: pos; Owner: -
--

CREATE UNIQUE INDEX "d_kitchen_order_uu_Idx" ON pos.d_kitchen_order USING btree (d_kitchen_order_uu);


--
-- TOC entry 4944 (class 1259 OID 390916)
-- Name: d_kitchen_orderline_uu_Idx; Type: INDEX; Schema: pos; Owner: -
--

CREATE UNIQUE INDEX "d_kitchen_orderline_uu_Idx" ON pos.d_kitchen_orderline USING btree (d_kitchen_orderline_uu);


--
-- TOC entry 4947 (class 1259 OID 390934)
-- Name: d_note_group_uu_Idx; Type: INDEX; Schema: pos; Owner: -
--

CREATE UNIQUE INDEX "d_note_group_uu_Idx" ON pos.d_note_group USING btree (d_note_group_uu);


--
-- TOC entry 4950 (class 1259 OID 390957)
-- Name: d_note_uu_Idx; Type: INDEX; Schema: pos; Owner: -
--

CREATE UNIQUE INDEX "d_note_uu_Idx" ON pos.d_note USING btree (d_note_uu);


--
-- TOC entry 4832 (class 1259 OID 387653)
-- Name: d_org_d_org_uu_idx; Type: INDEX; Schema: pos; Owner: -
--

CREATE INDEX d_org_d_org_uu_idx ON pos.d_org USING btree (d_org_uu);


--
-- TOC entry 5008 (class 1259 OID 393738)
-- Name: d_pay_method_UU_Idx; Type: INDEX; Schema: pos; Owner: -
--

CREATE UNIQUE INDEX "d_pay_method_UU_Idx" ON pos.d_pay_method USING btree (d_pay_method_uu);


--
-- TOC entry 5013 (class 1259 OID 393792)
-- Name: d_paymethod_org_UU_Idx; Type: INDEX; Schema: pos; Owner: -
--

CREATE UNIQUE INDEX "d_paymethod_org_UU_Idx" ON pos.d_paymethod_org USING btree (d_paymethod_org_uu);


--
-- TOC entry 4987 (class 1259 OID 393149)
-- Name: d_pc_terminalaccess_UU_Idx; Type: INDEX; Schema: pos; Owner: -
--

CREATE UNIQUE INDEX "d_pc_terminalaccess_UU_Idx" ON pos.d_pc_terminalaccess USING btree (d_pc_terminalaccess_uu);


--
-- TOC entry 4979 (class 1259 OID 393095)
-- Name: d_pos_payment_UU_Idx; Type: INDEX; Schema: pos; Owner: -
--

CREATE UNIQUE INDEX "d_pos_payment_UU_Idx" ON pos.d_pos_payment USING btree (d_pos_payment_uu);


--
-- TOC entry 4982 (class 1259 OID 393123)
-- Name: d_pos_taxline_UU_Idx; Type: INDEX; Schema: pos; Owner: -
--

CREATE UNIQUE INDEX "d_pos_taxline_UU_Idx" ON pos.d_pos_taxline USING btree (d_pos_taxline_uu);


--
-- TOC entry 4978 (class 1259 OID 393067)
-- Name: d_product_location_UU_Idx; Type: INDEX; Schema: pos; Owner: -
--

CREATE UNIQUE INDEX "d_product_location_UU_Idx" ON pos.d_product_location USING btree (d_product_location_uu);


--
-- TOC entry 4847 (class 1259 OID 387579)
-- Name: d_product_productcategory; Type: INDEX; Schema: pos; Owner: -
--

CREATE INDEX d_product_productcategory ON pos.d_product USING btree (d_product_category_id);


--
-- TOC entry 4999 (class 1259 OID 393428)
-- Name: d_production_UU_Idx; Type: INDEX; Schema: pos; Owner: -
--

CREATE UNIQUE INDEX "d_production_UU_Idx" ON pos.d_production USING btree (d_production_uu);


--
-- TOC entry 5002 (class 1259 OID 393455)
-- Name: d_productionline_UU_Idx; Type: INDEX; Schema: pos; Owner: -
--

CREATE UNIQUE INDEX "d_productionline_UU_Idx" ON pos.d_productionline USING btree (d_productionline_uu);


--
-- TOC entry 5019 (class 1259 OID 394309)
-- Name: d_purchase_order_UU_Idx; Type: INDEX; Schema: pos; Owner: -
--

CREATE UNIQUE INDEX "d_purchase_order_UU_Idx" ON pos.d_purchase_order USING btree (d_purchase_order_uu);


--
-- TOC entry 5022 (class 1259 OID 394340)
-- Name: d_purchase_orderline_UU_Idx; Type: INDEX; Schema: pos; Owner: -
--

CREATE UNIQUE INDEX "d_purchase_orderline_UU_Idx" ON pos.d_purchase_orderline USING btree (d_purchase_orderline_uu);


--
-- TOC entry 5374 (class 2618 OID 473366)
-- Name: d_sc_posorder_get_v _RETURN; Type: RULE; Schema: pos; Owner: -
--

CREATE OR REPLACE VIEW pos.d_sc_posorder_get_v AS
 SELECT DISTINCT sh.d_shift_control_id,
    sh.d_tenant_id,
    sh.d_org_id,
    sh.created,
    sh.created_by,
    sh.is_active,
    sh.updated,
    sh.updated_by,
    COALESCE(( SELECT sum(d_pos_payment.total_amount) AS sum
           FROM pos.d_pos_payment
          WHERE ((dp.d_pos_order_id = dp.d_pos_order_id) AND ((d_pos_payment.payment_method)::text = 'CAS'::text))), (0)::numeric) AS cash,
    COALESCE(( SELECT count(*) AS count
           FROM pos.d_pos_payment
          WHERE ((dp.d_pos_order_id = dp.d_pos_order_id) AND ((d_pos_payment.payment_method)::text = 'CAS'::text))), (0)::bigint) AS qty_cash,
    COALESCE(( SELECT sum(d_pos_payment.total_amount) AS sum
           FROM pos.d_pos_payment
          WHERE ((dp.d_pos_order_id = dp.d_pos_order_id) AND ((d_pos_payment.payment_method)::text = 'VIS'::text))), (0)::numeric) AS visa,
    COALESCE(( SELECT count(*) AS count
           FROM pos.d_pos_payment
          WHERE ((dp.d_pos_order_id = dp.d_pos_order_id) AND ((d_pos_payment.payment_method)::text = 'VIS'::text))), (0)::bigint) AS qty_visa,
    COALESCE(( SELECT sum(d_pos_payment.total_amount) AS sum
           FROM pos.d_pos_payment
          WHERE ((dp.d_pos_order_id = dp.d_pos_order_id) AND ((d_pos_payment.payment_method)::text = 'DEB'::text))), (0)::numeric) AS deb,
    COALESCE(( SELECT count(*) AS count
           FROM pos.d_pos_payment
          WHERE ((dp.d_pos_order_id = dp.d_pos_order_id) AND ((d_pos_payment.payment_method)::text = 'DEB'::text))), (0)::bigint) AS qty_deb,
    COALESCE(( SELECT sum(d_pos_payment.total_amount) AS sum
           FROM pos.d_pos_payment
          WHERE ((dp.d_pos_order_id = dp.d_pos_order_id) AND ((d_pos_payment.payment_method)::text = 'LYT'::text))), (0)::numeric) AS loyalty,
    COALESCE(( SELECT count(*) AS count
           FROM pos.d_pos_payment
          WHERE ((dp.d_pos_order_id = dp.d_pos_order_id) AND ((d_pos_payment.payment_method)::text = 'LYT'::text))), (0)::bigint) AS qty_loyalty,
    COALESCE(( SELECT sum(d_pos_payment.total_amount) AS sum
           FROM pos.d_pos_payment
          WHERE ((dp.d_pos_order_id = dp.d_pos_order_id) AND ((d_pos_payment.payment_method)::text = 'BAN'::text))), (0)::numeric) AS bank,
    COALESCE(( SELECT count(*) AS count
           FROM pos.d_pos_payment
          WHERE ((dp.d_pos_order_id = dp.d_pos_order_id) AND ((d_pos_payment.payment_method)::text = 'BAN'::text))), (0)::bigint) AS qty_bank
   FROM (pos.d_shift_control sh
     LEFT JOIN pos.d_pos_order dp ON ((sh.d_shift_control_id = dp.d_shift_control_id)))
  WHERE ((dp.order_status)::text = 'COM'::text)
  GROUP BY dp.d_pos_order_id, dp.document_no, sh.d_shift_control_id, dp.d_tenant_id, dp.d_org_id, dp.created, dp.created_by, dp.is_active, dp.updated, dp.updated_by;


--
-- TOC entry 5178 (class 2606 OID 393285)
-- Name: d_bankaccount FK_Bank_DBankAccount; Type: FK CONSTRAINT; Schema: pos; Owner: -
--

ALTER TABLE ONLY pos.d_bankaccount
    ADD CONSTRAINT "FK_Bank_DBankAccount" FOREIGN KEY (d_bank_id) REFERENCES pos.d_bank(d_bank_id);


--
-- TOC entry 5189 (class 2606 OID 393733)
-- Name: d_pay_method FK_Bank_DPayMethod; Type: FK CONSTRAINT; Schema: pos; Owner: -
--

ALTER TABLE ONLY pos.d_pay_method
    ADD CONSTRAINT "FK_Bank_DPayMethod" FOREIGN KEY (d_bank_id) REFERENCES pos.d_bank(d_bank_id);


--
-- TOC entry 5054 (class 2606 OID 386359)
-- Name: d_invoice FK_Customer_DInvoice; Type: FK CONSTRAINT; Schema: pos; Owner: -
--

ALTER TABLE ONLY pos.d_invoice
    ADD CONSTRAINT "FK_Customer_DInvoice" FOREIGN KEY (d_customer_id) REFERENCES pos.d_customer(d_customer_id);


--
-- TOC entry 5222 (class 2606 OID 550284)
-- Name: d_tenant_banner FK_D_Tenant_DImage; Type: FK CONSTRAINT; Schema: pos; Owner: -
--

ALTER TABLE ONLY pos.d_tenant_banner
    ADD CONSTRAINT "FK_D_Tenant_DImage" FOREIGN KEY (d_image_id) REFERENCES pos.d_image(d_image_id);


--
-- TOC entry 5068 (class 2606 OID 386429)
-- Name: d_org FK_D_Tenant_DOrg; Type: FK CONSTRAINT; Schema: pos; Owner: -
--

ALTER TABLE ONLY pos.d_org
    ADD CONSTRAINT "FK_D_Tenant_DOrg" FOREIGN KEY (d_tenant_id) REFERENCES pos.d_tenant(d_tenant_id);


--
-- TOC entry 5223 (class 2606 OID 550279)
-- Name: d_tenant_banner FK_D_Tenant_DOrg; Type: FK CONSTRAINT; Schema: pos; Owner: -
--

ALTER TABLE ONLY pos.d_tenant_banner
    ADD CONSTRAINT "FK_D_Tenant_DOrg" FOREIGN KEY (d_tenant_id) REFERENCES pos.d_tenant(d_tenant_id);


--
-- TOC entry 5224 (class 2606 OID 550301)
-- Name: d_org_banner FK_D_banner_org; Type: FK CONSTRAINT; Schema: pos; Owner: -
--

ALTER TABLE ONLY pos.d_org_banner
    ADD CONSTRAINT "FK_D_banner_org" FOREIGN KEY (d_org_id) REFERENCES pos.d_org(d_org_id);


--
-- TOC entry 5225 (class 2606 OID 550306)
-- Name: d_org_banner FK_D_org_banner_DImage; Type: FK CONSTRAINT; Schema: pos; Owner: -
--

ALTER TABLE ONLY pos.d_org_banner
    ADD CONSTRAINT "FK_D_org_banner_DImage" FOREIGN KEY (d_image_id) REFERENCES pos.d_image(d_image_id);


--
-- TOC entry 5048 (class 2606 OID 386234)
-- Name: d_expense FK_ExpenseCategory_DExpense; Type: FK CONSTRAINT; Schema: pos; Owner: -
--

ALTER TABLE ONLY pos.d_expense
    ADD CONSTRAINT "FK_ExpenseCategory_DExpense" FOREIGN KEY (d_expense_category_id) REFERENCES pos.d_expense_category(d_expense_category_id);


--
-- TOC entry 5092 (class 2606 OID 386539)
-- Name: d_reservation_order FK_Floor_DReservationOrder; Type: FK CONSTRAINT; Schema: pos; Owner: -
--

ALTER TABLE ONLY pos.d_reservation_order
    ADD CONSTRAINT "FK_Floor_DReservationOrder" FOREIGN KEY (d_floor_id) REFERENCES pos.d_floor(d_floor_id);


--
-- TOC entry 5103 (class 2606 OID 386664)
-- Name: d_table FK_Floor_DTable; Type: FK CONSTRAINT; Schema: pos; Owner: -
--

ALTER TABLE ONLY pos.d_table
    ADD CONSTRAINT "FK_Floor_DTable" FOREIGN KEY (d_floor_id) REFERENCES pos.d_floor(d_floor_id);


--
-- TOC entry 5111 (class 2606 OID 386754)
-- Name: d_tenant FK_Industry_DTenant; Type: FK CONSTRAINT; Schema: pos; Owner: -
--

ALTER TABLE ONLY pos.d_tenant
    ADD CONSTRAINT "FK_Industry_DTenant" FOREIGN KEY (d_industry_id) REFERENCES pos.d_industry(d_industry_id);


--
-- TOC entry 5057 (class 2606 OID 386384)
-- Name: d_invoiceline FK_Invoice_DInvoiceLine; Type: FK CONSTRAINT; Schema: pos; Owner: -
--

ALTER TABLE ONLY pos.d_invoiceline
    ADD CONSTRAINT "FK_Invoice_DInvoiceLine" FOREIGN KEY (d_invoice_id) REFERENCES pos.d_invoice(d_invoice_id);


--
-- TOC entry 5140 (class 2606 OID 390911)
-- Name: d_kitchen_orderline FK_KitchenOrder_DKitchenOrderLine; Type: FK CONSTRAINT; Schema: pos; Owner: -
--

ALTER TABLE ONLY pos.d_kitchen_orderline
    ADD CONSTRAINT "FK_KitchenOrder_DKitchenOrderLine" FOREIGN KEY (d_kitchen_order_id) REFERENCES pos.d_kitchen_order(d_kitchen_order_id);


--
-- TOC entry 5099 (class 2606 OID 386649)
-- Name: d_storage_onhand FK_Locator_DStorageOnhand; Type: FK CONSTRAINT; Schema: pos; Owner: -
--

ALTER TABLE ONLY pos.d_storage_onhand
    ADD CONSTRAINT "FK_Locator_DStorageOnhand" FOREIGN KEY (d_locator_id) REFERENCES pos.d_locator(d_locator_id);


--
-- TOC entry 5066 (class 2606 OID 386424)
-- Name: d_orderline FK_Order_DOrderLine; Type: FK CONSTRAINT; Schema: pos; Owner: -
--

ALTER TABLE ONLY pos.d_orderline
    ADD CONSTRAINT "FK_Order_DOrderLine" FOREIGN KEY (d_order_id) REFERENCES pos.d_order(d_order_id);


--
-- TOC entry 5176 (class 2606 OID 393248)
-- Name: d_bank FK_Org_DBank; Type: FK CONSTRAINT; Schema: pos; Owner: -
--

ALTER TABLE ONLY pos.d_bank
    ADD CONSTRAINT "FK_Org_DBank" FOREIGN KEY (d_org_id) REFERENCES pos.d_org(d_org_id);


--
-- TOC entry 5179 (class 2606 OID 393275)
-- Name: d_bankaccount FK_Org_DBankAccount; Type: FK CONSTRAINT; Schema: pos; Owner: -
--

ALTER TABLE ONLY pos.d_bankaccount
    ADD CONSTRAINT "FK_Org_DBankAccount" FOREIGN KEY (d_org_id) REFERENCES pos.d_org(d_org_id);


--
-- TOC entry 5215 (class 2606 OID 394905)
-- Name: d_api_trace_log FK_Org_DBankAccount; Type: FK CONSTRAINT; Schema: pos; Owner: -
--

ALTER TABLE ONLY pos.d_api_trace_log
    ADD CONSTRAINT "FK_Org_DBankAccount" FOREIGN KEY (d_org_id) REFERENCES pos.d_org(d_org_id);


--
-- TOC entry 5040 (class 2606 OID 386144)
-- Name: d_config FK_Org_DConfig; Type: FK CONSTRAINT; Schema: pos; Owner: -
--

ALTER TABLE ONLY pos.d_config
    ADD CONSTRAINT "FK_Org_DConfig" FOREIGN KEY (d_org_id) REFERENCES pos.d_org(d_org_id);


--
-- TOC entry 5158 (class 2606 OID 392924)
-- Name: d_coupon FK_Org_DCoupon; Type: FK CONSTRAINT; Schema: pos; Owner: -
--

ALTER TABLE ONLY pos.d_coupon
    ADD CONSTRAINT "FK_Org_DCoupon" FOREIGN KEY (d_org_id) REFERENCES pos.d_org(d_org_id);


--
-- TOC entry 5042 (class 2606 OID 386154)
-- Name: d_currency FK_Org_DCurrency; Type: FK CONSTRAINT; Schema: pos; Owner: -
--

ALTER TABLE ONLY pos.d_currency
    ADD CONSTRAINT "FK_Org_DCurrency" FOREIGN KEY (d_org_id) REFERENCES pos.d_org(d_org_id);


--
-- TOC entry 5181 (class 2606 OID 393370)
-- Name: d_erp_integration FK_Org_DERPIntegration; Type: FK CONSTRAINT; Schema: pos; Owner: -
--

ALTER TABLE ONLY pos.d_erp_integration
    ADD CONSTRAINT "FK_Org_DERPIntegration" FOREIGN KEY (d_org_id) REFERENCES pos.d_org(d_org_id);


--
-- TOC entry 5051 (class 2606 OID 386319)
-- Name: d_floor FK_Org_DFloor; Type: FK CONSTRAINT; Schema: pos; Owner: -
--

ALTER TABLE ONLY pos.d_floor
    ADD CONSTRAINT "FK_Org_DFloor" FOREIGN KEY (d_org_id) REFERENCES pos.d_org(d_org_id);


--
-- TOC entry 5195 (class 2606 OID 393806)
-- Name: d_integration_history FK_Org_DIntegrationHistory; Type: FK CONSTRAINT; Schema: pos; Owner: -
--

ALTER TABLE ONLY pos.d_integration_history
    ADD CONSTRAINT "FK_Org_DIntegrationHistory" FOREIGN KEY (d_org_id) REFERENCES pos.d_org(d_org_id);


--
-- TOC entry 5055 (class 2606 OID 386349)
-- Name: d_invoice FK_Org_DInvoice; Type: FK CONSTRAINT; Schema: pos; Owner: -
--

ALTER TABLE ONLY pos.d_invoice
    ADD CONSTRAINT "FK_Org_DInvoice" FOREIGN KEY (d_org_id) REFERENCES pos.d_org(d_org_id);


--
-- TOC entry 5058 (class 2606 OID 386379)
-- Name: d_invoiceline FK_Org_DInvoiceLine; Type: FK CONSTRAINT; Schema: pos; Owner: -
--

ALTER TABLE ONLY pos.d_invoiceline
    ADD CONSTRAINT "FK_Org_DInvoiceLine" FOREIGN KEY (d_org_id) REFERENCES pos.d_org(d_org_id);


--
-- TOC entry 5060 (class 2606 OID 386394)
-- Name: d_language FK_Org_DLanguage; Type: FK CONSTRAINT; Schema: pos; Owner: -
--

ALTER TABLE ONLY pos.d_language
    ADD CONSTRAINT "FK_Org_DLanguage" FOREIGN KEY (d_org_id) REFERENCES pos.d_org(d_org_id);


--
-- TOC entry 5064 (class 2606 OID 386414)
-- Name: d_order FK_Org_DOrder; Type: FK CONSTRAINT; Schema: pos; Owner: -
--

ALTER TABLE ONLY pos.d_order
    ADD CONSTRAINT "FK_Org_DOrder" FOREIGN KEY (d_org_id) REFERENCES pos.d_org(d_org_id);


--
-- TOC entry 5171 (class 2606 OID 393139)
-- Name: d_pc_terminalaccess FK_Org_DPCTerminalAccess; Type: FK CONSTRAINT; Schema: pos; Owner: -
--

ALTER TABLE ONLY pos.d_pc_terminalaccess
    ADD CONSTRAINT "FK_Org_DPCTerminalAccess" FOREIGN KEY (d_org_id) REFERENCES pos.d_org(d_org_id);


--
-- TOC entry 5071 (class 2606 OID 386449)
-- Name: d_pos_order FK_Org_DPOSORder; Type: FK CONSTRAINT; Schema: pos; Owner: -
--

ALTER TABLE ONLY pos.d_pos_order
    ADD CONSTRAINT "FK_Org_DPOSORder" FOREIGN KEY (d_org_id) REFERENCES pos.d_org(d_org_id);


--
-- TOC entry 5074 (class 2606 OID 386459)
-- Name: d_pos_orderline FK_Org_DPOSOrderLine; Type: FK CONSTRAINT; Schema: pos; Owner: -
--

ALTER TABLE ONLY pos.d_pos_orderline
    ADD CONSTRAINT "FK_Org_DPOSOrderLine" FOREIGN KEY (d_org_id) REFERENCES pos.d_org(d_org_id);


--
-- TOC entry 5167 (class 2606 OID 393085)
-- Name: d_pos_payment FK_Org_DPOSPayment; Type: FK CONSTRAINT; Schema: pos; Owner: -
--

ALTER TABLE ONLY pos.d_pos_payment
    ADD CONSTRAINT "FK_Org_DPOSPayment" FOREIGN KEY (d_org_id) REFERENCES pos.d_org(d_org_id);


--
-- TOC entry 5169 (class 2606 OID 393113)
-- Name: d_pos_taxline FK_Org_DPOSTaxLine; Type: FK CONSTRAINT; Schema: pos; Owner: -
--

ALTER TABLE ONLY pos.d_pos_taxline
    ADD CONSTRAINT "FK_Org_DPOSTaxLine" FOREIGN KEY (d_org_id) REFERENCES pos.d_org(d_org_id);


--
-- TOC entry 5156 (class 2606 OID 392895)
-- Name: d_pos_terminal FK_Org_DPOSTerminal; Type: FK CONSTRAINT; Schema: pos; Owner: -
--

ALTER TABLE ONLY pos.d_pos_terminal
    ADD CONSTRAINT "FK_Org_DPOSTerminal" FOREIGN KEY (d_org_id) REFERENCES pos.d_org(d_org_id);


--
-- TOC entry 5190 (class 2606 OID 393723)
-- Name: d_pay_method FK_Org_DPayMethod; Type: FK CONSTRAINT; Schema: pos; Owner: -
--

ALTER TABLE ONLY pos.d_pay_method
    ADD CONSTRAINT "FK_Org_DPayMethod" FOREIGN KEY (d_org_id) REFERENCES pos.d_org(d_org_id);


--
-- TOC entry 5192 (class 2606 OID 393777)
-- Name: d_paymethod_org FK_Org_DPayMethodOrg; Type: FK CONSTRAINT; Schema: pos; Owner: -
--

ALTER TABLE ONLY pos.d_paymethod_org
    ADD CONSTRAINT "FK_Org_DPayMethodOrg" FOREIGN KEY (d_org_id) REFERENCES pos.d_org(d_org_id);


--
-- TOC entry 5069 (class 2606 OID 386439)
-- Name: d_payment FK_Org_DPayment; Type: FK CONSTRAINT; Schema: pos; Owner: -
--

ALTER TABLE ONLY pos.d_payment
    ADD CONSTRAINT "FK_Org_DPayment" FOREIGN KEY (d_org_id) REFERENCES pos.d_org(d_org_id);


--
-- TOC entry 5077 (class 2606 OID 386474)
-- Name: d_product FK_Org_DProduct; Type: FK CONSTRAINT; Schema: pos; Owner: -
--

ALTER TABLE ONLY pos.d_product
    ADD CONSTRAINT "FK_Org_DProduct" FOREIGN KEY (d_org_id) REFERENCES pos.d_org(d_org_id);


--
-- TOC entry 5081 (class 2606 OID 386484)
-- Name: d_product_category FK_Org_DProductCategory; Type: FK CONSTRAINT; Schema: pos; Owner: -
--

ALTER TABLE ONLY pos.d_product_category
    ADD CONSTRAINT "FK_Org_DProductCategory" FOREIGN KEY (d_org_id) REFERENCES pos.d_org(d_org_id);


--
-- TOC entry 5084 (class 2606 OID 386489)
-- Name: d_product_combo FK_Org_DProductCombo; Type: FK CONSTRAINT; Schema: pos; Owner: -
--

ALTER TABLE ONLY pos.d_product_combo
    ADD CONSTRAINT "FK_Org_DProductCombo" FOREIGN KEY (d_org_id) REFERENCES pos.d_org(d_org_id);


--
-- TOC entry 5165 (class 2606 OID 393057)
-- Name: d_product_location FK_Org_DProductLocation; Type: FK CONSTRAINT; Schema: pos; Owner: -
--

ALTER TABLE ONLY pos.d_product_location
    ADD CONSTRAINT "FK_Org_DProductLocation" FOREIGN KEY (d_org_id) REFERENCES pos.d_org(d_org_id);


--
-- TOC entry 5183 (class 2606 OID 393418)
-- Name: d_production FK_Org_DProduction; Type: FK CONSTRAINT; Schema: pos; Owner: -
--

ALTER TABLE ONLY pos.d_production
    ADD CONSTRAINT "FK_Org_DProduction" FOREIGN KEY (d_org_id) REFERENCES pos.d_org(d_org_id);


--
-- TOC entry 5185 (class 2606 OID 393445)
-- Name: d_productionline FK_Org_DProductionLine; Type: FK CONSTRAINT; Schema: pos; Owner: -
--

ALTER TABLE ONLY pos.d_productionline
    ADD CONSTRAINT "FK_Org_DProductionLine" FOREIGN KEY (d_org_id) REFERENCES pos.d_org(d_org_id);


--
-- TOC entry 5197 (class 2606 OID 394299)
-- Name: d_purchase_order FK_Org_DPurchaseOrder; Type: FK CONSTRAINT; Schema: pos; Owner: -
--

ALTER TABLE ONLY pos.d_purchase_order
    ADD CONSTRAINT "FK_Org_DPurchaseOrder" FOREIGN KEY (d_org_id) REFERENCES pos.d_org(d_org_id);


--
-- TOC entry 5199 (class 2606 OID 394325)
-- Name: d_purchase_orderline FK_Org_DPurchaseOrderLine; Type: FK CONSTRAINT; Schema: pos; Owner: -
--

ALTER TABLE ONLY pos.d_purchase_orderline
    ADD CONSTRAINT "FK_Org_DPurchaseOrderLine" FOREIGN KEY (d_org_id) REFERENCES pos.d_org(d_org_id);


--
-- TOC entry 5208 (class 2606 OID 394626)
-- Name: d_request_orderline FK_Org_DRQLINEORder; Type: FK CONSTRAINT; Schema: pos; Owner: -
--

ALTER TABLE ONLY pos.d_request_orderline
    ADD CONSTRAINT "FK_Org_DRQLINEORder" FOREIGN KEY (d_org_id) REFERENCES pos.d_org(d_org_id);


--
-- TOC entry 5202 (class 2606 OID 394590)
-- Name: d_request_order FK_Org_DRQORder; Type: FK CONSTRAINT; Schema: pos; Owner: -
--

ALTER TABLE ONLY pos.d_request_order
    ADD CONSTRAINT "FK_Org_DRQORder" FOREIGN KEY (d_org_id) REFERENCES pos.d_org(d_org_id);


--
-- TOC entry 5187 (class 2606 OID 393502)
-- Name: d_reconciledetail FK_Org_DReconcileDetail; Type: FK CONSTRAINT; Schema: pos; Owner: -
--

ALTER TABLE ONLY pos.d_reconciledetail
    ADD CONSTRAINT "FK_Org_DReconcileDetail" FOREIGN KEY (d_org_id) REFERENCES pos.d_org(d_org_id);


--
-- TOC entry 5090 (class 2606 OID 386524)
-- Name: d_reservation_line FK_Org_DReservationLine; Type: FK CONSTRAINT; Schema: pos; Owner: -
--

ALTER TABLE ONLY pos.d_reservation_line
    ADD CONSTRAINT "FK_Org_DReservationLine" FOREIGN KEY (d_org_id) REFERENCES pos.d_org(d_org_id);


--
-- TOC entry 5093 (class 2606 OID 386534)
-- Name: d_reservation_order FK_Org_DReservationOrder; Type: FK CONSTRAINT; Schema: pos; Owner: -
--

ALTER TABLE ONLY pos.d_reservation_order
    ADD CONSTRAINT "FK_Org_DReservationOrder" FOREIGN KEY (d_org_id) REFERENCES pos.d_org(d_org_id);


--
-- TOC entry 5162 (class 2606 OID 393032)
-- Name: d_shift_control FK_Org_DShiftControl; Type: FK CONSTRAINT; Schema: pos; Owner: -
--

ALTER TABLE ONLY pos.d_shift_control
    ADD CONSTRAINT "FK_Org_DShiftControl" FOREIGN KEY (d_org_id) REFERENCES pos.d_org(d_org_id);


--
-- TOC entry 5100 (class 2606 OID 386639)
-- Name: d_storage_onhand FK_Org_DStorageOnhand; Type: FK CONSTRAINT; Schema: pos; Owner: -
--

ALTER TABLE ONLY pos.d_storage_onhand
    ADD CONSTRAINT "FK_Org_DStorageOnhand" FOREIGN KEY (d_org_id) REFERENCES pos.d_org(d_org_id);


--
-- TOC entry 5104 (class 2606 OID 386659)
-- Name: d_table FK_Org_DTable; Type: FK CONSTRAINT; Schema: pos; Owner: -
--

ALTER TABLE ONLY pos.d_table
    ADD CONSTRAINT "FK_Org_DTable" FOREIGN KEY (d_org_id) REFERENCES pos.d_org(d_org_id);


--
-- TOC entry 5106 (class 2606 OID 386714)
-- Name: d_tax FK_Org_DTax; Type: FK CONSTRAINT; Schema: pos; Owner: -
--

ALTER TABLE ONLY pos.d_tax
    ADD CONSTRAINT "FK_Org_DTax" FOREIGN KEY (d_org_id) REFERENCES pos.d_org(d_org_id);


--
-- TOC entry 5109 (class 2606 OID 386729)
-- Name: d_tax_category FK_Org_DTaxCategory; Type: FK CONSTRAINT; Schema: pos; Owner: -
--

ALTER TABLE ONLY pos.d_tax_category
    ADD CONSTRAINT "FK_Org_DTaxCategory" FOREIGN KEY (d_org_id) REFERENCES pos.d_org(d_org_id);


--
-- TOC entry 5112 (class 2606 OID 386764)
-- Name: d_uom FK_Org_DUOM; Type: FK CONSTRAINT; Schema: pos; Owner: -
--

ALTER TABLE ONLY pos.d_uom
    ADD CONSTRAINT "FK_Org_DUOM" FOREIGN KEY (d_org_id) REFERENCES pos.d_org(d_org_id);


--
-- TOC entry 5116 (class 2606 OID 386784)
-- Name: d_userorg_access FK_Org_DUserOrgAccess; Type: FK CONSTRAINT; Schema: pos; Owner: -
--

ALTER TABLE ONLY pos.d_userorg_access
    ADD CONSTRAINT "FK_Org_DUserOrgAccess" FOREIGN KEY (d_org_id) REFERENCES pos.d_org(d_org_id);


--
-- TOC entry 5212 (class 2606 OID 394798)
-- Name: d_pos_org_access FK_Org_DUserOrgAccess; Type: FK CONSTRAINT; Schema: pos; Owner: -
--

ALTER TABLE ONLY pos.d_pos_org_access
    ADD CONSTRAINT "FK_Org_DUserOrgAccess" FOREIGN KEY (d_org_id) REFERENCES pos.d_org(d_org_id);


--
-- TOC entry 5123 (class 2606 OID 386809)
-- Name: d_voucher FK_Org_DVoucher; Type: FK CONSTRAINT; Schema: pos; Owner: -
--

ALTER TABLE ONLY pos.d_voucher
    ADD CONSTRAINT "FK_Org_DVoucher" FOREIGN KEY (d_org_id) REFERENCES pos.d_org(d_org_id);


--
-- TOC entry 5217 (class 2606 OID 409307)
-- Name: d_pos_closedcash FK_Org_Dclosedcash; Type: FK CONSTRAINT; Schema: pos; Owner: -
--

ALTER TABLE ONLY pos.d_pos_closedcash
    ADD CONSTRAINT "FK_Org_Dclosedcash" FOREIGN KEY (d_org_id) REFERENCES pos.d_org(d_org_id);


--
-- TOC entry 5125 (class 2606 OID 386819)
-- Name: d_warehouse FK_Org_ID; Type: FK CONSTRAINT; Schema: pos; Owner: -
--

ALTER TABLE ONLY pos.d_warehouse
    ADD CONSTRAINT "FK_Org_ID" FOREIGN KEY (d_org_id) REFERENCES pos.d_org(d_org_id);


--
-- TOC entry 5075 (class 2606 OID 386464)
-- Name: d_pos_orderline FK_POSOrder_DPOSOrderLine; Type: FK CONSTRAINT; Schema: pos; Owner: -
--

ALTER TABLE ONLY pos.d_pos_orderline
    ADD CONSTRAINT "FK_POSOrder_DPOSOrderLine" FOREIGN KEY (d_pos_order_id) REFERENCES pos.d_pos_order(d_pos_order_id);


--
-- TOC entry 5193 (class 2606 OID 393787)
-- Name: d_paymethod_org FK_PayMethod_DPayMethodOrg; Type: FK CONSTRAINT; Schema: pos; Owner: -
--

ALTER TABLE ONLY pos.d_paymethod_org
    ADD CONSTRAINT "FK_PayMethod_DPayMethodOrg" FOREIGN KEY (d_pay_method_id) REFERENCES pos.d_pay_method(d_pay_method_id);


--
-- TOC entry 5218 (class 2606 OID 409312)
-- Name: d_pos_closedcash FK_Pos_DTax; Type: FK CONSTRAINT; Schema: pos; Owner: -
--

ALTER TABLE ONLY pos.d_pos_closedcash
    ADD CONSTRAINT "FK_Pos_DTax" FOREIGN KEY (d_pos_terminal_id) REFERENCES pos.d_pos_terminal(d_pos_terminal_id);


--
-- TOC entry 5150 (class 2606 OID 391480)
-- Name: d_uom_product FK_Product_D; Type: FK CONSTRAINT; Schema: pos; Owner: -
--

ALTER TABLE ONLY pos.d_uom_product
    ADD CONSTRAINT "FK_Product_D" FOREIGN KEY (d_product_id) REFERENCES pos.d_product(d_product_id);


--
-- TOC entry 5085 (class 2606 OID 386499)
-- Name: d_product_combo FK_Product_DProductCombo; Type: FK CONSTRAINT; Schema: pos; Owner: -
--

ALTER TABLE ONLY pos.d_product_combo
    ADD CONSTRAINT "FK_Product_DProductCombo" FOREIGN KEY (d_product_id) REFERENCES pos.d_product(d_product_id);


--
-- TOC entry 5200 (class 2606 OID 394335)
-- Name: d_purchase_orderline FK_PurchaseOrder_DPurchaseOrderLine; Type: FK CONSTRAINT; Schema: pos; Owner: -
--

ALTER TABLE ONLY pos.d_purchase_orderline
    ADD CONSTRAINT "FK_PurchaseOrder_DPurchaseOrderLine" FOREIGN KEY (d_purchase_order_id) REFERENCES pos.d_purchase_order(d_purchase_order_id);


--
-- TOC entry 5088 (class 2606 OID 386514)
-- Name: d_reference_list FK_Reference_DReferenceList; Type: FK CONSTRAINT; Schema: pos; Owner: -
--

ALTER TABLE ONLY pos.d_reference_list
    ADD CONSTRAINT "FK_Reference_DReferenceList" FOREIGN KEY (d_reference_id) REFERENCES pos.d_reference(d_reference_id);


--
-- TOC entry 5118 (class 2606 OID 386794)
-- Name: d_user_role_access FK_Role_DUserRoleAccess; Type: FK CONSTRAINT; Schema: pos; Owner: -
--

ALTER TABLE ONLY pos.d_user_role_access
    ADD CONSTRAINT "FK_Role_DUserRoleAccess" FOREIGN KEY (d_role_id) REFERENCES pos.d_role(d_role_id);


--
-- TOC entry 5094 (class 2606 OID 386544)
-- Name: d_reservation_order FK_Table_DReservationOrder; Type: FK CONSTRAINT; Schema: pos; Owner: -
--

ALTER TABLE ONLY pos.d_reservation_order
    ADD CONSTRAINT "FK_Table_DReservationOrder" FOREIGN KEY (d_table_id) REFERENCES pos.d_table(d_table_id);


--
-- TOC entry 5107 (class 2606 OID 386719)
-- Name: d_tax FK_TaxCategory_DTax; Type: FK CONSTRAINT; Schema: pos; Owner: -
--

ALTER TABLE ONLY pos.d_tax
    ADD CONSTRAINT "FK_TaxCategory_DTax" FOREIGN KEY (d_tax_category_id) REFERENCES pos.d_tax_category(d_tax_category_id);


--
-- TOC entry 5155 (class 2606 OID 392852)
-- Name: d_attribute FK_Tenant_DAttr; Type: FK CONSTRAINT; Schema: pos; Owner: -
--

ALTER TABLE ONLY pos.d_attribute
    ADD CONSTRAINT "FK_Tenant_DAttr" FOREIGN KEY (d_tenant_id) REFERENCES pos.d_tenant(d_tenant_id);


--
-- TOC entry 5160 (class 2606 OID 392972)
-- Name: d_table_use_ref FK_Tenant_DAttr; Type: FK CONSTRAINT; Schema: pos; Owner: -
--

ALTER TABLE ONLY pos.d_table_use_ref
    ADD CONSTRAINT "FK_Tenant_DAttr" FOREIGN KEY (d_tenant_id) REFERENCES pos.d_tenant(d_tenant_id);


--
-- TOC entry 5174 (class 2606 OID 393192)
-- Name: d_attribute_value FK_Tenant_DAttr; Type: FK CONSTRAINT; Schema: pos; Owner: -
--

ALTER TABLE ONLY pos.d_attribute_value
    ADD CONSTRAINT "FK_Tenant_DAttr" FOREIGN KEY (d_tenant_id) REFERENCES pos.d_tenant(d_tenant_id);


--
-- TOC entry 5177 (class 2606 OID 393253)
-- Name: d_bank FK_Tenant_DBank; Type: FK CONSTRAINT; Schema: pos; Owner: -
--

ALTER TABLE ONLY pos.d_bank
    ADD CONSTRAINT "FK_Tenant_DBank" FOREIGN KEY (d_tenant_id) REFERENCES pos.d_tenant(d_tenant_id);


--
-- TOC entry 5180 (class 2606 OID 393280)
-- Name: d_bankaccount FK_Tenant_DBankAccount; Type: FK CONSTRAINT; Schema: pos; Owner: -
--

ALTER TABLE ONLY pos.d_bankaccount
    ADD CONSTRAINT "FK_Tenant_DBankAccount" FOREIGN KEY (d_tenant_id) REFERENCES pos.d_tenant(d_tenant_id);


--
-- TOC entry 5216 (class 2606 OID 394900)
-- Name: d_api_trace_log FK_Tenant_DBankAccount; Type: FK CONSTRAINT; Schema: pos; Owner: -
--

ALTER TABLE ONLY pos.d_api_trace_log
    ADD CONSTRAINT "FK_Tenant_DBankAccount" FOREIGN KEY (d_tenant_id) REFERENCES pos.d_tenant(d_tenant_id);


--
-- TOC entry 5149 (class 2606 OID 390970)
-- Name: d_cancel_reason FK_Tenant_DCancelReason; Type: FK CONSTRAINT; Schema: pos; Owner: -
--

ALTER TABLE ONLY pos.d_cancel_reason
    ADD CONSTRAINT "FK_Tenant_DCancelReason" FOREIGN KEY (d_tenant_id) REFERENCES pos.d_tenant(d_tenant_id);


--
-- TOC entry 5039 (class 2606 OID 385974)
-- Name: d_changelog FK_Tenant_DChangeLog; Type: FK CONSTRAINT; Schema: pos; Owner: -
--

ALTER TABLE ONLY pos.d_changelog
    ADD CONSTRAINT "FK_Tenant_DChangeLog" FOREIGN KEY (d_tenant_id) REFERENCES pos.d_tenant(d_tenant_id);


--
-- TOC entry 5041 (class 2606 OID 386139)
-- Name: d_config FK_Tenant_DConfig; Type: FK CONSTRAINT; Schema: pos; Owner: -
--

ALTER TABLE ONLY pos.d_config
    ADD CONSTRAINT "FK_Tenant_DConfig" FOREIGN KEY (d_tenant_id) REFERENCES pos.d_tenant(d_tenant_id);


--
-- TOC entry 5159 (class 2606 OID 392929)
-- Name: d_coupon FK_Tenant_DCoupon; Type: FK CONSTRAINT; Schema: pos; Owner: -
--

ALTER TABLE ONLY pos.d_coupon
    ADD CONSTRAINT "FK_Tenant_DCoupon" FOREIGN KEY (d_tenant_id) REFERENCES pos.d_tenant(d_tenant_id);


--
-- TOC entry 5043 (class 2606 OID 386149)
-- Name: d_currency FK_Tenant_DCurrency; Type: FK CONSTRAINT; Schema: pos; Owner: -
--

ALTER TABLE ONLY pos.d_currency
    ADD CONSTRAINT "FK_Tenant_DCurrency" FOREIGN KEY (d_tenant_id) REFERENCES pos.d_tenant(d_tenant_id);


--
-- TOC entry 5044 (class 2606 OID 386219)
-- Name: d_customer FK_Tenant_DCustomer; Type: FK CONSTRAINT; Schema: pos; Owner: -
--

ALTER TABLE ONLY pos.d_customer
    ADD CONSTRAINT "FK_Tenant_DCustomer" FOREIGN KEY (d_tenant_id) REFERENCES pos.d_tenant(d_tenant_id);


--
-- TOC entry 5046 (class 2606 OID 386224)
-- Name: d_doctype FK_Tenant_DDocType; Type: FK CONSTRAINT; Schema: pos; Owner: -
--

ALTER TABLE ONLY pos.d_doctype
    ADD CONSTRAINT "FK_Tenant_DDocType" FOREIGN KEY (d_tenant_id) REFERENCES pos.d_tenant(d_tenant_id);


--
-- TOC entry 5182 (class 2606 OID 393375)
-- Name: d_erp_integration FK_Tenant_DERPIntegration; Type: FK CONSTRAINT; Schema: pos; Owner: -
--

ALTER TABLE ONLY pos.d_erp_integration
    ADD CONSTRAINT "FK_Tenant_DERPIntegration" FOREIGN KEY (d_tenant_id) REFERENCES pos.d_tenant(d_tenant_id);


--
-- TOC entry 5049 (class 2606 OID 386229)
-- Name: d_expense FK_Tenant_DExpense; Type: FK CONSTRAINT; Schema: pos; Owner: -
--

ALTER TABLE ONLY pos.d_expense
    ADD CONSTRAINT "FK_Tenant_DExpense" FOREIGN KEY (d_tenant_id) REFERENCES pos.d_tenant(d_tenant_id);


--
-- TOC entry 5050 (class 2606 OID 386239)
-- Name: d_expense_category FK_Tenant_DExpenseCategory; Type: FK CONSTRAINT; Schema: pos; Owner: -
--

ALTER TABLE ONLY pos.d_expense_category
    ADD CONSTRAINT "FK_Tenant_DExpenseCategory" FOREIGN KEY (d_tenant_id) REFERENCES pos.d_tenant(d_tenant_id);


--
-- TOC entry 5052 (class 2606 OID 386314)
-- Name: d_floor FK_Tenant_DFloor; Type: FK CONSTRAINT; Schema: pos; Owner: -
--

ALTER TABLE ONLY pos.d_floor
    ADD CONSTRAINT "FK_Tenant_DFloor" FOREIGN KEY (d_tenant_id) REFERENCES pos.d_tenant(d_tenant_id);


--
-- TOC entry 5053 (class 2606 OID 386324)
-- Name: d_image FK_Tenant_DImage; Type: FK CONSTRAINT; Schema: pos; Owner: -
--

ALTER TABLE ONLY pos.d_image
    ADD CONSTRAINT "FK_Tenant_DImage" FOREIGN KEY (d_tenant_id) REFERENCES pos.d_tenant(d_tenant_id);


--
-- TOC entry 5196 (class 2606 OID 393811)
-- Name: d_integration_history FK_Tenant_DIntegrationHistory; Type: FK CONSTRAINT; Schema: pos; Owner: -
--

ALTER TABLE ONLY pos.d_integration_history
    ADD CONSTRAINT "FK_Tenant_DIntegrationHistory" FOREIGN KEY (d_tenant_id) REFERENCES pos.d_tenant(d_tenant_id);


--
-- TOC entry 5056 (class 2606 OID 386329)
-- Name: d_invoice FK_Tenant_DInvoice; Type: FK CONSTRAINT; Schema: pos; Owner: -
--

ALTER TABLE ONLY pos.d_invoice
    ADD CONSTRAINT "FK_Tenant_DInvoice" FOREIGN KEY (d_tenant_id) REFERENCES pos.d_tenant(d_tenant_id);


--
-- TOC entry 5059 (class 2606 OID 386374)
-- Name: d_invoiceline FK_Tenant_DInvoiceLine; Type: FK CONSTRAINT; Schema: pos; Owner: -
--

ALTER TABLE ONLY pos.d_invoiceline
    ADD CONSTRAINT "FK_Tenant_DInvoiceLine" FOREIGN KEY (d_tenant_id) REFERENCES pos.d_tenant(d_tenant_id);


--
-- TOC entry 5136 (class 2606 OID 390880)
-- Name: d_kitchen_order FK_Tenant_DKitchenOrder; Type: FK CONSTRAINT; Schema: pos; Owner: -
--

ALTER TABLE ONLY pos.d_kitchen_order
    ADD CONSTRAINT "FK_Tenant_DKitchenOrder" FOREIGN KEY (d_tenant_id) REFERENCES pos.d_tenant(d_tenant_id);


--
-- TOC entry 5141 (class 2606 OID 390906)
-- Name: d_kitchen_orderline FK_Tenant_DKitchenOrderLine; Type: FK CONSTRAINT; Schema: pos; Owner: -
--

ALTER TABLE ONLY pos.d_kitchen_orderline
    ADD CONSTRAINT "FK_Tenant_DKitchenOrderLine" FOREIGN KEY (d_tenant_id) REFERENCES pos.d_tenant(d_tenant_id);


--
-- TOC entry 5061 (class 2606 OID 386389)
-- Name: d_language FK_Tenant_DLanguage; Type: FK CONSTRAINT; Schema: pos; Owner: -
--

ALTER TABLE ONLY pos.d_language
    ADD CONSTRAINT "FK_Tenant_DLanguage" FOREIGN KEY (d_tenant_id) REFERENCES pos.d_tenant(d_tenant_id);


--
-- TOC entry 5147 (class 2606 OID 390947)
-- Name: d_note FK_Tenant_DNote; Type: FK CONSTRAINT; Schema: pos; Owner: -
--

ALTER TABLE ONLY pos.d_note
    ADD CONSTRAINT "FK_Tenant_DNote" FOREIGN KEY (d_tenant_id) REFERENCES pos.d_tenant(d_tenant_id);


--
-- TOC entry 5146 (class 2606 OID 390929)
-- Name: d_note_group FK_Tenant_DNoteGroup; Type: FK CONSTRAINT; Schema: pos; Owner: -
--

ALTER TABLE ONLY pos.d_note_group
    ADD CONSTRAINT "FK_Tenant_DNoteGroup" FOREIGN KEY (d_tenant_id) REFERENCES pos.d_tenant(d_tenant_id);


--
-- TOC entry 5148 (class 2606 OID 390952)
-- Name: d_note FK_Tenant_DNoteGroup; Type: FK CONSTRAINT; Schema: pos; Owner: -
--

ALTER TABLE ONLY pos.d_note
    ADD CONSTRAINT "FK_Tenant_DNoteGroup" FOREIGN KEY (d_note_group_id) REFERENCES pos.d_note_group(d_note_group_id);


--
-- TOC entry 5063 (class 2606 OID 386404)
-- Name: d_notification FK_Tenant_DNotification; Type: FK CONSTRAINT; Schema: pos; Owner: -
--

ALTER TABLE ONLY pos.d_notification
    ADD CONSTRAINT "FK_Tenant_DNotification" FOREIGN KEY (d_tenant_id) REFERENCES pos.d_tenant(d_tenant_id);


--
-- TOC entry 5065 (class 2606 OID 386409)
-- Name: d_order FK_Tenant_DOrder; Type: FK CONSTRAINT; Schema: pos; Owner: -
--

ALTER TABLE ONLY pos.d_order
    ADD CONSTRAINT "FK_Tenant_DOrder" FOREIGN KEY (d_tenant_id) REFERENCES pos.d_tenant(d_tenant_id);


--
-- TOC entry 5067 (class 2606 OID 386419)
-- Name: d_orderline FK_Tenant_DOrderLine; Type: FK CONSTRAINT; Schema: pos; Owner: -
--

ALTER TABLE ONLY pos.d_orderline
    ADD CONSTRAINT "FK_Tenant_DOrderLine" FOREIGN KEY (d_tenant_id) REFERENCES pos.d_tenant(d_tenant_id);


--
-- TOC entry 5172 (class 2606 OID 393144)
-- Name: d_pc_terminalaccess FK_Tenant_DPCTerminalAccess; Type: FK CONSTRAINT; Schema: pos; Owner: -
--

ALTER TABLE ONLY pos.d_pc_terminalaccess
    ADD CONSTRAINT "FK_Tenant_DPCTerminalAccess" FOREIGN KEY (d_tenant_id) REFERENCES pos.d_tenant(d_tenant_id);


--
-- TOC entry 5072 (class 2606 OID 386444)
-- Name: d_pos_order FK_Tenant_DPOSOrder; Type: FK CONSTRAINT; Schema: pos; Owner: -
--

ALTER TABLE ONLY pos.d_pos_order
    ADD CONSTRAINT "FK_Tenant_DPOSOrder" FOREIGN KEY (d_tenant_id) REFERENCES pos.d_tenant(d_tenant_id);


--
-- TOC entry 5076 (class 2606 OID 386454)
-- Name: d_pos_orderline FK_Tenant_DPOSOrderLine; Type: FK CONSTRAINT; Schema: pos; Owner: -
--

ALTER TABLE ONLY pos.d_pos_orderline
    ADD CONSTRAINT "FK_Tenant_DPOSOrderLine" FOREIGN KEY (d_tenant_id) REFERENCES pos.d_tenant(d_tenant_id);


--
-- TOC entry 5168 (class 2606 OID 393090)
-- Name: d_pos_payment FK_Tenant_DPOSPayment; Type: FK CONSTRAINT; Schema: pos; Owner: -
--

ALTER TABLE ONLY pos.d_pos_payment
    ADD CONSTRAINT "FK_Tenant_DPOSPayment" FOREIGN KEY (d_tenant_id) REFERENCES pos.d_tenant(d_tenant_id);


--
-- TOC entry 5170 (class 2606 OID 393118)
-- Name: d_pos_taxline FK_Tenant_DPOSTaxLine; Type: FK CONSTRAINT; Schema: pos; Owner: -
--

ALTER TABLE ONLY pos.d_pos_taxline
    ADD CONSTRAINT "FK_Tenant_DPOSTaxLine" FOREIGN KEY (d_tenant_id) REFERENCES pos.d_tenant(d_tenant_id);


--
-- TOC entry 5157 (class 2606 OID 392900)
-- Name: d_pos_terminal FK_Tenant_DPOSTerminal; Type: FK CONSTRAINT; Schema: pos; Owner: -
--

ALTER TABLE ONLY pos.d_pos_terminal
    ADD CONSTRAINT "FK_Tenant_DPOSTerminal" FOREIGN KEY (d_tenant_id) REFERENCES pos.d_tenant(d_tenant_id);


--
-- TOC entry 5134 (class 2606 OID 389561)
-- Name: d_partner_group FK_Tenant_DPartnerGroup; Type: FK CONSTRAINT; Schema: pos; Owner: -
--

ALTER TABLE ONLY pos.d_partner_group
    ADD CONSTRAINT "FK_Tenant_DPartnerGroup" FOREIGN KEY (d_tenant_id) REFERENCES pos.d_tenant(d_tenant_id);


--
-- TOC entry 5191 (class 2606 OID 393728)
-- Name: d_pay_method FK_Tenant_DPayMethod; Type: FK CONSTRAINT; Schema: pos; Owner: -
--

ALTER TABLE ONLY pos.d_pay_method
    ADD CONSTRAINT "FK_Tenant_DPayMethod" FOREIGN KEY (d_tenant_id) REFERENCES pos.d_tenant(d_tenant_id);


--
-- TOC entry 5194 (class 2606 OID 393782)
-- Name: d_paymethod_org FK_Tenant_DPayMethodOrg; Type: FK CONSTRAINT; Schema: pos; Owner: -
--

ALTER TABLE ONLY pos.d_paymethod_org
    ADD CONSTRAINT "FK_Tenant_DPayMethodOrg" FOREIGN KEY (d_tenant_id) REFERENCES pos.d_tenant(d_tenant_id);


--
-- TOC entry 5070 (class 2606 OID 386434)
-- Name: d_payment FK_Tenant_DPayment; Type: FK CONSTRAINT; Schema: pos; Owner: -
--

ALTER TABLE ONLY pos.d_payment
    ADD CONSTRAINT "FK_Tenant_DPayment" FOREIGN KEY (d_tenant_id) REFERENCES pos.d_tenant(d_tenant_id);


--
-- TOC entry 5128 (class 2606 OID 388763)
-- Name: d_pricelist FK_Tenant_DPriceList; Type: FK CONSTRAINT; Schema: pos; Owner: -
--

ALTER TABLE ONLY pos.d_pricelist
    ADD CONSTRAINT "FK_Tenant_DPriceList" FOREIGN KEY (d_tenant_id) REFERENCES pos.d_tenant(d_tenant_id);


--
-- TOC entry 5132 (class 2606 OID 388803)
-- Name: d_pricelist_org FK_Tenant_DPriceListOrg; Type: FK CONSTRAINT; Schema: pos; Owner: -
--

ALTER TABLE ONLY pos.d_pricelist_org
    ADD CONSTRAINT "FK_Tenant_DPriceListOrg" FOREIGN KEY (d_tenant_id) REFERENCES pos.d_tenant(d_tenant_id);


--
-- TOC entry 5129 (class 2606 OID 388784)
-- Name: d_pricelist_product FK_Tenant_DPriceListProduct; Type: FK CONSTRAINT; Schema: pos; Owner: -
--

ALTER TABLE ONLY pos.d_pricelist_product
    ADD CONSTRAINT "FK_Tenant_DPriceListProduct" FOREIGN KEY (d_tenant_id) REFERENCES pos.d_tenant(d_tenant_id);


--
-- TOC entry 5135 (class 2606 OID 390237)
-- Name: d_print_report FK_Tenant_DPrintReport; Type: FK CONSTRAINT; Schema: pos; Owner: -
--

ALTER TABLE ONLY pos.d_print_report
    ADD CONSTRAINT "FK_Tenant_DPrintReport" FOREIGN KEY (d_tenant_id) REFERENCES pos.d_tenant(d_tenant_id);


--
-- TOC entry 5078 (class 2606 OID 386469)
-- Name: d_product FK_Tenant_DProduct; Type: FK CONSTRAINT; Schema: pos; Owner: -
--

ALTER TABLE ONLY pos.d_product
    ADD CONSTRAINT "FK_Tenant_DProduct" FOREIGN KEY (d_tenant_id) REFERENCES pos.d_tenant(d_tenant_id);


--
-- TOC entry 5082 (class 2606 OID 386479)
-- Name: d_product_category FK_Tenant_DProductCategory; Type: FK CONSTRAINT; Schema: pos; Owner: -
--

ALTER TABLE ONLY pos.d_product_category
    ADD CONSTRAINT "FK_Tenant_DProductCategory" FOREIGN KEY (d_tenant_id) REFERENCES pos.d_tenant(d_tenant_id);


--
-- TOC entry 5086 (class 2606 OID 386494)
-- Name: d_product_combo FK_Tenant_DProductCombo; Type: FK CONSTRAINT; Schema: pos; Owner: -
--

ALTER TABLE ONLY pos.d_product_combo
    ADD CONSTRAINT "FK_Tenant_DProductCombo" FOREIGN KEY (d_tenant_id) REFERENCES pos.d_tenant(d_tenant_id);


--
-- TOC entry 5166 (class 2606 OID 393062)
-- Name: d_product_location FK_Tenant_DProductLocation; Type: FK CONSTRAINT; Schema: pos; Owner: -
--

ALTER TABLE ONLY pos.d_product_location
    ADD CONSTRAINT "FK_Tenant_DProductLocation" FOREIGN KEY (d_tenant_id) REFERENCES pos.d_tenant(d_tenant_id);


--
-- TOC entry 5184 (class 2606 OID 393423)
-- Name: d_production FK_Tenant_DProduction; Type: FK CONSTRAINT; Schema: pos; Owner: -
--

ALTER TABLE ONLY pos.d_production
    ADD CONSTRAINT "FK_Tenant_DProduction" FOREIGN KEY (d_tenant_id) REFERENCES pos.d_tenant(d_tenant_id);


--
-- TOC entry 5186 (class 2606 OID 393450)
-- Name: d_productionline FK_Tenant_DProductionLine; Type: FK CONSTRAINT; Schema: pos; Owner: -
--

ALTER TABLE ONLY pos.d_productionline
    ADD CONSTRAINT "FK_Tenant_DProductionLine" FOREIGN KEY (d_tenant_id) REFERENCES pos.d_tenant(d_tenant_id);


--
-- TOC entry 5198 (class 2606 OID 394304)
-- Name: d_purchase_order FK_Tenant_DPurchaseOrder; Type: FK CONSTRAINT; Schema: pos; Owner: -
--

ALTER TABLE ONLY pos.d_purchase_order
    ADD CONSTRAINT "FK_Tenant_DPurchaseOrder" FOREIGN KEY (d_tenant_id) REFERENCES pos.d_tenant(d_tenant_id);


--
-- TOC entry 5201 (class 2606 OID 394330)
-- Name: d_purchase_orderline FK_Tenant_DPurchaseOrderLine; Type: FK CONSTRAINT; Schema: pos; Owner: -
--

ALTER TABLE ONLY pos.d_purchase_orderline
    ADD CONSTRAINT "FK_Tenant_DPurchaseOrderLine" FOREIGN KEY (d_tenant_id) REFERENCES pos.d_tenant(d_tenant_id);


--
-- TOC entry 5209 (class 2606 OID 394621)
-- Name: d_request_orderline FK_Tenant_DRQLINEORDER; Type: FK CONSTRAINT; Schema: pos; Owner: -
--

ALTER TABLE ONLY pos.d_request_orderline
    ADD CONSTRAINT "FK_Tenant_DRQLINEORDER" FOREIGN KEY (d_tenant_id) REFERENCES pos.d_tenant(d_tenant_id);


--
-- TOC entry 5203 (class 2606 OID 394585)
-- Name: d_request_order FK_Tenant_DRQORDER; Type: FK CONSTRAINT; Schema: pos; Owner: -
--

ALTER TABLE ONLY pos.d_request_order
    ADD CONSTRAINT "FK_Tenant_DRQORDER" FOREIGN KEY (d_tenant_id) REFERENCES pos.d_tenant(d_tenant_id);


--
-- TOC entry 5188 (class 2606 OID 393507)
-- Name: d_reconciledetail FK_Tenant_DReconcileDetail; Type: FK CONSTRAINT; Schema: pos; Owner: -
--

ALTER TABLE ONLY pos.d_reconciledetail
    ADD CONSTRAINT "FK_Tenant_DReconcileDetail" FOREIGN KEY (d_tenant_id) REFERENCES pos.d_tenant(d_tenant_id);


--
-- TOC entry 5087 (class 2606 OID 386504)
-- Name: d_reference FK_Tenant_DReference; Type: FK CONSTRAINT; Schema: pos; Owner: -
--

ALTER TABLE ONLY pos.d_reference
    ADD CONSTRAINT "FK_Tenant_DReference" FOREIGN KEY (d_tenant_id) REFERENCES pos.d_tenant(d_tenant_id);


--
-- TOC entry 5089 (class 2606 OID 386509)
-- Name: d_reference_list FK_Tenant_DReferenceList; Type: FK CONSTRAINT; Schema: pos; Owner: -
--

ALTER TABLE ONLY pos.d_reference_list
    ADD CONSTRAINT "FK_Tenant_DReferenceList" FOREIGN KEY (d_tenant_id) REFERENCES pos.d_tenant(d_tenant_id);


--
-- TOC entry 5091 (class 2606 OID 386519)
-- Name: d_reservation_line FK_Tenant_DReservationLine; Type: FK CONSTRAINT; Schema: pos; Owner: -
--

ALTER TABLE ONLY pos.d_reservation_line
    ADD CONSTRAINT "FK_Tenant_DReservationLine" FOREIGN KEY (d_tenant_id) REFERENCES pos.d_tenant(d_tenant_id);


--
-- TOC entry 5095 (class 2606 OID 386529)
-- Name: d_reservation_order FK_Tenant_DReservationOrder; Type: FK CONSTRAINT; Schema: pos; Owner: -
--

ALTER TABLE ONLY pos.d_reservation_order
    ADD CONSTRAINT "FK_Tenant_DReservationOrder" FOREIGN KEY (d_tenant_id) REFERENCES pos.d_tenant(d_tenant_id);


--
-- TOC entry 5098 (class 2606 OID 386549)
-- Name: d_role FK_Tenant_DRole; Type: FK CONSTRAINT; Schema: pos; Owner: -
--

ALTER TABLE ONLY pos.d_role
    ADD CONSTRAINT "FK_Tenant_DRole" FOREIGN KEY (d_tenant_id) REFERENCES pos.d_tenant(d_tenant_id);


--
-- TOC entry 5163 (class 2606 OID 393037)
-- Name: d_shift_control FK_Tenant_DShiftControl; Type: FK CONSTRAINT; Schema: pos; Owner: -
--

ALTER TABLE ONLY pos.d_shift_control
    ADD CONSTRAINT "FK_Tenant_DShiftControl" FOREIGN KEY (d_tenant_id) REFERENCES pos.d_tenant(d_tenant_id);


--
-- TOC entry 5101 (class 2606 OID 386634)
-- Name: d_storage_onhand FK_Tenant_DStorageOnhand; Type: FK CONSTRAINT; Schema: pos; Owner: -
--

ALTER TABLE ONLY pos.d_storage_onhand
    ADD CONSTRAINT "FK_Tenant_DStorageOnhand" FOREIGN KEY (d_tenant_id) REFERENCES pos.d_tenant(d_tenant_id);


--
-- TOC entry 5105 (class 2606 OID 386654)
-- Name: d_table FK_Tenant_DTable; Type: FK CONSTRAINT; Schema: pos; Owner: -
--

ALTER TABLE ONLY pos.d_table
    ADD CONSTRAINT "FK_Tenant_DTable" FOREIGN KEY (d_tenant_id) REFERENCES pos.d_tenant(d_tenant_id);


--
-- TOC entry 5108 (class 2606 OID 386669)
-- Name: d_tax FK_Tenant_DTax; Type: FK CONSTRAINT; Schema: pos; Owner: -
--

ALTER TABLE ONLY pos.d_tax
    ADD CONSTRAINT "FK_Tenant_DTax" FOREIGN KEY (d_tenant_id) REFERENCES pos.d_tenant(d_tenant_id);


--
-- TOC entry 5219 (class 2606 OID 409302)
-- Name: d_pos_closedcash FK_Tenant_DTax; Type: FK CONSTRAINT; Schema: pos; Owner: -
--

ALTER TABLE ONLY pos.d_pos_closedcash
    ADD CONSTRAINT "FK_Tenant_DTax" FOREIGN KEY (d_tenant_id) REFERENCES pos.d_tenant(d_tenant_id);


--
-- TOC entry 5110 (class 2606 OID 386724)
-- Name: d_tax_category FK_Tenant_DTaxCategory; Type: FK CONSTRAINT; Schema: pos; Owner: -
--

ALTER TABLE ONLY pos.d_tax_category
    ADD CONSTRAINT "FK_Tenant_DTaxCategory" FOREIGN KEY (d_tenant_id) REFERENCES pos.d_tenant(d_tenant_id);


--
-- TOC entry 5113 (class 2606 OID 386759)
-- Name: d_uom FK_Tenant_DUOM; Type: FK CONSTRAINT; Schema: pos; Owner: -
--

ALTER TABLE ONLY pos.d_uom
    ADD CONSTRAINT "FK_Tenant_DUOM" FOREIGN KEY (d_tenant_id) REFERENCES pos.d_tenant(d_tenant_id);


--
-- TOC entry 5151 (class 2606 OID 391475)
-- Name: d_uom_product FK_Tenant_DUOM; Type: FK CONSTRAINT; Schema: pos; Owner: -
--

ALTER TABLE ONLY pos.d_uom_product
    ADD CONSTRAINT "FK_Tenant_DUOM" FOREIGN KEY (d_tenant_id) REFERENCES pos.d_tenant(d_tenant_id);


--
-- TOC entry 5114 (class 2606 OID 386774)
-- Name: d_user FK_Tenant_DUser; Type: FK CONSTRAINT; Schema: pos; Owner: -
--

ALTER TABLE ONLY pos.d_user
    ADD CONSTRAINT "FK_Tenant_DUser" FOREIGN KEY (d_tenant_id) REFERENCES pos.d_tenant(d_tenant_id);


--
-- TOC entry 5120 (class 2606 OID 386799)
-- Name: d_vendor FK_Tenant_DVendor; Type: FK CONSTRAINT; Schema: pos; Owner: -
--

ALTER TABLE ONLY pos.d_vendor
    ADD CONSTRAINT "FK_Tenant_DVendor" FOREIGN KEY (d_tenant_id) REFERENCES pos.d_tenant(d_tenant_id);


--
-- TOC entry 5127 (class 2606 OID 388491)
-- Name: d_vendor_audit FK_Tenant_DVendor; Type: FK CONSTRAINT; Schema: pos; Owner: -
--

ALTER TABLE ONLY pos.d_vendor_audit
    ADD CONSTRAINT "FK_Tenant_DVendor" FOREIGN KEY (d_tenant_id) REFERENCES pos.d_tenant(d_tenant_id);


--
-- TOC entry 5124 (class 2606 OID 386804)
-- Name: d_voucher FK_Tenant_DVoucher; Type: FK CONSTRAINT; Schema: pos; Owner: -
--

ALTER TABLE ONLY pos.d_voucher
    ADD CONSTRAINT "FK_Tenant_DVoucher" FOREIGN KEY (d_tenant_id) REFERENCES pos.d_tenant(d_tenant_id);


--
-- TOC entry 5126 (class 2606 OID 386814)
-- Name: d_warehouse FK_Tenant_ID; Type: FK CONSTRAINT; Schema: pos; Owner: -
--

ALTER TABLE ONLY pos.d_warehouse
    ADD CONSTRAINT "FK_Tenant_ID" FOREIGN KEY (d_tenant_id) REFERENCES pos.d_tenant(d_tenant_id);


--
-- TOC entry 5220 (class 2606 OID 409317)
-- Name: d_pos_closedcash FK_User_DTax; Type: FK CONSTRAINT; Schema: pos; Owner: -
--

ALTER TABLE ONLY pos.d_pos_closedcash
    ADD CONSTRAINT "FK_User_DTax" FOREIGN KEY (d_user_id) REFERENCES pos.d_user(d_user_id);


--
-- TOC entry 5117 (class 2606 OID 386779)
-- Name: d_userorg_access FK_User_DUserOrgAccess; Type: FK CONSTRAINT; Schema: pos; Owner: -
--

ALTER TABLE ONLY pos.d_userorg_access
    ADD CONSTRAINT "FK_User_DUserOrgAccess" FOREIGN KEY (d_user_id) REFERENCES pos.d_user(d_user_id);


--
-- TOC entry 5213 (class 2606 OID 394793)
-- Name: d_pos_org_access FK_User_DUserOrgAccess; Type: FK CONSTRAINT; Schema: pos; Owner: -
--

ALTER TABLE ONLY pos.d_pos_org_access
    ADD CONSTRAINT "FK_User_DUserOrgAccess" FOREIGN KEY (d_user_id) REFERENCES pos.d_user(d_user_id);


--
-- TOC entry 5119 (class 2606 OID 386789)
-- Name: d_user_role_access FK_User_DUserRoleAccess; Type: FK CONSTRAINT; Schema: pos; Owner: -
--

ALTER TABLE ONLY pos.d_user_role_access
    ADD CONSTRAINT "FK_User_DUserRoleAccess" FOREIGN KEY (d_user_id) REFERENCES pos.d_user(d_user_id);


--
-- TOC entry 5062 (class 2606 OID 386399)
-- Name: d_locator FK_Warehouse_DLocator; Type: FK CONSTRAINT; Schema: pos; Owner: -
--

ALTER TABLE ONLY pos.d_locator
    ADD CONSTRAINT "FK_Warehouse_DLocator" FOREIGN KEY (d_warehouse_id) REFERENCES pos.d_warehouse(d_warehouse_id);


--
-- TOC entry 5102 (class 2606 OID 386644)
-- Name: d_storage_onhand FK_Warehouse_DStorageOnhand; Type: FK CONSTRAINT; Schema: pos; Owner: -
--

ALTER TABLE ONLY pos.d_storage_onhand
    ADD CONSTRAINT "FK_Warehouse_DStorageOnhand" FOREIGN KEY (d_warehouse_id) REFERENCES pos.d_warehouse(d_warehouse_id);


--
-- TOC entry 5175 (class 2606 OID 393197)
-- Name: d_attribute_value FK_attr_attrvalue; Type: FK CONSTRAINT; Schema: pos; Owner: -
--

ALTER TABLE ONLY pos.d_attribute_value
    ADD CONSTRAINT "FK_attr_attrvalue" FOREIGN KEY (d_attribute_id) REFERENCES pos.d_attribute(d_attribute_id);


--
-- TOC entry 5214 (class 2606 OID 394803)
-- Name: d_pos_org_access FK_postermial_org_access; Type: FK CONSTRAINT; Schema: pos; Owner: -
--

ALTER TABLE ONLY pos.d_pos_org_access
    ADD CONSTRAINT "FK_postermial_org_access" FOREIGN KEY (d_pos_terminal_id) REFERENCES pos.d_pos_terminal(d_pos_terminal_id);


--
-- TOC entry 5161 (class 2606 OID 392977)
-- Name: d_table_use_ref FK_reference_domainuse; Type: FK CONSTRAINT; Schema: pos; Owner: -
--

ALTER TABLE ONLY pos.d_table_use_ref
    ADD CONSTRAINT "FK_reference_domainuse" FOREIGN KEY (d_reference_id) REFERENCES pos.d_reference(d_reference_id);


--
-- TOC entry 5152 (class 2606 OID 392805)
-- Name: d_assign_org_product d_assign_org_product_d_org_d_org_id_fk; Type: FK CONSTRAINT; Schema: pos; Owner: -
--

ALTER TABLE ONLY pos.d_assign_org_product
    ADD CONSTRAINT d_assign_org_product_d_org_d_org_id_fk FOREIGN KEY (d_org_id) REFERENCES pos.d_org(d_org_id);


--
-- TOC entry 5153 (class 2606 OID 392810)
-- Name: d_assign_org_product d_assign_org_product_d_product_d_product_id_fk; Type: FK CONSTRAINT; Schema: pos; Owner: -
--

ALTER TABLE ONLY pos.d_assign_org_product
    ADD CONSTRAINT d_assign_org_product_d_product_d_product_id_fk FOREIGN KEY (d_product_id) REFERENCES pos.d_product(d_product_id);


--
-- TOC entry 5154 (class 2606 OID 392815)
-- Name: d_assign_org_product d_assign_org_product_d_tenant_d_tenant_id_fk; Type: FK CONSTRAINT; Schema: pos; Owner: -
--

ALTER TABLE ONLY pos.d_assign_org_product
    ADD CONSTRAINT d_assign_org_product_d_tenant_d_tenant_id_fk FOREIGN KEY (d_tenant_id) REFERENCES pos.d_tenant(d_tenant_id);


--
-- TOC entry 5047 (class 2606 OID 409349)
-- Name: d_doctype d_doctype_d_org_id_fk; Type: FK CONSTRAINT; Schema: pos; Owner: -
--

ALTER TABLE ONLY pos.d_doctype
    ADD CONSTRAINT d_doctype_d_org_id_fk FOREIGN KEY (d_org_id) REFERENCES pos.d_org(d_org_id);


--
-- TOC entry 5137 (class 2606 OID 392285)
-- Name: d_kitchen_order d_kitchen_order_d_floor_d_floor_id_fk; Type: FK CONSTRAINT; Schema: pos; Owner: -
--

ALTER TABLE ONLY pos.d_kitchen_order
    ADD CONSTRAINT d_kitchen_order_d_floor_d_floor_id_fk FOREIGN KEY (d_floor_id) REFERENCES pos.d_floor(d_floor_id);


--
-- TOC entry 5138 (class 2606 OID 392290)
-- Name: d_kitchen_order d_kitchen_order_d_table_d_table_id_fk; Type: FK CONSTRAINT; Schema: pos; Owner: -
--

ALTER TABLE ONLY pos.d_kitchen_order
    ADD CONSTRAINT d_kitchen_order_d_table_d_table_id_fk FOREIGN KEY (d_table_id) REFERENCES pos.d_table(d_table_id);


--
-- TOC entry 5139 (class 2606 OID 392295)
-- Name: d_kitchen_order d_kitchen_order_d_warehouse_d_warehouse_id_fk; Type: FK CONSTRAINT; Schema: pos; Owner: -
--

ALTER TABLE ONLY pos.d_kitchen_order
    ADD CONSTRAINT d_kitchen_order_d_warehouse_d_warehouse_id_fk FOREIGN KEY (d_warehouse_id) REFERENCES pos.d_warehouse(d_warehouse_id);


--
-- TOC entry 5142 (class 2606 OID 393878)
-- Name: d_kitchen_orderline d_kitchen_orderline_d_cancel_reason_d_cancel_reason_id_fk; Type: FK CONSTRAINT; Schema: pos; Owner: -
--

ALTER TABLE ONLY pos.d_kitchen_orderline
    ADD CONSTRAINT d_kitchen_orderline_d_cancel_reason_d_cancel_reason_id_fk FOREIGN KEY (d_cancel_reason_id) REFERENCES pos.d_cancel_reason(d_cancel_reason_id);


--
-- TOC entry 5143 (class 2606 OID 392300)
-- Name: d_kitchen_orderline d_kitchen_orderline_d_pos_orderline_d_pos_orderline_id_fk; Type: FK CONSTRAINT; Schema: pos; Owner: -
--

ALTER TABLE ONLY pos.d_kitchen_orderline
    ADD CONSTRAINT d_kitchen_orderline_d_pos_orderline_d_pos_orderline_id_fk FOREIGN KEY (d_pos_orderline_id) REFERENCES pos.d_pos_orderline(d_pos_orderline_id);


--
-- TOC entry 5144 (class 2606 OID 427017)
-- Name: d_kitchen_orderline d_kitchen_orderline_d_product_d_product_id_fk; Type: FK CONSTRAINT; Schema: pos; Owner: -
--

ALTER TABLE ONLY pos.d_kitchen_orderline
    ADD CONSTRAINT d_kitchen_orderline_d_product_d_product_id_fk FOREIGN KEY (d_product_id) REFERENCES pos.d_product(d_product_id);


--
-- TOC entry 5145 (class 2606 OID 393862)
-- Name: d_kitchen_orderline d_kitchen_orderline_d_production_d_production_id_fk; Type: FK CONSTRAINT; Schema: pos; Owner: -
--

ALTER TABLE ONLY pos.d_kitchen_orderline
    ADD CONSTRAINT d_kitchen_orderline_d_production_d_production_id_fk FOREIGN KEY (d_production_id) REFERENCES pos.d_production(d_production_id);


--
-- TOC entry 5173 (class 2606 OID 440257)
-- Name: d_pc_terminalaccess d_pc_terminalaccess_d_product_category_id_fkey; Type: FK CONSTRAINT; Schema: pos; Owner: -
--

ALTER TABLE ONLY pos.d_pc_terminalaccess
    ADD CONSTRAINT d_pc_terminalaccess_d_product_category_id_fkey FOREIGN KEY (d_product_category_id) REFERENCES pos.d_product_category(d_product_category_id);


--
-- TOC entry 5073 (class 2606 OID 394423)
-- Name: d_pos_order d_pos_order_d_doctype_d_doctype_id_fk; Type: FK CONSTRAINT; Schema: pos; Owner: -
--

ALTER TABLE ONLY pos.d_pos_order
    ADD CONSTRAINT d_pos_order_d_doctype_d_doctype_id_fk FOREIGN KEY (d_doctype_id) REFERENCES pos.d_doctype(d_doctype_id);


--
-- TOC entry 5133 (class 2606 OID 393628)
-- Name: d_pricelist_org d_pricelist_org_d_org__fk; Type: FK CONSTRAINT; Schema: pos; Owner: -
--

ALTER TABLE ONLY pos.d_pricelist_org
    ADD CONSTRAINT d_pricelist_org_d_org__fk FOREIGN KEY (d_org_id) REFERENCES pos.d_org(d_org_id);


--
-- TOC entry 5130 (class 2606 OID 392503)
-- Name: d_pricelist_product d_pricelist_product_d_pricelist_d_pricelist_id_fk; Type: FK CONSTRAINT; Schema: pos; Owner: -
--

ALTER TABLE ONLY pos.d_pricelist_product
    ADD CONSTRAINT d_pricelist_product_d_pricelist_d_pricelist_id_fk FOREIGN KEY (d_pricelist_id) REFERENCES pos.d_pricelist(d_pricelist_id);


--
-- TOC entry 5131 (class 2606 OID 392508)
-- Name: d_pricelist_product d_pricelist_product_d_product_d_product_id_fk; Type: FK CONSTRAINT; Schema: pos; Owner: -
--

ALTER TABLE ONLY pos.d_pricelist_product
    ADD CONSTRAINT d_pricelist_product_d_product_d_product_id_fk FOREIGN KEY (d_product_id) REFERENCES pos.d_product(d_product_id);


--
-- TOC entry 5079 (class 2606 OID 538375)
-- Name: d_product d_product_d_product_d_product_id_fk; Type: FK CONSTRAINT; Schema: pos; Owner: -
--

ALTER TABLE ONLY pos.d_product
    ADD CONSTRAINT d_product_d_product_d_product_id_fk FOREIGN KEY (d_product_parent_id) REFERENCES pos.d_product(d_product_id);


--
-- TOC entry 5080 (class 2606 OID 391903)
-- Name: d_product d_product_d_tax_d_tax_id_fk; Type: FK CONSTRAINT; Schema: pos; Owner: -
--

ALTER TABLE ONLY pos.d_product
    ADD CONSTRAINT d_product_d_tax_d_tax_id_fk FOREIGN KEY (d_tax_id) REFERENCES pos.d_tax(d_tax_id);


--
-- TOC entry 5083 (class 2606 OID 391812)
-- Name: d_product_category d_productcategory_parent_id_fk; Type: FK CONSTRAINT; Schema: pos; Owner: -
--

ALTER TABLE ONLY pos.d_product_category
    ADD CONSTRAINT d_productcategory_parent_id_fk FOREIGN KEY (d_product_category_parent_id) REFERENCES pos.d_product_category(d_product_category_id);


--
-- TOC entry 5096 (class 2606 OID 392141)
-- Name: d_reservation_order d_reservation_order_d_customer_d_customer_id_fk; Type: FK CONSTRAINT; Schema: pos; Owner: -
--

ALTER TABLE ONLY pos.d_reservation_order
    ADD CONSTRAINT d_reservation_order_d_customer_d_customer_id_fk FOREIGN KEY (d_customer_id) REFERENCES pos.d_customer(d_customer_id);


--
-- TOC entry 5097 (class 2606 OID 392146)
-- Name: d_reservation_order d_reservation_order_d_user_d_user_id_fk; Type: FK CONSTRAINT; Schema: pos; Owner: -
--

ALTER TABLE ONLY pos.d_reservation_order
    ADD CONSTRAINT d_reservation_order_d_user_d_user_id_fk FOREIGN KEY (d_user_id) REFERENCES pos.d_user(d_user_id);


--
-- TOC entry 5204 (class 2606 OID 394657)
-- Name: d_request_order d_rq_d_customer; Type: FK CONSTRAINT; Schema: pos; Owner: -
--

ALTER TABLE ONLY pos.d_request_order
    ADD CONSTRAINT d_rq_d_customer FOREIGN KEY (d_customer_id) REFERENCES pos.d_customer(d_customer_id);


--
-- TOC entry 5205 (class 2606 OID 394595)
-- Name: d_request_order d_rq_d_doctype_d_doctype_id_fk; Type: FK CONSTRAINT; Schema: pos; Owner: -
--

ALTER TABLE ONLY pos.d_request_order
    ADD CONSTRAINT d_rq_d_doctype_d_doctype_id_fk FOREIGN KEY (d_doctype_id) REFERENCES pos.d_doctype(d_doctype_id);


--
-- TOC entry 5210 (class 2606 OID 394636)
-- Name: d_request_orderline d_rq_d_rql; Type: FK CONSTRAINT; Schema: pos; Owner: -
--

ALTER TABLE ONLY pos.d_request_orderline
    ADD CONSTRAINT d_rq_d_rql FOREIGN KEY (d_request_order_id) REFERENCES pos.d_request_order(d_request_order_id);


--
-- TOC entry 5206 (class 2606 OID 394600)
-- Name: d_request_order d_rq_order_d_floor; Type: FK CONSTRAINT; Schema: pos; Owner: -
--

ALTER TABLE ONLY pos.d_request_order
    ADD CONSTRAINT d_rq_order_d_floor FOREIGN KEY (d_floor_id) REFERENCES pos.d_floor(d_floor_id);


--
-- TOC entry 5207 (class 2606 OID 394605)
-- Name: d_request_order d_rq_order_d_table; Type: FK CONSTRAINT; Schema: pos; Owner: -
--

ALTER TABLE ONLY pos.d_request_order
    ADD CONSTRAINT d_rq_order_d_table FOREIGN KEY (d_table_id) REFERENCES pos.d_table(d_table_id);


--
-- TOC entry 5211 (class 2606 OID 394631)
-- Name: d_request_orderline d_rqline_d_product; Type: FK CONSTRAINT; Schema: pos; Owner: -
--

ALTER TABLE ONLY pos.d_request_orderline
    ADD CONSTRAINT d_rqline_d_product FOREIGN KEY (d_product_id) REFERENCES pos.d_product(d_product_id);


--
-- TOC entry 5121 (class 2606 OID 394917)
-- Name: d_vendor d_vendor_d_partner_group_d_partner_group_id_fk; Type: FK CONSTRAINT; Schema: pos; Owner: -
--

ALTER TABLE ONLY pos.d_vendor
    ADD CONSTRAINT d_vendor_d_partner_group_d_partner_group_id_fk FOREIGN KEY (d_partner_group_id) REFERENCES pos.d_partner_group(d_partner_group_id);


--
-- TOC entry 5221 (class 2606 OID 409342)
-- Name: d_pos_closedcash doc_closedcash; Type: FK CONSTRAINT; Schema: pos; Owner: -
--

ALTER TABLE ONLY pos.d_pos_closedcash
    ADD CONSTRAINT doc_closedcash FOREIGN KEY (d_doctype_id) REFERENCES pos.d_doctype(d_doctype_id);


--
-- TOC entry 5122 (class 2606 OID 388542)
-- Name: d_vendor fk1dkfg1ekvbgi1geluuc6jmwbt; Type: FK CONSTRAINT; Schema: pos; Owner: -
--

ALTER TABLE ONLY pos.d_vendor
    ADD CONSTRAINT fk1dkfg1ekvbgi1geluuc6jmwbt FOREIGN KEY (d_image_id) REFERENCES pos.d_image(d_image_id);


--
-- TOC entry 5164 (class 2606 OID 422469)
-- Name: d_shift_control fk_doctype_dshiftcontrol; Type: FK CONSTRAINT; Schema: pos; Owner: -
--

ALTER TABLE ONLY pos.d_shift_control
    ADD CONSTRAINT fk_doctype_dshiftcontrol FOREIGN KEY (d_doctype_id) REFERENCES pos.d_doctype(d_doctype_id);


--
-- TOC entry 5045 (class 2606 OID 388254)
-- Name: d_customer fkbse7tsjle0cs5pvoyjp9apunw; Type: FK CONSTRAINT; Schema: pos; Owner: -
--

ALTER TABLE ONLY pos.d_customer
    ADD CONSTRAINT fkbse7tsjle0cs5pvoyjp9apunw FOREIGN KEY (d_image_id) REFERENCES pos.d_image(d_image_id);


--
-- TOC entry 5115 (class 2606 OID 388259)
-- Name: d_user fkgffw5tlc364ny53nqlaj4dyh6; Type: FK CONSTRAINT; Schema: pos; Owner: -
--

ALTER TABLE ONLY pos.d_user
    ADD CONSTRAINT fkgffw5tlc364ny53nqlaj4dyh6 FOREIGN KEY (d_image_id) REFERENCES pos.d_image(d_image_id);


-- Completed on 2024-10-02 14:46:40

--
-- PostgreSQL database dump complete
--

